resolution,diagonal,family,field,curvature_inv_m,structure_sha256,current_positions_sha256,float32_positions_sha256,total_energy_j,reference_total_energy_j,total_relative_error,minimum_area_ratio,membrane_to_bending_ratio,reference_quadrature_error,membrane_energy_j,reference_membrane_energy_j,membrane_normalized_error,membrane_force_norm_n,membrane_float32_normalized_energy_difference,bending_energy_j,reference_bending_energy_j,bending_normalized_error,bending_force_norm_n,bending_float32_normalized_energy_difference
4,forward,rest,rest,0.0,41f4a492b7780ae2d7f7723c6dde889c4b08d93f1aa9436ee7e3a5e05d429f45,4e6d932e82e1339443f38ff2afc165d580003ad04de31d2f56bddcb2bf2329fc,560a5da7af7e04ca0ba30663a103a633db49511eefc5554e0ba1bc54c84a10b6,8.80425117434165e-30,0.0,,1.0,,0.0,8.80425117434165e-30,0.0,8.80425117434165e-33,7.930164461608263e-14,0.0,0.0,0.0,0.0,0.0,0.0
4,forward,affine,extension,0.0,41f4a492b7780ae2d7f7723c6dde889c4b08d93f1aa9436ee7e3a5e05d429f45,5dcb04c3c6c0c5e0a0b3ca19a73e4a9d78de58f70cfa8fbd4abd47a038868b17,da59ebc42cae27301cad6683cc8216117013861ac0bc036e6bf677e782f7f650,0.05050145892857178,0.05050145892857147,6.182994160970032e-15,1.0069699999999997,,0.0,0.05050145892857178,0.05050145892857147,3.1225022567582527e-19,6.718234153821952,9.73125142619824e-11,0.0,0.0,0.0,0.0,0.0
4,forward,affine,shear,0.0,41f4a492b7780ae2d7f7723c6dde889c4b08d93f1aa9436ee7e3a5e05d429f45,66aca2c7e1a40b56e562429a888a77269f3c18df40c4e303fb7b5793ddeb6088,12b7fb833460f543e6bf3e065cc2400696f9b8973c679a12821deca9f1b3e798,0.07694505494505519,0.07694505494505495,3.066115072649095e-15,0.9999999999999996,,0.0,0.07694505494505519,0.07694505494505495,2.359223927328458e-19,7.200486622984371,7.358400730406167e-11,0.0,0.0,0.0,0.0,0.0
4,forward,graph,cylinder_000,0.2,41f4a492b7780ae2d7f7723c6dde889c4b08d93f1aa9436ee7e3a5e05d429f45,688d90f76f3fe0bc72fc019ddb06c74abbb64c43f4b7ed5a5b0910a954680ad1,3aa5ba2021ed45ed2eb3b058c9f5ee78e21602501e60894616d1c71872dd3be1,0.0416935147354675,0.04395785160769086,0.05151154547842355,1.000312451187128,23059.512391141634,3.157196726277794e-15,0.04169170673076976,0.04395604395604388,2.264337225274124e-06,9.53604140284862,6.842599424572438e-12,1.8080046977396506e-06,1.807651646976931e-06,3.855314328898949e-06,0.00012833429270525304,4.1823421252893016e-09
4,forward,graph,cylinder_090,0.2,41f4a492b7780ae2d7f7723c6dde889c4b08d93f1aa9436ee7e3a5e05d429f45,03d3472b88ee82e556e8e3445948ee9a0ee105dccf02db6b2fd7b261889a4b28,83804f421dabb5d782bd428f14248eb681429bd99ffea1db1e2a60917a848fc0,0.04169351473546751,0.04395785160769086,0.0515115454784234,1.000312451187128,23059.51239114165,3.157196726277794e-15,0.041691706730769766,0.04395604395604388,2.264337225274117e-06,9.53604140284862,6.8425994176335435e-12,1.8080046977396498e-06,1.8076516469769312e-06,3.855314328887387e-06,0.00012833429270525296,4.182342132226501e-09
4,forward,graph,cylinder_045,0.2,41f4a492b7780ae2d7f7723c6dde889c4b08d93f1aa9436ee7e3a5e05d429f45,0e3c242927c3e0a7a6c33ac38c8b5817272466418e781d849f247db3693debaa,c16f9c9defe7b6e06b9b3184f653f73db4c1d9193d5404606a5b7f34380ca8ba,0.11553932868433749,0.11355490377064217,0.017475466473059125,1.0001562377948756,64544.26858443946,1.9554250691785035e-15,0.11553753863324283,0.11355311355311344,1.984425080129387e-06,13.203502798857766,1.001084452834089e-11,1.7900510946543904e-06,1.7902175287385453e-06,1.8174601989710322e-06,0.00012075240574945458,4.4307981155425233e-10
4,forward,graph,cylinder_135,0.2,41f4a492b7780ae2d7f7723c6dde889c4b08d93f1aa9436ee7e3a5e05d429f45,d48203bf10d288e24e725e4f9daa15a70271260d24c181b4baf2a0841897e48f,2b0f0c659f11f70ded04e07f71717ad0a903992983803bc4d362e7ed2bbb4959,0.0033956482247753644,0.0036648291081522286,0.07344977772035395,1.0001562377948756,1859.3734274788687,8.524431160950073e-15,0.0033938229739012013,0.003663003663003645,2.6918068910244344e-07,2.7262758760903933,8.235430393188636e-14,1.8252508741629691e-06,1.8254451485839037e-06,2.1214766766047587e-06,0.00011572722990639114,2.415724219071563e-10
4,forward,graph,twist,0.2,41f4a492b7780ae2d7f7723c6dde889c4b08d93f1aa9436ee7e3a5e05d429f45,a4deab3309d5a170250a523196b6c72ae38f69885115506bbda48866e55b30cf,db82b0f6a72b4ae711185c6244cfb470fa9c4ea3a97dedc04f36bbfe1f13154a,0.15582323811759324,0.13675463492406684,0.13943661364102408,1.0,62419.1952777268,2.638514406960727e-15,0.15582074175824312,0.13675213675213657,1.9068605006106548e-05,13.55592905938303,1.6707528610604428e-11,2.496359350115573e-06,2.4981719302564126e-06,1.979337513796827e-05,6.915978511706373e-05,6.871601861336466e-10
4,forward,graph,dome,0.2,41f4a492b7780ae2d7f7723c6dde889c4b08d93f1aa9436ee7e3a5e05d429f45,c2c293637a4d948023d16816d07e00d5ddbfbeac6ed6911b59fc7889fffee7a3,0b6ca47ee690107b96d0c58748a0d1cae3095ac36a8c8819cb7cbca56d524a96,0.13071377586821725,0.13675677621429277,0.04418794090763273,1.000624804809475,28162.46805610014,2.638514406960727e-15,0.13070913461538547,0.13675213675213657,6.043002136751102e-06,15.94302094554646,1.8928687062214067e-11,4.641252831783441e-06,4.639462156190482e-06,1.9554177475106937e-05,0.00022429062025060403,8.291153784753978e-09
4,forward,graph,saddle,0.2,41f4a492b7780ae2d7f7723c6dde889c4b08d93f1aa9436ee7e3a5e05d429f45,67a054c46b292490f46dc1deb5af2504fe189e3e962ecd5f96ce42c0bf434d9e,bacb6405d9100b016f62864e6fbfb30665b5ed13cc1cf984ed1841712756c250,0.13071163375152575,0.13675463492406684,0.044188638841356036,1.000624804809475,52301.72638990029,2.638514406960727e-15,0.13070913461538555,0.13675213675213657,6.043002136751019e-06,15.649170714341839,5.855947976529663e-12,2.499136140191084e-06,2.4981719302564135e-06,1.052917248660209e-05,0.00012044853047788434,1.5322362688638736e-09
4,forward,isometric,cylinder_000,0.2,41f4a492b7780ae2d7f7723c6dde889c4b08d93f1aa9436ee7e3a5e05d429f45,a09e398e476d2a7914efa7a8aa9e43e28e2c36c78aa698bce2611eab659ce07b,4eb9061a531084df440235e044aa3d5ba317d277e106d37bb20ff4034cf0645f,7.790521332218194e-06,1.831501831501832e-06,3.253624647391133,0.9998958365884931,3.258058129166714,0.0,5.960926456832411e-06,0.0,5.960926456832411e-09,0.0791694400282813,2.565102192729241e-12,1.8295948753857828e-06,1.831501831501832e-06,2.0823960787257215e-05,0.0001293086274032705,8.489363222660884e-10
4,forward,isometric,cylinder_090,0.2,41f4a492b7780ae2d7f7723c6dde889c4b08d93f1aa9436ee7e3a5e05d429f45,2301c0720b3cbe1804c27ce45ac0a3fbb95b02d5a7cb7266e83ed03c8346e433,0f915b734adc790d7a90d806fa3d036f978f5b2b414554f2fd53727cfdc3f5be,7.790521332217876e-06,1.831501831501832e-06,3.253624647390959,0.9998958365884929,3.2580581291665425,0.0,5.960926456832093e-06,0.0,5.9609264568320934e-09,0.07916944002826856,2.5651021930468782e-12,1.8295948753857815e-06,1.831501831501832e-06,2.082396078727109e-05,0.00012930862740327038,8.489363315156882e-10
4,forward,isometric,cylinder_045,0.2,41f4a492b7780ae2d7f7723c6dde889c4b08d93f1aa9436ee7e3a5e05d429f45,a8ccec4039165918f9c4d276bda8f6eb45212ae03f1a82743c46d9c7b2e7bb2c,3719abfcb209d5e351b8896dbe5a4d669e45c80891cfa0a330230b10302dece9,3.32090394369585e-06,1.831501831501832e-06,0.8132135532579337,0.9999479174804613,0.8141582147592836,0.0,1.4903558047968991e-06,0.0,1.490355804796899e-09,0.03959392311466115,1.6659173965082456e-13,1.830548138898951e-06,1.831501831501832e-06,1.0414323223460645e-05,0.0001223916168645389,1.9845279187110245e-09
4,forward,isometric,cylinder_135,0.2,41f4a492b7780ae2d7f7723c6dde889c4b08d93f1aa9436ee7e3a5e05d429f45,a5bc141cdcd9902c3489b68dbf57e8ca664ce2a4ec510962f997ca04bf97ba75,02ef35dcb54eed73c60450c7f4b5ec66b7dd26616f284ef1825196e1f93c56f2,2.8349535629624068e-05,1.831501831501832e-06,14.478846453774736,0.9999478523973133,14.504223885356444,0.0,2.6521031614250564e-05,0.0,2.6521031614250565e-08,0.13579359294245344,8.928940546125744e-13,1.8285040153735055e-06,1.831501831501832e-06,3.273615212132512e-05,0.000115999866699473,6.820813626990398e-10
4,forward,graph,cylinder_000,0.6,41f4a492b7780ae2d7f7723c6dde889c4b08d93f1aa9436ee7e3a5e05d429f45,90b958f29652e2e36d63a1c8dd99a9cc7e051fb519b91f51d71af1d09ea90d78,e922929e6ee5cf4e1b6ce9e179d5a49fe105659a318ff85e39071ecb68c44a52,3.3770431086372383,3.560454407129121,0.0515134523628886,1.002808556006579,227203.60336400042,3.118218988916341e-15,3.377028245192314,3.560439560439553,0.00018341131524723898,95.91095982880066,7.25011669810982e-10,1.4863444924251548e-05,1.4846689567873197e-05,0.0001829684916516001,0.0003641179829628685,2.535879962966983e-08
4,forward,graph,cylinder_090,0.6,41f4a492b7780ae2d7f7723c6dde889c4b08d93f1aa9436ee7e3a5e05d429f45,6c27ec1fd34577189c5e2a7d576a58500a917af3158da963803e4caf247a3ce1,b10376619c74405c1e54a28568477d24083cff348f88c526aec59a1e712b5b77,3.3770431086372388,3.560454407129121,0.05151345236288848,1.002808556006579,227203.6033640005,3.242947748472995e-15,3.3770282451923146,3.560439560439553,0.00018341131524723852,95.91095982880064,7.250116693668929e-10,1.4863444924251545e-05,1.4846689567873197e-05,0.0001829684916515631,0.00036411798296286834,2.535879962966983e-08
4,forward,graph,cylinder_045,0.6,41f4a492b7780ae2d7f7723c6dde889c4b08d93f1aa9436ee7e3a5e05d429f45,7a5fb48c884f967ea1adf5f2fb54662fed8b42ae36324f512b89cb7e1641ef73,7c0797d77b238a1d6cd1c80402ca6540a31ae9f5e3eea9c3196d90c8d3e11e4b,9.358554446805641,9.197816020169569,0.01747571665747552,1.0014052626184866,677295.5883380199,2.3175408227300796e-15,9.358540629292593,9.197802197802183,0.0001607384314904099,138.54360742032165,6.097323907994223e-10,1.3817513048116886e-05,1.3822367386057043e-05,5.300937030651469e-05,0.00033360953568761754,3.332143185479736e-08
4,forward,graph,cylinder_135,0.6,41f4a492b7780ae2d7f7723c6dde889c4b08d93f1aa9436ee7e3a5e05d429f45,8d65ac0df15a2248699479203fd4968a8263534e2e0dcf681d1a14ac38065805,c9d3ccc7f800e6cc14e5b6c0e9c2f882031224d1626ad476e56e1dbf1d094fe9,0.2749156648816886,0.29671931822815784,0.07348241926635742,1.0014052626184866,17176.939188779525,8.606284409409131e-15,0.2748996608859904,0.2967032967032951,2.180363581730471e-05,25.438143404796925,3.851300545143488e-11,1.6003995698230266e-05,1.6021524862734378e-05,0.00019141847638490576,0.00033706295309736785,1.1835522272120702e-08
4,forward,graph,twist,0.6,41f4a492b7780ae2d7f7723c6dde889c4b08d93f1aa9436ee7e3a5e05d429f45,f9d2cd4e29357d0821e3e7212baefd03720e7673e9526c59477e3cdc325745e2,338b187cd1d90628cbe905f77accd2ac8faf8ccdc11115b52033692b812d2388,12.621498925650004,11.076941960404692,0.13943893276379335,1.0,669815.0194506469,2.7262143160240004e-15,12.621480082417595,11.076923076923057,0.0015445570054945376,143.51262909712386,1.1495197593802686e-09,1.8843232408806212e-05,1.8883481634465917e-05,0.00043952154420397904,0.0001894961598771441,1.8335569819041957e-08
4,forward,graph,dome,0.6,41f4a492b7780ae2d7f7723c6dde889c4b08d93f1aa9436ee7e3a5e05d429f45,46e78a12a857574f1d0f9bebd579f08901f4711869ea366542b3d1943e58ae9f,430f3c9f05f5d33db221657db2065dcfa8c06c8e0f4ca7333bc5b9b6948e7d46,10.587475047909395,11.076958146246092,0.04418930647513365,1.0056092680559383,301258.2760839637,2.7262143160240004e-15,10.587439903846164,11.076923076923057,0.0004894831730768932,167.26680403216972,2.683824718019423e-10,3.514406323196027e-05,3.5069323035436704e-05,0.0008161629460373534,0.0006050838306254564,6.435169662687708e-08
4,forward,graph,saddle,0.6,41f4a492b7780ae2d7f7723c6dde889c4b08d93f1aa9436ee7e3a5e05d429f45,68f4dcdb35020e14f7467945a0e35465e7c36a0801e2df24c63a69c31398502a,540f2e6d616a4e37f97e89accdbaa5f91d04a575cea0868b2a71e9eacd32c427,10.587458827572519,11.076941960404692,0.04418937415957089,1.0056092680559383,559479.6555845035,2.7262143160240004e-15,10.587439903846164,11.076923076923057,0.0004894831730768932,163.52070767457909,7.5229871399074e-10,1.892372635567093e-05,1.8883481634465914e-05,0.00043947235555879123,0.0003255211593742045,2.3696910347067824e-08
4,forward,isometric,cylinder_000,0.6,41f4a492b7780ae2d7f7723c6dde889c4b08d93f1aa9436ee7e3a5e05d429f45,3968ddb60f2f5c1da81a94758696da2e14815c494a812545587c51d1f7d60cea,14c31665cdf02ef7998dd133bdd261e2259a87573fb6db3b81e8054b30233788,0.0004985213189895183,1.6483516483516486e-05,29.24362668536411,0.9990627636365645,29.52867661981433,0.0,0.0004821917110868306,0.0,4.821917110868306e-07,0.7211759755215764,8.341925737957896e-13,1.6329607902687734e-05,1.6483516483516486e-05,0.0016806817026499621,0.00038477945365708127,2.3876903267050494e-08
4,forward,isometric,cylinder_090,0.6,41f4a492b7780ae2d7f7723c6dde889c4b08d93f1aa9436ee7e3a5e05d429f45,398b1c95e9f401f4b1beb12bdfd41278b91018442f78ca183e8ae89d4239d025,6e20409577caf5a1508fcf9214c9fea73c25abeb6cc3a2a84857f5af971d914e,0.0004985213189895167,1.6483516483516486e-05,29.24362668536401,0.9990627636365643,29.528676619814227,0.0,0.00048219171108682894,0.0,4.821917110868289e-07,0.7211759755215865,8.341925721152763e-13,1.6329607902687734e-05,1.6483516483516486e-05,0.0016806817026499621,0.0003847794536570812,2.3876903341047293e-08
4,forward,isometric,cylinder_045,0.6,41f4a492b7780ae2d7f7723c6dde889c4b08d93f1aa9436ee7e3a5e05d429f45,95e1e55f72ddd293d6b3c3991d5cc31d4dc2fde6283fe19ef56814744c36a2bf,5171b87937bf17b9be47d6914a0916c4ff2a067ecf03e6e80e31776e306eb6d0,0.00013704477527313522,1.6483516483516486e-05,7.314049699903536,0.9995313159135544,7.353125780901292,0.0,0.00012063836899268911,0.0,1.206383689926891e-07,0.36133478929044843,7.549857798265286e-13,1.6406406280446103e-05,1.6483516483516486e-05,0.0008420434175285806,0.0003669859661010083,1.0977124985153533e-07
4,forward,isometric,cylinder_135,0.6,41f4a492b7780ae2d7f7723c6dde889c4b08d93f1aa9436ee7e3a5e05d429f45,cbc852e684ce878e3b026977cdb5f94d3a9c063da7908435ed8b19e5e0edcb03,c4c7b356fd0f02ae58d21a9e6340bce30c9f1063a795ab601d83c2eaa4d54a2d,0.002158292033555243,1.6483516483516486e-05,129.93638336901805,0.9995260577661731,131.8796759928534,0.0,0.002142049579489722,0.0,2.1420495794897218e-06,1.2283285022801693,1.0301531649849899e-11,1.6242454065521058e-05,1.6483516483516486e-05,0.0026324016045100695,0.0003436030769316206,5.642279954208182e-09
8,forward,rest,rest,0.0,4207341bb6616a60d2d7485bb71c58d414de614325afcaf7fbaad43988839e37,bd678fa93f59093c55a1c819d54c5dccaae6f5b86c7ecba869430fed13507c38,b0266b6785b388615bd7e2e72db311db56bfd73e6573dde9bed7817b9b7e0135,8.80425117434165e-30,0.0,,1.0,,0.0,8.80425117434165e-30,0.0,8.80425117434165e-33,5.6074730667277694e-14,0.0,0.0,0.0,0.0,0.0,0.0
8,forward,affine,extension,0.0,4207341bb6616a60d2d7485bb71c58d414de614325afcaf7fbaad43988839e37,941e240e9459ee7af672e81c3ffb9cddcdabfcd4fb34aa16f679fb7ccbbdd78f,3a0196fe18af1c8735778e303b7a4e7fe161104c14d44d2d4b0f284f51525e0d,0.05050145892857172,0.05050145892857147,4.946395328776026e-15,1.0069699999999997,,0.0,0.05050145892857172,0.05050145892857147,2.498001805406602e-19,4.917243900600131,9.728091800859095e-11,0.0,0.0,0.0,0.0,0.0
8,forward,affine,shear,0.0,4207341bb6616a60d2d7485bb71c58d414de614325afcaf7fbaad43988839e37,99a1d09b95649c4de9714b6a752c3a4b6d5935be189cf00b6a99153f2544bb86,882c5a13537ec558a6ab5f08c82f4c71be8df86b3ecad02039e42e6f0ab8602e,0.07694505494505499,0.07694505494505495,5.410791304674873e-16,0.9999999999999991,,0.0,0.07694505494505499,0.07694505494505495,4.163336342344337e-20,5.270216565476537,6.167174237958762e-11,0.0,0.0,0.0,0.0,0.0
8,forward,graph,cylinder_000,0.2,4207341bb6616a60d2d7485bb71c58d414de614325afcaf7fbaad43988839e37,bb0bf3af5910d733446cca77095f86328a5409043209a0c7d3538c41a5ad77d0,747b4160f7d8fabdd3fe33c5e7858b4ff727c5bf9e20de5759bbd4acfc3a062c,0.04338707237756475,0.04395785160769086,0.012984693501860076,1.0000781219484807,23999.727859698443,3.157196726277794e-15,0.04338526463770656,0.04395604395604388,5.707793183373222e-07,7.430038757684542,4.820473742395137e-12,1.807739858190696e-06,1.807651646976931e-06,9.632664543136021e-07,0.00018567999649238325,2.292840587370161e-09
8,forward,graph,cylinder_090,0.2,4207341bb6616a60d2d7485bb71c58d414de614325afcaf7fbaad43988839e37,c970582ffe17a654387dde28f14f0b382f713274eb1b8b1a102c0cd3d51bd046,036adfc44ab237af70f4f6327069f803f2eac7455db73bda64768f9c62de5115,0.04338707237756475,0.04395785160769086,0.012984693501860076,1.0000781219484807,23999.727859698458,3.157196726277794e-15,0.04338526463770656,0.04395604395604388,5.707793183373222e-07,7.430038757684542,4.820473742395137e-12,1.8077398581906949e-06,1.8076516469769312e-06,9.632664542997277e-07,0.00018567999649238325,2.292840582745361e-09
8,forward,graph,cylinder_045,0.2,4207341bb6616a60d2d7485bb71c58d414de614325afcaf7fbaad43988839e37,661c1d1e9e4b8e8c978a68f77e4feb3208ccc58423941384d0c5b6e164dcd061,e4d7a8ac790237f2fb509d1e395b37db21607da0117246992a1066443201e0fd,0.11405453125811427,0.11355490377064217,0.004399875926813684,1.0000390617370902,63710.35253801545,1.9554250691785035e-15,0.11405274108216108,0.11355311355311344,4.996275290476415e-07,9.916510906206724,1.287881648548428e-12,1.7901759531797715e-06,1.7902175287385453e-06,4.5400510180996503e-07,0.0001683787327105757,5.01434863683231e-10
8,forward,graph,cylinder_135,0.2,4207341bb6616a60d2d7485bb71c58d414de614325afcaf7fbaad43988839e37,2ae83595e459d06796ac81b4a92b7dbdcfd04ff47c2d647e990231c263a268a1,6b1a3fe212e244a327e133e7b3b09eedc5db64d72aacc74984d3ff8f7d1f6f8e,0.003594347986254149,0.0036648291081522286,0.019231762196304833,1.0000390617370902,1968.077901339494,8.524431160950073e-15,0.003592522589715084,0.003663003663003645,7.048107328856083e-08,2.2766545429845295,2.998959917205335e-13,1.8253965390648287e-06,1.8254451485839037e-06,5.308159482985543e-07,0.00016607558212420912,6.965534761379083e-10
8,forward,graph,twist,0.2,4207341bb6616a60d2d7485bb71c58d414de614325afcaf7fbaad43988839e37,958ec1b8a688f7cf4ae2b2c98ac9db249d7c12a7d4264f7ece70bfa35c3d9638,f1982ba592c5d16500489b5b84c00c3f501479eb71062cfd96b83206f0ef92b1,0.1415235742984829,0.13675463492406684,0.03487223213358737,1.0,56660.13161284079,2.638514406960727e-15,0.1415210765796716,0.13675213675213657,4.76893982753504e-06,9.82384074217575,9.611701878853295e-12,2.497718811291976e-06,2.4981719302564126e-06,4.948059091647665e-06,6.905975195384692e-05,1.7482369419713438e-09
8,forward,graph,dome,0.2,4207341bb6616a60d2d7485bb71c58d414de614325afcaf7fbaad43988839e37,cedabc8f717bb4291fff8510a72d5e14233103e3d404cfad74589f8d74af4873,a2bdb289fe230e4fe8fe1e1921cf505e3288822f81e36c0d8011868474dc7c52,0.13523440038340745,0.13675677621429277,0.011131995598520244,1.0001562377948756,29144.91334787,2.638514406960727e-15,0.13522976047390214,0.13675213675213657,1.5223762782344275e-06,12.35780858018323,3.9457457579050725e-12,4.639909505299152e-06,4.639462156190482e-06,4.885052266674506e-06,0.00032457131633722357,9.28323236478682e-09
8,forward,graph,saddle,0.2,4207341bb6616a60d2d7485bb71c58d414de614325afcaf7fbaad43988839e37,d8c59db56d5796db52030f28ec4058013f6bb4311b115715974e9d4124d19ae8,2e748a1117ea0d102f693bc011337359f83ca9701db43b40c29249bcd11052c2,0.13523225888671264,0.13675463492406684,0.011132171411956136,1.0001562377948756,54126.267646044245,2.638514406960727e-15,0.1352297604739021,0.13675213675213657,1.522376278234483e-06,12.213471207992807,7.4614075751267e-12,2.498412810545698e-06,2.4981719302564135e-06,2.630412758988897e-06,0.00017482989516827177,4.3774662366310505e-09
8,forward,isometric,cylinder_000,0.2,4207341bb6616a60d2d7485bb71c58d414de614325afcaf7fbaad43988839e37,75b945f8af0fa05edc521e7f934da6f75d2d2258f64c169ec4fb2da98e03793b,e4425fe1f0a51b62848a47b1ec8356492c21e07ac550d24fa9274cf38c00f143,2.203629407580001e-06,1.831501831501832e-06,0.2031816565386803,0.9999739585367825,0.2034950314467837,0.0,3.726044760263543e-07,0.0,3.726044760263543e-10,0.014478120218709235,6.439823919971898e-13,1.8310249315536468e-06,1.831501831501832e-06,5.207747434182247e-06,0.0001873088790975256,7.2683059439348165e-09
8,forward,isometric,cylinder_090,0.2,4207341bb6616a60d2d7485bb71c58d414de614325afcaf7fbaad43988839e37,b8dc3110a7893b7d2aaf269c81707f8a6defd7990821f9d445ff0ceab379c33c,07ed8ee41a5f381474ae44682a1e402987e21bf8a5361abcd78ee6119168d931,2.2036294075798546e-06,1.831501831501832e-06,0.2031816565386003,0.999973958536782,0.2034950314467033,0.0,3.726044760262072e-07,0.0,3.726044760262072e-10,0.014478120218693442,6.439823921442558e-13,1.8310249315536472e-06,1.831501831501832e-06,5.207747434177622e-06,0.00018730887909752583,7.268305936997617e-09
8,forward,isometric,cylinder_045,0.2,4207341bb6616a60d2d7485bb71c58d414de614325afcaf7fbaad43988839e37,47b7bc38f41ce053bf62f0cbc7c9680d1db778a2a7460e09bc80dcb18e98424c,882d7b917378575236f4e9d2c6c6567d41179ff79eb686795a69c153602c90dc,1.9244164277871847e-06,1.831501831501832e-06,0.050731369571802555,0.9999869792175263,0.050868193671315315,0.0,9.315305967244573e-08,0.0,9.315305967244574e-11,0.007239481100015005,2.643939148465947e-14,1.831263368114739e-06,1.831501831501832e-06,2.604020187056593e-06,0.00017062969680474224,7.698627909688971e-10
8,forward,isometric,cylinder_135,0.2,4207341bb6616a60d2d7485bb71c58d414de614325afcaf7fbaad43988839e37,fac00485d390cc01e55fc390cb0fc9024bb3dde2ba27bdedc9e09c11e24d3376,53eaecc72b476bd347804bcbe0a357c2eed72e5b96e004a1d50ab3654bc3eba9,3.48883006162343e-06,1.831501831501832e-06,0.9049012136463922,0.9999869751488465,0.9056109384041399,0.0,1.6580103537216888e-06,0.0,1.658010353721689e-09,0.024846945572185,1.9668084906650357e-13,1.8308197079017408e-06,1.831501831501832e-06,7.448789712995763e-06,0.00016660350018642803,3.7674957181189846e-10
8,forward,graph,cylinder_000,0.6,4207341bb6616a60d2d7485bb71c58d414de614325afcaf7fbaad43988839e37,bd4b5d78a0a6a8800fa04f31e380b81164ed996f6ea3f91eecfec6d6668552b6,c27cc3c1fde0c5614352d82dd759650366902ea645c3a33e5c60c74c60a15932,3.514221286524077,3.560454407129121,0.01298517417115952,1.0007028779812717,236633.0365415857,3.118218988916341e-15,3.514206435654194,3.560439560439553,4.62331247853589e-05,75.52818302066983,1.1524006864327419e-09,1.4850869882813724e-05,1.4846689567873197e-05,4.564903915055502e-05,0.0005259148076943199,9.191715091148757e-08
8,forward,graph,cylinder_090,0.6,4207341bb6616a60d2d7485bb71c58d414de614325afcaf7fbaad43988839e37,6a4333b06ec9ce29e4b0865ee6acd9c88bce63b9d6220e4a7f548fe713321184,abddf28ee5a1c27c921e36867edf4337f05478b22e5d8198cb0607c1d9bb8475,3.5142212865240774,3.560454407129121,0.012985174171159394,1.0007028779812717,236633.03654158584,3.242947748472995e-15,3.5142064356541947,3.560439560439553,4.623312478535846e-05,75.52818302066983,1.1524006859886526e-09,1.4850869882813715e-05,1.4846689567873197e-05,4.5649039150462524e-05,0.0005259148076943198,9.191715094848596e-08
8,forward,graph,cylinder_045,0.6,4207341bb6616a60d2d7485bb71c58d414de614325afcaf7fbaad43988839e37,4add849b910bb74d52f722713c451850f1a1980b35a41a17664a4dec2459baf8,ff21ea3eb4a246a592975f2ef0e1eea6a3c9f6e37ba4126131aa908edf2ce575,9.238285848805255,9.197816020169569,0.004399938914514194,1.0003515007236206,668415.5687931444,2.3175408227300796e-15,9.238272027654972,9.197802197802183,4.046982985278902e-05,104.71085783385145,5.714780861865165e-10,1.3821150282802514e-05,1.3822367386057043e-05,1.3290767539449019e-05,0.00046549620302490096,3.348997158734187e-08
8,forward,graph,cylinder_135,0.6,4207341bb6616a60d2d7485bb71c58d414de614325afcaf7fbaad43988839e37,11318367095aa6ec0d179aa356b757c6389a3a7962576a43667ec7f014b0e1cd,2f5f59139d77c31a0051e97d43170d45654d75376a1a4149e3c85602a228fb0e,0.2910103468862856,0.29671931822815784,0.01924030890864488,1.0003515007236206,18167.706877886507,8.606284409409131e-15,0.2909943297669142,0.2967032967032951,5.708966936380899e-06,21.382908926701536,1.615053679682177e-11,1.6017119371356034e-05,1.6021524862734378e-05,4.8107965851519015e-05,0.00048543682376254034,9.368341706236271e-09
8,forward,graph,twist,0.6,4207341bb6616a60d2d7485bb71c58d414de614325afcaf7fbaad43988839e37,9d78bf92bd8021a556dfb241256e4e3071b42a34ad5dcc8c976e954df4395288,adee6a4be805d11cf39037316bcc17a80d6c9eff91824ead14255fa36723bb2d,11.463226076372012,11.076941960404692,0.03487281213065112,1.0,607373.1200585826,2.7262143160240004e-15,11.46320720295331,11.076923076923057,0.0003862841260302527,103.1327956230519,4.3067696786636133e-10,1.8873418701584384e-05,1.8883481634465917e-05,0.00010988722706634428,0.00018791920305954117,2.252066223651784e-08
8,forward,graph,dome,0.6,4207341bb6616a60d2d7485bb71c58d414de614325afcaf7fbaad43988839e37,e596140e45fb2eca86ec0c02ac9419eb7357906dcf99377862241217a168d6fd,bcb6d5176faa08f3d6c4494fbac896b703d1335dfe78d824f9ca39d97b42af5a,10.953645686344885,11.076958146246092,0.011132339607421644,1.0014052626184866,312175.7704651087,2.7262143160240004e-15,10.953610598386001,11.076923076923057,0.00012331247853705562,130.8684393176888,1.730588673254374e-09,3.5087958883119877e-05,3.5069323035436704e-05,0.0002035034567002489,0.0008781723194534619,4.6213602544363165e-08
8,forward,graph,saddle,0.6,4207341bb6616a60d2d7485bb71c58d414de614325afcaf7fbaad43988839e37,d40249d308d4b46ded722f1bb0af5158335cdcc29ca8d4053e5d0d0604cbde7d,5d714f001459e723d6b30fd17260ffb4204d2617b776a49ee6bd391c2ef5d9e9,10.953629491902321,11.076941960404692,0.011132356650703824,1.0014052626184866,579755.0022923446,2.7262143160240004e-15,10.953610598386,11.076923076923057,0.0001233124785370574,129.01219829656216,5.760648793540213e-10,1.8893516321679934e-05,1.8883481634465914e-05,0.00010957878437709694,0.0004736990633666074,1.6813309645902736e-08
8,forward,isometric,cylinder_000,0.6,4207341bb6616a60d2d7485bb71c58d414de614325afcaf7fbaad43988839e37,f65d5bdedd7e88c3a223e8fa05b8af3e4fed09bf40b1ea8039978501d50d1f60,e016a807221727c0b3843a392b37503a9f332a98874b2fb888829296aec6ad2a,4.6615826323629876e-05,1.6483516483516486e-05,1.8280267969668789,0.9997656414789395,1.8346638174597232,0.0,3.0170903988746253e-05,0.0,3.0170903988746256e-08,0.13129527953235565,4.5070113310872213e-13,1.6444922334883623e-05,1.6483516483516486e-05,0.00042144810307086027,0.000560919295631912,2.181509741872435e-07
8,forward,isometric,cylinder_090,0.6,4207341bb6616a60d2d7485bb71c58d414de614325afcaf7fbaad43988839e37,f7ef8ea550fc4bb491d290057f2e0af5b5ec38d3c87433b2ef40fa1093f43f3d,4698157b7162ce0ebe6cb3a922f8c669b2054863558c44e5dbcf3738001a01dc,4.661582632363026e-05,1.6483516483516486e-05,1.8280267969669022,0.9997656414789395,1.8346638174597485,0.0,3.017090398874665e-05,0.0,3.0170903988746646e-08,0.1312952795323492,4.5070113270892257e-13,1.6444922334883613e-05,1.6483516483516486e-05,0.00042144810307097124,0.0005609192956319111,2.181509741502451e-07
8,forward,isometric,cylinder_045,0.6,4207341bb6616a60d2d7485bb71c58d414de614325afcaf7fbaad43988839e37,beac348aba1c2916324a35ab44a4d5cfead742e962d4fb6b04e5df3d93456a9c,8f34d109b9c2d5a1b9271b2fc3c1bae699ac1c975661b6c38d9b2a2776d95b11,2.4008350015486637e-05,1.6483516483516486e-05,0.4565065676061892,0.9998828166198014,0.458214547931415,0.0,7.5441403766894825e-06,0.0,7.544140376689483e-09,0.06568179513810944,3.92240202770203e-13,1.6464209638797153e-05,1.6483516483516486e-05,0.00021083074433510948,0.0005119846758882087,8.143803015045577e-08
8,forward,isometric,cylinder_135,0.6,4207341bb6616a60d2d7485bb71c58d414de614325afcaf7fbaad43988839e37,9d4ca47ce760d34c503254636945434905224455e26b1c5afe0925d10f4c0d95,cb615fc782d8e8bd83dddfdf7724eaf782aef50b3b9ff4d1e12a060ba453d8f2,0.00015063090842028557,1.6483516483516486e-05,8.138275110830657,0.9998824872692864,8.168957348778326,0.0,0.00013420255100837596,0.0,1.3420255100837595e-07,0.224720574134786,5.341723732072389e-12,1.6428357411909618e-05,1.6483516483516486e-05,0.0006023370619469981,0.0004985845889605395,6.3737565453390174e-09
16,forward,rest,rest,0.0,0a4c97f80126eef9b1ea992d38edbfd56d7edab8577d63f6f303ac273927aa2b,bcc29bcab9dfaaf8ac58eacc51f07f204d712ea4dfa3cc0eb4a5e9461836699a,f1faf4d6171c4fa4cfe1f0cc6f12af125db66325139148cf46cbbc5fe6cbac1a,8.80425117434165e-30,0.0,,1.0,,0.0,8.80425117434165e-30,0.0,8.80425117434165e-33,3.9650822308041314e-14,0.0,0.0,0.0,0.0,0.0,0.0
16,forward,affine,extension,0.0,0a4c97f80126eef9b1ea992d38edbfd56d7edab8577d63f6f303ac273927aa2b,ab36a5e316313a91345ba1c87c7af2004786a7686783869b1dcb2819a003bb49,8286e79eab5cf399f1604bdaf84d985190210f9331cbbd75969e9d48983710d6,0.05050145892857163,0.05050145892857147,3.160197015606905e-15,1.0069699999999997,,0.0,0.05050145892857163,0.05050145892857147,1.5959455978986625e-19,3.534491747803979,9.72019274306235e-11,0.0,0.0,0.0,0.0,0.0
16,forward,affine,shear,0.0,0a4c97f80126eef9b1ea992d38edbfd56d7edab8577d63f6f303ac273927aa2b,59db9fc5f9120105204026ef387a68dc93303e62bc680916820e037d51706d6c,6aec2622ff8a8fc335b47302b77e0ecaab246983ecc56703c40e722dd66b3d83,0.07694505494505502,0.07694505494505495,9.017985507791455e-16,0.9999999999999982,,0.0,0.07694505494505502,0.07694505494505495,6.938893903907229e-20,3.788206836261088,5.865821284256612e-11,0.0,0.0,0.0,0.0,0.0
16,forward,graph,cylinder_000,0.2,0a4c97f80126eef9b1ea992d38edbfd56d7edab8577d63f6f303ac273927aa2b,36e27213b77a79773fc77563e3c380bcbca3f6d4798f1eea8a46e67d396abedc,4c42118ecc0c0cfa27dfa1bba7225b014c700db62a21862f8b1fc60625576bdd,0.043814863361905355,0.04395785160769086,0.003252848821221496,1.0000195310592688,24237.259064724767,3.157196726277794e-15,0.043813055688208785,0.04395604395604388,1.42988267835098e-07,5.4820389780831364,5.451853496429848e-12,1.8076736965680617e-06,1.807651646976931e-06,2.4078153514817473e-07,0.00026794170548500733,9.190693189814858e-09
16,forward,graph,cylinder_090,0.2,0a4c97f80126eef9b1ea992d38edbfd56d7edab8577d63f6f303ac273927aa2b,aa34b72abcc982b1a6bfaf5b63821e6ed2732c188c9f63472240799d7240f8fc,00f56c6a6ed93c765fa92376cd87481bc0b57da3fb95e125dfa789d58c846a0c,0.043814863361905355,0.04395785160769086,0.003252848821221496,1.0000195310592688,24237.259064724767,3.157196726277794e-15,0.043813055688208785,0.04395604395604388,1.42988267835098e-07,5.482038978083136,5.451853496429848e-12,1.8076736965680617e-06,1.8076516469769312e-06,2.4078153514586233e-07,0.0002679417054850072,9.190693192127258e-09
16,forward,graph,cylinder_045,0.2,0a4c97f80126eef9b1ea992d38edbfd56d7edab8577d63f6f303ac273927aa2b,11a8b31c405576fcc7c478ae520fe415f81e473fa2ad12b7664cbea9361681bb,df5775a777befb289e44526ff6c1adcd22a4b13f2bc758ca03d510440cbcea87,0.11368003072120152,0.11355490377064217,0.0011019070634947987,1.0000097655773168,63500.04877674965,1.9554250691785035e-15,0.11367824051406461,0.11355311355311344,1.2512696095116905e-07,7.226221757824049,1.5482370385733191e-12,1.79020713690676e-06,1.7902175287385453e-06,1.134788030942732e-07,0.000238916494091544,3.1272399680648946e-09
16,forward,graph,cylinder_135,0.2,0a4c97f80126eef9b1ea992d38edbfd56d7edab8577d63f6f303ac273927aa2b,11cc34bf9050d982d8d0dc77ffee917075f727d69174c43e46a711ad52bf3449,667c507f53524149a991b85c26f763d589ecdd52cdbc7b17395debc5270facca,0.003647009708861964,0.0036648291081522286,0.004862272909431494,1.0000097655773168,1996.8874719314977,8.524431160950073e-15,0.003645184275868315,0.003663003663003645,1.781938713532995e-08,1.7219418362543706,4.50291401388192e-14,1.825432993649109e-06,1.8254451485839037e-06,1.3273188795822268e-07,0.00023846354837196373,5.657670835018397e-10
16,forward,graph,twist,0.2,0a4c97f80126eef9b1ea992d38edbfd56d7edab8577d63f6f303ac273927aa2b,569f645be38c5bcc229a595b2b37c63d40dff1dbe9f3aa2b972cf75d21c18f64,02b259e3983bd668eb48aab4adf7b75576240d4a05cb144fcc8a8dc5e3cc4a6a,0.13794698155367394,0.13675463492406684,0.008718875453611875,1.0,55220.674413233195,2.638514406960727e-15,0.1379444834950218,0.13675213675213657,1.1923467428852364e-06,7.119841658713852,1.4956191840553856e-13,2.498058652140701e-06,2.4981719302564126e-06,1.236997023572778e-06,6.900383626583252e-05,1.2596205945255936e-09
16,forward,graph,dome,0.2,0a4c97f80126eef9b1ea992d38edbfd56d7edab8577d63f6f303ac273927aa2b,3191a4f2476fae389d847019f7f8bbbeb64639c979685fc456a95ddf18a85411,ead6ada564cc80764ac54649c59ce6a04e1a8b51625241ad5298d76f1e97b607,0.13637545564754952,0.13675677621429277,0.002788312047848648,1.0000390617370902,29392.96083047549,2.638514406960727e-15,0.136370816073576,0.13675213675213657,3.813206785605594e-07,9.095641344198514,4.341297821230939e-12,4.639573973513506e-06,4.639462156190482e-06,1.221045167420355e-06,0.0004685582224980188,1.5062539571536142e-08
16,forward,graph,saddle,0.2,0a4c97f80126eef9b1ea992d38edbfd56d7edab8577d63f6f303ac273927aa2b,b74127e8a1e5827d1be6026b5f035fe80f10c4ce2efbcb539111a43df0cf0063,5167d975aa38a7ebb046d164c5ba1c2d2231c68ad15b068d819d92ad9865efba,0.13637331430571567,0.13675463492406684,0.002788356084332316,1.0000390617370902,54586.92725659735,2.638514406960727e-15,0.1363708160735761,0.13675213675213657,3.8132067856047614e-07,9.03691149700723,7.403073071232668e-12,2.4982321395841964e-06,2.4981719302564135e-06,6.57485859389085e-07,0.00025233565992254057,2.8463971978879216e-09
16,forward,isometric,cylinder_000,0.2,0a4c97f80126eef9b1ea992d38edbfd56d7edab8577d63f6f303ac273927aa2b,1d26cd1ec3ae3d74b2cff1ecae8a45fba1c706d52f76d86f18f5fcb7cf91f75c,957ccaff5c2a266605ecee13653930bec1048fd42cb851359dd2f1bf15656903,1.8546711039600406e-06,1.831501831501832e-06,0.012650422762181882,0.9999934895960476,0.012716352962100845,0.0,2.3288507505168844e-08,0.0,2.3288507505168844e-11,0.0026005785659098807,1.8881849203380663e-13,1.8313825964548716e-06,1.831501831501832e-06,1.302046712807149e-06,0.00027040216109712993,4.699225834480954e-08
16,forward,isometric,cylinder_090,0.2,0a4c97f80126eef9b1ea992d38edbfd56d7edab8577d63f6f303ac273927aa2b,7516cdf5c327ed2514c87c95c5263b3c2c7c7df688ba63c67cc47b4668af9624,46bcc3f45ada661ac7b50efb23abb570833bc949b0acc64cc26654e7d709da68,1.8546711039600302e-06,1.831501831501832e-06,0.012650422762176218,0.9999934895960462,0.012716352962097069,0.0,2.3288507505161886e-08,0.0,2.3288507505161887e-11,0.002600578565904547,1.8881849204076486e-13,1.8313825964548683e-06,1.831501831501832e-06,1.3020467128441473e-06,0.000270402161097128,4.699225837718314e-08
16,forward,isometric,cylinder_045,0.2,0a4c97f80126eef9b1ea992d38edbfd56d7edab8577d63f6f303ac273927aa2b,926ec2e0944f61357792246ee8a53e1c9df51d4780f4c61fd26204801ca98e4e,7bbbc28be9026a6f05112faeb61ee09709044b98f1fe33ec51ab6a9f0e98d5c5,1.837264370339821e-06,1.831501831501832e-06,0.003146346205542011,0.9999967447948405,0.003179001312779126,0.0,5.822157199851072e-09,0.0,5.822157199851072e-12,0.0013003081944022326,1.0913479306311562e-13,1.83144221313997e-06,1.831501831501832e-06,6.510325115337273e-07,0.0002420589069898249,6.462688986868798e-10
16,forward,isometric,cylinder_135,0.2,0a4c97f80126eef9b1ea992d38edbfd56d7edab8577d63f6f303ac273927aa2b,36146c889c0487d5ec0e268b6eb59d463ed395d7540ce89fd9a92010b90cbb95,e9400dee1ebb1914f4200c23b7934014604203c5bd4750ab7894988f7c59fae6,1.934972737001574e-06,1.831501831501832e-06,0.056495114402859106,0.9999967445405353,0.05658840425311176,0.0,1.036326151408004e-07,0.0,1.036326151408004e-10,0.004463935064840101,5.329740955334651e-14,1.8313401218607734e-06,1.831501831501832e-06,1.7658692803598802e-06,0.00023925658624094755,5.85105046027888e-10
16,forward,graph,cylinder_000,0.6,0a4c97f80126eef9b1ea992d38edbfd56d7edab8577d63f6f303ac273927aa2b,7b22d4b6f5a455eedb1d6e663eb464ec0c47ea656db5e3c4037f9f64813aade3,dc936de29310b9c0c036adf84a5c8d82ce919e1dc81db8fbaf21359c90b9c464,3.548872358478988,3.560454407129121,0.0032529692353150774,1.0001757658031911,239016.7741210548,3.118218988916341e-15,3.5488575107448748,3.560439560439553,1.1582049694678353e-05,55.97718434908547,1.2912804749909412e-09,1.4847734113202806e-05,1.4846689567873197e-05,1.1406434999331278e-05,0.0007579735512477095,1.1760064703053877e-07
16,forward,graph,cylinder_090,0.6,0a4c97f80126eef9b1ea992d38edbfd56d7edab8577d63f6f303ac273927aa2b,69f53baf2ca11c4af23e32a626f9086c75eb9429a81fde062db175943ff170f1,9a5fb5927ec8dad310912361a02ff7d3764a39e984591d3d534bd0aecebdb23b,3.548872358478988,3.560454407129121,0.0032529692353150774,1.0001757658031911,239016.77412105477,3.242947748472995e-15,3.5488575107448748,3.560439560439553,1.1582049694678353e-05,55.97718434908546,1.2912804749909412e-09,1.4847734113202807e-05,1.4846689567873197e-05,1.1406434999349777e-05,0.0007579735512477098,1.1760064703053877e-07
16,forward,graph,cylinder_045,0.6,0a4c97f80126eef9b1ea992d38edbfd56d7edab8577d63f6f303ac273927aa2b,225830c2668c08b5db18f0ed89a0b7370552ef4461eb694b0b6691d6ba6e84c1,7708a974251ddabf4ac4899a62c269188533103d207058d9a5c43cd1f6f9eb55,9.207951303702057,9.197816020169569,0.0011019228380153344,1.0000878867629586,666176.7892206513,2.3175408227300796e-15,9.20793748163916,9.197802197802183,1.0135283836977038e-05,76.59590452310766,2.507782745908571e-10,1.3822062897765271e-05,1.3822367386057043e-05,3.325012146144861e-06,0.0006608470737023914,4.784845199093737e-08
16,forward,graph,cylinder_135,0.6,0a4c97f80126eef9b1ea992d38edbfd56d7edab8577d63f6f303ac273927aa2b,5e9053aad62b7a69c1ce0d437b33f5f612ddcb72aba2bb7ad25d86e059159aa0,0e1af401c1049f8e137893518c601f35e2c6c408a53ed76ef9d2895d96a2b090,0.29527594676736896,0.29671931822815784,0.004864433732889004,1.0000878867629586,18430.22147028079,8.606284409409131e-15,0.2952599263453235,0.2967032967032951,1.443370357971596e-06,16.227553950913133,1.7239021321557856e-11,1.6020422045466886e-05,1.6021524862734378e-05,1.2042764561017012e-05,0.0006975179302389275,9.212350905718739e-09
16,forward,graph,twist,0.6,0a4c97f80126eef9b1ea992d38edbfd56d7edab8577d63f6f303ac273927aa2b,a596a52bbfee969abd24bb503ab279d2b90f66e0dfa0a076ec0f40d185928067,920b207d7d78d0fbb26dd80fe9daa09b7617b032a9f9f3c3a3612dfcaec97638,11.173522044062548,11.076941960404692,0.008719020466396547,1.0,591786.6300791987,2.7262143160240004e-15,11.173503163096681,11.076923076923057,9.658008617362412e-05,74.71163150693837,1.107805953637353e-10,1.888096586704119e-05,1.8883481634465917e-05,2.7472180278032554e-05,0.0001870170975627529,1.890389863932638e-08
16,forward,graph,dome,0.6,0a4c97f80126eef9b1ea992d38edbfd56d7edab8577d63f6f303ac273927aa2b,0529dd803a716c6b6bdd313e6140ea5351ca4f7daba9fa7e53f108c16c5791b5,ee594342f8236c4b2f1b758616e8fd525c1dc7046041cfc5aa1f961c888375c6,11.046071175938499,11.076958146246092,0.0027883982136432035,1.0003515007236206,314935.35778337106,2.7262143160240004e-15,11.046036101959572,11.076923076923057,3.0886974963484805e-05,96.7054642821074,1.1156307344606376e-09,3.5073978926042374e-05,3.5069323035436704e-05,5.084232541392643e-05,0.0012691137506170372,1.1652304438475096e-07
16,forward,graph,saddle,0.6,0a4c97f80126eef9b1ea992d38edbfd56d7edab8577d63f6f303ac273927aa2b,3644bdd18070cfb017d937884e26995e3cc3d752d81e426328fad4f37bc0248b,3baba6aa5326ec7b0df945163609e6b8c8bac7ccb5bba38b85850be5240daf42,11.046054987948228,11.076941960404692,0.00278840248209949,1.0003515007236206,584879.9501691174,2.7262143160240004e-15,11.046036101959576,11.076923076923057,3.088697496348125e-05,95.94410679938751,2.689135758515704e-10,1.888598865248437e-05,1.8883481634465914e-05,2.737663676153284e-05,0.0006838399735947681,3.948869078897101e-08
16,forward,isometric,cylinder_000,0.6,0a4c97f80126eef9b1ea992d38edbfd56d7edab8577d63f6f303ac273927aa2b,87596afa3a5aeed37ace8048896616bca70fb881095771c7cf28ce57b69c064a,4be7caff89ff3bf9bbfcb6e80977a53ef85612aedf452964a400043b8dc2db39,1.8360072534835885e-05,1.6483516483516486e-05,0.11384440044671025,0.9999414072799564,0.1144972609127399,0.0,1.8862119173593243e-06,0.0,1.8862119173593244e-09,0.023503420502481477,1.4163270132807744e-13,1.647386061747656e-05,1.6483516483516486e-05,0.00010544205715596926,0.0008108281469568305,9.086210321128189e-08
16,forward,isometric,cylinder_090,0.6,0a4c97f80126eef9b1ea992d38edbfd56d7edab8577d63f6f303ac273927aa2b,be5d534a61dc4e30aab0b1fdb96965b3fc2633d350b65067fa20c61267785a47,8f3a60fa798579d31c36bd9039ae9ce93f8cf18eab57dd80f3bda755ca9b628a,1.8360072534836007e-05,1.6483516483516486e-05,0.11384440044671765,0.9999414072799564,0.11449726091274809,0.0,1.8862119173594577e-06,0.0,1.8862119173594576e-09,0.023503420502460425,1.4163270119445799e-13,1.6473860617476548e-05,1.6483516483516486e-05,0.00010544205715611725,0.0008108281469568274,9.086210306328829e-08
16,forward,isometric,cylinder_045,0.6,0a4c97f80126eef9b1ea992d38edbfd56d7edab8577d63f6f303ac273927aa2b,bcfce5bf0d67b56e16c55d2abe910d71365e6e23922f6cceb05e8b40a0be6988,dcbc0f00b27144604b13342243dc6be51dd750f3daf6042e91f7e5851546ecec,1.695026302328874e-05,1.6483516483516486e-05,0.028315956746183354,0.9999707033824862,0.028617271325248262,0.0,4.715750838470976e-07,0.0,4.715750838470975e-10,0.011753243585110556,3.284426379492335e-13,1.647868793944164e-05,1.6483516483516486e-05,5.272770129731931e-05,0.0007262210216088793,1.21333948370321e-07
16,forward,isometric,cylinder_135,0.6,0a4c97f80126eef9b1ea992d38edbfd56d7edab8577d63f6f303ac273927aa2b,8dfb89c6ef2d6af605ac7734f7d5a09831616dfc0104c08a576066aa4cdb750d,49d4db4ff9519e0331a197bd7da67c4fa5fd7c98f83659927dcf65d7c1b97d67,2.4863160069966094e-05,1.6483516483516486e-05,0.5083650442446095,0.9999706827868643,0.5095641252311647,0.0,8.39273681705611e-06,0.0,8.39273681705611e-09,0.04029942764517504,1.52926662039909e-12,1.6470423252909984e-05,1.6483516483516486e-05,0.00014297807822299247,0.0007173414072667709,7.766213791851604e-09
32,forward,rest,rest,0.0,edd34a01d2a3bac817cb1648cf4aacc8dbd0c07145ac232e29596937df1980ff,0602a0b665ee1db8ecd143c24b73b1a86d2ab429c718a86302ba77a00197df21,415770ec18ee75ffebde9dbfed923fbcb1c1294f73e1bea51752afc52fe09c5e,8.80425117434165e-30,0.0,,1.0,,0.0,8.80425117434165e-30,0.0,8.80425117434165e-33,2.8037365333638844e-14,0.0,0.0,0.0,0.0,0.0,0.0
32,forward,affine,extension,0.0,edd34a01d2a3bac817cb1648cf4aacc8dbd0c07145ac232e29596937df1980ff,5b333c755b594a970fe52ff348f43fa11f451f4c269eaccae79038b3b4312bdb,4f295cc67cb0a7a7b042a20bd485dc259d6a019d86782584a6603c1e1aa31736,0.05050145892857164,0.05050145892857147,3.4349967560944623e-15,1.006969999999998,,0.0,0.05050145892857164,0.05050145892857147,1.7347234759768072e-19,2.5193378076834843,9.703604744032424e-11,0.0,0.0,0.0,0.0,0.0
32,forward,affine,shear,0.0,edd34a01d2a3bac817cb1648cf4aacc8dbd0c07145ac232e29596937df1980ff,56c12991c8be2eb960c0bdb38099b579a903fc9a8b9f1255bd035bf41de2b709,21df8d9fb1f80c1dec1ec0bc87a28c309ce45cd9c7fcdc775a89988b9c9e3db0,0.07694505494505502,0.07694505494505495,9.017985507791455e-16,0.9999999999999964,,0.0,0.07694505494505502,0.07694505494505495,6.938893903907229e-20,2.7001824836191317,5.716611850559161e-11,0.0,0.0,0.0,0.0,0.0
32,forward,graph,cylinder_000,0.2,edd34a01d2a3bac817cb1648cf4aacc8dbd0c07145ac232e29596937df1980ff,e88bfae2fa228dabb93e0750c06dc31b72b507687d6d8d8a04f2def3f2091cc8,3a4d4b4826004c72927b4f888831aa1e89d9465817eb716d2efe0aedfa76f1ed,0.04392208620635409,0.04395785160769086,0.0008136294206542151,1.0000048828005792,24296.796727352685,3.157196726277794e-15,0.04392027854919492,0.04395604395604388,3.576540684896434e-08,3.95424428877038,6.8402913749876506e-12,1.8076571591740174e-06,1.807651646976931e-06,6.019319218398036e-08,0.0003826506922650432,3.212571232618324e-08
32,forward,graph,cylinder_090,0.2,edd34a01d2a3bac817cb1648cf4aacc8dbd0c07145ac232e29596937df1980ff,f09d28e1c404590091a134b57c77f73e9eb674ac7e1f5a3b2eb512ae0d476d5f,f5da03b586ba9cd1c729efb7abd86abe0b9c9c652df6596e9dd17a1e9c5c5aa0,0.043922086206354086,0.04395785160769086,0.000813629420654373,1.0000048828005792,24296.796727352696,3.157196726277794e-15,0.04392027854919491,0.04395604395604388,3.576540684897128e-08,3.95424428877038,6.840291388865438e-12,1.8076571591740163e-06,1.8076516469769312e-06,6.019319217010596e-08,0.00038265069226504336,3.212571233543284e-08
32,forward,graph,cylinder_045,0.2,edd34a01d2a3bac817cb1648cf4aacc8dbd0c07145ac232e29596937df1980ff,ba48d04eb0a1c8d9ae8a5b82f4d7c75fdf8bb212791647650acf8132b7a5180c,a508261e00775ba231cb6a9c38cdccbf9f93181d0a6c6d86d9992e84d749e72d,0.11358619926320102,0.11355490377064217,0.00027559789599269175,1.0000024414032698,63447.358798747606,1.9554250691785035e-15,0.11358440904827011,0.11355311355311344,3.12954951566663e-08,5.1864325950133505,7.325391265800007e-13,1.7902149309091833e-06,1.7902175287385453e-06,2.8368296632292087e-08,0.0003384356431033803,2.215020494776101e-09
32,forward,graph,cylinder_135,0.2,edd34a01d2a3bac817cb1648cf4aacc8dbd0c07145ac232e29596937df1980ff,30ac4a47ed86f08ec6db48f8b7d66540caea5ac6ffc8de5f0cc2b3ff651eaac5,81084b0b56d5769ef85d45e53bac45a885c3a73c51a6b8cc0d48eccd76fb08c2,0.003660361813403794,0.0036648291081522286,0.001218963999848544,1.0000024414032698,2004.1919444458877,8.524431160950073e-15,0.0036585363712941035,0.003663003663003645,4.467291709541257e-09,1.2550690421008153,4.849007827212315e-14,1.8254421096905484e-06,1.8254451485839037e-06,3.318471543968176e-08,0.0003397546057502733,4.749278300393842e-10
32,forward,graph,twist,0.2,edd34a01d2a3bac817cb1648cf4aacc8dbd0c07145ac232e29596937df1980ff,7521ea30c5c26c64ba951414ed1bcfd3c9fc1f929898f1b57b9059c08016d420,ad9f40500506def54de1737099003797cf70a34a92ddadeaf212c5eaaf843a76,0.13705272856809478,0.13675463492406684,0.0021797699521735273,1.0,54860.82938962978,2.638514406960727e-15,0.13705023042448394,0.13675213675213657,2.980936723473715e-07,5.110367388638354,1.4217991228804294e-12,2.498143610829009e-06,2.4981719302564126e-06,3.092481472500388e-07,6.897450558986007e-05,1.8287922059687359e-09
32,forward,graph,dome,0.2,edd34a01d2a3bac817cb1648cf4aacc8dbd0c07145ac232e29596937df1980ff,8faa1f0e25a19224b83e52c0c881a4e63293d071232561c4983a5e2595c67eb3,434b68b5004399b0af79d2894fd40c1d4905afb6e869acec45a08e12dd0f8423,0.136661400659544,0.13675677621429277,0.0006974100837192404,1.0000097655773168,29455.125013899637,2.638514406960727e-15,0.1366567611694347,0.13675213675213657,9.537558270186763e-08,6.5529208412292865,7.530568668645544e-12,4.639490109274616e-06,4.639462156190482e-06,3.052476787450446e-07,0.0006692576842860095,5.579913369614555e-08
32,forward,graph,saddle,0.2,edd34a01d2a3bac817cb1648cf4aacc8dbd0c07145ac232e29596937df1980ff,1d001372b6ba61d879f0f0113ca889e0ea6357be65d0da1da0dc1f6a5eaa2fb3,8f9d380039a4471e484bf224608d9a6556c3065d4f53b0d3eda44b64668a728b,0.13665925935641665,0.13675463492406684,0.0006974210980354918,1.0000097655773168,54702.37502581355,2.638514406960727e-15,0.13665676116943473,0.13675213675213657,9.537558270183988e-08,6.530756571018175,8.930378214699885e-12,2.4981869819171043e-06,2.4981719302564135e-06,1.6436413474408982e-07,0.00036038915365082386,3.074083425491888e-08
32,forward,isometric,cylinder_000,0.2,edd34a01d2a3bac817cb1648cf4aacc8dbd0c07145ac232e29596937df1980ff,55547baefff8e04e2211c99c4d1310b7b9e4f4f744a2b52cf108b0e9d5fdb32e,3aeb136f3563d4338539a6d3940fa96e3d71fb48a3628dba349c7c843bdfc4aa,1.8329275652016766e-06,1.831501831501832e-06,0.0007784506001151664,0.999998372396623,0.0007947394624687641,0.0,1.4555430903793128e-09,0.0,1.4555430903793128e-12,0.0004632978857432535,2.1103452866953289e-13,1.8314720221112973e-06,1.831501831501832e-06,3.255185446392964e-07,0.0003862283926051372,6.142068458501857e-09
32,forward,isometric,cylinder_090,0.2,edd34a01d2a3bac817cb1648cf4aacc8dbd0c07145ac232e29596937df1980ff,51a603fede7fb4bff8fddb33841914c6fa6c31156e0834b836c68314b09e6c8d,143e8931d41b360832a332c88a7b26210960fbfbc8f01e91ff97eeadc00800eb,1.8329275652016773e-06,1.831501831501832e-06,0.0007784506001155132,0.9999983723966216,0.0007947394624696868,0.0,1.455543090381002e-09,0.0,1.4555430903810019e-12,0.00046329788574552623,2.1103452866784336e-13,1.8314720221112962e-06,1.831501831501832e-06,3.255185446508584e-07,0.00038622839260514025,6.142068446939857e-09
32,forward,isometric,cylinder_045,0.2,edd34a01d2a3bac817cb1648cf4aacc8dbd0c07145ac232e29596937df1980ff,95a09e435847b1539c7853f228319382aa628e8189b38b717a3faabd72e42f76,beb7f28e7a535395460580a14e76381e0befdcdc1d90f813e8b50f8b507c2c18,1.831850813000558e-06,1.831501831501832e-06,0.00019054389830436378,0.9999991861980968,0.00019868350741635336,0.0,3.63886246394715e-10,0.0,3.63886246394715e-13,0.0002316497852278284,4.79228629334324e-13,1.8314869267541632e-06,1.831501831501832e-06,1.6275984454382644e-07,0.0003428542636461728,2.071236506713533e-09
32,forward,isometric,cylinder_135,0.2,edd34a01d2a3bac817cb1648cf4aacc8dbd0c07145ac232e29596937df1980ff,944306b2812d0f9910d031dcc87ee28c6290f767b932cae47b3b9c4182607013,1df0e87058cf73a4f889d2d23c15f43a41478d030d5976fa6b4af2e65e9f8326,1.837939678834557e-06,1.831501831501832e-06,0.003515064643667816,0.9999991861822146,0.00353659832787418,0.0,6.477147326495622e-09,0.0,6.477147326495622e-12,0.0007953200998627571,3.6171963100208925e-13,1.8314625315080613e-06,1.831501831501832e-06,4.2915593197664627e-07,0.00034088840640100553,7.372101567357534e-10
32,forward,graph,cylinder_000,0.6,edd34a01d2a3bac817cb1648cf4aacc8dbd0c07145ac232e29596937df1980ff,e8068a2de2dcf06f54d4e2d41bd70a993d9e0a80b2dbd39e209e06cbd8c287c5,f52ea19bb3dc82eb967d764503f0dd244c0d80b55b4f6fbaf610d857e678a4ad,3.557557409435417,3.560454407129121,0.0008136595396091035,1.000043944346947,239614.35862162255,3.118218988916341e-15,3.5575425624847465,3.560439560439553,2.8969979548065795e-06,40.459244011178455,1.4737674218778806e-09,1.4846950670858993e-05,1.4846689567873197e-05,2.8512446049010617e-06,0.001081812771474405,5.925491598965088e-07
32,forward,graph,cylinder_090,0.6,edd34a01d2a3bac817cb1648cf4aacc8dbd0c07145ac232e29596937df1980ff,0025d87d77634cb8a3c16a1f54924fc7f08f5cc47316769724a3e491f1f33cc2,c0bc5591f78487017e80654e9ad01257ed228ab96755ac0f26a41f44f10d1997,3.5575574094354177,3.560454407129121,0.0008136595396089788,1.000043944346947,239614.35862162264,3.242947748472995e-15,3.557542562484747,3.560439560439553,2.896997954806135e-06,40.45924401117845,1.4737674214337915e-09,1.484695067085899e-05,1.4846689567873197e-05,2.8512446048640633e-06,0.0010818127714744034,5.925491598965088e-07
32,forward,graph,cylinder_045,0.6,edd34a01d2a3bac817cb1648cf4aacc8dbd0c07145ac232e29596937df1980ff,e5fe312abf5d7a42e27f2f9efa398b1ed5f3a5667ddb3c609ae9d0ceb906aa82,f0bbd682c989bcc3452f03e4d4dd94b13c8e88a19f7c6423f70e282680492780,9.200350955201058,9.197816020169569,0.0002756018413426201,1.0000219724148565,665615.9218440076,2.3175408227300796e-15,9.200337132909807,9.197802197802183,2.5349351076240368e-06,55.08609032946768,8.497920056527163e-11,1.3822291250818335e-05,1.3822367386057043e-05,8.313968066915013e-07,0.0009363599962689608,3.3770805198102655e-08
32,forward,graph,cylinder_135,0.6,edd34a01d2a3bac817cb1648cf4aacc8dbd0c07145ac232e29596937df1980ff,cb257cc1499e50745a6b7fb5d095195f884751360a9de817d2584bffd7d5374b,9b1f09778214608a7f3257dbee16786055500c0bedcce717424f327ea9807c71,0.29635746732388024,0.29671931822815784,0.0012195057148229032,1.0000219724148565,18496.775426986933,8.606284409409131e-15,0.296341446074812,0.2967032967032951,3.618506284830958e-07,11.84707756502258,7.619427533356316e-12,1.602124906822665e-05,1.6021524862734378e-05,3.011676024393828e-06,0.000994158799853655,3.7099708152582216e-09
32,forward,graph,twist,0.6,edd34a01d2a3bac817cb1648cf4aacc8dbd0c07145ac232e29596937df1980ff,c08dbba9aefde47fe8b6ecb8233fa2583bca8655c421751ad337318b64e2b05f,5aae512d2c4510c3ba14177f7558cc54dccc44c7465e1802cb898b958b9e7cc9,11.101087547235805,11.076941960404692,0.002179806206209489,1.0,587891.5038054925,2.7262143160240004e-15,11.101068664383114,11.076923076923057,2.414558746005646e-05,53.662521388939446,1.9649343485639293e-10,1.8882852690546738e-05,1.8883481634465917e-05,6.86806759743564e-06,0.00018654318661737168,3.306041384664587e-09
32,forward,graph,dome,0.6,edd34a01d2a3bac817cb1648cf4aacc8dbd0c07145ac232e29596937df1980ff,f2c1ed6aa05ed7f25f5644147d29babfe78d81413ab1da9e44b9d2c464f55e36,e14a914f1773b1ce56a94c6a454f793014803eb7b1c3895ceb649543830da643,11.069232725210949,11.076958146246092,0.000697431635395453,1.0000878867629586,315627.14577468194,2.7262143160240004e-15,11.069197654724132,11.076923076923057,7.725422198925358e-06,69.79628394588511,1.049970904887232e-09,3.507048681619466e-05,3.5069323035436704e-05,1.2708485876851664e-05,0.0018133178379333482,1.804331638599935e-07
32,forward,graph,saddle,0.6,edd34a01d2a3bac817cb1648cf4aacc8dbd0c07145ac232e29596937df1980ff,0fb2bda57c14aa0df65ae3864aab4f0c003938948403292ca220eb8a407ede61,cfe22c30e7316f5d2d9427996cd8cc453d4470e4d5a8ce50b7b420cbdf27f40f,11.069216538832418,11.076941960404692,0.0006974327029869515,1.0000878867629586,586164.6992958373,2.7262143160240004e-15,11.069197654724132,11.076923076923057,7.725422198925358e-06,69.50757090322702,3.619190920289839e-10,1.8884108285643294e-05,1.8883481634465914e-05,6.843030856993963e-06,0.0009766468520350665,9.56085479199059e-08
32,forward,isometric,cylinder_000,0.6,edd34a01d2a3bac817cb1648cf4aacc8dbd0c07145ac232e29596937df1980ff,ca73b6d8e77c5997c560d09fa64b0b0a7b6efc2f6a4ea9fc9063dbea66982ffc,d9faeeffbc6a0066c2ff6bece8c937d4991121e90f29c294636a3bc434307c3b,1.659899859282339e-05,1.6483516483516486e-05,0.007005914631285558,0.9999853516268684,0.007153437537436264,0.0,1.1789653412501108e-07,0.0,1.1789653412501109e-10,0.004178836422350883,1.802628909889178e-13,1.648110205869838e-05,1.6483516483516486e-05,2.636551901371656e-05,0.0011585475701419053,1.2730420569505186e-06
32,forward,isometric,cylinder_090,0.6,edd34a01d2a3bac817cb1648cf4aacc8dbd0c07145ac232e29596937df1980ff,1254d36650940620d2d5d5f6bb33a8189372fae8137e14e2e5fd89e0dbdde5c2,cfcec62fd1e43135643eb27c26c0a02b1994ecc4d6a9fe65bfede2b86afaa0f4,1.659899859282344e-05,1.6483516483516486e-05,0.0070059146312886405,0.9999853516268634,0.007153437537440867,0.0,1.1789653412508677e-07,0.0,1.1789653412508677e-10,0.004178836422407295,1.8026289091298925e-13,1.6481102058698356e-05,1.6483516483516486e-05,2.6365519013975548e-05,0.0011585475701419011,1.273042056802525e-06
32,forward,isometric,cylinder_045,0.6,edd34a01d2a3bac817cb1648cf4aacc8dbd0c07145ac232e29596937df1980ff,9db0b70a0016bbe945d8b4f993a1a2a995e661eafd7a4359f7da5a4cf466db6d,2a82f8d56261a1445291503a36c90fdb815c4bd4305fbf6013cb794bf75cbccb,1.6511783711843074e-05,1.6483516483516486e-05,0.00171487851847969,0.9999926757973319,0.001788249359747494,0.0,2.9474478932911805e-08,0.0,2.9474478932911804e-11,0.0020894864857546177,4.1637435958243206e-13,1.648230923291016e-05,1.6483516483516486e-05,1.3183176621056888e-05,0.0010285802501908388,1.1553878722004748e-07
32,forward,isometric,cylinder_135,0.6,edd34a01d2a3bac817cb1648cf4aacc8dbd0c07145ac232e29596937df1980ff,a08aceb9d501f03f9974f6ab9845885578c3fef31d89204ee7faecd16537ed09,ff319724f17219e4c3926906a14286cf303609aaf515daab7fd2a0dba414b7e2,1.7004958910049203e-05,1.6483516483516486e-05,0.03163417387631816,0.9999926745099346,0.03183342229326405,0.0,5.246254156606934e-07,0.0,5.246254156606934e-10,0.00717008710807767,2.2167386828221656e-13,1.648033349438851e-05,1.6483516483516486e-05,3.475824127750637e-05,0.0010225146333007022,4.126579523238988e-09
4,backward,rest,rest,0.0,4a82c840fb694ac367aee9e06e057f1d32dc492fe6a0502fcb0ae1567ad85b7a,4e6d932e82e1339443f38ff2afc165d580003ad04de31d2f56bddcb2bf2329fc,560a5da7af7e04ca0ba30663a103a633db49511eefc5554e0ba1bc54c84a10b6,8.80425117434165e-30,0.0,,1.0,,0.0,8.80425117434165e-30,0.0,8.80425117434165e-33,7.930164461608263e-14,0.0,0.0,0.0,0.0,0.0,0.0
4,backward,affine,extension,0.0,4a82c840fb694ac367aee9e06e057f1d32dc492fe6a0502fcb0ae1567ad85b7a,5dcb04c3c6c0c5e0a0b3ca19a73e4a9d78de58f70cfa8fbd4abd47a038868b17,da59ebc42cae27301cad6683cc8216117013861ac0bc036e6bf677e782f7f650,0.05050145892857178,0.05050145892857147,6.182994160970032e-15,1.0069699999999997,,0.0,0.05050145892857178,0.05050145892857147,3.1225022567582527e-19,6.718234153821952,9.73125142619824e-11,0.0,0.0,0.0,0.0,0.0
4,backward,affine,shear,0.0,4a82c840fb694ac367aee9e06e057f1d32dc492fe6a0502fcb0ae1567ad85b7a,66aca2c7e1a40b56e562429a888a77269f3c18df40c4e303fb7b5793ddeb6088,12b7fb833460f543e6bf3e065cc2400696f9b8973c679a12821deca9f1b3e798,0.0769450549450551,0.07694505494505495,1.9839568117141204e-15,0.9999999999999996,,0.0,0.0769450549450551,0.07694505494505495,1.5265566588595902e-19,7.20048662298438,7.358402451251855e-11,0.0,0.0,0.0,0.0,0.0
4,backward,graph,cylinder_000,0.2,4a82c840fb694ac367aee9e06e057f1d32dc492fe6a0502fcb0ae1567ad85b7a,688d90f76f3fe0bc72fc019ddb06c74abbb64c43f4b7ed5a5b0910a954680ad1,3aa5ba2021ed45ed2eb3b058c9f5ee78e21602501e60894616d1c71872dd3be1,0.0416935147354675,0.04395785160769086,0.05151154547842355,1.000312451187128,23059.512391141634,3.157196726277794e-15,0.04169170673076976,0.04395604395604388,2.264337225274124e-06,9.536041402848618,6.842599424572438e-12,1.8080046977396506e-06,1.807651646976931e-06,3.855314328898949e-06,0.000128334292705253,4.1823421299141015e-09
4,backward,graph,cylinder_090,0.2,4a82c840fb694ac367aee9e06e057f1d32dc492fe6a0502fcb0ae1567ad85b7a,03d3472b88ee82e556e8e3445948ee9a0ee105dccf02db6b2fd7b261889a4b28,83804f421dabb5d782bd428f14248eb681429bd99ffea1db1e2a60917a848fc0,0.04169351473546751,0.04395785160769086,0.0515115454784234,1.000312451187128,23059.512391141634,3.157196726277794e-15,0.041691706730769766,0.04395604395604388,2.264337225274117e-06,9.53604140284862,6.8425994176335435e-12,1.808004697739651e-06,1.8076516469769312e-06,3.855314328901261e-06,0.0001283342927052531,4.1823421276017015e-09
4,backward,graph,cylinder_045,0.2,4a82c840fb694ac367aee9e06e057f1d32dc492fe6a0502fcb0ae1567ad85b7a,0e3c242927c3e0a7a6c33ac38c8b5817272466418e781d849f247db3693debaa,c16f9c9defe7b6e06b9b3184f653f73db4c1d9193d5404606a5b7f34380ca8ba,0.11156868990022209,0.11355490377064217,0.017491220585522507,1.0007809450624048,62327.76410320431,1.9554250691785035e-15,0.11156689989697871,0.11355311355311344,1.9862136561347305e-06,13.010759109505853,9.514317833581031e-12,1.7900032433738946e-06,1.7902175287385453e-06,2.3399961819857232e-06,0.00011462516467914176,1.1836013042010842e-09
4,backward,graph,cylinder_135,0.2,4a82c840fb694ac367aee9e06e057f1d32dc492fe6a0502fcb0ae1567ad85b7a,d48203bf10d288e24e725e4f9daa15a70271260d24c181b4baf2a0841897e48f,2b0f0c659f11f70ded04e07f71717ad0a903992983803bc4d362e7ed2bbb4959,0.0039322210339683,0.0036648291081522286,0.07296163557020204,1.0001562377948756,2153.3372584360204,8.524431160950073e-15,0.0039303957760990545,0.003663003663003645,2.6739211309540974e-07,2.926852119434389,1.942921049741253e-13,1.8252578692451179e-06,1.8254451485839037e-06,2.0450903795408175e-06,0.00012190696453125855,1.4371979514634685e-09
4,backward,graph,twist,0.2,4a82c840fb694ac367aee9e06e057f1d32dc492fe6a0502fcb0ae1567ad85b7a,a4deab3309d5a170250a523196b6c72ae38f69885115506bbda48866e55b30cf,db82b0f6a72b4ae711185c6244cfb470fa9c4ea3a97dedc04f36bbfe1f13154a,0.14208697415304367,0.13675463492406684,0.03899201831029432,1.0012492197250393,56921.88204187517,2.638514406960727e-15,0.14208447802197904,0.13675213675213657,5.332341269842472e-06,12.973340256000396,1.640049326900872e-11,2.4961310646308766e-06,2.4981719302564126e-06,2.228625263085312e-05,6.913624753435759e-05,1.5859597249574026e-09
4,backward,graph,dome,0.2,4a82c840fb694ac367aee9e06e057f1d32dc492fe6a0502fcb0ae1567ad85b7a,c2c293637a4d948023d16816d07e00d5ddbfbeac6ed6911b59fc7889fffee7a3,0b6ca47ee690107b96d0c58748a0d1cae3095ac36a8c8819cb7cbca56d524a96,0.13071377586821736,0.13675677621429277,0.044187940907631916,1.000624804809475,28162.46805610016,2.638514406960727e-15,0.13070913461538558,0.13675213675213657,6.043002136750991e-06,15.943020945546468,1.8928686645880433e-11,4.6412528317834416e-06,4.639462156190482e-06,1.9554177475116186e-05,0.00022429370855524348,7.776825691191011e-09
4,backward,graph,saddle,0.2,4a82c840fb694ac367aee9e06e057f1d32dc492fe6a0502fcb0ae1567ad85b7a,67a054c46b292490f46dc1deb5af2504fe189e3e962ecd5f96ce42c0bf434d9e,bacb6405d9100b016f62864e6fbfb30665b5ed13cc1cf984ed1841712756c250,0.1307116337515257,0.13675463492406684,0.044188638841356445,1.000624804809475,52301.72638990025,2.638514406960727e-15,0.1307091346153855,0.13675213675213657,6.043002136751075e-06,15.649170714341832,5.8559487259302046e-12,2.4991361401910844e-06,2.4981719302564135e-06,1.0529172486606716e-05,0.00012044897539558923,2.0097023301403887e-09
4,backward,isometric,cylinder_000,0.2,4a82c840fb694ac367aee9e06e057f1d32dc492fe6a0502fcb0ae1567ad85b7a,a09e398e476d2a7914efa7a8aa9e43e28e2c36c78aa698bce2611eab659ce07b,4eb9061a531084df440235e044aa3d5ba317d277e106d37bb20ff4034cf0645f,7.790521332218194e-06,1.831501831501832e-06,3.253624647391133,0.9998958365884931,3.258058129166714,0.0,5.960926456832411e-06,0.0,5.960926456832411e-09,0.0791694400282827,2.565102192729241e-12,1.8295948753857828e-06,1.831501831501832e-06,2.0823960787257215e-05,0.0001293086274032705,8.489363245784883e-10
4,backward,isometric,cylinder_090,0.2,4a82c840fb694ac367aee9e06e057f1d32dc492fe6a0502fcb0ae1567ad85b7a,2301c0720b3cbe1804c27ce45ac0a3fbb95b02d5a7cb7266e83ed03c8346e433,0f915b734adc790d7a90d806fa3d036f978f5b2b414554f2fd53727cfdc3f5be,7.790521332218197e-06,1.831501831501832e-06,3.2536246473911348,0.9998958365884929,3.258058129166716,0.0,5.960926456832414e-06,0.0,5.960926456832414e-09,0.07916944002826913,2.5651021927258526e-12,1.8295948753857826e-06,1.831501831501832e-06,2.082396078725953e-05,0.00012930862740327055,8.489363315156882e-10
4,backward,isometric,cylinder_045,0.2,4a82c840fb694ac367aee9e06e057f1d32dc492fe6a0502fcb0ae1567ad85b7a,a8ccec4039165918f9c4d276bda8f6eb45212ae03f1a82743c46d9c7b2e7bb2c,3719abfcb209d5e351b8896dbe5a4d669e45c80891cfa0a330230b10302dece9,2.834953562962326e-05,1.831501831501832e-06,14.478846453774294,0.9999478523973133,14.50422388535599,0.0,2.652103161424975e-05,0.0,2.652103161424975e-08,0.13579359294252136,1.3864914744976042e-12,1.8285040153735066e-06,1.831501831501832e-06,3.273615212131356e-05,0.00011599986669947294,9.72511398549745e-10
4,backward,isometric,cylinder_135,0.2,4a82c840fb694ac367aee9e06e057f1d32dc492fe6a0502fcb0ae1567ad85b7a,a5bc141cdcd9902c3489b68dbf57e8ca664ce2a4ec510962f997ca04bf97ba75,02ef35dcb54eed73c60450c7f4b5ec66b7dd26616f284ef1825196e1f93c56f2,3.3209039436959268e-06,1.831501831501832e-06,0.8132135532579755,0.9999479174804622,0.8141582147593237,0.0,1.4903558047969739e-06,0.0,1.490355804796974e-09,0.03959392311454535,1.3529810062766295e-15,1.8305481388989527e-06,1.831501831501832e-06,1.0414323223442146e-05,0.0001223916168645395,2.7626068539924704e-09
4,backward,graph,cylinder_000,0.6,4a82c840fb694ac367aee9e06e057f1d32dc492fe6a0502fcb0ae1567ad85b7a,90b958f29652e2e36d63a1c8dd99a9cc7e051fb519b91f51d71af1d09ea90d78,e922929e6ee5cf4e1b6ce9e179d5a49fe105659a318ff85e39071ecb68c44a52,3.3770431086372383,3.560454407129121,0.0515134523628886,1.002808556006579,227203.6033640004,3.118218988916341e-15,3.377028245192314,3.560439560439553,0.00018341131524723898,95.91095982880066,7.25011669810982e-10,1.486344492425155e-05,1.4846689567873197e-05,0.0001829684916516186,0.00036411798296286856,2.5358799611170632e-08
4,backward,graph,cylinder_090,0.6,4a82c840fb694ac367aee9e06e057f1d32dc492fe6a0502fcb0ae1567ad85b7a,6c27ec1fd34577189c5e2a7d576a58500a917af3158da963803e4caf247a3ce1,b10376619c74405c1e54a28568477d24083cff348f88c526aec59a1e712b5b77,3.3770431086372388,3.560454407129121,0.05151345236288848,1.002808556006579,227203.60336400042,3.242947748472995e-15,3.3770282451923146,3.560439560439553,0.00018341131524723852,95.91095982880064,7.250116693668929e-10,1.4863444924251552e-05,1.4846689567873197e-05,0.0001829684916516371,0.0003641179829628687,2.535879966666823e-08
4,backward,graph,cylinder_045,0.6,4a82c840fb694ac367aee9e06e057f1d32dc492fe6a0502fcb0ae1567ad85b7a,7a5fb48c884f967ea1adf5f2fb54662fed8b42ae36324f512b89cb7e1641ef73,7c0797d77b238a1d6cd1c80402ca6540a31ae9f5e3eea9c3196d90c8d3e11e4b,9.036932690760942,9.197816020169569,0.017491470698677958,1.0070067030561416,654891.6343806819,2.3175408227300796e-15,9.036918891655231,9.197802197802183,0.00016088330614695144,135.95088447139085,4.783041731570847e-10,1.3799105710368811e-05,1.3822367386057043e-05,0.00025401749851548767,0.0003160125518213118,1.1123209075819192e-08
4,backward,graph,cylinder_135,0.6,4a82c840fb694ac367aee9e06e057f1d32dc492fe6a0502fcb0ae1567ad85b7a,8d65ac0df15a2248699479203fd4968a8263534e2e0dcf681d1a14ac38065805,c9d3ccc7f800e6cc14e5b6c0e9c2f882031224d1626ad476e56e1dbf1d094fe9,0.31837806616986025,0.29671931822815784,0.07299406075423862,1.0014052626184866,19887.304808486064,8.606284409409131e-15,0.3183620578640124,0.2967032967032951,2.16587611607173e-05,27.473683280525872,4.88752505134471e-11,1.6008305847867574e-05,1.6021524862734378e-05,0.00014435164234550253,0.0003549799836376909,1.6959261004811495e-08
4,backward,graph,twist,0.6,4a82c840fb694ac367aee9e06e057f1d32dc492fe6a0502fcb0ae1567ad85b7a,f9d2cd4e29357d0821e3e7212baefd03720e7673e9526c59477e3cdc325745e2,338b187cd1d90628cbe905f77accd2ac8faf8ccdc11115b52033692b812d2388,11.50886148310366,11.076941960404692,0.03899266821500862,1.0111874208078342,613369.0953558424,2.7262143160240004e-15,11.508842719780228,11.076923076923057,0.00043191964285717077,135.42467271911235,8.621392968422015e-10,1.8763323432693398e-05,1.8883481634465917e-05,0.0013121275633559079,0.00018672145868908426,3.7024767155164128e-09
4,backward,graph,dome,0.6,4a82c840fb694ac367aee9e06e057f1d32dc492fe6a0502fcb0ae1567ad85b7a,46e78a12a857574f1d0f9bebd579f08901f4711869ea366542b3d1943e58ae9f,430f3c9f05f5d33db221657db2065dcfa8c06c8e0f4ca7333bc5b9b6948e7d46,10.587475047909395,11.076958146246092,0.04418930647513365,1.0056092680559383,301258.27608396346,2.7262143160240004e-15,10.587439903846164,11.076923076923057,0.0004894831730768932,167.26680403216972,2.6838232436432465e-10,3.51440632319603e-05,3.5069323035436704e-05,0.0008161629460376494,0.0006054623057468417,7.29187569733277e-08
4,backward,graph,saddle,0.6,4a82c840fb694ac367aee9e06e057f1d32dc492fe6a0502fcb0ae1567ad85b7a,68f4dcdb35020e14f7467945a0e35465e7c36a0801e2df24c63a69c31398502a,540f2e6d616a4e37f97e89accdbaa5f91d04a575cea0868b2a71e9eacd32c427,10.587458827572519,11.076941960404692,0.04418937415957089,1.0056092680559383,559479.6555845035,2.7262143160240004e-15,10.587439903846164,11.076923076923057,0.0004894831730768932,163.52070767457909,7.522986980035284e-10,1.8923726355670928e-05,1.8883481634465914e-05,0.0004394723555587542,0.0003255969556984275,2.2358267457090643e-08
4,backward,isometric,cylinder_000,0.6,4a82c840fb694ac367aee9e06e057f1d32dc492fe6a0502fcb0ae1567ad85b7a,3968ddb60f2f5c1da81a94758696da2e14815c494a812545587c51d1f7d60cea,14c31665cdf02ef7998dd133bdd261e2259a87573fb6db3b81e8054b30233788,0.0004985213189895183,1.6483516483516486e-05,29.24362668536411,0.9990627636365645,29.52867661981433,0.0,0.0004821917110868306,0.0,4.821917110868306e-07,0.7211759755215766,8.341925737957896e-13,1.6329607902687734e-05,1.6483516483516486e-05,0.0016806817026499621,0.00038477945365708127,2.3876903267050494e-08
4,backward,isometric,cylinder_090,0.6,4a82c840fb694ac367aee9e06e057f1d32dc492fe6a0502fcb0ae1567ad85b7a,398b1c95e9f401f4b1beb12bdfd41278b91018442f78ca183e8ae89d4239d025,6e20409577caf5a1508fcf9214c9fea73c25abeb6cc3a2a84857f5af971d914e,0.0004985213189895228,1.6483516483516486e-05,29.24362668536438,0.9990627636365643,29.528676619814593,0.0,0.000482191711086835,0.0,4.82191711086835e-07,0.7211759755215912,8.341925781868084e-13,1.6329607902687738e-05,1.6483516483516486e-05,0.001680681702649925,0.00038477945365708143,2.3876903267050494e-08
4,backward,isometric,cylinder_045,0.6,4a82c840fb694ac367aee9e06e057f1d32dc492fe6a0502fcb0ae1567ad85b7a,95e1e55f72ddd293d6b3c3991d5cc31d4dc2fde6283fe19ef56814744c36a2bf,5171b87937bf17b9be47d6914a0916c4ff2a067ecf03e6e80e31776e306eb6d0,0.0021582920335552775,1.6483516483516486e-05,129.93638336902015,0.9995260577661732,131.87967599285568,0.0,0.0021420495794897566,0.0,2.1420495794897565e-06,1.2283285022801458,4.442939670681878e-12,1.624245406552104e-05,1.6483516483516486e-05,0.0026324016045102547,0.0003436030769316198,4.371273393710857e-08
4,backward,isometric,cylinder_135,0.6,4a82c840fb694ac367aee9e06e057f1d32dc492fe6a0502fcb0ae1567ad85b7a,cbc852e684ce878e3b026977cdb5f94d3a9c063da7908435ed8b19e5e0edcb03,c4c7b356fd0f02ae58d21a9e6340bce30c9f1063a795ab601d83c2eaa4d54a2d,0.00013704477527313338,1.6483516483516486e-05,7.314049699903424,0.999531315913554,7.3531257809011725,0.0,0.00012063836899268727,0.0,1.2063836899268726e-07,0.36133478929052115,4.425158111877282e-12,1.640640628044612e-05,1.6483516483516486e-05,0.0008420434175283956,0.00036698596610100915,2.2454234903726552e-08
8,backward,rest,rest,0.0,72e9c1c13d2bc7be72d80a8aa90dc20b5625f23af3926503939f411b0debf985,bd678fa93f59093c55a1c819d54c5dccaae6f5b86c7ecba869430fed13507c38,b0266b6785b388615bd7e2e72db311db56bfd73e6573dde9bed7817b9b7e0135,8.80425117434165e-30,0.0,,1.0,,0.0,8.80425117434165e-30,0.0,8.80425117434165e-33,5.6074730667277694e-14,0.0,0.0,0.0,0.0,0.0,0.0
8,backward,affine,extension,0.0,72e9c1c13d2bc7be72d80a8aa90dc20b5625f23af3926503939f411b0debf985,941e240e9459ee7af672e81c3ffb9cddcdabfcd4fb34aa16f679fb7ccbbdd78f,3a0196fe18af1c8735778e303b7a4e7fe161104c14d44d2d4b0f284f51525e0d,0.05050145892857172,0.05050145892857147,4.946395328776026e-15,1.0069699999999997,,0.0,0.05050145892857172,0.05050145892857147,2.498001805406602e-19,4.917243900600131,9.728091800859095e-11,0.0,0.0,0.0,0.0,0.0
8,backward,affine,shear,0.0,72e9c1c13d2bc7be72d80a8aa90dc20b5625f23af3926503939f411b0debf985,99a1d09b95649c4de9714b6a752c3a4b6d5935be189cf00b6a99153f2544bb86,882c5a13537ec558a6ab5f08c82f4c71be8df86b3ecad02039e42e6f0ab8602e,0.07694505494505502,0.07694505494505495,9.017985507791455e-16,0.9999999999999991,,0.0,0.07694505494505502,0.07694505494505495,6.938893903907229e-20,5.270216565476538,6.167207869389735e-11,0.0,0.0,0.0,0.0,0.0
8,backward,graph,cylinder_000,0.2,72e9c1c13d2bc7be72d80a8aa90dc20b5625f23af3926503939f411b0debf985,bb0bf3af5910d733446cca77095f86328a5409043209a0c7d3538c41a5ad77d0,747b4160f7d8fabdd3fe33c5e7858b4ff727c5bf9e20de5759bbd4acfc3a062c,0.04338707237756475,0.04395785160769086,0.012984693501860076,1.0000781219484807,23999.727859698454,3.157196726277794e-15,0.04338526463770656,0.04395604395604388,5.707793183373222e-07,7.430038757684541,4.820473742395137e-12,1.807739858190695e-06,1.807651646976931e-06,9.632664543043525e-07,0.00018567999649238325,2.292840580432961e-09
8,backward,graph,cylinder_090,0.2,72e9c1c13d2bc7be72d80a8aa90dc20b5625f23af3926503939f411b0debf985,c970582ffe17a654387dde28f14f0b382f713274eb1b8b1a102c0cd3d51bd046,036adfc44ab237af70f4f6327069f803f2eac7455db73bda64768f9c62de5115,0.04338707237756475,0.04395785160769086,0.012984693501860076,1.0000781219484807,23999.72785969845,3.157196726277794e-15,0.04338526463770656,0.04395604395604388,5.707793183373222e-07,7.430038757684543,4.820473742395137e-12,1.8077398581906955e-06,1.8076516469769312e-06,9.63266454306665e-07,0.0001856799964923833,2.292840585057761e-09
8,backward,graph,cylinder_045,0.2,72e9c1c13d2bc7be72d80a8aa90dc20b5625f23af3926503939f411b0debf985,661c1d1e9e4b8e8c978a68f77e4feb3208ccc58423941384d0c5b6e164dcd061,e4d7a8ac790237f2fb509d1e395b37db21607da0117246992a1066443201e0fd,0.11305516440199234,0.11355490377064217,0.004400861187458745,1.000195293430238,63152.526243610526,1.9554250691785035e-15,0.11305337423806759,0.11355311355311344,4.997393150458495e-07,9.884561269272705,1.1410361683283909e-12,1.7901639247488663e-06,1.7902175287385453e-06,5.853555672942174e-07,0.00016449274354072568,6.125419650620215e-10
8,backward,graph,cylinder_135,0.2,72e9c1c13d2bc7be72d80a8aa90dc20b5625f23af3926503939f411b0debf985,2ae83595e459d06796ac81b4a92b7dbdcfd04ff47c2d647e990231c263a268a1,6b1a3fe212e244a327e133e7b3b09eedc5db64d72aacc74984d3ff8f7d1f6f8e,0.003735198348665557,0.0036648291081522286,0.01920123379199194,1.0000390617370902,2045.2373599316345,8.524431160950073e-15,0.0037333729502920317,0.003663003663003645,7.036928728838691e-08,2.308867469186878,3.1891051995372454e-13,1.8253983735251277e-06,1.8254451485839037e-06,5.107836418338273e-07,0.00016999432172228623,3.555825957369585e-11
8,backward,graph,twist,0.2,72e9c1c13d2bc7be72d80a8aa90dc20b5625f23af3926503939f411b0debf985,958ec1b8a688f7cf4ae2b2c98ac9db249d7c12a7d4264f7ece70bfa35c3d9638,f1982ba592c5d16500489b5b84c00c3f501479eb71062cfd96b83206f0ef92b1,0.13808950830734548,0.13675463492406684,0.009761083300904829,1.000312451187128,55286.51395764431,2.638514406960727e-15,0.13808701064560555,0.13675213675213657,1.3348738934689797e-06,9.726360684584929,9.37501096198723e-12,2.497661739920801e-06,2.4981719302564126e-06,5.571278464878127e-06,6.903411038370923e-05,5.143590519734444e-11
8,backward,graph,dome,0.2,72e9c1c13d2bc7be72d80a8aa90dc20b5625f23af3926503939f411b0debf985,cedabc8f717bb4291fff8510a72d5e14233103e3d404cfad74589f8d74af4873,a2bdb289fe230e4fe8fe1e1921cf505e3288822f81e36c0d8011868474dc7c52,0.13523440038340742,0.13675677621429277,0.011131995598520447,1.0001562377948756,29144.91334787,2.638514406960727e-15,0.13522976047390212,0.13675213675213657,1.5223762782344553e-06,12.35780858018323,3.9457423994804234e-12,4.639909505299151e-06,4.639462156190482e-06,4.885052266665257e-06,0.0003245776422758611,8.282901088335483e-09
8,backward,graph,saddle,0.2,72e9c1c13d2bc7be72d80a8aa90dc20b5625f23af3926503939f411b0debf985,d8c59db56d5796db52030f28ec4058013f6bb4311b115715974e9d4124d19ae8,2e748a1117ea0d102f693bc011337359f83ca9701db43b40c29249bcd11052c2,0.13523225888671261,0.13675463492406684,0.011132171411956339,1.0001562377948756,54126.267646044194,2.638514406960727e-15,0.13522976047390206,0.13675213675213657,1.5223762782345108e-06,12.213471207992807,7.461408657594148e-12,2.4984128105457e-06,2.4981719302564135e-06,2.6304127590073964e-06,0.00017483156517534855,4.462538075578178e-09
8,backward,isometric,cylinder_000,0.2,72e9c1c13d2bc7be72d80a8aa90dc20b5625f23af3926503939f411b0debf985,75b945f8af0fa05edc521e7f934da6f75d2d2258f64c169ec4fb2da98e03793b,e4425fe1f0a51b62848a47b1ec8356492c21e07ac550d24fa9274cf38c00f143,2.203629407580001e-06,1.831501831501832e-06,0.2031816565386803,0.9999739585367825,0.20349503144678366,0.0,3.726044760263543e-07,0.0,3.726044760263543e-10,0.014478120218709188,6.439823919971898e-13,1.831024931553647e-06,1.831501831501832e-06,5.207747434179934e-06,0.0001873088790975256,7.268305936997617e-09
8,backward,isometric,cylinder_090,0.2,72e9c1c13d2bc7be72d80a8aa90dc20b5625f23af3926503939f411b0debf985,b8dc3110a7893b7d2aaf269c81707f8a6defd7990821f9d445ff0ceab379c33c,07ed8ee41a5f381474ae44682a1e402987e21bf8a5361abcd78ee6119168d931,2.2036294075799033e-06,1.831501831501832e-06,0.20318165653862688,0.999973958536782,0.20349503144673003,0.0,3.7260447602625614e-07,0.0,3.726044760262561e-10,0.01447812021869621,6.439823920953397e-13,1.8310249315536472e-06,1.831501831501832e-06,5.207747434177622e-06,0.00018730887909752583,7.268305939310017e-09
8,backward,isometric,cylinder_045,0.2,72e9c1c13d2bc7be72d80a8aa90dc20b5625f23af3926503939f411b0debf985,47b7bc38f41ce053bf62f0cbc7c9680d1db778a2a7460e09bc80dcb18e98424c,882d7b917378575236f4e9d2c6c6567d41179ff79eb686795a69c153602c90dc,3.4888300616193632e-06,1.831501831501832e-06,0.9049012136441718,0.9999869751488457,0.9056109384019168,0.0,1.6580103537176203e-06,0.0,1.6580103537176202e-09,0.02484694557211734,3.0830409559092004e-13,1.8308197079017427e-06,1.831501831501832e-06,7.4487897129749515e-06,0.00016660350018642839,1.5218822529912453e-10
8,backward,isometric,cylinder_135,0.2,72e9c1c13d2bc7be72d80a8aa90dc20b5625f23af3926503939f411b0debf985,fac00485d390cc01e55fc390cb0fc9024bb3dde2ba27bdedc9e09c11e24d3376,53eaecc72b476bd347804bcbe0a357c2eed72e5b96e004a1d50ab3654bc3eba9,1.924416427788266e-06,1.831501831501832e-06,0.05073136957239291,0.9999869792175283,0.05086819367190798,0.0,9.315305967353086e-08,0.0,9.315305967353087e-11,0.00723948110011813,3.602810775645786e-14,1.831263368114735e-06,1.831501831501832e-06,2.604020187098216e-06,0.00017062969680474102,1.5343176461808723e-10
8,backward,graph,cylinder_000,0.6,72e9c1c13d2bc7be72d80a8aa90dc20b5625f23af3926503939f411b0debf985,bd4b5d78a0a6a8800fa04f31e380b81164ed996f6ea3f91eecfec6d6668552b6,c27cc3c1fde0c5614352d82dd759650366902ea645c3a33e5c60c74c60a15932,3.514221286524077,3.560454407129121,0.01298517417115952,1.0007028779812717,236633.03654158578,3.118218988916341e-15,3.514206435654194,3.560439560439553,4.62331247853589e-05,75.52818302066983,1.1524006864327419e-09,1.4850869882813718e-05,1.4846689567873197e-05,4.564903915049952e-05,0.0005259148076943199,9.191715092998676e-08
8,backward,graph,cylinder_090,0.6,72e9c1c13d2bc7be72d80a8aa90dc20b5625f23af3926503939f411b0debf985,6a4333b06ec9ce29e4b0865ee6acd9c88bce63b9d6220e4a7f548fe713321184,abddf28ee5a1c27c921e36867edf4337f05478b22e5d8198cb0607c1d9bb8475,3.5142212865240774,3.560454407129121,0.012985174171159394,1.0007028779812717,236633.0365415858,3.242947748472995e-15,3.5142064356541947,3.560439560439553,4.623312478535846e-05,75.52818302066983,1.1524006859886526e-09,1.4850869882813718e-05,1.4846689567873197e-05,4.564903915049952e-05,0.00052591480769432,9.191715092998676e-08
8,backward,graph,cylinder_045,0.6,72e9c1c13d2bc7be72d80a8aa90dc20b5625f23af3926503939f411b0debf985,4add849b910bb74d52f722713c451850f1a1980b35a41a17664a4dec2459baf8,ff21ea3eb4a246a592975f2ef0e1eea6a3c9f6e37ba4126131aa908edf2ce575,9.157337129828797,9.197816020169569,0.004400924116334494,1.0017562702573914,662779.5192820609,2.3175408227300796e-15,9.157323313283404,9.197802197802183,4.047888451877846e-05,104.2792400212489,5.354981507110778e-10,1.3816545392354372e-05,1.3822367386057043e-05,6.357617123315881e-05,0.00045488106911900964,1.6729420678149588e-08
8,backward,graph,cylinder_135,0.6,72e9c1c13d2bc7be72d80a8aa90dc20b5625f23af3926503939f411b0debf985,11318367095aa6ec0d179aa356b757c6389a3a7962576a43667ec7f014b0e1cd,2f5f59139d77c31a0051e97d43170d45654d75376a1a4149e3c85602a228fb0e,0.3024192272168775,0.29671931822815784,0.019209767071306016,1.0003515007236206,18878.67505678514,8.606284409409131e-15,0.30240320897364464,0.2967032967032951,5.699912270349549e-06,21.714264167556777,2.058148879102717e-11,1.601824323285646e-05,1.6021524862734378e-05,3.583539826684705e-05,0.0004961752569531785,2.258621059834085e-08
8,backward,graph,twist,0.6,72e9c1c13d2bc7be72d80a8aa90dc20b5625f23af3926503939f411b0debf985,9d78bf92bd8021a556dfb241256e4e3071b42a34ad5dcc8c976e954df4395288,adee6a4be805d11cf39037316bcc17a80d6c9eff91824ead14255fa36723bb2d,11.185066715735424,11.076941960404692,0.009761245993454777,1.002808556006579,593262.9269555012,2.7262143160240004e-15,11.185047862293967,11.076923076923057,0.00010812478537090974,101.77142601369701,5.232479196592976e-10,1.8853441457556173e-05,1.8883481634465917e-05,0.0003280387318544005,0.000184554765227713,7.281017229562001e-09
8,backward,graph,dome,0.6,72e9c1c13d2bc7be72d80a8aa90dc20b5625f23af3926503939f411b0debf985,e596140e45fb2eca86ec0c02ac9419eb7357906dcf99377862241217a168d6fd,bcb6d5176faa08f3d6c4494fbac896b703d1335dfe78d824f9ca39d97b42af5a,10.953645686344885,11.076958146246092,0.011132339607421644,1.0014052626184866,312175.77046510886,2.7262143160240004e-15,10.953610598386001,11.076923076923057,0.00012331247853705562,130.8684393176888,1.7305877673123859e-09,3.5087958883119856e-05,3.5069323035436704e-05,0.0002035034567000269,0.0008790747210803783,7.312096565606842e-08
8,backward,graph,saddle,0.6,72e9c1c13d2bc7be72d80a8aa90dc20b5625f23af3926503939f411b0debf985,d40249d308d4b46ded722f1bb0af5158335cdcc29ca8d4053e5d0d0604cbde7d,5d714f001459e723d6b30fd17260ffb4204d2617b776a49ee6bd391c2ef5d9e9,10.953629491902321,11.076941960404692,0.011132356650703824,1.0014052626184866,579755.0022923443,2.7262143160240004e-15,10.953610598386,11.076923076923057,0.0001233124785370574,129.01219829656216,5.760648331687434e-10,1.889351632167994e-05,1.8883481634465914e-05,0.00010957878437717094,0.000473952148388405,2.022026320225257e-08
8,backward,isometric,cylinder_000,0.6,72e9c1c13d2bc7be72d80a8aa90dc20b5625f23af3926503939f411b0debf985,f65d5bdedd7e88c3a223e8fa05b8af3e4fed09bf40b1ea8039978501d50d1f60,e016a807221727c0b3843a392b37503a9f332a98874b2fb888829296aec6ad2a,4.661582632362987e-05,1.6483516483516486e-05,1.8280267969668784,0.9997656414789395,1.834663817459724,0.0,3.0170903988746253e-05,0.0,3.0170903988746256e-08,0.13129527953235562,4.5070113310872213e-13,1.6444922334883616e-05,1.6483516483516486e-05,0.00042144810307093427,0.000560919295631912,2.181509741872435e-07
8,backward,isometric,cylinder_090,0.6,72e9c1c13d2bc7be72d80a8aa90dc20b5625f23af3926503939f411b0debf985,f7ef8ea550fc4bb491d290057f2e0af5b5ec38d3c87433b2ef40fa1093f43f3d,4698157b7162ce0ebe6cb3a922f8c669b2054863558c44e5dbcf3738001a01dc,4.6615826323630045e-05,1.6483516483516486e-05,1.828026796966889,0.9997656414789395,1.8346638174597343,0.0,3.017090398874643e-05,0.0,3.017090398874643e-08,0.13129527953234926,4.507011329291512e-13,1.644492233488362e-05,1.6483516483516486e-05,0.00042144810307089724,0.000560919295631912,2.181509742242419e-07
8,backward,isometric,cylinder_045,0.6,72e9c1c13d2bc7be72d80a8aa90dc20b5625f23af3926503939f411b0debf985,beac348aba1c2916324a35ab44a4d5cfead742e962d4fb6b04e5df3d93456a9c,8f34d109b9c2d5a1b9271b2fc3c1bae699ac1c975661b6c38d9b2a2776d95b11,0.00015063090842027494,1.6483516483516486e-05,8.138275110830012,0.9998824872692872,8.16895734877767,0.0,0.0001342025510083653,0.0,1.342025510083653e-07,0.22472057413477461,1.9391508001935768e-12,1.642835741190963e-05,1.6483516483516486e-05,0.0006023370619468501,0.0004985845889605405,5.4159819467755603e-08
8,backward,isometric,cylinder_135,0.6,72e9c1c13d2bc7be72d80a8aa90dc20b5625f23af3926503939f411b0debf985,9d4ca47ce760d34c503254636945434905224455e26b1c5afe0925d10f4c0d95,cb615fc782d8e8bd83dddfdf7724eaf782aef50b3b9ff4d1e12a060ba453d8f2,2.400835001548961e-05,1.6483516483516486e-05,0.45650656760636943,0.9998828166198026,0.45821454793159677,0.0,7.544140376692469e-06,0.0,7.544140376692469e-09,0.06568179513814244,1.949063148205914e-12,1.646420963879714e-05,1.6483516483516486e-05,0.00021083074433525748,0.0005119846758882085,3.9232204640732894e-08
16,backward,rest,rest,0.0,2716e8593bbc46f152b721294e8172584b48699331a59b2d742bf0d2f0937a4a,bcc29bcab9dfaaf8ac58eacc51f07f204d712ea4dfa3cc0eb4a5e9461836699a,f1faf4d6171c4fa4cfe1f0cc6f12af125db66325139148cf46cbbc5fe6cbac1a,8.80425117434165e-30,0.0,,1.0,,0.0,8.80425117434165e-30,0.0,8.80425117434165e-33,3.9650822308041314e-14,0.0,0.0,0.0,0.0,0.0,0.0
16,backward,affine,extension,0.0,2716e8593bbc46f152b721294e8172584b48699331a59b2d742bf0d2f0937a4a,ab36a5e316313a91345ba1c87c7af2004786a7686783869b1dcb2819a003bb49,8286e79eab5cf399f1604bdaf84d985190210f9331cbbd75969e9d48983710d6,0.05050145892857163,0.05050145892857147,3.160197015606905e-15,1.0069699999999997,,0.0,0.05050145892857163,0.05050145892857147,1.5959455978986625e-19,3.534491747803979,9.72019274306235e-11,0.0,0.0,0.0,0.0,0.0
16,backward,affine,shear,0.0,2716e8593bbc46f152b721294e8172584b48699331a59b2d742bf0d2f0937a4a,59db9fc5f9120105204026ef387a68dc93303e62bc680916820e037d51706d6c,6aec2622ff8a8fc335b47302b77e0ecaab246983ecc56703c40e722dd66b3d83,0.07694505494505503,0.07694505494505495,1.0821582609349746e-15,0.9999999999999982,,0.0,0.07694505494505503,0.07694505494505495,8.326672684688674e-20,3.7882068362610886,5.865931426707326e-11,0.0,0.0,0.0,0.0,0.0
16,backward,graph,cylinder_000,0.2,2716e8593bbc46f152b721294e8172584b48699331a59b2d742bf0d2f0937a4a,36e27213b77a79773fc77563e3c380bcbca3f6d4798f1eea8a46e67d396abedc,4c42118ecc0c0cfa27dfa1bba7225b014c700db62a21862f8b1fc60625576bdd,0.043814863361905355,0.04395785160769086,0.003252848821221496,1.0000195310592688,24237.259064724756,3.157196726277794e-15,0.043813055688208785,0.04395604395604388,1.42988267835098e-07,5.482038978083136,5.451853496429848e-12,1.8076736965680626e-06,1.807651646976931e-06,2.4078153515742433e-07,0.0002679417054850074,9.190693189814858e-09
16,backward,graph,cylinder_090,0.2,2716e8593bbc46f152b721294e8172584b48699331a59b2d742bf0d2f0937a4a,aa34b72abcc982b1a6bfaf5b63821e6ed2732c188c9f63472240799d7240f8fc,00f56c6a6ed93c765fa92376cd87481bc0b57da3fb95e125dfa789d58c846a0c,0.043814863361905355,0.04395785160769086,0.003252848821221496,1.0000195310592688,24237.25906472476,3.157196726277794e-15,0.043813055688208785,0.04395604395604388,1.42988267835098e-07,5.4820389780831364,5.451853496429848e-12,1.8076736965680624e-06,1.8076516469769312e-06,2.4078153515279953e-07,0.0002679417054850072,9.190693187502458e-09
16,backward,graph,cylinder_045,0.2,2716e8593bbc46f152b721294e8172584b48699331a59b2d742bf0d2f0937a4a,11a8b31c405576fcc7c478ae520fe415f81e473fa2ad12b7664cbea9361681bb,df5775a777befb289e44526ff6c1adcd22a4b13f2bc758ca03d510440cbcea87,0.11342976980966513,0.11355490377064217,0.0011019687994258055,1.0000488269329653,63360.360965035536,1.9554250691785035e-15,0.11342797960553942,0.11355311355311344,1.2513394757401875e-07,7.220776260627333,1.5967111938186562e-12,1.7902041257014452e-06,1.7902175287385453e-06,1.4636116513269746e-07,0.00023618982412477977,1.456102001389249e-09
16,backward,graph,cylinder_135,0.2,2716e8593bbc46f152b721294e8172584b48699331a59b2d742bf0d2f0937a4a,11cc34bf9050d982d8d0dc77ffee917075f727d69174c43e46a711ad52bf3449,667c507f53524149a991b85c26f763d589ecdd52cdbc7b17395debc5270facca,0.0036826414969718664,0.0036648291081522286,0.004860360004240045,1.0000097655773168,2016.406595464886,8.524431160950073e-15,0.003680816063514253,0.003663003663003645,1.7812400510608047e-08,1.727281942058581,5.021226143209212e-14,1.8254334576135594e-06,1.8254451485839037e-06,1.2766539615941994e-07,0.00024121403279637847,1.1273181231129262e-09
16,backward,graph,twist,0.2,2716e8593bbc46f152b721294e8172584b48699331a59b2d742bf0d2f0937a4a,569f645be38c5bcc229a595b2b37c63d40dff1dbe9f3aa2b972cf75d21c18f64,02b259e3983bd668eb48aab4adf7b75576240d4a05cb144fcc8a8dc5e3cc4a6a,0.1370884650558895,0.13675463492406684,0.00244108824544068,1.0000781219484807,54877.314379677904,2.638514406960727e-15,0.13708596701150522,0.13675213675213657,3.3383025936864484e-07,7.103214905912438,5.6376542323377523e-14,2.498044384297908e-06,2.4981719302564126e-06,1.3928018668711438e-06,6.897649073392528e-05,2.9010318043073746e-10
16,backward,graph,dome,0.2,2716e8593bbc46f152b721294e8172584b48699331a59b2d742bf0d2f0937a4a,3191a4f2476fae389d847019f7f8bbbeb64639c979685fc456a95ddf18a85411,ead6ada564cc80764ac54649c59ce6a04e1a8b51625241ad5298d76f1e97b607,0.1363754556475495,0.13675677621429277,0.002788312047848851,1.0000390617370902,29392.960830475473,2.638514406960727e-15,0.13637081607357598,0.13675213675213657,3.8132067856058716e-07,9.095641344198514,4.341241061078804e-12,4.639573973513508e-06,4.639462156190482e-06,1.2210451674388542e-06,0.00046856470490543983,1.2322812490571018e-08
16,backward,graph,saddle,0.2,2716e8593bbc46f152b721294e8172584b48699331a59b2d742bf0d2f0937a4a,b74127e8a1e5827d1be6026b5f035fe80f10c4ce2efbcb539111a43df0cf0063,5167d975aa38a7ebb046d164c5ba1c2d2231c68ad15b068d819d92ad9865efba,0.1363733143057157,0.13675463492406684,0.002788356084332113,1.0000390617370902,54586.92725659736,2.638514406960727e-15,0.13637081607357612,0.13675213675213657,3.813206785604484e-07,9.03691149700723,7.403076152101562e-12,2.498232139584197e-06,2.4981719302564135e-06,6.574858593937098e-07,0.0002523374780966484,2.7463722339395574e-09
16,backward,isometric,cylinder_000,0.2,2716e8593bbc46f152b721294e8172584b48699331a59b2d742bf0d2f0937a4a,1d26cd1ec3ae3d74b2cff1ecae8a45fba1c706d52f76d86f18f5fcb7cf91f75c,957ccaff5c2a266605ecee13653930bec1048fd42cb851359dd2f1bf15656903,1.8546711039600404e-06,1.831501831501832e-06,0.012650422762181767,0.9999934895960476,0.012716352962100847,0.0,2.3288507505168844e-08,0.0,2.3288507505168844e-11,0.002600578565909788,1.8881849203380663e-13,1.8313825964548714e-06,1.831501831501832e-06,1.3020467128094613e-06,0.00027040216109712977,4.699225834480954e-08
16,backward,isometric,cylinder_090,0.2,2716e8593bbc46f152b721294e8172584b48699331a59b2d742bf0d2f0937a4a,7516cdf5c327ed2514c87c95c5263b3c2c7c7df688ba63c67cc47b4668af9624,46bcc3f45ada661ac7b50efb23abb570833bc949b0acc64cc26654e7d709da68,1.8546711039600368e-06,1.831501831501832e-06,0.012650422762179802,0.9999934895960462,0.012716352962100115,0.0,2.3288507505167478e-08,0.0,2.3288507505167477e-11,0.002600578565904382,1.8881849203517312e-13,1.8313825964548693e-06,1.831501831501832e-06,1.3020467128325853e-06,0.00027040216109712847,4.699225837024594e-08
16,backward,isometric,cylinder_045,0.2,2716e8593bbc46f152b721294e8172584b48699331a59b2d742bf0d2f0937a4a,926ec2e0944f61357792246ee8a53e1c9df51d4780f4c61fd26204801ca98e4e,7bbbc28be9026a6f05112faeb61ee09709044b98f1fe33ec51ab6a9f0e98d5c5,1.934972737001262e-06,1.831501831501832e-06,0.05649511440268869,0.9999967445405347,0.05658840425294144,0.0,1.0363261514048848e-07,0.0,1.0363261514048848e-10,0.004463935064811436,1.0008726807672179e-14,1.8313401218607732e-06,1.831501831501832e-06,1.7658692803621926e-06,0.00023925658624094194,7.334386879214192e-10
16,backward,isometric,cylinder_135,0.2,2716e8593bbc46f152b721294e8172584b48699331a59b2d742bf0d2f0937a4a,36146c889c0487d5ec0e268b6eb59d463ed395d7540ce89fd9a92010b90cbb95,e9400dee1ebb1914f4200c23b7934014604203c5bd4750ab7894988f7c59fae6,1.83726437033989e-06,1.831501831501832e-06,0.003146346205579703,0.9999967447948419,0.0031790013128127344,0.0,5.822157199912648e-09,0.0,5.822157199912648e-12,0.001300308194433716,1.023447583603936e-13,1.8314422131399774e-06,1.831501831501832e-06,6.510325114527933e-07,0.00024205890698983653,8.826271616401895e-10
16,backward,graph,cylinder_000,0.6,2716e8593bbc46f152b721294e8172584b48699331a59b2d742bf0d2f0937a4a,7b22d4b6f5a455eedb1d6e663eb464ec0c47ea656db5e3c4037f9f64813aade3,dc936de29310b9c0c036adf84a5c8d82ce919e1dc81db8fbaf21359c90b9c464,3.548872358478988,3.560454407129121,0.0032529692353150774,1.0001757658031911,239016.77412105474,3.118218988916341e-15,3.5488575107448748,3.560439560439553,1.1582049694678353e-05,55.97718434908547,1.2912804749909412e-09,1.4847734113202809e-05,1.4846689567873197e-05,1.1406434999368277e-05,0.0007579735512477094,1.1760064704903797e-07
16,backward,graph,cylinder_090,0.6,2716e8593bbc46f152b721294e8172584b48699331a59b2d742bf0d2f0937a4a,69f53baf2ca11c4af23e32a626f9086c75eb9429a81fde062db175943ff170f1,9a5fb5927ec8dad310912361a02ff7d3764a39e984591d3d534bd0aecebdb23b,3.548872358478988,3.560454407129121,0.0032529692353150774,1.0001757658031911,239016.77412105474,3.242947748472995e-15,3.5488575107448748,3.560439560439553,1.1582049694678353e-05,55.97718434908547,1.2912804749909412e-09,1.4847734113202809e-05,1.4846689567873197e-05,1.1406434999368277e-05,0.0007579735512477094,1.1760064701203957e-07
16,backward,graph,cylinder_045,0.6,2716e8593bbc46f152b721294e8172584b48699331a59b2d742bf0d2f0937a4a,225830c2668c08b5db18f0ed89a0b7370552ef4461eb694b0b6691d6ba6e84c1,7708a974251ddabf4ac4899a62c269188533103d207058d9a5c43cd1f6f9eb55,9.187680168960101,9.197816020169569,0.0011019845566861534,1.0004393566078855,664765.588545099,2.3175408227300796e-15,9.18766634804863,9.197802197802183,1.0135849753552861e-05,76.5223049159318,2.610606983921571e-10,1.3820911470698547e-05,1.3822367386057043e-05,1.5898595714774804e-05,0.0006534268766883838,4.2322144480779565e-09
16,backward,graph,cylinder_135,0.6,2716e8593bbc46f152b721294e8172584b48699331a59b2d742bf0d2f0937a4a,5e9053aad62b7a69c1ce0d437b33f5f612ddcb72aba2bb7ad25d86e059159aa0,0e1af401c1049f8e137893518c601f35e2c6c408a53ed76ef9d2895d96a2b090,0.29816212185053137,0.29671931822815784,0.004862520010456859,1.0000878867629586,18610.04772595288,8.606284409409131e-15,0.29814610114464524,0.2967032967032951,1.4428044413501428e-06,16.282716840596454,1.850186159835232e-11,1.6020705886146748e-05,1.6021524862734378e-05,8.943224336922219e-06,0.0007051455061199419,1.6588280572565284e-08
16,backward,graph,twist,0.6,2716e8593bbc46f152b721294e8172584b48699331a59b2d742bf0d2f0937a4a,a596a52bbfee969abd24bb503ab279d2b90f66e0dfa0a076ec0f40d185928067,920b207d7d78d0fbb26dd80fe9daa09b7617b032a9f9f3c3a3612dfcaec97638,11.1039822039034,11.076941960404692,0.0024411289320973406,1.0007028779812717,588259.1682748221,2.7262143160240004e-15,11.103963327931844,11.076923076923057,2.7040251008786597e-05,74.47967322084175,1.3349440841636806e-10,1.8875971556034142e-05,1.8883481634465917e-05,8.201005647498186e-05,0.00018339782522838177,4.3819439540120934e-09
16,backward,graph,dome,0.6,2716e8593bbc46f152b721294e8172584b48699331a59b2d742bf0d2f0937a4a,0529dd803a716c6b6bdd313e6140ea5351ca4f7daba9fa7e53f108c16c5791b5,ee594342f8236c4b2f1b758616e8fd525c1dc7046041cfc5aa1f961c888375c6,11.046071175938499,11.076958146246092,0.0027883982136432035,1.0003515007236206,314935.357783371,2.7262143160240004e-15,11.046036101959572,11.076923076923057,3.0886974963484805e-05,96.70546428210741,1.1156269081880055e-09,3.507397892604238e-05,3.5069323035436704e-05,5.0842325414000426e-05,0.0012700054811531191,1.2330223242169172e-07
16,backward,graph,saddle,0.6,2716e8593bbc46f152b721294e8172584b48699331a59b2d742bf0d2f0937a4a,3644bdd18070cfb017d937884e26995e3cc3d752d81e426328fad4f37bc0248b,3baba6aa5326ec7b0df945163609e6b8c8bac7ccb5bba38b85850be5240daf42,11.046054987948226,11.076941960404692,0.0027884024820996503,1.0003515007236206,584879.950169117,2.7262143160240004e-15,11.046036101959574,11.076923076923057,3.088697496348303e-05,95.9441067993875,2.6891332005618553e-10,1.8885988652484383e-05,1.8883481634465914e-05,2.7376636761680832e-05,0.0006840941741938977,3.898580140722254e-08
16,backward,isometric,cylinder_000,0.6,2716e8593bbc46f152b721294e8172584b48699331a59b2d742bf0d2f0937a4a,87596afa3a5aeed37ace8048896616bca70fb881095771c7cf28ce57b69c064a,4be7caff89ff3bf9bbfcb6e80977a53ef85612aedf452964a400043b8dc2db39,1.836007253483589e-05,1.6483516483516486e-05,0.11384440044671046,0.9999414072799564,0.11449726091273987,0.0,1.8862119173593243e-06,0.0,1.8862119173593244e-09,0.023503420502481425,1.4163270132807744e-13,1.6473860617476565e-05,1.6483516483516486e-05,0.00010544205715593226,0.0008108281469568303,9.086210321128189e-08
16,backward,isometric,cylinder_090,0.6,2716e8593bbc46f152b721294e8172584b48699331a59b2d742bf0d2f0937a4a,be5d534a61dc4e30aab0b1fdb96965b3fc2633d350b65067fa20c61267785a47,8f3a60fa798579d31c36bd9039ae9ce93f8cf18eab57dd80f3bda755ca9b628a,1.8360072534836028e-05,1.6483516483516486e-05,0.11384440044671888,0.9999414072799564,0.1144972609127491,0.0,1.8862119173594748e-06,0.0,1.886211917359475e-09,0.023503420502461576,1.4163270117730557e-13,1.647386061747655e-05,1.6483516483516486e-05,0.00010544205715608025,0.0008108281469568278,9.086210310028669e-08
16,backward,isometric,cylinder_045,0.6,2716e8593bbc46f152b721294e8172584b48699331a59b2d742bf0d2f0937a4a,bcfce5bf0d67b56e16c55d2abe910d71365e6e23922f6cceb05e8b40a0be6988,dcbc0f00b27144604b13342243dc6be51dd750f3daf6042e91f7e5851546ecec,2.4863160069963546e-05,1.6483516483516486e-05,0.5083650442444549,0.9999706827868643,0.5095641252310122,0.0,8.392736817053587e-06,0.0,8.392736817053587e-09,0.04029942764519856,1.0874800204848392e-12,1.647042325290996e-05,1.6483516483516486e-05,0.00014297807822325146,0.0007173414072667578,6.727878993704311e-08
16,backward,isometric,cylinder_135,0.6,2716e8593bbc46f152b721294e8172584b48699331a59b2d742bf0d2f0937a4a,8dfb89c6ef2d6af605ac7734f7d5a09831616dfc0104c08a576066aa4cdb750d,49d4db4ff9519e0331a197bd7da67c4fa5fd7c98f83659927dcf65d7c1b97d67,1.6950263023289423e-05,1.6483516483516486e-05,0.028315956746224873,0.9999707033824876,0.028617271325288216,0.0,4.715750838477568e-07,0.0,4.715750838477568e-10,0.011753243585068839,4.654090221265909e-13,1.6478687939441667e-05,1.6483516483516486e-05,5.272770129702332e-05,0.0007262210216089019,1.64939350987491e-08
32,backward,rest,rest,0.0,42c011d6db7d220d8b233e8aaf36eecd2c6189b58a5ffb11a443c017dd1f79f3,0602a0b665ee1db8ecd143c24b73b1a86d2ab429c718a86302ba77a00197df21,415770ec18ee75ffebde9dbfed923fbcb1c1294f73e1bea51752afc52fe09c5e,8.80425117434165e-30,0.0,,1.0,,0.0,8.80425117434165e-30,0.0,8.80425117434165e-33,2.8037365333638847e-14,0.0,0.0,0.0,0.0,0.0,0.0
32,backward,affine,extension,0.0,42c011d6db7d220d8b233e8aaf36eecd2c6189b58a5ffb11a443c017dd1f79f3,5b333c755b594a970fe52ff348f43fa11f451f4c269eaccae79038b3b4312bdb,4f295cc67cb0a7a7b042a20bd485dc259d6a019d86782584a6603c1e1aa31736,0.05050145892857164,0.05050145892857147,3.4349967560944623e-15,1.006969999999998,,0.0,0.05050145892857164,0.05050145892857147,1.7347234759768072e-19,2.5193378076834843,9.703604744032424e-11,0.0,0.0,0.0,0.0,0.0
32,backward,affine,shear,0.0,42c011d6db7d220d8b233e8aaf36eecd2c6189b58a5ffb11a443c017dd1f79f3,56c12991c8be2eb960c0bdb38099b579a903fc9a8b9f1255bd035bf41de2b709,21df8d9fb1f80c1dec1ec0bc87a28c309ce45cd9c7fcdc775a89988b9c9e3db0,0.07694505494505505,0.07694505494505495,1.2625179710908038e-15,0.9999999999999964,,0.0,0.07694505494505505,0.07694505494505495,9.71445146547012e-20,2.7001824836191326,5.716759735041599e-11,0.0,0.0,0.0,0.0,0.0
32,backward,graph,cylinder_000,0.2,42c011d6db7d220d8b233e8aaf36eecd2c6189b58a5ffb11a443c017dd1f79f3,e88bfae2fa228dabb93e0750c06dc31b72b507687d6d8d8a04f2def3f2091cc8,3a4d4b4826004c72927b4f888831aa1e89d9465817eb716d2efe0aedfa76f1ed,0.04392208620635409,0.04395785160769086,0.0008136294206542151,1.0000048828005792,24296.796727352725,3.157196726277794e-15,0.04392027854919492,0.04395604395604388,3.576540684896434e-08,3.9542442887703797,6.8402913749876506e-12,1.8076571591740144e-06,1.807651646976931e-06,6.019319215160676e-08,0.0003826506922650431,3.212571233080804e-08
32,backward,graph,cylinder_090,0.2,42c011d6db7d220d8b233e8aaf36eecd2c6189b58a5ffb11a443c017dd1f79f3,f09d28e1c404590091a134b57c77f73e9eb674ac7e1f5a3b2eb512ae0d476d5f,f5da03b586ba9cd1c729efb7abd86abe0b9c9c652df6596e9dd17a1e9c5c5aa0,0.043922086206354086,0.04395785160769086,0.000813629420654373,1.0000048828005792,24296.79672735268,3.157196726277794e-15,0.04392027854919491,0.04395604395604388,3.576540684897128e-08,3.9542442887703806,6.840291388865438e-12,1.8076571591740174e-06,1.8076516469769312e-06,6.019319218166796e-08,0.00038265069226504336,3.212571233312044e-08
32,backward,graph,cylinder_045,0.2,42c011d6db7d220d8b233e8aaf36eecd2c6189b58a5ffb11a443c017dd1f79f3,ba48d04eb0a1c8d9ae8a5b82f4d7c75fdf8bb212791647650acf8132b7a5180c,a508261e00775ba231cb6a9c38cdccbf9f93181d0a6c6d86d9992e84d749e72d,0.11352360783547293,0.11355490377064217,0.0002756017937583713,1.0000122069567452,63412.42239379275,1.9554250691785035e-15,0.11352181762129507,0.11355311355311344,3.129593181837309e-08,5.185488499404623,7.442189087214502e-13,1.7902141778518048e-06,1.7902175287385453e-06,3.6591683205729264e-08,0.0003365140070247583,1.2953718100003838e-10
32,backward,graph,cylinder_135,0.2,42c011d6db7d220d8b233e8aaf36eecd2c6189b58a5ffb11a443c017dd1f79f3,30ac4a47ed86f08ec6db48f8b7d66540caea5ac6ffc8de5f0cc2b3ff651eaac5,81084b0b56d5769ef85d45e53bac45a885c3a73c51a6b8cc0d48eccd76fb08c2,0.0036692959602754546,0.0036648291081522286,0.0012188432233551365,1.0000024414032698,2009.0860536593577,8.524431160950073e-15,0.0036674705180494388,0.003663003663003645,4.4668550457939955e-09,1.2559790914012638,4.681327504460486e-14,1.8254422260159005e-06,1.8254451485839037e-06,3.19144425944377e-08,0.0003416933879690731,1.398470328085779e-09
32,backward,graph,twist,0.2,42c011d6db7d220d8b233e8aaf36eecd2c6189b58a5ffb11a443c017dd1f79f3,7521ea30c5c26c64ba951414ed1bcfd3c9fc1f929898f1b57b9059c08016d420,ad9f40500506def54de1737099003797cf70a34a92ddadeaf212c5eaaf843a76,0.1368380994436486,0.13675463492406684,0.0006103231501302722,1.0000195310592688,54774.99215445021,2.638514406960727e-15,0.13683560130360475,0.13675213675213657,8.346455146818199e-08,5.10748531210473,1.4483825805378104e-12,2.4981400438683133e-06,2.4981719302564126e-06,3.4819935804456903e-07,6.89461793755423e-05,1.3098934781700952e-09
32,backward,graph,dome,0.2,42c011d6db7d220d8b233e8aaf36eecd2c6189b58a5ffb11a443c017dd1f79f3,8faa1f0e25a19224b83e52c0c881a4e63293d071232561c4983a5e2595c67eb3,434b68b5004399b0af79d2894fd40c1d4905afb6e869acec45a08e12dd0f8423,0.13666140065954402,0.13675677621429277,0.0006974100837190374,1.0000097655773168,29455.125013899637,2.638514406960727e-15,0.13665676116943473,0.13675213675213657,9.537558270183988e-08,6.552920841229287,7.530374379616234e-12,4.639490109274617e-06,4.639462156190482e-06,3.052476787542942e-07,0.0006692629707733691,5.6086204515531895e-08
32,backward,graph,saddle,0.2,42c011d6db7d220d8b233e8aaf36eecd2c6189b58a5ffb11a443c017dd1f79f3,1d001372b6ba61d879f0f0113ca889e0ea6357be65d0da1da0dc1f6a5eaa2fb3,8f9d380039a4471e484bf224608d9a6556c3065d4f53b0d3eda44b64668a728b,0.13665925935641665,0.13675463492406684,0.0006974210980354918,1.0000097655773168,54702.37502581361,2.638514406960727e-15,0.13665676116943473,0.13675213675213657,9.537558270183988e-08,6.530756571018174,8.930389788774917e-12,2.4981869819171014e-06,2.4981719302564135e-06,1.6436413471171622e-07,0.0003603906598957648,3.16103638838317e-08
32,backward,isometric,cylinder_000,0.2,42c011d6db7d220d8b233e8aaf36eecd2c6189b58a5ffb11a443c017dd1f79f3,55547baefff8e04e2211c99c4d1310b7b9e4f4f744a2b52cf108b0e9d5fdb32e,3aeb136f3563d4338539a6d3940fa96e3d71fb48a3628dba349c7c843bdfc4aa,1.8329275652016754e-06,1.831501831501832e-06,0.0007784506001144726,0.999998372396623,0.0007947394624687646,0.0,1.4555430903793128e-09,0.0,1.4555430903793128e-12,0.0004632978857432392,2.1103452866953289e-13,1.831472022111296e-06,1.831501831501832e-06,3.255185446531708e-07,0.00038622839260513695,6.142068453877057e-09
32,backward,isometric,cylinder_090,0.2,42c011d6db7d220d8b233e8aaf36eecd2c6189b58a5ffb11a443c017dd1f79f3,51a603fede7fb4bff8fddb33841914c6fa6c31156e0834b836c68314b09e6c8d,143e8931d41b360832a332c88a7b26210960fbfbc8f01e91ff97eeadc00800eb,1.8329275652016775e-06,1.831501831501832e-06,0.0007784506001156289,0.9999983723966216,0.0007947394624694875,0.0,1.4555430903806375e-09,0.0,1.4555430903806375e-12,0.00046329788574544416,2.1103452866820775e-13,1.8314720221112969e-06,1.831501831501832e-06,3.255185446439212e-07,0.0003862283926051406,6.142068449252257e-09
32,backward,isometric,cylinder_045,0.2,42c011d6db7d220d8b233e8aaf36eecd2c6189b58a5ffb11a443c017dd1f79f3,95a09e435847b1539c7853f228319382aa628e8189b38b717a3faabd72e42f76,beb7f28e7a535395460580a14e76381e0befdcdc1d90f813e8b50f8b507c2c18,1.8379396788345303e-06,1.831501831501832e-06,0.003515064643653248,0.9999991861822133,0.003536598327858753,0.0,6.477147326467374e-09,0.0,6.477147326467374e-12,0.0007953200998887271,3.3119386825204004e-13,1.831462531508063e-06,1.831501831501832e-06,4.2915593195814707e-07,0.0003408884064010075,2.4271247277265553e-09
32,backward,isometric,cylinder_135,0.2,42c011d6db7d220d8b233e8aaf36eecd2c6189b58a5ffb11a443c017dd1f79f3,944306b2812d0f9910d031dcc87ee28c6290f767b932cae47b3b9c4182607013,1df0e87058cf73a4f889d2d23c15f43a41478d030d5976fa6b4af2e65e9f8326,1.831850813000573e-06,1.831501831501832e-06,0.00019054389831257281,0.9999991861981057,0.00019868350742230942,0.0,3.638862464056243e-10,0.0,3.638862464056243e-13,0.00023164978518056434,4.451109225453349e-13,1.8314869267541674e-06,1.831501831501832e-06,1.6275984449757844e-07,0.000342854263646174,1.1934043722873774e-09
32,backward,graph,cylinder_000,0.6,42c011d6db7d220d8b233e8aaf36eecd2c6189b58a5ffb11a443c017dd1f79f3,e8068a2de2dcf06f54d4e2d41bd70a993d9e0a80b2dbd39e209e06cbd8c287c5,f52ea19bb3dc82eb967d764503f0dd244c0d80b55b4f6fbaf610d857e678a4ad,3.557557409435417,3.560454407129121,0.0008136595396091035,1.000043944346947,239614.358621623,3.118218988916341e-15,3.5575425624847465,3.560439560439553,2.8969979548065795e-06,40.45924401117845,1.4737674218778806e-09,1.4846950670858966e-05,1.4846689567873197e-05,2.8512446046050745e-06,0.0010818127714744025,5.925491598595104e-07
32,backward,graph,cylinder_090,0.6,42c011d6db7d220d8b233e8aaf36eecd2c6189b58a5ffb11a443c017dd1f79f3,0025d87d77634cb8a3c16a1f54924fc7f08f5cc47316769724a3e491f1f33cc2,c0bc5591f78487017e80654e9ad01257ed228ab96755ac0f26a41f44f10d1997,3.5575574094354177,3.560454407129121,0.0008136595396089788,1.000043944346947,239614.35862162252,3.242947748472995e-15,3.557542562484747,3.560439560439553,2.896997954806135e-06,40.459244011178455,1.4737674214337915e-09,1.4846950670858998e-05,1.4846689567873197e-05,2.8512446049565593e-06,0.0010818127714744038,5.925491598965088e-07
32,backward,graph,cylinder_045,0.6,42c011d6db7d220d8b233e8aaf36eecd2c6189b58a5ffb11a443c017dd1f79f3,e5fe312abf5d7a42e27f2f9efa398b1ed5f3a5667ddb3c609ae9d0ceb906aa82,f0bbd682c989bcc3452f03e4d4dd94b13c8e88a19f7c6423f70e282680492780,9.195281049328202,9.197816020169569,0.0002756057346448617,1.0001098572469427,665262.9849534432,2.3175408227300796e-15,9.19526722732482,9.197802197802183,2.534970477363174e-06,55.07333211854607,8.263907780303725e-11,1.3822003381066403e-05,1.3822367386057043e-05,3.97493449778044e-06,0.0009311293518340756,3.6192893114076826e-09
32,backward,graph,cylinder_135,0.6,42c011d6db7d220d8b233e8aaf36eecd2c6189b58a5ffb11a443c017dd1f79f3,cb257cc1499e50745a6b7fb5d095195f884751360a9de817d2584bffd7d5374b,9b1f09778214608a7f3257dbee16786055500c0bedcce717424f327ea9807c71,0.2970811332822026,0.29671931822815784,0.001219384892784581,1.0000219724148565,18541.86222540099,8.606284409409131e-15,0.2970651119619948,0.2967032967032951,3.6181525869971586e-07,11.85649266381039,7.258638023976971e-12,1.6021320207796464e-05,1.6021524862734378e-05,2.234831922023558e-06,0.0009995809898151026,2.9071344941533538e-08
32,backward,graph,twist,0.6,42c011d6db7d220d8b233e8aaf36eecd2c6189b58a5ffb11a443c017dd1f79f3,c08dbba9aefde47fe8b6ecb8233fa2583bca8655c421751ad337318b64e2b05f,5aae512d2c4510c3ba14177f7558cc54dccc44c7465e1802cb898b958b9e7cc9,11.083702587196015,11.076941960404692,0.0006103333226344471,1.0001757658031911,587009.64385124,2.7262143160240004e-15,11.083683705591902,11.076923076923057,6.760628668844859e-06,53.62237618464903,1.9104610160525226e-10,1.8881604112795e-05,1.8883481634465917e-05,2.0502536646413977e-05,0.00018280547473303443,1.2150377205831073e-08
32,backward,graph,dome,0.6,42c011d6db7d220d8b233e8aaf36eecd2c6189b58a5ffb11a443c017dd1f79f3,f2c1ed6aa05ed7f25f5644147d29babfe78d81413ab1da9e44b9d2c464f55e36,e14a914f1773b1ce56a94c6a454f793014803eb7b1c3895ceb649543830da643,11.069232725210949,11.076958146246092,0.000697431635395453,1.0000878867629586,315627.14577468217,2.7262143160240004e-15,11.069197654724132,11.076923076923057,7.725422198925358e-06,69.79628394588511,1.049956635412741e-09,3.507048681619463e-05,3.5069323035436704e-05,1.2708485876555677e-05,0.001814024728213119,1.8850210610124984e-07
32,backward,graph,saddle,0.6,42c011d6db7d220d8b233e8aaf36eecd2c6189b58a5ffb11a443c017dd1f79f3,0fb2bda57c14aa0df65ae3864aab4f0c003938948403292ca220eb8a407ede61,cfe22c30e7316f5d2d9427996cd8cc453d4470e4d5a8ce50b7b420cbdf27f40f,11.069216538832418,11.076941960404692,0.0006974327029869515,1.0000878867629586,586164.6992958379,2.7262143160240004e-15,11.069197654724132,11.076923076923057,7.725422198925358e-06,69.50757090322702,3.6191822871955993e-10,1.8884108285643277e-05,1.8883481634465914e-05,6.843030856808971e-06,0.0009768493520766514,9.248391112914301e-08
32,backward,isometric,cylinder_000,0.6,42c011d6db7d220d8b233e8aaf36eecd2c6189b58a5ffb11a443c017dd1f79f3,ca73b6d8e77c5997c560d09fa64b0b0a7b6efc2f6a4ea9fc9063dbea66982ffc,d9faeeffbc6a0066c2ff6bece8c937d4991121e90f29c294636a3bc434307c3b,1.6598998592823373e-05,1.6483516483516486e-05,0.00700591463128453,0.9999853516268684,0.007153437537436272,0.0,1.1789653412501108e-07,0.0,1.1789653412501109e-10,0.0041788364223508834,1.802628909889178e-13,1.6481102058698363e-05,1.6483516483516486e-05,2.636551901390155e-05,0.0011585475701419033,1.273042056987517e-06
32,backward,isometric,cylinder_090,0.6,42c011d6db7d220d8b233e8aaf36eecd2c6189b58a5ffb11a443c017dd1f79f3,1254d36650940620d2d5d5f6bb33a8189372fae8137e14e2e5fd89e0dbdde5c2,cfcec62fd1e43135643eb27c26c0a02b1994ecc4d6a9fe65bfede2b86afaa0f4,1.659899859282344e-05,1.6483516483516486e-05,0.0070059146312886405,0.9999853516268634,0.007153437537441072,0.0,1.1789653412509012e-07,0.0,1.1789653412509013e-10,0.004178836422408079,1.8026289090989227e-13,1.6481102058698353e-05,1.6483516483516486e-05,2.6365519014012546e-05,0.0011585475701419011,1.2730420568765218e-06
32,backward,isometric,cylinder_045,0.6,42c011d6db7d220d8b233e8aaf36eecd2c6189b58a5ffb11a443c017dd1f79f3,9db0b70a0016bbe945d8b4f993a1a2a995e661eafd7a4359f7da5a4cf466db6d,2a82f8d56261a1445291503a36c90fdb815c4bd4305fbf6013cb794bf75cbccb,1.700495891004899e-05,1.6483516483516486e-05,0.03163417387630521,0.9999926745099331,0.0318334222932521,0.0,5.24625415660496e-07,0.0,5.24625415660496e-10,0.007170087108089294,4.3999142759169776e-13,1.6480333494388492e-05,1.6483516483516486e-05,3.4758241277691364e-05,0.0010225146333006979,7.136463192893254e-08
32,backward,isometric,cylinder_135,0.6,42c011d6db7d220d8b233e8aaf36eecd2c6189b58a5ffb11a443c017dd1f79f3,a08aceb9d501f03f9974f6ab9845885578c3fef31d89204ee7faecd16537ed09,ff319724f17219e4c3926906a14286cf303609aaf515daab7fd2a0dba414b7e2,1.651178371184311e-05,1.6483516483516486e-05,0.0017148785184819511,0.9999926757973346,0.0017882493597477297,0.0,2.9474478932915752e-08,0.0,2.947447893291575e-11,0.0020894864857370138,5.010503124218906e-13,1.6482309232910196e-05,1.6483516483516486e-05,1.3183176620686904e-05,0.0010285802501908265,1.741955705250814e-08
4,checkerboard,rest,rest,0.0,d0d754e53638f522b57d3bb86db02b151b184b6128e382ae52474aed5a958405,4e6d932e82e1339443f38ff2afc165d580003ad04de31d2f56bddcb2bf2329fc,560a5da7af7e04ca0ba30663a103a633db49511eefc5554e0ba1bc54c84a10b6,8.80425117434165e-30,0.0,,1.0,,0.0,8.80425117434165e-30,0.0,8.80425117434165e-33,1.5860328923216526e-13,0.0,0.0,0.0,0.0,0.0,0.0
4,checkerboard,affine,extension,0.0,d0d754e53638f522b57d3bb86db02b151b184b6128e382ae52474aed5a958405,5dcb04c3c6c0c5e0a0b3ca19a73e4a9d78de58f70cfa8fbd4abd47a038868b17,da59ebc42cae27301cad6683cc8216117013861ac0bc036e6bf677e782f7f650,0.05050145892857178,0.05050145892857147,6.182994160970032e-15,1.0069699999999997,,0.0,0.05050145892857178,0.05050145892857147,3.1225022567582527e-19,6.718234153821952,9.73125142619824e-11,0.0,0.0,0.0,0.0,0.0
4,checkerboard,affine,shear,0.0,d0d754e53638f522b57d3bb86db02b151b184b6128e382ae52474aed5a958405,66aca2c7e1a40b56e562429a888a77269f3c18df40c4e303fb7b5793ddeb6088,12b7fb833460f543e6bf3e065cc2400696f9b8973c679a12821deca9f1b3e798,0.0769450549450551,0.07694505494505495,1.9839568117141204e-15,0.9999999999999996,,0.0,0.0769450549450551,0.07694505494505495,1.5265566588595902e-19,7.200486622984377,7.358401434010009e-11,0.0,0.0,0.0,0.0,0.0
4,checkerboard,graph,cylinder_000,0.2,d0d754e53638f522b57d3bb86db02b151b184b6128e382ae52474aed5a958405,688d90f76f3fe0bc72fc019ddb06c74abbb64c43f4b7ed5a5b0910a954680ad1,3aa5ba2021ed45ed2eb3b058c9f5ee78e21602501e60894616d1c71872dd3be1,0.0416935147354675,0.04395785160769086,0.05151154547842355,1.000312451187128,23059.512391141634,3.157196726277794e-15,0.04169170673076976,0.04395604395604388,2.264337225274124e-06,9.53604140284862,6.842599424572438e-12,1.8080046977396506e-06,1.807651646976931e-06,3.855314328898949e-06,0.00034220794677616303,4.804822172533264e-09
4,checkerboard,graph,cylinder_090,0.2,d0d754e53638f522b57d3bb86db02b151b184b6128e382ae52474aed5a958405,03d3472b88ee82e556e8e3445948ee9a0ee105dccf02db6b2fd7b261889a4b28,83804f421dabb5d782bd428f14248eb681429bd99ffea1db1e2a60917a848fc0,0.04169351473546751,0.04395785160769086,0.0515115454784234,1.000312451187128,23059.512391141638,3.157196726277794e-15,0.041691706730769766,0.04395604395604388,2.264337225274117e-06,9.536041402848609,6.8425994176335435e-12,1.8080046977396506e-06,1.8076516469769312e-06,3.8553143288966365e-06,0.00034220794677616314,4.804822165596064e-09
4,checkerboard,graph,cylinder_045,0.2,d0d754e53638f522b57d3bb86db02b151b184b6128e382ae52474aed5a958405,0e3c242927c3e0a7a6c33ac38c8b5817272466418e781d849f247db3693debaa,c16f9c9defe7b6e06b9b3184f653f73db4c1d9193d5404606a5b7f34380ca8ba,0.11360766657296477,0.11355490377064217,0.0004646457402594013,1.0001562377948756,63465.99034438853,1.9554250691785035e-15,0.11360587654533062,0.11355311355311344,5.2762992217181284e-08,13.13416311482387,7.802869059214679e-12,1.790027634152806e-06,1.7902175287385453e-06,2.0736488762738807e-06,0.0003319448988930308,1.686187329137835e-09
4,checkerboard,graph,cylinder_135,0.2,d0d754e53638f522b57d3bb86db02b151b184b6128e382ae52474aed5a958405,d48203bf10d288e24e725e4f9daa15a70271260d24c181b4baf2a0841897e48f,2b0f0c659f11f70ded04e07f71717ad0a903992983803bc4d362e7ed2bbb4959,0.0037175919102725415,0.0036648291081522286,0.01439707024890866,1.0001562377948756,2035.7520171533513,8.524431160950073e-15,0.003715766655219907,0.003663003663003645,5.276299221626231e-08,2.8269386842263033,2.814436895343109e-13,1.8252550526344397e-06,1.8254451485839037e-06,2.075847768146705e-06,0.0003352007854133346,1.3105803950732554e-09
4,checkerboard,graph,twist,0.2,d0d754e53638f522b57d3bb86db02b151b184b6128e382ae52474aed5a958405,a4deab3309d5a170250a523196b6c72ae38f69885115506bbda48866e55b30cf,db82b0f6a72b4ae711185c6244cfb470fa9c4ea3a97dedc04f36bbfe1f13154a,0.14938436438347766,0.13675463492406684,0.09235320957438475,1.0,59842.472460821606,2.638514406960727e-15,0.14938186813186924,0.13675213675213657,1.2629731379732667e-05,13.889597487592969,9.671434458846661e-12,2.4962516084152168e-06,2.4981719302564126e-06,2.0969914505859124e-05,5.123754983168495e-05,4.1759924299683706e-10
4,checkerboard,graph,dome,0.2,d0d754e53638f522b57d3bb86db02b151b184b6128e382ae52474aed5a958405,c2c293637a4d948023d16816d07e00d5ddbfbeac6ed6911b59fc7889fffee7a3,0b6ca47ee690107b96d0c58748a0d1cae3095ac36a8c8819cb7cbca56d524a96,0.13071377586821734,0.13675677621429277,0.04418794090763212,1.000624804809475,28162.468056100148,2.638514406960727e-15,0.13070913461538555,0.13675213675213657,6.043002136751019e-06,15.943020945546458,1.8928686756902734e-11,4.641252831783442e-06,4.639462156190482e-06,1.9554177475125436e-05,0.0006603131638482746,1.6447621594163347e-09
4,checkerboard,graph,saddle,0.2,d0d754e53638f522b57d3bb86db02b151b184b6128e382ae52474aed5a958405,67a054c46b292490f46dc1deb5af2504fe189e3e962ecd5f96ce42c0bf434d9e,bacb6405d9100b016f62864e6fbfb30665b5ed13cc1cf984ed1841712756c250,0.1307116337515257,0.13675463492406684,0.044188638841356445,1.000624804809475,52301.72638990027,2.638514406960727e-15,0.1307091346153855,0.13675213675213657,6.043002136751075e-06,15.649170714341826,5.855948448374448e-12,2.4991361401910836e-06,2.4981719302564135e-06,1.0529172486597466e-05,0.00016115622341141147,1.6894326344684555e-09
4,checkerboard,isometric,cylinder_000,0.2,d0d754e53638f522b57d3bb86db02b151b184b6128e382ae52474aed5a958405,a09e398e476d2a7914efa7a8aa9e43e28e2c36c78aa698bce2611eab659ce07b,4eb9061a531084df440235e044aa3d5ba317d277e106d37bb20ff4034cf0645f,7.790521332218194e-06,1.831501831501832e-06,3.253624647391133,0.9998958365884931,3.258058129166715,0.0,5.960926456832411e-06,0.0,5.960926456832411e-09,0.079169440028282,2.565102192729241e-12,1.8295948753857824e-06,1.831501831501832e-06,2.082396078726184e-05,0.0003442364820497972,7.854268705350676e-10
4,checkerboard,isometric,cylinder_090,0.2,d0d754e53638f522b57d3bb86db02b151b184b6128e382ae52474aed5a958405,2301c0720b3cbe1804c27ce45ac0a3fbb95b02d5a7cb7266e83ed03c8346e433,0f915b734adc790d7a90d806fa3d036f978f5b2b414554f2fd53727cfdc3f5be,7.790521332217867e-06,1.831501831501832e-06,3.2536246473909545,0.9998958365884929,3.2580581291665354,0.0,5.960926456832084e-06,0.0,5.9609264568320835e-09,0.07916944002826376,2.5651021930561957e-12,1.8295948753857828e-06,1.831501831501832e-06,2.0823960787257215e-05,0.00034423648204979737,7.854268659102677e-10
4,checkerboard,isometric,cylinder_045,0.2,d0d754e53638f522b57d3bb86db02b151b184b6128e382ae52474aed5a958405,a8ccec4039165918f9c4d276bda8f6eb45212ae03f1a82743c46d9c7b2e7bb2c,3719abfcb209d5e351b8896dbe5a4d669e45c80891cfa0a330230b10302dece9,1.5835710127269444e-05,1.831501831501832e-06,7.646297729489113,0.9999478523973133,7.653315879451102,0.0,1.4005693709531329e-05,0.0,1.4005693709531329e-08,0.10289993388467661,4.907218157587385e-13,1.8300164177381138e-06,1.831501831501832e-06,1.622071829980256e-05,0.000335547584237765,6.945487026188809e-09
4,checkerboard,isometric,cylinder_135,0.2,d0d754e53638f522b57d3bb86db02b151b184b6128e382ae52474aed5a958405,a5bc141cdcd9902c3489b68dbf57e8ca664ce2a4ec510962f997ca04bf97ba75,02ef35dcb54eed73c60450c7f4b5ec66b7dd26616f284ef1825196e1f93c56f2,1.5835710127263206e-05,1.831501831501832e-06,7.646297729485708,0.9999478523973133,7.653315879447751,0.0,1.4005693709525105e-05,0.0,1.4005693709525105e-08,0.10289993388444046,1.6949512802234043e-12,1.830016417738102e-06,1.831501831501832e-06,1.6220718299932054e-05,0.0003355475842377624,5.613545318636751e-09
4,checkerboard,graph,cylinder_000,0.6,d0d754e53638f522b57d3bb86db02b151b184b6128e382ae52474aed5a958405,90b958f29652e2e36d63a1c8dd99a9cc7e051fb519b91f51d71af1d09ea90d78,e922929e6ee5cf4e1b6ce9e179d5a49fe105659a318ff85e39071ecb68c44a52,3.3770431086372383,3.560454407129121,0.0515134523628886,1.002808556006579,227203.6033640004,3.118218988916341e-15,3.377028245192314,3.560439560439553,0.00018341131524723898,95.91095982880066,7.25011669810982e-10,1.4863444924251552e-05,1.4846689567873197e-05,0.0001829684916516371,0.0009755297285242532,2.8069499292856763e-08
4,checkerboard,graph,cylinder_090,0.6,d0d754e53638f522b57d3bb86db02b151b184b6128e382ae52474aed5a958405,6c27ec1fd34577189c5e2a7d576a58500a917af3158da963803e4caf247a3ce1,b10376619c74405c1e54a28568477d24083cff348f88c526aec59a1e712b5b77,3.3770431086372388,3.560454407129121,0.05151345236288848,1.002808556006579,227203.60336400045,3.242947748472995e-15,3.3770282451923146,3.560439560439553,0.00018341131524723852,95.91095982880064,7.250116693668929e-10,1.4863444924251548e-05,1.4846689567873197e-05,0.0001829684916516001,0.0009755297285242537,2.8069499329855162e-08
4,checkerboard,graph,cylinder_045,0.6,d0d754e53638f522b57d3bb86db02b151b184b6128e382ae52474aed5a958405,7a5fb48c884f967ea1adf5f2fb54662fed8b42ae36324f512b89cb7e1641ef73,7c0797d77b238a1d6cd1c80402ca6540a31ae9f5e3eea9c3196d90c8d3e11e4b,9.202089808355218,9.197816020169569,0.0004646524975361289,1.0014052626184866,666421.9083393926,2.3175408227300796e-15,9.202076000171717,9.197802197802183,4.273802369533897e-06,137.51103156681677,8.426236952630006e-10,1.3808183502102577e-05,1.3822367386057043e-05,0.00015488801278276223,0.0009189598462874207,8.074937807787376e-08
4,checkerboard,graph,cylinder_135,0.6,d0d754e53638f522b57d3bb86db02b151b184b6128e382ae52474aed5a958405,8d65ac0df15a2248699479203fd4968a8263534e2e0dcf681d1a14ac38065805,c9d3ccc7f800e6cc14e5b6c0e9c2f882031224d1626ad476e56e1dbf1d094fe9,0.3009931055643707,0.29671931822815784,0.014403468441938789,1.0014052626184866,18803.439705091972,8.606284409409131e-15,0.30097709907280357,0.2967032967032951,4.273802369508472e-06,26.507544004535564,5.042958683976195e-11,1.600649156714125e-05,1.6021524862734378e-05,0.00016416358787696788,0.0009903991897693867,4.779316491312435e-09
4,checkerboard,graph,twist,0.6,d0d754e53638f522b57d3bb86db02b151b184b6128e382ae52474aed5a958405,f9d2cd4e29357d0821e3e7212baefd03720e7673e9526c59477e3cdc325745e2,338b187cd1d90628cbe905f77accd2ac8faf8ccdc11115b52033692b812d2388,12.09995012312706,11.076941960404692,0.09235474613654043,1.0,643461.2054274798,2.7262143160240004e-15,12.099931318681328,11.076923076923057,0.0010230082417582711,146.46725593573905,1.757437686933372e-09,1.8804445732890466e-05,1.8883481634465917e-05,0.0008630720452039295,0.00013897202727570517,1.5518921503090583e-08
4,checkerboard,graph,dome,0.6,d0d754e53638f522b57d3bb86db02b151b184b6128e382ae52474aed5a958405,46e78a12a857574f1d0f9bebd579f08901f4711869ea366542b3d1943e58ae9f,430f3c9f05f5d33db221657db2065dcfa8c06c8e0f4ca7333bc5b9b6948e7d46,10.587475047909395,11.076958146246092,0.04418930647513365,1.0056092680559383,301258.2760839635,2.7262143160240004e-15,10.587439903846164,11.076923076923057,0.0004894831730768932,167.2668040321697,2.6838246114380127e-10,3.514406323196029e-05,3.5069323035436704e-05,0.0008161629460375754,0.0018026973285244878,3.876755010762122e-08
4,checkerboard,graph,saddle,0.6,d0d754e53638f522b57d3bb86db02b151b184b6128e382ae52474aed5a958405,68f4dcdb35020e14f7467945a0e35465e7c36a0801e2df24c63a69c31398502a,540f2e6d616a4e37f97e89accdbaa5f91d04a575cea0868b2a71e9eacd32c427,10.587458827572519,11.076941960404692,0.04418937415957089,1.0056092680559383,559479.6555845035,2.7262143160240004e-15,10.587439903846164,11.076923076923057,0.0004894831730768932,163.52070767457909,7.522987015562421e-10,1.8923726355670928e-05,1.8883481634465914e-05,0.0004394723555587542,0.0004348115340957057,2.591218413057201e-08
4,checkerboard,isometric,cylinder_000,0.6,d0d754e53638f522b57d3bb86db02b151b184b6128e382ae52474aed5a958405,3968ddb60f2f5c1da81a94758696da2e14815c494a812545587c51d1f7d60cea,14c31665cdf02ef7998dd133bdd261e2259a87573fb6db3b81e8054b30233788,0.0004985213189895183,1.6483516483516486e-05,29.24362668536411,0.9990627636365645,29.52867661981433,0.0,0.0004821917110868306,0.0,4.821917110868306e-07,0.7211759755215766,8.341925737957896e-13,1.6329607902687734e-05,1.6483516483516486e-05,0.0016806817026499621,0.0010207943619640401,2.7381171418747182e-08
4,checkerboard,isometric,cylinder_090,0.6,d0d754e53638f522b57d3bb86db02b151b184b6128e382ae52474aed5a958405,398b1c95e9f401f4b1beb12bdfd41278b91018442f78ca183e8ae89d4239d025,6e20409577caf5a1508fcf9214c9fea73c25abeb6cc3a2a84857f5af971d914e,0.0004985213189895203,1.6483516483516486e-05,29.243626685364227,0.9990627636365643,29.528676619814444,0.0,0.00048219171108683257,0.0,4.821917110868325e-07,0.7211759755215855,8.341925757473535e-13,1.6329607902687738e-05,1.6483516483516486e-05,0.001680681702649925,0.0010207943619640403,2.7381171381748783e-08
4,checkerboard,isometric,cylinder_045,0.6,d0d754e53638f522b57d3bb86db02b151b184b6128e382ae52474aed5a958405,95e1e55f72ddd293d6b3c3991d5cc31d4dc2fde6283fe19ef56814744c36a2bf,5171b87937bf17b9be47d6914a0916c4ff2a067ecf03e6e80e31776e306eb6d0,0.0011477077375356532,1.6483516483516486e-05,68.62760274382963,0.9995260577661732,69.13715102601329,0.0,0.001131343974241219,0.0,1.131343974241219e-06,0.9399601016281757,9.64110235136123e-12,1.6363763294434043e-05,1.6483516483516486e-05,0.0013077048247802775,0.0009988711977647895,4.8708615969962484e-08
4,checkerboard,isometric,cylinder_135,0.6,d0d754e53638f522b57d3bb86db02b151b184b6128e382ae52474aed5a958405,cbc852e684ce878e3b026977cdb5f94d3a9c063da7908435ed8b19e5e0edcb03,c4c7b356fd0f02ae58d21a9e6340bce30c9f1063a795ab601d83c2eaa4d54a2d,0.0011477077375356523,1.6483516483516486e-05,68.62760274382957,0.9995260577661731,69.13715102601347,0.0,0.0011313439742412182,0.0,1.1313439742412182e-06,0.9399601016282841,6.767371376822928e-13,1.6363763294433985e-05,1.6483516483516486e-05,0.0013077048247809064,0.0009988711977647847,2.8422197928128263e-08
8,checkerboard,rest,rest,0.0,305b477c57096a2745c9fa93ae5ae38f93457ae3efcbeb6de2b72f0f3156f445,bd678fa93f59093c55a1c819d54c5dccaae6f5b86c7ecba869430fed13507c38,b0266b6785b388615bd7e2e72db311db56bfd73e6573dde9bed7817b9b7e0135,8.80425117434165e-30,0.0,,1.0,,0.0,8.80425117434165e-30,0.0,8.80425117434165e-33,1.5860328923216526e-13,0.0,0.0,0.0,0.0,0.0,0.0
8,checkerboard,affine,extension,0.0,305b477c57096a2745c9fa93ae5ae38f93457ae3efcbeb6de2b72f0f3156f445,941e240e9459ee7af672e81c3ffb9cddcdabfcd4fb34aa16f679fb7ccbbdd78f,3a0196fe18af1c8735778e303b7a4e7fe161104c14d44d2d4b0f284f51525e0d,0.05050145892857172,0.05050145892857147,4.946395328776026e-15,1.0069699999999997,,0.0,0.05050145892857172,0.05050145892857147,2.498001805406602e-19,4.917243900600131,9.728091800859095e-11,0.0,0.0,0.0,0.0,0.0
8,checkerboard,affine,shear,0.0,305b477c57096a2745c9fa93ae5ae38f93457ae3efcbeb6de2b72f0f3156f445,99a1d09b95649c4de9714b6a752c3a4b6d5935be189cf00b6a99153f2544bb86,882c5a13537ec558a6ab5f08c82f4c71be8df86b3ecad02039e42e6f0ab8602e,0.07694505494505499,0.07694505494505495,5.410791304674873e-16,0.9999999999999991,,0.0,0.07694505494505499,0.07694505494505495,4.163336342344337e-20,5.270216565476539,6.167191987649368e-11,0.0,0.0,0.0,0.0,0.0
8,checkerboard,graph,cylinder_000,0.2,305b477c57096a2745c9fa93ae5ae38f93457ae3efcbeb6de2b72f0f3156f445,bb0bf3af5910d733446cca77095f86328a5409043209a0c7d3538c41a5ad77d0,747b4160f7d8fabdd3fe33c5e7858b4ff727c5bf9e20de5759bbd4acfc3a062c,0.04338707237756475,0.04395785160769086,0.012984693501860076,1.0000781219484807,23999.727859698447,3.157196726277794e-15,0.04338526463770656,0.04395604395604388,5.707793183373222e-07,7.4300387576845415,4.820473742395137e-12,1.8077398581906957e-06,1.807651646976931e-06,9.632664543112897e-07,0.0006934071414024654,2.8421279526116108e-09
8,checkerboard,graph,cylinder_090,0.2,305b477c57096a2745c9fa93ae5ae38f93457ae3efcbeb6de2b72f0f3156f445,c970582ffe17a654387dde28f14f0b382f713274eb1b8b1a102c0cd3d51bd046,036adfc44ab237af70f4f6327069f803f2eac7455db73bda64768f9c62de5115,0.04338707237756475,0.04395785160769086,0.012984693501860076,1.0000781219484807,23999.72785969845,3.157196726277794e-15,0.04338526463770656,0.04395604395604388,5.707793183373222e-07,7.430038757684541,4.820473742395137e-12,1.8077398581906955e-06,1.8076516469769312e-06,9.63266454306665e-07,0.0006934071414024654,2.842127950299211e-09
8,checkerboard,graph,cylinder_045,0.2,305b477c57096a2745c9fa93ae5ae38f93457ae3efcbeb6de2b72f0f3156f445,661c1d1e9e4b8e8c978a68f77e4feb3208ccc58423941384d0c5b6e164dcd061,e4d7a8ac790237f2fb509d1e395b37db21607da0117246992a1066443201e0fd,0.11355820141009591,0.11355490377064217,2.9040044456378994e-05,1.0000390617370902,63433.31263399098,1.9554250691785035e-15,0.11355641124012804,0.11355311355311344,3.297687014597317e-09,9.953705897801559,7.468629881213218e-14,1.7901699678739214e-06,1.7902175287385453e-06,5.193646416925116e-07,0.000681464192508985,3.363941597436266e-08
8,checkerboard,graph,cylinder_135,0.2,305b477c57096a2745c9fa93ae5ae38f93457ae3efcbeb6de2b72f0f3156f445,2ae83595e459d06796ac81b4a92b7dbdcfd04ff47c2d647e990231c263a268a1,6b1a3fe212e244a327e133e7b3b09eedc5db64d72aacc74984d3ff8f7d1f6f8e,0.003668126747515819,0.0036648291081522286,0.0008998071305030418,1.0000390617370902,2008.494781525352,8.524431160950073e-15,0.003666301350017284,0.003663003663003645,3.297687013639316e-09,2.310789444807403,2.526347789820471e-13,1.825397498535152e-06,1.8254451485839037e-06,5.203385323682571e-07,0.0006881515273951836,2.919829488460439e-10
8,checkerboard,graph,twist,0.2,305b477c57096a2745c9fa93ae5ae38f93457ae3efcbeb6de2b72f0f3156f445,958ec1b8a688f7cf4ae2b2c98ac9db249d7c12a7d4264f7ece70bfa35c3d9638,f1982ba592c5d16500489b5b84c00c3f501479eb71062cfd96b83206f0ef92b1,0.13983336994342216,0.13675463492406684,0.02251283856715199,1.0,55984.063086966664,2.638514406960727e-15,0.13983087225274837,0.13675213675213657,3.078735500611801e-06,10.093733503197896,1.4531157166430831e-11,2.497690673782154e-06,2.4981719302564126e-06,5.255320698906615e-06,5.131355308046592e-05,1.169635372797996e-09
8,checkerboard,graph,dome,0.2,305b477c57096a2745c9fa93ae5ae38f93457ae3efcbeb6de2b72f0f3156f445,cedabc8f717bb4291fff8510a72d5e14233103e3d404cfad74589f8d74af4873,a2bdb289fe230e4fe8fe1e1921cf505e3288822f81e36c0d8011868474dc7c52,0.13523440038340745,0.13675677621429277,0.011131995598520244,1.0001562377948756,29144.91334786997,2.638514406960727e-15,0.13522976047390214,0.13675213675213657,1.5223762782344275e-06,12.357808580183228,3.945744120326111e-12,4.639909505299157e-06,4.639462156190482e-06,4.885052266730004e-06,0.0013596210470301275,4.795038295054122e-09
8,checkerboard,graph,saddle,0.2,305b477c57096a2745c9fa93ae5ae38f93457ae3efcbeb6de2b72f0f3156f445,d8c59db56d5796db52030f28ec4058013f6bb4311b115715974e9d4124d19ae8,2e748a1117ea0d102f693bc011337359f83ca9701db43b40c29249bcd11052c2,0.13523225888671264,0.13675463492406684,0.011132171411956136,1.0001562377948756,54126.267646044245,2.638514406960727e-15,0.1352297604739021,0.13675213675213657,1.522376278234483e-06,12.213471207992805,7.461408185749363e-12,2.498412810545698e-06,2.4981719302564135e-06,2.630412758988897e-06,0.00022384804768570268,5.232189721308006e-09
8,checkerboard,isometric,cylinder_000,0.2,305b477c57096a2745c9fa93ae5ae38f93457ae3efcbeb6de2b72f0f3156f445,75b945f8af0fa05edc521e7f934da6f75d2d2258f64c169ec4fb2da98e03793b,e4425fe1f0a51b62848a47b1ec8356492c21e07ac550d24fa9274cf38c00f143,2.2036294075800016e-06,1.831501831501832e-06,0.20318165653868053,0.9999739585367825,0.20349503144678363,0.0,3.726044760263543e-07,0.0,3.726044760263543e-10,0.014478120218709211,6.439823919971898e-13,1.8310249315536472e-06,1.831501831501832e-06,5.207747434177622e-06,0.0006977774528247061,9.304797069027672e-09
8,checkerboard,isometric,cylinder_090,0.2,305b477c57096a2745c9fa93ae5ae38f93457ae3efcbeb6de2b72f0f3156f445,b8dc3110a7893b7d2aaf269c81707f8a6defd7990821f9d445ff0ceab379c33c,07ed8ee41a5f381474ae44682a1e402987e21bf8a5361abcd78ee6119168d931,2.2036294075798695e-06,1.831501831501832e-06,0.2031816565386084,0.999973958536782,0.20349503144671163,0.0,3.726044760262224e-07,0.0,3.726044760262224e-10,0.014478120218693994,6.439823921290622e-13,1.831024931553647e-06,1.831501831501832e-06,5.207747434179934e-06,0.0006977774528247061,9.304797071340072e-09
8,checkerboard,isometric,cylinder_045,0.2,305b477c57096a2745c9fa93ae5ae38f93457ae3efcbeb6de2b72f0f3156f445,47b7bc38f41ce053bf62f0cbc7c9680d1db778a2a7460e09bc80dcb18e98424c,882d7b917378575236f4e9d2c6c6567d41179ff79eb686795a69c153602c90dc,2.7067685301994263e-06,1.831501831501832e-06,0.47789561748888637,0.9999869751488457,0.47814985093566087,0.0,8.755817066943153e-07,0.0,8.755817066943153e-10,0.018551415252913858,2.1187261361638344e-13,1.8311868235051113e-06,1.831501831501832e-06,3.4398873241906337e-06,0.0006890606010173814,2.0677813663496526e-08
8,checkerboard,isometric,cylinder_135,0.2,305b477c57096a2745c9fa93ae5ae38f93457ae3efcbeb6de2b72f0f3156f445,fac00485d390cc01e55fc390cb0fc9024bb3dde2ba27bdedc9e09c11e24d3376,53eaecc72b476bd347804bcbe0a357c2eed72e5b96e004a1d50ab3654bc3eba9,2.7067685302032185e-06,1.831501831501832e-06,0.4778956174909569,0.9999869751488465,0.4781498509377382,0.0,8.755817066981154e-07,0.0,8.755817066981154e-10,0.018551415253147928,1.4991141027110787e-13,1.8311868235051032e-06,1.831501831501832e-06,3.439887324278505e-06,0.0006890606010173784,7.429904420691807e-10
8,checkerboard,graph,cylinder_000,0.6,305b477c57096a2745c9fa93ae5ae38f93457ae3efcbeb6de2b72f0f3156f445,bd4b5d78a0a6a8800fa04f31e380b81164ed996f6ea3f91eecfec6d6668552b6,c27cc3c1fde0c5614352d82dd759650366902ea645c3a33e5c60c74c60a15932,3.514221286524077,3.560454407129121,0.01298517417115952,1.0007028779812717,236633.03654158575,3.118218988916341e-15,3.514206435654194,3.560439560439553,4.62331247853589e-05,75.52818302066983,1.1524006864327419e-09,1.485086988281372e-05,1.4846689567873197e-05,4.564903915051802e-05,0.0019851013314379816,1.0358488453706542e-07
8,checkerboard,graph,cylinder_090,0.6,305b477c57096a2745c9fa93ae5ae38f93457ae3efcbeb6de2b72f0f3156f445,6a4333b06ec9ce29e4b0865ee6acd9c88bce63b9d6220e4a7f548fe713321184,abddf28ee5a1c27c921e36867edf4337f05478b22e5d8198cb0607c1d9bb8475,3.5142212865240774,3.560454407129121,0.012985174171159394,1.0007028779812717,236633.0365415858,3.242947748472995e-15,3.5142064356541947,3.560439560439553,4.623312478535846e-05,75.52818302066983,1.1524006859886526e-09,1.4850869882813718e-05,1.4846689567873197e-05,4.564903915049952e-05,0.0019851013314379816,1.0358488455556462e-07
8,checkerboard,graph,cylinder_045,0.6,305b477c57096a2745c9fa93ae5ae38f93457ae3efcbeb6de2b72f0f3156f445,4add849b910bb74d52f722713c451850f1a1980b35a41a17664a4dec2459baf8,ff21ea3eb4a246a592975f2ef0e1eea6a3c9f6e37ba4126131aa908edf2ce575,9.198083129290914,9.197816020169569,2.9040494043370744e-05,1.0003515007236206,665618.018724787,2.3175408227300796e-15,9.1980693104503,9.197802197802183,2.671126481175179e-07,105.1008778413711,7.020972958571292e-10,1.381884061382873e-05,1.3822367386057043e-05,3.8512352733166846e-05,0.0018925220809035705,3.39231742567774e-07
8,checkerboard,graph,cylinder_135,0.6,305b477c57096a2745c9fa93ae5ae38f93457ae3efcbeb6de2b72f0f3156f445,11318367095aa6ec0d179aa356b757c6389a3a7962576a43667ec7f014b0e1cd,2f5f59139d77c31a0051e97d43170d45654d75376a1a4149e3c85602a228fb0e,0.296986427052879,0.29671931822815784,0.0009002070586983195,1.0003515007236206,18540.138832815202,8.606284409409131e-15,0.29697040935139196,0.2967032967032951,2.6711264809686773e-07,21.713168140734812,2.790791525653091e-11,1.601770148699037e-05,1.6021524862734378e-05,4.1751263124585455e-05,0.002039968485185275,4.1753702223403394e-08
8,checkerboard,graph,twist,0.6,305b477c57096a2745c9fa93ae5ae38f93457ae3efcbeb6de2b72f0f3156f445,9d78bf92bd8021a556dfb241256e4e3071b42a34ad5dcc8c976e954df4395288,adee6a4be805d11cf39037316bcc17a80d6c9eff91824ead14255fa36723bb2d,11.326319515974674,11.076941960404692,0.02251321316491497,1.0,600434.6684664516,2.7262143160240004e-15,11.326300652472536,11.076923076923057,0.0002493775755494791,105.96187625006442,3.118999618578755e-10,1.8863502138210358e-05,1.8883481634465917e-05,0.00021817609911070564,0.00013873639005707665,1.2025808109744627e-08
8,checkerboard,graph,dome,0.6,305b477c57096a2745c9fa93ae5ae38f93457ae3efcbeb6de2b72f0f3156f445,e596140e45fb2eca86ec0c02ac9419eb7357906dcf99377862241217a168d6fd,bcb6d5176faa08f3d6c4494fbac896b703d1335dfe78d824f9ca39d97b42af5a,10.953645686344883,11.076958146246092,0.011132339607421805,1.0014052626184866,312175.7704651084,2.7262143160240004e-15,10.953610598386,11.076923076923057,0.0001233124785370574,130.8684393176888,1.7305881705453885e-09,3.5087958883119904e-05,3.5069323035436704e-05,0.00020350345670054487,0.0037357581829437613,1.9417833560151328e-07
8,checkerboard,graph,saddle,0.6,305b477c57096a2745c9fa93ae5ae38f93457ae3efcbeb6de2b72f0f3156f445,d40249d308d4b46ded722f1bb0af5158335cdcc29ca8d4053e5d0d0604cbde7d,5d714f001459e723d6b30fd17260ffb4204d2617b776a49ee6bd391c2ef5d9e9,10.953629491902321,11.076941960404692,0.011132356650703824,1.0014052626184866,579755.0022923447,2.7262143160240004e-15,10.953610598386,11.076923076923057,0.0001233124785370574,129.01219829656216,5.760648509323118e-10,1.889351632167993e-05,1.8883481634465914e-05,0.00010957878437705994,0.0006068865681799326,7.616015941682004e-09
8,checkerboard,isometric,cylinder_000,0.6,305b477c57096a2745c9fa93ae5ae38f93457ae3efcbeb6de2b72f0f3156f445,f65d5bdedd7e88c3a223e8fa05b8af3e4fed09bf40b1ea8039978501d50d1f60,e016a807221727c0b3843a392b37503a9f332a98874b2fb888829296aec6ad2a,4.6615826323629876e-05,1.6483516483516486e-05,1.8280267969668789,0.9997656414789395,1.8346638174597232,0.0,3.0170903988746253e-05,0.0,3.0170903988746256e-08,0.13129527953235562,4.5070113310872213e-13,1.6444922334883623e-05,1.6483516483516486e-05,0.00042144810307086027,0.002086542929054321,2.542989905000706e-07
8,checkerboard,isometric,cylinder_090,0.6,305b477c57096a2745c9fa93ae5ae38f93457ae3efcbeb6de2b72f0f3156f445,f7ef8ea550fc4bb491d290057f2e0af5b5ec38d3c87433b2ef40fa1093f43f3d,4698157b7162ce0ebe6cb3a922f8c669b2054863558c44e5dbcf3738001a01dc,4.66158263236298e-05,1.6483516483516486e-05,1.8280267969668742,0.9997656414789395,1.834663817459717,0.0,3.0170903988746168e-05,0.0,3.017090398874617e-08,0.131295279532349,4.507011331900373e-13,1.6444922334883633e-05,1.6483516483516486e-05,0.00042144810307074925,0.0020865429290543233,2.54298990537069e-07
8,checkerboard,isometric,cylinder_045,0.6,305b477c57096a2745c9fa93ae5ae38f93457ae3efcbeb6de2b72f0f3156f445,beac348aba1c2916324a35ab44a4d5cfead742e962d4fb6b04e5df3d93456a9c,8f34d109b9c2d5a1b9271b2fc3c1bae699ac1c975661b6c38d9b2a2776d95b11,8.733137179000547e-05,1.6483516483516486e-05,4.298103221926998,0.9998824872692872,4.306308987037466,0.0,7.087334569251602e-05,0.0,7.087334569251602e-08,0.16882145085782155,1.4303198950081252e-12,1.6458026097489462e-05,1.6483516483516486e-05,0.0002783550154150954,0.0020631191023283628,3.688383063327107e-08
8,checkerboard,isometric,cylinder_135,0.6,305b477c57096a2745c9fa93ae5ae38f93457ae3efcbeb6de2b72f0f3156f445,9d4ca47ce760d34c503254636945434905224455e26b1c5afe0925d10f4c0d95,cb615fc782d8e8bd83dddfdf7724eaf782aef50b3b9ff4d1e12a060ba453d8f2,8.733137179002312e-05,1.6483516483516486e-05,4.298103221928068,0.9998824872692867,4.306308987038509,0.0,7.087334569253357e-05,0.0,7.087334569253356e-08,0.16882145085796274,7.452464103837632e-12,1.645802609748955e-05,1.6483516483516486e-05,0.00027835501541413344,0.0020631191023283784,1.388140971831167e-07
16,checkerboard,rest,rest,0.0,3e2fb6534521bc2306f179a552ee9c0dc5e548de90f133b5b5f866188a2fea47,bcc29bcab9dfaaf8ac58eacc51f07f204d712ea4dfa3cc0eb4a5e9461836699a,f1faf4d6171c4fa4cfe1f0cc6f12af125db66325139148cf46cbbc5fe6cbac1a,8.80425117434165e-30,0.0,,1.0,,0.0,8.80425117434165e-30,0.0,8.80425117434165e-33,1.5860328923216526e-13,0.0,0.0,0.0,0.0,0.0,0.0
16,checkerboard,affine,extension,0.0,3e2fb6534521bc2306f179a552ee9c0dc5e548de90f133b5b5f866188a2fea47,ab36a5e316313a91345ba1c87c7af2004786a7686783869b1dcb2819a003bb49,8286e79eab5cf399f1604bdaf84d985190210f9331cbbd75969e9d48983710d6,0.05050145892857163,0.05050145892857147,3.160197015606905e-15,1.0069699999999997,,0.0,0.05050145892857163,0.05050145892857147,1.5959455978986625e-19,3.534491747803979,9.72019274306235e-11,0.0,0.0,0.0,0.0,0.0
16,checkerboard,affine,shear,0.0,3e2fb6534521bc2306f179a552ee9c0dc5e548de90f133b5b5f866188a2fea47,59db9fc5f9120105204026ef387a68dc93303e62bc680916820e037d51706d6c,6aec2622ff8a8fc335b47302b77e0ecaab246983ecc56703c40e722dd66b3d83,0.07694505494505502,0.07694505494505495,9.017985507791455e-16,0.9999999999999982,,0.0,0.07694505494505502,0.07694505494505495,6.938893903907229e-20,3.7882068362610886,5.865892194201194e-11,0.0,0.0,0.0,0.0,0.0
16,checkerboard,graph,cylinder_000,0.2,3e2fb6534521bc2306f179a552ee9c0dc5e548de90f133b5b5f866188a2fea47,36e27213b77a79773fc77563e3c380bcbca3f6d4798f1eea8a46e67d396abedc,4c42118ecc0c0cfa27dfa1bba7225b014c700db62a21862f8b1fc60625576bdd,0.043814863361905355,0.04395785160769086,0.003252848821221496,1.0000195310592688,24237.259064724763,3.157196726277794e-15,0.043813055688208785,0.04395604395604388,1.42988267835098e-07,5.482038978083136,5.451853496429848e-12,1.8076736965680622e-06,1.807651646976931e-06,2.4078153515279953e-07,0.0014387475662157388,8.291120393698758e-09
16,checkerboard,graph,cylinder_090,0.2,3e2fb6534521bc2306f179a552ee9c0dc5e548de90f133b5b5f866188a2fea47,aa34b72abcc982b1a6bfaf5b63821e6ed2732c188c9f63472240799d7240f8fc,00f56c6a6ed93c765fa92376cd87481bc0b57da3fb95e125dfa789d58c846a0c,0.043814863361905355,0.04395785160769086,0.003252848821221496,1.0000195310592688,24237.259064724763,3.157196726277794e-15,0.043813055688208785,0.04395604395604388,1.42988267835098e-07,5.482038978083136,5.451853496429848e-12,1.8076736965680622e-06,1.8076516469769312e-06,2.4078153515048713e-07,0.0014387475662157386,8.291120396011158e-09
16,checkerboard,graph,cylinder_045,0.2,3e2fb6534521bc2306f179a552ee9c0dc5e548de90f133b5b5f866188a2fea47,11a8b31c405576fcc7c478ae520fe415f81e473fa2ad12b7664cbea9361681bb,df5775a777befb289e44526ff6c1adcd22a4b13f2bc758ca03d510440cbcea87,0.11355510986418603,0.11355490377064217,1.8149242085756075e-06,1.0000097655773168,63430.32194652565,1.9554250691785035e-15,0.11355331965855292,0.11355311355311344,2.0610543947918724e-10,7.249905613948739,4.70098918126105e-13,1.7902056331084526e-06,1.7902175287385453e-06,1.299002806114006e-07,0.0014233568287967007,9.856710398885165e-08
16,checkerboard,graph,cylinder_135,0.2,3e2fb6534521bc2306f179a552ee9c0dc5e548de90f133b5b5f866188a2fea47,11cc34bf9050d982d8d0dc77ffee917075f727d69174c43e46a711ad52bf3449,667c507f53524149a991b85c26f763d589ecdd52cdbc7b17395debc5270facca,0.003665035201670405,0.0036648291081522286,5.6235505693245565e-05,1.0000097655773168,2006.7618534154758,8.524431160950073e-15,0.003663209768442138,0.003663003663003645,2.0610543849343062e-10,1.7366276292297984,5.560901565615506e-15,1.825433228266431e-06,1.8254451485839037e-06,1.3016986680132003e-07,0.0014373145555738184,1.7328310754220388e-08
16,checkerboard,graph,twist,0.2,3e2fb6534521bc2306f179a552ee9c0dc5e548de90f133b5b5f866188a2fea47,569f645be38c5bcc229a595b2b37c63d40dff1dbe9f3aa2b972cf75d21c18f64,02b259e3983bd668eb48aab4adf7b75576240d4a05cb144fcc8a8dc5e3cc4a6a,0.13751940009481345,0.13675463492406684,0.005592243152645236,1.0,55049.66557813106,2.638514406960727e-15,0.13751690204327038,0.13675213675213657,7.647652911338121e-07,7.2441118786281296,2.236127394361631e-13,2.4980515430760423e-06,2.4981719302564126e-06,1.3146280096439366e-06,5.1276761766567674e-05,7.751213040661081e-10
16,checkerboard,graph,dome,0.2,3e2fb6534521bc2306f179a552ee9c0dc5e548de90f133b5b5f866188a2fea47,3191a4f2476fae389d847019f7f8bbbeb64639c979685fc456a95ddf18a85411,ead6ada564cc80764ac54649c59ce6a04e1a8b51625241ad5298d76f1e97b607,0.1363754556475495,0.13675677621429277,0.002788312047848851,1.0000390617370902,29392.960830475564,2.638514406960727e-15,0.13637081607357598,0.13675213675213657,3.8132067856058716e-07,9.095641344198512,4.341268150520605e-12,4.639573973513493e-06,4.639462156190482e-06,1.221045167281611e-06,0.0028418230414040653,3.1672057826429515e-08
16,checkerboard,graph,saddle,0.2,3e2fb6534521bc2306f179a552ee9c0dc5e548de90f133b5b5f866188a2fea47,b74127e8a1e5827d1be6026b5f035fe80f10c4ce2efbcb539111a43df0cf0063,5167d975aa38a7ebb046d164c5ba1c2d2231c68ad15b068d819d92ad9865efba,0.13637331430571567,0.13675463492406684,0.002788356084332316,1.0000390617370902,54586.92725659734,2.638514406960727e-15,0.1363708160735761,0.13675213675213657,3.8132067856047614e-07,9.03691149700723,7.403074320233572e-12,2.4982321395841972e-06,2.4981719302564135e-06,6.574858593983346e-07,0.0003151733031094233,3.1550507004246993e-09
16,checkerboard,isometric,cylinder_000,0.2,3e2fb6534521bc2306f179a552ee9c0dc5e548de90f133b5b5f866188a2fea47,1d26cd1ec3ae3d74b2cff1ecae8a45fba1c706d52f76d86f18f5fcb7cf91f75c,957ccaff5c2a266605ecee13653930bec1048fd42cb851359dd2f1bf15656903,1.8546711039600406e-06,1.831501831501832e-06,0.012650422762181882,0.9999934895960476,0.012716352962100845,0.0,2.3288507505168844e-08,0.0,2.3288507505168844e-11,0.0026005785659098343,1.8881849203380663e-13,1.8313825964548716e-06,1.831501831501832e-06,1.302046712807149e-06,0.0014480087126760581,4.655973983497148e-08
16,checkerboard,isometric,cylinder_090,0.2,3e2fb6534521bc2306f179a552ee9c0dc5e548de90f133b5b5f866188a2fea47,7516cdf5c327ed2514c87c95c5263b3c2c7c7df688ba63c67cc47b4668af9624,46bcc3f45ada661ac7b50efb23abb570833bc949b0acc64cc26654e7d709da68,1.854671103960031e-06,1.831501831501832e-06,0.012650422762176679,0.9999934895960462,0.012716352962097686,0.0,2.3288507505163014e-08,0.0,2.3288507505163015e-11,0.002600578565904799,1.8881849203963658e-13,1.831382596454868e-06,1.831501831501832e-06,1.3020467128464597e-06,0.001448008712676056,4.6559739878907076e-08
16,checkerboard,isometric,cylinder_045,0.2,3e2fb6534521bc2306f179a552ee9c0dc5e548de90f133b5b5f866188a2fea47,926ec2e0944f61357792246ee8a53e1c9df51d4780f4c61fd26204801ca98e4e,7bbbc28be9026a6f05112faeb61ee09709044b98f1fe33ec51ab6a9f0e98d5c5,1.8861594026843416e-06,1.831501831501832e-06,0.029843033865650216,0.9999967445405349,0.02988229193151639,0.0,5.4727386170201287e-08,0.0,5.472738617020129e-11,0.003309733126472671,6.022499762792804e-14,1.8314320165141404e-06,1.831501831501832e-06,7.623796655928068e-07,0.0014394298823342858,1.1928401020018613e-07
16,checkerboard,isometric,cylinder_135,0.2,3e2fb6534521bc2306f179a552ee9c0dc5e548de90f133b5b5f866188a2fea47,36146c889c0487d5ec0e268b6eb59d463ed395d7540ce89fd9a92010b90cbb95,e9400dee1ebb1914f4200c23b7934014604203c5bd4750ab7894988f7c59fae6,1.8861594026843647e-06,1.831501831501832e-06,0.02984303386566282,0.999996744540536,0.029882291931539382,0.0,5.472738617024284e-08,0.0,5.4727386170242835e-11,0.003309733126275439,6.453313161288025e-14,1.8314320165141217e-06,1.831501831501832e-06,7.62379665796298e-07,0.001439429882334268,2.758977953884407e-10
16,checkerboard,graph,cylinder_000,0.6,3e2fb6534521bc2306f179a552ee9c0dc5e548de90f133b5b5f866188a2fea47,7b22d4b6f5a455eedb1d6e663eb464ec0c47ea656db5e3c4037f9f64813aade3,dc936de29310b9c0c036adf84a5c8d82ce919e1dc81db8fbaf21359c90b9c464,3.548872358478988,3.560454407129121,0.0032529692353150774,1.0001757658031911,239016.7741210547,3.118218988916341e-15,3.5488575107448748,3.560439560439553,1.1582049694678353e-05,55.97718434908547,1.2912804749909412e-09,1.484773411320281e-05,1.4846689567873197e-05,1.1406434999386776e-05,0.004123412891501504,1.3255661376781783e-07
16,checkerboard,graph,cylinder_090,0.6,3e2fb6534521bc2306f179a552ee9c0dc5e548de90f133b5b5f866188a2fea47,69f53baf2ca11c4af23e32a626f9086c75eb9429a81fde062db175943ff170f1,9a5fb5927ec8dad310912361a02ff7d3764a39e984591d3d534bd0aecebdb23b,3.548872358478988,3.560454407129121,0.0032529692353150774,1.0001757658031911,239016.7741210547,3.242947748472995e-15,3.5488575107448748,3.560439560439553,1.1582049694678353e-05,55.97718434908546,1.2912804749909412e-09,1.484773411320281e-05,1.4846689567873197e-05,1.1406434999386776e-05,0.004123412891501504,1.3255661380481623e-07
16,checkerboard,graph,cylinder_045,0.6,3e2fb6534521bc2306f179a552ee9c0dc5e548de90f133b5b5f866188a2fea47,225830c2668c08b5db18f0ed89a0b7370552ef4461eb694b0b6691d6ba6e84c1,7708a974251ddabf4ac4899a62c269188533103d207058d9a5c43cd1f6f9eb55,9.197832713829458,9.197816020169569,1.8149591003443573e-06,1.0000878867629586,665472.4679068484,2.3175408227300796e-15,9.197818892342715,9.197802197802183,1.6694540532213863e-08,76.87315625388311,2.266623315705374e-10,1.3821486742003289e-05,1.3822367386057043e-05,9.616633066988259e-06,0.003955433878376222,1.8271751302571194e-07
16,checkerboard,graph,cylinder_135,0.6,3e2fb6534521bc2306f179a552ee9c0dc5e548de90f133b5b5f866188a2fea47,5e9053aad62b7a69c1ce0d437b33f5f612ddcb72aba2bb7ad25d86e059159aa0,0e1af401c1049f8e137893518c601f35e2c6c408a53ed76ef9d2895d96a2b090,0.2967360118090151,0.29671931822815784,5.6260512314964845e-05,1.0000878867629586,18521.193686615592,8.606284409409131e-15,0.296719991243804,0.2967032967032951,1.6694540508899182e-08,16.369504467672844,2.281266259229753e-11,1.6020565211098125e-05,1.6021524862734378e-05,1.0479395867882343e-05,0.004261872792935467,2.1381065613314262e-07
16,checkerboard,graph,twist,0.6,3e2fb6534521bc2306f179a552ee9c0dc5e548de90f133b5b5f866188a2fea47,a596a52bbfee969abd24bb503ab279d2b90f66e0dfa0a076ec0f40d185928067,920b207d7d78d0fbb26dd80fe9daa09b7617b032a9f9f3c3a3612dfcaec97638,11.13888794397802,11.076941960404692,0.005592336205674602,1.0,590030.1866114888,2.7262143160240004e-15,11.138869065504819,11.076923076923057,6.194598858176192e-05,76.07469518025606,1.1512325670537393e-10,1.8878473200625102e-05,1.8883481634465917e-05,5.4692097541702475e-05,0.00013794484870537752,1.1501285024053318e-08
16,checkerboard,graph,dome,0.6,3e2fb6534521bc2306f179a552ee9c0dc5e548de90f133b5b5f866188a2fea47,0529dd803a716c6b6bdd313e6140ea5351ca4f7daba9fa7e53f108c16c5791b5,ee594342f8236c4b2f1b758616e8fd525c1dc7046041cfc5aa1f961c888375c6,11.046071175938499,11.076958146246092,0.0027883982136432035,1.0003515007236206,314935.35778337053,2.7262143160240004e-15,11.046036101959572,11.076923076923057,3.0886974963484805e-05,96.7054642821074,1.1156287627045459e-09,3.5073978926042435e-05,3.5069323035436704e-05,5.08423254145924e-05,0.007818413297261347,1.3018044541597462e-07
16,checkerboard,graph,saddle,0.6,3e2fb6534521bc2306f179a552ee9c0dc5e548de90f133b5b5f866188a2fea47,3644bdd18070cfb017d937884e26995e3cc3d752d81e426328fad4f37bc0248b,3baba6aa5326ec7b0df945163609e6b8c8bac7ccb5bba38b85850be5240daf42,11.046054987948224,11.076941960404692,0.0027884024820998107,1.0003515007236206,584879.9501691168,2.7262143160240004e-15,11.046036101959572,11.076923076923057,3.0886974963484805e-05,95.9441067993875,2.689134284139527e-10,1.8885988652484383e-05,1.8883481634465914e-05,2.7376636761680832e-05,0.0008545424925525446,1.4587050556715863e-08
16,checkerboard,isometric,cylinder_000,0.6,3e2fb6534521bc2306f179a552ee9c0dc5e548de90f133b5b5f866188a2fea47,87596afa3a5aeed37ace8048896616bca70fb881095771c7cf28ce57b69c064a,4be7caff89ff3bf9bbfcb6e80977a53ef85612aedf452964a400043b8dc2db39,1.836007253483587e-05,1.6483516483516486e-05,0.11384440044670922,0.9999414072799564,0.11449726091274001,0.0,1.8862119173593243e-06,0.0,1.8862119173593244e-09,0.023503420502481453,1.4163270132807744e-13,1.6473860617476545e-05,1.6483516483516486e-05,0.00010544205715615425,0.004340295034259781,7.121792384176625e-08
16,checkerboard,isometric,cylinder_090,0.6,3e2fb6534521bc2306f179a552ee9c0dc5e548de90f133b5b5f866188a2fea47,be5d534a61dc4e30aab0b1fdb96965b3fc2633d350b65067fa20c61267785a47,8f3a60fa798579d31c36bd9039ae9ce93f8cf18eab57dd80f3bda755ca9b628a,1.8360072534836028e-05,1.6483516483516486e-05,0.11384440044671888,0.9999414072799564,0.11449726091274971,0.0,1.886211917359484e-06,0.0,1.886211917359484e-09,0.023503420502461927,1.4163270116819997e-13,1.6473860617476545e-05,1.6483516483516486e-05,0.00010544205715615425,0.0043402950342597835,7.121792384176625e-08
16,checkerboard,isometric,cylinder_045,0.6,3e2fb6534521bc2306f179a552ee9c0dc5e548de90f133b5b5f866188a2fea47,bcfce5bf0d67b56e16c55d2abe910d71365e6e23922f6cceb05e8b40a0be6988,dcbc0f00b27144604b13342243dc6be51dd750f3daf6042e91f7e5851546ecec,2.09100186446999e-05,1.6483516483516486e-05,0.26854113111179384,0.9999706827868646,0.2689763856327583,0.0,4.432155950451736e-06,0.0,4.432155950451736e-09,0.02997978210692304,8.730064215039027e-13,1.6477862694248166e-05,1.6483516483516486e-05,6.173937881004869e-05,0.004316102166756013,1.1267716081972876e-06
16,checkerboard,isometric,cylinder_135,0.6,3e2fb6534521bc2306f179a552ee9c0dc5e548de90f133b5b5f866188a2fea47,8dfb89c6ef2d6af605ac7734f7d5a09831616dfc0104c08a576066aa4cdb750d,49d4db4ff9519e0331a197bd7da67c4fa5fd7c98f83659927dcf65d7c1b97d67,2.091001864470026e-05,1.6483516483516486e-05,0.2685411311118156,0.9999706827868651,0.2689763856328188,0.0,4.432155950452597e-06,0.0,4.432155950452597e-09,0.029979782106832366,1.057365841967804e-12,1.647786269424766e-05,1.6483516483516486e-05,6.173937881556145e-05,0.004316102166755848,6.858805040035278e-08
32,checkerboard,rest,rest,0.0,0c36c59f2c47771d68f6e8617e252f5e9f56c9cb2780b349e36dccef28c41119,0602a0b665ee1db8ecd143c24b73b1a86d2ab429c718a86302ba77a00197df21,415770ec18ee75ffebde9dbfed923fbcb1c1294f73e1bea51752afc52fe09c5e,8.80425117434165e-30,0.0,,1.0,,0.0,8.80425117434165e-30,0.0,8.80425117434165e-33,1.5860328923216538e-13,0.0,0.0,0.0,0.0,0.0,0.0
32,checkerboard,affine,extension,0.0,0c36c59f2c47771d68f6e8617e252f5e9f56c9cb2780b349e36dccef28c41119,5b333c755b594a970fe52ff348f43fa11f451f4c269eaccae79038b3b4312bdb,4f295cc67cb0a7a7b042a20bd485dc259d6a019d86782584a6603c1e1aa31736,0.05050145892857164,0.05050145892857147,3.4349967560944623e-15,1.006969999999998,,0.0,0.05050145892857164,0.05050145892857147,1.7347234759768072e-19,2.5193378076834847,9.703604744032424e-11,0.0,0.0,0.0,0.0,0.0
32,checkerboard,affine,shear,0.0,0c36c59f2c47771d68f6e8617e252f5e9f56c9cb2780b349e36dccef28c41119,56c12991c8be2eb960c0bdb38099b579a903fc9a8b9f1255bd035bf41de2b709,21df8d9fb1f80c1dec1ec0bc87a28c309ce45cd9c7fcdc775a89988b9c9e3db0,0.07694505494505503,0.07694505494505495,1.0821582609349746e-15,0.9999999999999964,,0.0,0.07694505494505503,0.07694505494505495,8.326672684688674e-20,2.7001824836191304,5.716712683789815e-11,0.0,0.0,0.0,0.0,0.0
32,checkerboard,graph,cylinder_000,0.2,0c36c59f2c47771d68f6e8617e252f5e9f56c9cb2780b349e36dccef28c41119,e88bfae2fa228dabb93e0750c06dc31b72b507687d6d8d8a04f2def3f2091cc8,3a4d4b4826004c72927b4f888831aa1e89d9465817eb716d2efe0aedfa76f1ed,0.04392208620635409,0.04395785160769086,0.0008136294206542151,1.0000048828005792,24296.796727352692,3.157196726277794e-15,0.04392027854919492,0.04395604395604388,3.576540684896434e-08,3.95424428877038,6.8402913749876506e-12,1.807657159174017e-06,1.807651646976931e-06,6.019319217935556e-08,0.0029472208950251906,3.437935945720659e-08
32,checkerboard,graph,cylinder_090,0.2,0c36c59f2c47771d68f6e8617e252f5e9f56c9cb2780b349e36dccef28c41119,f09d28e1c404590091a134b57c77f73e9eb674ac7e1f5a3b2eb512ae0d476d5f,f5da03b586ba9cd1c729efb7abd86abe0b9c9c652df6596e9dd17a1e9c5c5aa0,0.043922086206354086,0.04395785160769086,0.000813629420654373,1.0000048828005792,24296.796727352703,3.157196726277794e-15,0.04392027854919491,0.04395604395604388,3.576540684897128e-08,3.9542442887703797,6.840291388865438e-12,1.8076571591740157e-06,1.8076516469769312e-06,6.019319216316876e-08,0.0029472208950251893,3.437935945720659e-08
32,checkerboard,graph,cylinder_045,0.2,0c36c59f2c47771d68f6e8617e252f5e9f56c9cb2780b349e36dccef28c41119,ba48d04eb0a1c8d9ae8a5b82f4d7c75fdf8bb212791647650acf8132b7a5180c,a508261e00775ba231cb6a9c38cdccbf9f93181d0a6c6d86d9992e84d749e72d,0.11355491664925904,0.11355490377064217,1.1341312827314476e-07,1.0000024414032698,63429.89791346474,1.9554250691785035e-15,0.11355312643470455,0.11355311355311344,1.2881591113234059e-11,5.19662177913645,7.77626532610931e-13,1.7902145544932335e-06,1.7902175287385453e-06,3.247875880421662e-08,0.0029246539626567483,3.806367246770114e-08
32,checkerboard,graph,cylinder_135,0.2,0c36c59f2c47771d68f6e8617e252f5e9f56c9cb2780b349e36dccef28c41119,30ac4a47ed86f08ec6db48f8b7d66540caea5ac6ffc8de5f0cc2b3ff651eaac5,81084b0b56d5769ef85d45e53bac45a885c3a73c51a6b8cc0d48eccd76fb08c2,0.003664841986761721,0.0036648291081522286,3.5141091472886885e-06,1.0000024414032698,2006.6461752503421,8.524431160950073e-15,0.003663016544593703,0.003663003663003645,1.2881590058088505e-11,1.2608952715994513,1.451682220612871e-14,1.825442168017846e-06,1.8254451485839037e-06,3.254778135040451e-08,0.0029533145848202095,4.047302084745798e-08
32,checkerboard,graph,twist,0.2,0c36c59f2c47771d68f6e8617e252f5e9f56c9cb2780b349e36dccef28c41119,7521ea30c5c26c64ba951414ed1bcfd3c9fc1f929898f1b57b9059c08016d420,ad9f40500506def54de1737099003797cf70a34a92ddadeaf212c5eaaf843a76,0.1369455188052487,0.13675463492406684,0.00139581288259693,1.0,54817.952719531364,2.638514406960727e-15,0.1369430206634198,0.13675213675213657,1.9088391128321836e-07,5.159502116798702,1.2807987170848634e-12,2.498141828901751e-06,2.4981719302564126e-06,3.287067929071883e-07,5.125099785957657e-05,8.080026045927123e-10
32,checkerboard,graph,dome,0.2,0c36c59f2c47771d68f6e8617e252f5e9f56c9cb2780b349e36dccef28c41119,8faa1f0e25a19224b83e52c0c881a4e63293d071232561c4983a5e2595c67eb3,434b68b5004399b0af79d2894fd40c1d4905afb6e869acec45a08e12dd0f8423,0.13666140065954402,0.13675677621429277,0.0006974100837190374,1.0000097655773168,29455.12501389976,2.638514406960727e-15,0.13665676116943473,0.13675213675213657,9.537558270183988e-08,6.552920841229287,7.530473272732152e-12,4.639490109274598e-06,4.639462156190482e-06,3.0524767854155343e-07,0.0058399736377693235,9.327916902930452e-08
32,checkerboard,graph,saddle,0.2,0c36c59f2c47771d68f6e8617e252f5e9f56c9cb2780b349e36dccef28c41119,1d001372b6ba61d879f0f0113ca889e0ea6357be65d0da1da0dc1f6a5eaa2fb3,8f9d380039a4471e484bf224608d9a6556c3065d4f53b0d3eda44b64668a728b,0.13665925935641665,0.13675463492406684,0.0006974210980354918,1.0000097655773168,54702.37502581355,2.638514406960727e-15,0.13665676116943473,0.13675213675213657,9.537558270183988e-08,6.530756571018175,8.930384626237853e-12,2.4981869819171043e-06,2.4981719302564135e-06,1.6436413474408982e-07,0.0004447143822201463,3.192141599258447e-08
32,checkerboard,isometric,cylinder_000,0.2,0c36c59f2c47771d68f6e8617e252f5e9f56c9cb2780b349e36dccef28c41119,55547baefff8e04e2211c99c4d1310b7b9e4f4f744a2b52cf108b0e9d5fdb32e,3aeb136f3563d4338539a6d3940fa96e3d71fb48a3628dba349c7c843bdfc4aa,1.8329275652016754e-06,1.831501831501832e-06,0.0007784506001144726,0.999998372396623,0.0007947394624687646,0.0,1.4555430903793128e-09,0.0,1.4555430903793128e-12,0.0004632978857432464,2.1103452866953289e-13,1.831472022111296e-06,1.831501831501832e-06,3.255185446531708e-07,0.0029663901601880804,4.533473078267008e-09
32,checkerboard,isometric,cylinder_090,0.2,0c36c59f2c47771d68f6e8617e252f5e9f56c9cb2780b349e36dccef28c41119,51a603fede7fb4bff8fddb33841914c6fa6c31156e0834b836c68314b09e6c8d,143e8931d41b360832a332c88a7b26210960fbfbc8f01e91ff97eeadc00800eb,1.8329275652016745e-06,1.831501831501832e-06,0.0007784506001140102,0.9999983723966216,0.0007947394624694394,0.0,1.455543090380547e-09,0.0,1.4555430903805469e-12,0.00046329788574550216,2.1103452866829832e-13,1.8314720221112939e-06,1.831501831501832e-06,3.255185446762948e-07,0.002966390160188079,4.5334730713298085e-09
32,checkerboard,isometric,cylinder_045,0.2,0c36c59f2c47771d68f6e8617e252f5e9f56c9cb2780b349e36dccef28c41119,95a09e435847b1539c7853f228319382aa628e8189b38b717a3faabd72e42f76,beb7f28e7a535395460580a14e76381e0befdcdc1d90f813e8b50f8b507c2c18,1.8349061297287165e-06,1.831501831501832e-06,0.0018587468318789452,0.9999991861822133,0.0018676187037851557,0.0,3.4205167864444076e-09,0.0,3.4205167864444075e-12,0.0005876887104637328,4.1405094539569696e-13,1.8314856129422721e-06,1.831501831501832e-06,1.7710667039388408e-07,0.002957921290526027,8.162365559110292e-08
32,checkerboard,isometric,cylinder_135,0.2,0c36c59f2c47771d68f6e8617e252f5e9f56c9cb2780b349e36dccef28c41119,944306b2812d0f9910d031dcc87ee28c6290f767b932cae47b3b9c4182607013,1df0e87058cf73a4f889d2d23c15f43a41478d030d5976fa6b4af2e65e9f8326,1.834906129728544e-06,1.831501831501832e-06,0.0018587468317847148,0.9999991861822163,0.0018676187037836428,0.0,3.4205167864413206e-09,0.0,3.4205167864413205e-12,0.0005876887103203494,4.0380329873944374e-13,1.8314856129421027e-06,1.831501831501832e-06,1.7710667224380403e-07,0.0029579212905256895,6.480052134404559e-08
32,checkerboard,graph,cylinder_000,0.6,0c36c59f2c47771d68f6e8617e252f5e9f56c9cb2780b349e36dccef28c41119,e8068a2de2dcf06f54d4e2d41bd70a993d9e0a80b2dbd39e209e06cbd8c287c5,f52ea19bb3dc82eb967d764503f0dd244c0d80b55b4f6fbaf610d857e678a4ad,3.557557409435417,3.560454407129121,0.0008136595396091035,1.000043944346947,239614.35862162252,3.118218988916341e-15,3.5575425624847465,3.560439560439553,2.8969979548065795e-06,40.459244011178455,1.4737674218778806e-09,1.4846950670858997e-05,1.4846689567873197e-05,2.85124460493806e-06,0.008447893928602396,6.051877042290978e-07
32,checkerboard,graph,cylinder_090,0.6,0c36c59f2c47771d68f6e8617e252f5e9f56c9cb2780b349e36dccef28c41119,0025d87d77634cb8a3c16a1f54924fc7f08f5cc47316769724a3e491f1f33cc2,c0bc5591f78487017e80654e9ad01257ed228ab96755ac0f26a41f44f10d1997,3.5575574094354177,3.560454407129121,0.0008136595396089788,1.000043944346947,239614.3586216227,3.242947748472995e-15,3.557542562484747,3.560439560439553,2.896997954806135e-06,40.45924401117845,1.4737674214337915e-09,1.4846950670858987e-05,1.4846689567873197e-05,2.851244604827065e-06,0.008447893928602396,6.05187704247597e-07
32,checkerboard,graph,cylinder_045,0.6,0c36c59f2c47771d68f6e8617e252f5e9f56c9cb2780b349e36dccef28c41119,e5fe312abf5d7a42e27f2f9efa398b1ed5f3a5667ddb3c609ae9d0ceb906aa82,f0bbd682c989bcc3452f03e4d4dd94b13c8e88a19f7c6423f70e282680492780,9.197817063358277,9.197816020169569,1.1341700099910964e-07,1.0000219724148565,665439.5333278108,2.3175408227300796e-15,9.19780324121099,9.197802197802183,1.0434088064670277e-09,55.20886785738884,3.1612138684522506e-11,1.3822147288444825e-05,1.3822367386057043e-05,2.403465925416111e-06,0.008127882414378684,3.803154712679032e-07
32,checkerboard,graph,cylinder_135,0.6,0c36c59f2c47771d68f6e8617e252f5e9f56c9cb2780b349e36dccef28c41119,cb257cc1499e50745a6b7fb5d095195f884751360a9de817d2584bffd7d5374b,9b1f09778214608a7f3257dbee16786055500c0bedcce717424f327ea9807c71,0.2967203613967952,0.29671931822815784,3.5156748255874416e-06,1.0000219724148565,18519.3850168158,8.606284409409131e-15,0.2967043401120796,0.2967032967032951,1.0434087844846118e-09,11.9038409503846,6.370302174651954e-12,1.6021284715592277e-05,1.6021524862734378e-05,2.6224067917459343e-06,0.008754514051582358,2.147075014720216e-07
32,checkerboard,graph,twist,0.6,0c36c59f2c47771d68f6e8617e252f5e9f56c9cb2780b349e36dccef28c41119,c08dbba9aefde47fe8b6ecb8233fa2583bca8655c421751ad337318b64e2b05f,5aae512d2c4510c3ba14177f7558cc54dccc44c7465e1802cb898b958b9e7cc9,11.092403555965598,11.076941960404692,0.0013958361085734863,1.0,587451.0292476525,2.7262143160240004e-15,11.092384673736916,11.076923076923057,1.5461596813858946e-05,54.2116129269165,1.6247055611984252e-10,1.8882228682011017e-05,1.8883481634465917e-05,1.3682240807505684e-05,0.00013742393401070888,9.407524083874942e-09
32,checkerboard,graph,dome,0.6,0c36c59f2c47771d68f6e8617e252f5e9f56c9cb2780b349e36dccef28c41119,f2c1ed6aa05ed7f25f5644147d29babfe78d81413ab1da9e44b9d2c464f55e36,e14a914f1773b1ce56a94c6a454f793014803eb7b1c3895ceb649543830da643,11.069232725210949,11.076958146246092,0.000697431635395453,1.0000878867629586,315627.1457746824,2.7262143160240004e-15,11.069197654724132,11.076923076923057,7.725422198925358e-06,69.79628394588511,1.0499635862970536e-09,3.50704868161946e-05,3.5069323035436704e-05,1.270848587625969e-05,0.01606584714494042,2.2867914034065647e-07
32,checkerboard,graph,saddle,0.6,0c36c59f2c47771d68f6e8617e252f5e9f56c9cb2780b349e36dccef28c41119,0fb2bda57c14aa0df65ae3864aab4f0c003938948403292ca220eb8a407ede61,cfe22c30e7316f5d2d9427996cd8cc453d4470e4d5a8ce50b7b420cbdf27f40f,11.069216538832418,11.076941960404692,0.0006974327029869515,1.0000878867629586,586164.6992958372,2.7262143160240004e-15,11.069197654724132,11.076923076923057,7.725422198925358e-06,69.50757090322702,3.619186834669108e-10,1.8884108285643297e-05,1.8883481634465914e-05,6.8430308570309616e-06,0.0012054630580967947,8.441560803523175e-08
32,checkerboard,isometric,cylinder_000,0.6,0c36c59f2c47771d68f6e8617e252f5e9f56c9cb2780b349e36dccef28c41119,ca73b6d8e77c5997c560d09fa64b0b0a7b6efc2f6a4ea9fc9063dbea66982ffc,d9faeeffbc6a0066c2ff6bece8c937d4991121e90f29c294636a3bc434307c3b,1.6598998592823384e-05,1.6483516483516486e-05,0.007005914631285147,0.9999853516268684,0.007153437537436267,0.0,1.1789653412501108e-07,0.0,1.1789653412501109e-10,0.004178836422350883,1.802628909889178e-13,1.6481102058698373e-05,1.6483516483516486e-05,2.6365519013790556e-05,0.008897213799237217,1.238074893864985e-06
32,checkerboard,isometric,cylinder_090,0.6,0c36c59f2c47771d68f6e8617e252f5e9f56c9cb2780b349e36dccef28c41119,1254d36650940620d2d5d5f6bb33a8189372fae8137e14e2e5fd89e0dbdde5c2,cfcec62fd1e43135643eb27c26c0a02b1994ecc4d6a9fe65bfede2b86afaa0f4,1.659899859282345e-05,1.6483516483516486e-05,0.007005914631289257,0.9999853516268634,0.007153437537441254,0.0,1.1789653412509318e-07,0.0,1.1789653412509318e-10,0.004178836422407813,1.8026289090683502e-13,1.648110205869836e-05,1.6483516483516486e-05,2.636551901393855e-05,0.00889721379923721,1.23807489375399e-06
32,checkerboard,isometric,cylinder_045,0.6,0c36c59f2c47771d68f6e8617e252f5e9f56c9cb2780b349e36dccef28c41119,9db0b70a0016bbe945d8b4f993a1a2a995e661eafd7a4359f7da5a4cf466db6d,2a82f8d56261a1445291503a36c90fdb815c4bd4305fbf6013cb794bf75cbccb,1.675925279235631e-05,1.6483516483516486e-05,0.01672800273628263,0.9999926745099336,0.016809036383136796,0.0,2.770499472968453e-07,0.0,2.7704994729684533e-10,0.005307415135564149,4.013504865729452e-13,1.6482202845059464e-05,1.6483516483516486e-05,1.4344931950677256e-05,0.008872623810453536,8.174713647639958e-07
32,checkerboard,isometric,cylinder_135,0.6,0c36c59f2c47771d68f6e8617e252f5e9f56c9cb2780b349e36dccef28c41119,a08aceb9d501f03f9974f6ab9845885578c3fef31d89204ee7faecd16537ed09,ff319724f17219e4c3926906a14286cf303609aaf515daab7fd2a0dba414b7e2,1.6759252792355272e-05,1.6483516483516486e-05,0.016728002736219733,0.9999926745099366,0.0168090363831308,0.0,2.77049947296731e-07,0.0,2.7704994729673103e-10,0.005307415135467072,4.75110687954877e-13,1.6482202845058542e-05,1.6483516483516486e-05,1.434493196074082e-05,0.008872623810452904,4.2411798342994583e-07
