resolution,diagonal,family,field,curvature_inv_m,structure_sha256,current_positions_sha256,float32_positions_sha256,total_energy_j,reference_total_energy_j,total_relative_error,minimum_area_ratio,membrane_to_bending_ratio,reference_quadrature_error,membrane_energy_j,reference_membrane_energy_j,membrane_normalized_error,membrane_force_norm_n,membrane_float32_normalized_energy_difference,bending_energy_j,reference_bending_energy_j,bending_normalized_error,bending_force_norm_n,bending_float32_normalized_energy_difference
4,forward,rest,rest,0.0,ccdbad66095304f36335d5f7edeb9624a0684dd10fc1c79e4efde0cb330e371f,4e6d932e82e1339443f38ff2afc165d580003ad04de31d2f56bddcb2bf2329fc,560a5da7af7e04ca0ba30663a103a633db49511eefc5554e0ba1bc54c84a10b6,6.162975822039155e-30,0.0,,1.0,,0.0,6.162975822039155e-30,0.0,6.162975822039155e-33,5.5511151231257833e-14,0.0,0.0,0.0,0.0,0.0,0.0
4,forward,affine,extension,0.0,ccdbad66095304f36335d5f7edeb9624a0684dd10fc1c79e4efde0cb330e371f,5dcb04c3c6c0c5e0a0b3ca19a73e4a9d78de58f70cfa8fbd4abd47a038868b17,da59ebc42cae27301cad6683cc8216117013861ac0bc036e6bf677e782f7f650,0.05498776012500019,0.054987760124999986,3.659503910613411e-15,1.0069699999999997,,0.0,0.05498776012500019,0.054987760124999986,2.0122792321330963e-19,6.998497124158891,3.414289946601645e-11,0.0,0.0,0.0,0.0,0.0
4,forward,affine,shear,0.0,ccdbad66095304f36335d5f7edeb9624a0684dd10fc1c79e4efde0cb330e371f,66aca2c7e1a40b56e562429a888a77269f3c18df40c4e303fb7b5793ddeb6088,12b7fb833460f543e6bf3e065cc2400696f9b8973c679a12821deca9f1b3e798,0.10002000000000028,0.10002000000000001,2.636252432998147e-15,0.9999999999999996,,0.0,0.10002000000000028,0.10002000000000001,2.6367796834847467e-19,9.357884750305494,9.484517551894278e-11,0.0,0.0,0.0,0.0,0.0
4,forward,graph,cylinder_000,0.2,ccdbad66095304f36335d5f7edeb9624a0684dd10fc1c79e4efde0cb330e371f,688d90f76f3fe0bc72fc019ddb06c74abbb64c43f4b7ed5a5b0910a954680ad1,3aa5ba2021ed45ed2eb3b058c9f5ee78e21602501e60894616d1c71872dd3be1,0.0379410984092753,0.040001644962998684,0.05151154547842665,1.000312451187128,23059.51239114156,3.1225022567582583e-15,0.037939453125000355,0.03999999999999993,2.0605468749995764e-06,8.532024641814255,6.226765492112207e-12,1.645284274943082e-06,1.6449629987490068e-06,3.855314328900754e-06,0.00011175628689220558,4.182342127754168e-09
4,forward,graph,cylinder_090,0.2,ccdbad66095304f36335d5f7edeb9624a0684dd10fc1c79e4efde0cb330e371f,03d3472b88ee82e556e8e3445948ee9a0ee105dccf02db6b2fd7b261889a4b28,83804f421dabb5d782bd428f14248eb681429bd99ffea1db1e2a60917a848fc0,0.0379410984092753,0.040001644962998684,0.05151154547842665,1.000312451187128,23059.512391141572,3.1225022567582583e-15,0.037939453125000355,0.03999999999999993,2.0605468749995764e-06,8.532024641814255,6.226765492112207e-12,1.645284274943081e-06,1.6449629987490066e-06,3.855314328893131e-06,0.00011175628689220551,4.182342135377465e-09
4,forward,graph,cylinder_045,0.2,ccdbad66095304f36335d5f7edeb9624a0684dd10fc1c79e4efde0cb330e371f,0e3c242927c3e0a7a6c33ac38c8b5817272466418e781d849f247db3693debaa,c16f9c9defe7b6e06b9b3184f653f73db4c1d9193d5404606a5b7f34380ca8ba,0.10514078910274689,0.10333496243128437,0.01747546647305706,1.0001562377948756,64544.26858443933,2.148818757339015e-15,0.10513916015625076,0.10333333333333322,1.8058268229175362e-06,11.573052658165645,9.10986851232476e-12,1.628946496135495e-06,1.629097951152076e-06,1.8174601989705242e-06,9.42420829661532e-05,4.220555967500536e-10
4,forward,graph,cylinder_135,0.2,ccdbad66095304f36335d5f7edeb9624a0684dd10fc1c79e4efde0cb330e371f,d48203bf10d288e24e725e4f9daa15a70271260d24c181b4baf2a0841897e48f,2b0f0c659f11f70ded04e07f71717ad0a903992983803bc4d362e7ed2bbb4959,0.0030900398845455576,0.0033349944884185274,0.07344977772036097,1.0001562377948756,1859.3734274788546,8.7169854667835e-15,0.0030883789062500695,0.003333333333333316,2.449544270832467e-07,2.392952976056506,7.494241685557235e-14,1.6609782954883018e-06,1.6611550852113524e-06,2.1214766766073e-06,8.789166249077364e-05,7.845760580929215e-11
4,forward,graph,twist,0.2,ccdbad66095304f36335d5f7edeb9624a0684dd10fc1c79e4efde0cb330e371f,a4deab3309d5a170250a523196b6c72ae38f69885115506bbda48866e55b30cf,db82b0f6a72b4ae711185c6244cfb470fa9c4ea3a97dedc04f36bbfe1f13154a,0.14180012026715613,0.12444769206795359,0.13943551632703163,1.0,43693.43669440868,2.7879484435341585e-15,0.141796875000001,0.12444444444444425,1.7352430555556742e-05,11.943613454216898,1.5203850955991526e-11,3.245267155150245e-06,3.2476235093333368e-06,2.8276250197100585e-05,8.990772065218293e-05,9.816599488447547e-10
4,forward,graph,dome,0.2,ccdbad66095304f36335d5f7edeb9624a0684dd10fc1c79e4efde0cb330e371f,c2c293637a4d948023d16816d07e00d5ddbfbeac6ed6911b59fc7889fffee7a3,0b6ca47ee690107b96d0c58748a0d1cae3095ac36a8c8819cb7cbca56d524a96,0.11894856137698286,0.12444769206795359,0.04418828987176377,1.000624804809475,36611.208472930135,2.7879484435341585e-15,0.11894531250000061,0.12444444444444425,5.499131944443639e-06,14.355287520114558,1.7225105161666754e-11,3.248876982248408e-06,3.2476235093333368e-06,1.5041674980856575e-05,0.0001570034341754228,6.377811558093633e-09
4,forward,graph,saddle,0.2,ccdbad66095304f36335d5f7edeb9624a0684dd10fc1c79e4efde0cb330e371f,67a054c46b292490f46dc1deb5af2504fe189e3e962ecd5f96ce42c0bf434d9e,bacb6405d9100b016f62864e6fbfb30665b5ed13cc1cf984ed1841712756c250,0.11894856137698287,0.12444769206795359,0.04418828987176366,1.000624804809475,36611.20847293013,2.7879484435341585e-15,0.11894531250000062,0.12444444444444425,5.4991319444436244e-06,14.060156054654964,5.328912616731074e-12,3.248876982248409e-06,3.2476235093333368e-06,1.5041674980866739e-05,0.0001565830896212496,2.1889084122328874e-09
4,forward,isometric,cylinder_000,0.2,ccdbad66095304f36335d5f7edeb9624a0684dd10fc1c79e4efde0cb330e371f,a09e398e476d2a7914efa7a8aa9e43e28e2c36c78aa698bce2611eab659ce07b,4eb9061a531084df440235e044aa3d5ba317d277e106d37bb20ff4034cf0645f,7.089374412320404e-06,1.6666666666666669e-06,3.253624647392242,0.9998958365884931,3.258058129167824,0.0,5.424443075719342e-06,0.0,5.4244430757193416e-09,0.0690158712318411,2.3342429954740725e-12,1.6649313366010623e-06,1.6666666666666669e-06,2.082396078725483e-05,0.00011261858291340465,8.489363183782073e-10
4,forward,isometric,cylinder_090,0.2,ccdbad66095304f36335d5f7edeb9624a0684dd10fc1c79e4efde0cb330e371f,2301c0720b3cbe1804c27ce45ac0a3fbb95b02d5a7cb7266e83ed03c8346e433,0f915b734adc790d7a90d806fa3d036f978f5b2b414554f2fd53727cfdc3f5be,7.089374412320146e-06,1.6666666666666669e-06,3.253624647392087,0.9998958365884929,3.258058129167672,0.0,5.424443075719084e-06,0.0,5.424443075719084e-09,0.06901587123182866,2.3342429957315704e-12,1.664931336601061e-06,1.6666666666666669e-06,2.0823960787270077e-05,0.00011261858291340457,8.489363310837015e-10
4,forward,isometric,cylinder_045,0.2,ccdbad66095304f36335d5f7edeb9624a0684dd10fc1c79e4efde0cb330e371f,a8ccec4039165918f9c4d276bda8f6eb45212ae03f1a82743c46d9c7b2e7bb2c,3719abfcb209d5e351b8896dbe5a4d669e45c80891cfa0a330230b10302dece9,3.0220225887636724e-06,1.6666666666666669e-06,0.8132135532582032,0.9999479174804613,0.8141582147595534,0.0,1.3562237823656274e-06,0.0,1.3562237823656273e-09,0.03451654890100962,3.842566825324661e-14,1.6657988063980453e-06,1.6666666666666669e-06,1.0414323223459478e-05,9.557895459260787e-05,1.3397648824907274e-09
4,forward,isometric,cylinder_135,0.2,ccdbad66095304f36335d5f7edeb9624a0684dd10fc1c79e4efde0cb330e371f,a5bc141cdcd9902c3489b68dbf57e8ca664ce2a4ec510962f997ca04bf97ba75,02ef35dcb54eed73c60450c7f4b5ec66b7dd26616f284ef1825196e1f93c56f2,3.556018737974642e-05,1.6666666666666669e-06,20.336112427847848,0.9999478523973133,20.369212760281584,0.0,3.38961023346557e-05,0.0,3.38961023346557e-08,0.1723305790318918,1.254953497213272e-12,1.6640850450907223e-06,1.6666666666666669e-06,3.0979458911335476e-05,8.810724253264947e-05,3.4217025930992394e-10
4,forward,graph,cylinder_000,0.6,ccdbad66095304f36335d5f7edeb9624a0684dd10fc1c79e4efde0cb330e371f,90b958f29652e2e36d63a1c8dd99a9cc7e051fb519b91f51d71af1d09ea90d78,e922929e6ee5cf4e1b6ce9e179d5a49fe105659a318ff85e39071ecb68c44a52,3.073109228859886,3.2400135104875,0.0515134523628889,1.002808556006579,227203.60336400036,3.2895497025930635e-15,3.073095703125005,3.239999999999993,0.00016690429687498832,86.10698133868136,6.597606190261729e-10,1.3525734881068908e-05,1.3510487506764605e-05,0.00018296849165163508,0.00031695628777911035,2.5358799634548745e-08
4,forward,graph,cylinder_090,0.6,ccdbad66095304f36335d5f7edeb9624a0684dd10fc1c79e4efde0cb330e371f,6c27ec1fd34577189c5e2a7d576a58500a917af3158da963803e4caf247a3ce1,b10376619c74405c1e54a28568477d24083cff348f88c526aec59a1e712b5b77,3.073109228859886,3.2400135104874996,0.051513452362888776,1.002808556006579,227203.60336400042,3.4266142735344415e-15,3.073095703125005,3.2399999999999927,0.00016690429687498786,86.10698133868136,6.597606190261729e-10,1.3525734881068904e-05,1.3510487506764605e-05,0.00018296849165159442,0.00031695628777911024,2.5358799654877535e-08
4,forward,graph,cylinder_045,0.6,ccdbad66095304f36335d5f7edeb9624a0684dd10fc1c79e4efde0cb330e371f,7a5fb48c884f967ea1adf5f2fb54662fed8b42ae36324f512b89cb7e1641ef73,7c0797d77b238a1d6cd1c80402ca6540a31ae9f5e3eea9c3196d90c8d3e11e4b,8.516284546593129,8.370012578354308,0.01747571665747494,1.0014052626184866,677295.5883380197,2.122290130705201e-15,8.516271972656256,8.369999999999987,0.0001462719726562689,122.67869305786085,5.548564772084319e-10,1.2573936873786364e-05,1.2578354321311905e-05,5.300937030648623e-05,0.00026024201211220164,3.237420654635375e-08
4,forward,graph,cylinder_135,0.6,ccdbad66095304f36335d5f7edeb9624a0684dd10fc1c79e4efde0cb330e371f,8d65ac0df15a2248699479203fd4968a8263534e2e0dcf681d1a14ac38065805,c9d3ccc7f800e6cc14e5b6c0e9c2f882031224d1626ad476e56e1dbf1d094fe9,0.25017325504233623,0.2700145795876236,0.0734824192663588,1.0014052626184866,17176.9391887795,8.840664825718887e-15,0.25015869140625085,0.2699999999999985,1.9841308593747664e-05,22.386121766879057,3.5046835156204993e-11,1.456363608538954e-05,1.4579587625088285e-05,0.00019141847638494522,0.0002562261202738471,1.1108294297422494e-08
4,forward,graph,twist,0.6,ccdbad66095304f36335d5f7edeb9624a0684dd10fc1c79e4efde0cb330e371f,f9d2cd4e29357d0821e3e7212baefd03720e7673e9526c59477e3cdc325745e2,338b187cd1d90628cbe905f77accd2ac8faf8ccdc11115b52033692b812d2388,11.485571371202143,10.080024548526106,0.13943882933118004,1.0,468870.513615453,2.8196140307940537e-15,11.485546875000011,10.07999999999998,0.001405546875000031,127.60864511698949,1.046062978460327e-09,2.449620213144807e-05,2.4548526124805685e-05,0.0006278879202913621,0.0002463450078402872,2.6193617872036397e-08
4,forward,graph,dome,0.6,ccdbad66095304f36335d5f7edeb9624a0684dd10fc1c79e4efde0cb330e371f,46e78a12a857574f1d0f9bebd579f08901f4711869ea366542b3d1943e58ae9f,430f3c9f05f5d33db221657db2065dcfa8c06c8e0f4ca7333bc5b9b6948e7d46,9.63459491334427,10.080024548526106,0.044189340317327616,1.0056092680559383,391635.7589091527,2.8196140307940537e-15,9.634570312500006,10.07999999999998,0.0004454296874999741,151.0342778589646,2.442280493397675e-10,2.4600844262372186e-05,2.454852612480569e-05,0.0006278176507979724,0.00042355868143781935,4.950131324537709e-08
4,forward,graph,saddle,0.6,ccdbad66095304f36335d5f7edeb9624a0684dd10fc1c79e4efde0cb330e371f,68f4dcdb35020e14f7467945a0e35465e7c36a0801e2df24c63a69c31398502a,540f2e6d616a4e37f97e89accdbaa5f91d04a575cea0868b2a71e9eacd32c427,9.63459491334427,10.080024548526106,0.044189340317327616,1.0056092680559383,391635.7589091524,2.8196140307940537e-15,9.634570312500006,10.07999999999998,0.0004454296874999741,147.40626159370322,6.845918303355347e-10,2.4600844262372206e-05,2.454852612480569e-05,0.0006278176507982163,0.00042317750718646584,3.3852730839910306e-08
4,forward,isometric,cylinder_000,0.6,ccdbad66095304f36335d5f7edeb9624a0684dd10fc1c79e4efde0cb330e371f,3968ddb60f2f5c1da81a94758696da2e14815c494a812545587c51d1f7d60cea,14c31665cdf02ef7998dd133bdd261e2259a87573fb6db3b81e8054b30233788,0.0004536544002804807,1.4999999999999999e-05,29.243626685365385,0.9990627636365645,29.528676619815613,0.0,0.00043879445708903486,0.0,4.3879445708903486e-07,0.6293929060399253,7.591152429960515e-13,1.4859943191445835e-05,1.4999999999999999e-05,0.0016806817026499613,0.0003351407803687888,2.3876903262171588e-08
4,forward,isometric,cylinder_090,0.6,ccdbad66095304f36335d5f7edeb9624a0684dd10fc1c79e4efde0cb330e371f,398b1c95e9f401f4b1beb12bdfd41278b91018442f78ca183e8ae89d4239d025,6e20409577caf5a1508fcf9214c9fea73c25abeb6cc3a2a84857f5af971d914e,0.0004536544002804785,1.4999999999999999e-05,29.24362668536524,0.9990627636365643,29.52867661981546,0.0,0.0004387944570890327,0.0,4.387944570890327e-07,0.6293929060399346,7.591152408276472e-13,1.4859943191445839e-05,1.4999999999999999e-05,0.0016806817026499205,0.0003351407803687887,2.387690334348675e-08
4,forward,isometric,cylinder_045,0.6,ccdbad66095304f36335d5f7edeb9624a0684dd10fc1c79e4efde0cb330e371f,95e1e55f72ddd293d6b3c3991d5cc31d4dc2fde6283fe19ef56814744c36a2bf,5171b87937bf17b9be47d6914a0916c4ff2a067ecf03e6e80e31776e306eb6d0,0.00012471074549856082,1.4999999999999999e-05,7.314049699904055,0.9995313159135544,7.35312578090181,0.0,0.00010978091578335485,0.0,1.0978091578335485e-07,0.3153947246942643,1.0338228637556515e-12,1.4929829715205957e-05,1.4999999999999999e-05,0.0008420434175285003,0.00028695075850318784,1.0906826168540244e-07
4,forward,isometric,cylinder_135,0.6,ccdbad66095304f36335d5f7edeb9624a0684dd10fc1c79e4efde0cb330e371f,cbc852e684ce878e3b026977cdb5f94d3a9c063da7908435ed8b19e5e0edcb03,c4c7b356fd0f02ae58d21a9e6340bce30c9f1063a795ab601d83c2eaa4d54a2d,0.00275240791999746,1.4999999999999999e-05,182.493861333164,0.9995260577661731,185.0686725789013,0.0,0.0027376154894294914,0.0,2.7376154894294915e-06,1.5566617742197655,1.1320332772742081e-11,1.479243056796849e-05,1.4999999999999999e-05,0.0024908331843781105,0.00026142423790553073,9.487443891219218e-09
8,forward,rest,rest,0.0,74313974c50f056361c4e62755054dc384033618fa4a0773f2e3ae7ab56368f5,bd678fa93f59093c55a1c819d54c5dccaae6f5b86c7ecba869430fed13507c38,b0266b6785b388615bd7e2e72db311db56bfd73e6573dde9bed7817b9b7e0135,6.162975822039155e-30,0.0,,1.0,,0.0,6.162975822039155e-30,0.0,6.162975822039155e-33,3.925231146709438e-14,0.0,0.0,0.0,0.0,0.0,0.0
8,forward,affine,extension,0.0,74313974c50f056361c4e62755054dc384033618fa4a0773f2e3ae7ab56368f5,941e240e9459ee7af672e81c3ffb9cddcdabfcd4fb34aa16f679fb7ccbbdd78f,3a0196fe18af1c8735778e303b7a4e7fe161104c14d44d2d4b0f284f51525e0d,0.054987760125000125,0.054987760124999986,2.5237958004230417e-15,1.0069699999999997,,0.0,0.054987760125000125,0.054987760124999986,1.3877787807814457e-19,5.122375390497575,3.411417694859642e-11,0.0,0.0,0.0,0.0,0.0
8,forward,affine,shear,0.0,74313974c50f056361c4e62755054dc384033618fa4a0773f2e3ae7ab56368f5,99a1d09b95649c4de9714b6a752c3a4b6d5935be189cf00b6a99153f2544bb86,882c5a13537ec558a6ab5f08c82f4c71be8df86b3ecad02039e42e6f0ab8602e,0.10002000000000005,0.10002000000000001,4.1625038415760215e-16,0.9999999999999991,,0.0,0.10002000000000005,0.10002000000000001,4.163336342344337e-20,6.849270307850317,8.190839315136422e-11,0.0,0.0,0.0,0.0,0.0
8,forward,graph,cylinder_000,0.2,74313974c50f056361c4e62755054dc384033618fa4a0773f2e3ae7ab56368f5,bb0bf3af5910d733446cca77095f86328a5409043209a0c7d3538c41a5ad77d0,747b4160f7d8fabdd3fe33c5e7858b4ff727c5bf9e20de5759bbd4acfc3a062c,0.039482235863583806,0.040001644962998684,0.012984693501862944,1.0000781219484807,23999.727859698374,3.1225022567582583e-15,0.039480590820312855,0.03999999999999993,5.194091796870762e-07,6.647912710750126,4.386631106967354e-12,1.6450432709535333e-06,1.6449629987490068e-06,9.632664543179984e-07,0.0001618190560190018,2.292840574588434e-09
8,forward,graph,cylinder_090,0.2,74313974c50f056361c4e62755054dc384033618fa4a0773f2e3ae7ab56368f5,c970582ffe17a654387dde28f14f0b382f713274eb1b8b1a102c0cd3d51bd046,036adfc44ab237af70f4f6327069f803f2eac7455db73bda64768f9c62de5115,0.039482235863583806,0.040001644962998684,0.012984693501862944,1.0000781219484807,23999.727859698392,3.1225022567582583e-15,0.039480590820312855,0.03999999999999993,5.194091796870762e-07,6.647912710750126,4.386631106967354e-12,1.645043270953532e-06,1.6449629987490066e-06,9.63266454305293e-07,0.00016181905601900175,2.2928405695062364e-09
8,forward,graph,cylinder_045,0.2,74313974c50f056361c4e62755054dc384033618fa4a0773f2e3ae7ab56368f5,661c1d1e9e4b8e8c978a68f77e4feb3208ccc58423941384d0c5b6e164dcd061,e4d7a8ac790237f2fb509d1e395b37db21607da0117246992a1066443201e0fd,0.10378962344488375,0.10333496243128437,0.0043998759268115166,1.0000390617370902,63710.352538015315,2.148818757339015e-15,0.10378799438476635,0.10333333333333322,4.5466105143313064e-07,8.676972453221614,1.1719723247427537e-12,1.629060117393592e-06,1.629097951152076e-06,4.540051018084404e-07,0.00012487613026781512,5.562240274083587e-10
8,forward,graph,cylinder_135,0.2,74313974c50f056361c4e62755054dc384033618fa4a0773f2e3ae7ab56368f5,2ae83595e459d06796ac81b4a92b7dbdcfd04ff47c2d647e990231c263a268a1,6b1a3fe212e244a327e133e7b3b09eedc5db64d72aacc74984d3ff8f7d1f6f8e,0.0032708566674912584,0.0033349944884185274,0.019231762196309808,1.0000390617370902,1968.0779013394842,8.7169854667835e-15,0.0032691955566407096,0.003333333333333316,6.413777669260663e-08,1.9908423997104359,2.729053463247644e-13,1.6611108505489939e-06,1.6611550852113524e-06,5.308159483024169e-07,0.00012126857436211366,7.523449865417977e-10
8,forward,graph,twist,0.2,74313974c50f056361c4e62755054dc384033618fa4a0773f2e3ae7ab56368f5,958ec1b8a688f7cf4ae2b2c98ac9db249d7c12a7d4264f7ece70bfa35c3d9638,f1982ba592c5d16500489b5b84c00c3f501479eb71062cfd96b83206f0ef92b1,0.12878742672195556,0.12444769206795359,0.03487195770277765,1.0,39662.09212898848,2.7879484435341585e-15,0.1287841796875009,0.12444444444444425,4.339735243056641e-06,8.477653974587676,8.746648738622298e-12,3.247034454679568e-06,3.2476235093333368e-06,7.068655845225182e-06,8.977767754000096e-05,2.497427019012991e-09
8,forward,graph,dome,0.2,74313974c50f056361c4e62755054dc384033618fa4a0773f2e3ae7ab56368f5,cedabc8f717bb4291fff8510a72d5e14233103e3d404cfad74589f8d74af4873,a2bdb289fe230e4fe8fe1e1921cf505e3288822f81e36c0d8011868474dc7c52,0.12306232996790442,0.12444769206795359,0.01113208350455145,1.0001562377948756,37888.38735223093,2.7879484435341585e-15,0.12305908203125071,0.12444444444444425,1.385362413193536e-06,11.075247117723546,3.590628655514294e-12,3.247936653709406e-06,3.2476235093333368e-06,3.757732512829593e-06,0.00022719992143605634,7.140930745279232e-09
8,forward,graph,saddle,0.2,74313974c50f056361c4e62755054dc384033618fa4a0773f2e3ae7ab56368f5,d8c59db56d5796db52030f28ec4058013f6bb4311b115715974e9d4124d19ae8,2e748a1117ea0d102f693bc011337359f83ca9701db43b40c29249bcd11052c2,0.1230623299679044,0.12444769206795359,0.011132083504551674,1.0001562377948756,37888.3873522309,2.7879484435341585e-15,0.12305908203125068,0.12444444444444425,1.3853624131935638e-06,10.929702507919492,6.7898808658872766e-12,3.2479366537094076e-06,3.2476235093333368e-06,3.757732512849922e-06,0.00022727886371875326,6.253513901372312e-09
8,forward,isometric,cylinder_000,0.2,74313974c50f056361c4e62755054dc384033618fa4a0773f2e3ae7ab56368f5,75b945f8af0fa05edc521e7f934da6f75d2d2258f64c169ec4fb2da98e03793b,e4425fe1f0a51b62848a47b1ec8356492c21e07ac550d24fa9274cf38c00f143,2.0053027608982225e-06,1.6666666666666669e-06,0.20318165653893333,0.9999739585367825,0.20349503144703646,0.0,3.390700731844036e-07,0.0,3.390700731844036e-10,0.01262055711766448,5.860239767656849e-13,1.6662326877138187e-06,1.6666666666666669e-06,5.207747434177877e-06,0.00016327171356752198,7.26830597254759e-09
8,forward,isometric,cylinder_090,0.2,74313974c50f056361c4e62755054dc384033618fa4a0773f2e3ae7ab56368f5,b8dc3110a7893b7d2aaf269c81707f8a6defd7990821f9d445ff0ceab379c33c,07ed8ee41a5f381474ae44682a1e402987e21bf8a5361abcd78ee6119168d931,2.0053027608980933e-06,1.6666666666666669e-06,0.20318165653885584,0.999973958536782,0.2034950314469595,0.0,3.390700731842752e-07,0.0,3.3907007318427525e-10,0.012620557117651665,5.860239768940104e-13,1.666232687713818e-06,1.6666666666666669e-06,5.2077474341855e-06,0.00016327171356752214,7.268305977629788e-09
8,forward,isometric,cylinder_045,0.2,74313974c50f056361c4e62755054dc384033618fa4a0773f2e3ae7ab56368f5,47b7bc38f41ce053bf62f0cbc7c9680d1db778a2a7460e09bc80dcb18e98424c,882d7b917378575236f4e9d2c6c6567d41179ff79eb686795a69c153602c90dc,1.7512189492864596e-06,1.6666666666666669e-06,0.050731369571875656,0.9999869792175263,0.05086819367138878,0.0,8.4769284302048e-08,0.0,8.4769284302048e-11,0.006310672589356058,1.0072470454825454e-14,1.6664496649844117e-06,1.6666666666666669e-06,2.6040201870616755e-06,0.0001266148704869869,2.932216948902614e-10
8,forward,isometric,cylinder_135,0.2,74313974c50f056361c4e62755054dc384033618fa4a0773f2e3ae7ab56368f5,fac00485d390cc01e55fc390cb0fc9024bb3dde2ba27bdedc9e09c11e24d3376,53eaecc72b476bd347804bcbe0a357c2eed72e5b96e004a1d50ab3654bc3eba9,3.7851815705447765e-06,1.6666666666666669e-06,1.2711089423268656,0.9999869751488465,1.2718843764781438,0.0,2.119083766565626e-06,0.0,2.119083766565626e-09,0.03153437028158221,2.6054197020395945e-13,1.6660978039791502e-06,1.6666666666666669e-06,6.826352250200368e-06,0.00012166480441357422,2.6453931361143873e-10
8,forward,graph,cylinder_000,0.6,74313974c50f056361c4e62755054dc384033618fa4a0773f2e3ae7ab56368f5,bd4b5d78a0a6a8800fa04f31e380b81164ed996f6ea3f91eecfec6d6668552b6,c27cc3c1fde0c5614352d82dd759650366902ea645c3a33e5c60c74c60a15932,3.197941370736909,3.2400135104875,0.01298517417115984,1.0007028779812717,236633.03654158564,3.2895497025930635e-15,3.1979278564453155,3.239999999999993,4.2072143554677585e-05,67.82851882845284,1.0486846244717186e-09,1.3514291593360487e-05,1.3510487506764605e-05,4.564903915058694e-05,0.0004579419718265734,9.191715109586971e-08
8,forward,graph,cylinder_090,0.6,74313974c50f056361c4e62755054dc384033618fa4a0773f2e3ae7ab56368f5,6a4333b06ec9ce29e4b0865ee6acd9c88bce63b9d6220e4a7f548fe713321184,abddf28ee5a1c27c921e36867edf4337f05478b22e5d8198cb0607c1d9bb8475,3.197941370736909,3.2400135104874996,0.012985174171159705,1.0007028779812717,236633.03654158575,3.4266142735344415e-15,3.1979278564453155,3.2399999999999927,4.2072143554677145e-05,67.82851882845284,1.0486846249158077e-09,1.351429159336048e-05,1.3510487506764605e-05,4.564903915050563e-05,0.00045794197182657317,9.191715109586971e-08
8,forward,graph,cylinder_045,0.6,74313974c50f056361c4e62755054dc384033618fa4a0773f2e3ae7ab56368f5,4add849b910bb74d52f722713c451850f1a1980b35a41a17664a4dec2459baf8,ff21ea3eb4a246a592975f2ef0e1eea6a3c9f6e37ba4126131aa908edf2ce575,8.40684012241278,8.370012578354308,0.0043999389145138795,1.0003515007236206,668415.5687931443,2.122290130705201e-15,8.406827545166022,8.369999999999987,3.682754516603559e-05,92.63904389697205,5.200450576836602e-10,1.2577246757350288e-05,1.2578354321311905e-05,1.3290767539407956e-05,0.00034486222919337444,3.214871665185642e-08
8,forward,graph,cylinder_135,0.6,74313974c50f056361c4e62755054dc384033618fa4a0773f2e3ae7ab56368f5,11318367095aa6ec0d179aa356b757c6389a3a7962576a43667ec7f014b0e1cd,2f5f59139d77c31a0051e97d43170d45654d75376a1a4149e3c85602a228fb0e,0.2648194156665195,0.2700145795876236,0.019240308908646097,1.0003515007236206,18167.706877886485,8.840664825718887e-15,0.26480484008789157,0.2699999999999985,5.19515991210695e-06,18.76179657556,1.469698857059498e-11,1.4575578627933987e-05,1.4579587625088285e-05,4.8107965851574316e-05,0.00035446766686172374,7.2245070846911966e-09
8,forward,graph,twist,0.6,74313974c50f056361c4e62755054dc384033618fa4a0773f2e3ae7ab56368f5,9d78bf92bd8021a556dfb241256e4e3071b42a34ad5dcc8c976e954df4395288,adee6a4be805d11cf39037316bcc17a80d6c9eff91824ead14255fa36723bb2d,10.431543090131822,10.080024548526106,0.0348727862629178,1.0,425161.1840410077,2.8196140307940537e-15,10.431518554687509,10.07999999999998,0.0003515185546875284,90.31129996482544,3.9191604095378807e-10,2.4535444312059697e-05,2.4548526124805685e-05,0.00015698175295185944,0.0002442949639774041,3.2172053107508425e-08
8,forward,graph,dome,0.6,74313974c50f056361c4e62755054dc384033618fa4a0773f2e3ae7ab56368f5,e596140e45fb2eca86ec0c02ac9419eb7357906dcf99377862241217a168d6fd,bcb6d5176faa08f3d6c4494fbac896b703d1335dfe78d824f9ca39d97b42af5a,9.967810206102476,10.080024548526106,0.01113234812905674,1.0014052626184866,405828.50160464126,2.8196140307940537e-15,9.967785644531258,10.07999999999998,0.00011221435546872271,117.79001691583,1.5748356947398179e-09,2.4561571218183906e-05,2.454852612480569e-05,0.00015654112053861235,0.0006147206236174232,3.554912394727709e-08
8,forward,graph,saddle,0.6,74313974c50f056361c4e62755054dc384033618fa4a0773f2e3ae7ab56368f5,d40249d308d4b46ded722f1bb0af5158335cdcc29ca8d4053e5d0d0604cbde7d,5d714f001459e723d6b30fd17260ffb4204d2617b776a49ee6bd391c2ef5d9e9,9.967810206102476,10.080024548526106,0.01113234812905674,1.0014052626184866,405828.5016046412,2.8196140307940537e-15,9.967785644531258,10.07999999999998,0.00011221435546872271,115.9891455932269,5.242190432852567e-10,2.456157121818391e-05,2.454852612480569e-05,0.000156541120538653,0.0006158087823765898,2.401907327003426e-08
8,forward,isometric,cylinder_000,0.6,74313974c50f056361c4e62755054dc384033618fa4a0773f2e3ae7ab56368f5,f65d5bdedd7e88c3a223e8fa05b8af3e4fed09bf40b1ea8039978501d50d1f60,e016a807221727c0b3843a392b37503a9f332a98874b2fb888829296aec6ad2a,4.2420401954507416e-05,1.4999999999999999e-05,1.8280267969671613,0.9997656414789395,1.834663817460006,0.0,2.745552262976332e-05,0.0,2.745552262976332e-08,0.11452895240093917,4.1013803108458653e-13,1.4964879324744096e-05,1.4999999999999999e-05,0.00042144810307083187,0.0004890000426295097,2.181509730346011e-07
8,forward,isometric,cylinder_090,0.6,74313974c50f056361c4e62755054dc384033618fa4a0773f2e3ae7ab56368f5,f7ef8ea550fc4bb491d290057f2e0af5b5ec38d3c87433b2ef40fa1093f43f3d,4698157b7162ce0ebe6cb3a922f8c669b2054863558c44e5dbcf3738001a01dc,4.242040195450779e-05,1.4999999999999999e-05,1.8280267969671862,0.9997656414789395,1.8346638174600338,0.0,2.745552262976371e-05,0.0,2.745552262976371e-08,0.11452895240093229,4.101380306915632e-13,1.496487932474408e-05,1.4999999999999999e-05,0.0004214481030710148,0.0004890000426295087,2.1815097295328593e-07
8,forward,isometric,cylinder_045,0.6,74313974c50f056361c4e62755054dc384033618fa4a0773f2e3ae7ab56368f5,beac348aba1c2916324a35ab44a4d5cfead742e962d4fb6b04e5df3d93456a9c,8f34d109b9c2d5a1b9271b2fc3c1bae699ac1c975661b6c38d9b2a2776d95b11,2.1847598514094865e-05,1.4999999999999999e-05,0.45650656760632446,0.9998828166198014,0.4582145479315506,0.0,6.865167742789459e-06,0.0,6.8651677427894595e-09,0.057296426290631676,4.431186995305808e-13,1.4982430771305406e-05,1.4999999999999999e-05,0.00021083074433511195,0.0003801603441753384,7.94682070799288e-08
8,forward,isometric,cylinder_135,0.6,74313974c50f056361c4e62755054dc384033618fa4a0773f2e3ae7ab56368f5,9d4ca47ce760d34c503254636945434905224455e26b1c5afe0925d10f4c0d95,cb615fc782d8e8bd83dddfdf7724eaf782aef50b3b9ff4d1e12a060ba453d8f2,0.00018647510172689833,1.4999999999999999e-05,11.431673448459888,0.9998824872692864,11.469914383798951,0.0,0.0001715211015639807,0.0,1.715211015639807e-07,0.28495031103831414,6.096437871075475e-12,1.4954000162917624e-05,1.4999999999999999e-05,0.0005519980449885003,0.0003643198939496424,2.4650201110453136e-09
16,forward,rest,rest,0.0,a87e68b0da133f4db9c8cc62e8837d7b988230a6f51f903aed3c41fd4f0054a2,bcc29bcab9dfaaf8ac58eacc51f07f204d712ea4dfa3cc0eb4a5e9461836699a,f1faf4d6171c4fa4cfe1f0cc6f12af125db66325139148cf46cbbc5fe6cbac1a,6.162975822039155e-30,0.0,,1.0,,0.0,6.162975822039155e-30,0.0,6.162975822039155e-33,2.7755575615628917e-14,0.0,0.0,0.0,0.0,0.0,0.0
16,forward,affine,extension,0.0,a87e68b0da133f4db9c8cc62e8837d7b988230a6f51f903aed3c41fd4f0054a2,ab36a5e316313a91345ba1c87c7af2004786a7686783869b1dcb2819a003bb49,8286e79eab5cf399f1604bdaf84d985190210f9331cbbd75969e9d48983710d6,0.054987760125000035,0.054987760124999986,8.833285301480646e-16,1.0069699999999997,,0.0,0.054987760125000035,0.054987760124999986,4.85722573273506e-20,3.6819392962505297,3.4042370714026936e-11,0.0,0.0,0.0,0.0,0.0
16,forward,affine,shear,0.0,a87e68b0da133f4db9c8cc62e8837d7b988230a6f51f903aed3c41fd4f0054a2,59db9fc5f9120105204026ef387a68dc93303e62bc680916820e037d51706d6c,6aec2622ff8a8fc335b47302b77e0ecaab246983ecc56703c40e722dd66b3d83,0.10002000000000011,0.10002000000000001,9.712508963677383e-16,0.9999999999999982,,0.0,0.10002000000000011,0.10002000000000001,9.71445146547012e-20,4.923223226454369,7.671214080628985e-11,0.0,0.0,0.0,0.0,0.0
16,forward,graph,cylinder_000,0.2,a87e68b0da133f4db9c8cc62e8837d7b988230a6f51f903aed3c41fd4f0054a2,36e27213b77a79773fc77563e3c380bcbca3f6d4798f1eea8a46e67d396abedc,4c42118ecc0c0cfa27dfa1bba7225b014c700db62a21862f8b1fc60625576bdd,0.039871525659333766,0.040001644962998684,0.003252848821224159,1.0000195310592688,24237.25906472471,3.1225022567582583e-15,0.03986988067626989,0.03999999999999993,1.3011932373004077e-07,4.9047792572379745,4.961186676755158e-12,1.644983063876936e-06,1.6449629987490068e-06,2.4078153514952156e-07,0.00023349380859402947,9.190693349497511e-09
16,forward,graph,cylinder_090,0.2,a87e68b0da133f4db9c8cc62e8837d7b988230a6f51f903aed3c41fd4f0054a2,aa34b72abcc982b1a6bfaf5b63821e6ed2732c188c9f63472240799d7240f8fc,00f56c6a6ed93c765fa92376cd87481bc0b57da3fb95e125dfa789d58c846a0c,0.03987152565933377,0.040001644962998684,0.0032528488212239855,1.0000195310592688,24237.25906472471,3.1225022567582583e-15,0.0398698806762699,0.03999999999999993,1.3011932373003383e-07,4.9047792572379745,4.961186662877371e-12,1.6449830638769362e-06,1.6449629987490066e-06,2.4078153515460376e-07,0.00023349380859402942,9.190693349497511e-09
16,forward,graph,cylinder_045,0.2,a87e68b0da133f4db9c8cc62e8837d7b988230a6f51f903aed3c41fd4f0054a2,11a8b31c405576fcc7c478ae520fe415f81e473fa2ad12b7664cbea9361681bb,df5775a777befb289e44526ff6c1adcd22a4b13f2bc758ca03d510440cbcea87,0.10344882795629318,0.10333496243128437,0.001101907063492893,1.0000097655773168,63500.04877674954,2.148818757339015e-15,0.10344719886779859,0.10333333333333322,1.1386553446536551e-07,6.317796671042732,1.4088957084323894e-12,1.6290884945851513e-06,1.629097951152076e-06,1.1347880309584869e-07,0.00017224538308260347,3.027705532780158e-09
16,forward,graph,cylinder_135,0.2,a87e68b0da133f4db9c8cc62e8837d7b988230a6f51f903aed3c41fd4f0054a2,11cc34bf9050d982d8d0dc77ffee917075f727d69174c43e46a711ad52bf3449,667c507f53524149a991b85c26f763d589ecdd52cdbc7b17395debc5270facca,0.00331877883506436,0.0033349944884185274,0.004862272909439421,1.0000097655773168,1996.8874719314817,8.7169854667835e-15,0.0033171176910401397,0.003333333333333316,1.6215642293176522e-08,1.5041432284389666,4.097651428239257e-14,1.661144024220689e-06,1.6611550852113524e-06,1.3273188796035723e-07,0.00017044908579103333,4.944693336424513e-10
16,forward,graph,twist,0.2,a87e68b0da133f4db9c8cc62e8837d7b988230a6f51f903aed3c41fd4f0054a2,569f645be38c5bcc229a595b2b37c63d40dff1dbe9f3aa2b972cf75d21c18f64,02b259e3983bd668eb48aab4adf7b75576240d4a05cb144fcc8a8dc5e3cc4a6a,0.12553272745671737,0.12444769206795359,0.008718806839513817,1.0,38654.47208926317,2.7879484435341585e-15,0.1255294799804696,0.12444444444444425,1.0850355360253472e-06,6.0833602438183645,1.3610132465480262e-13,3.2474762477829106e-06,3.2476235093333368e-06,1.7671386051141332e-06,8.970498714558144e-05,1.7989947503687861e-09
16,forward,graph,dome,0.2,a87e68b0da133f4db9c8cc62e8837d7b988230a6f51f903aed3c41fd4f0054a2,3191a4f2476fae389d847019f7f8bbbeb64639c979685fc456a95ddf18a85411,ead6ada564cc80764ac54649c59ce6a04e1a8b51625241ad5298d76f1e97b607,0.12410069032873543,0.12444769206795359,0.002788334065919689,1.0000390617370902,38210.849079618085,2.7879484435341585e-15,0.12409744262695396,0.12444444444444425,3.4700181749028337e-07,8.123792743915367,3.95058100122192e-12,3.2477017814594534e-06,3.2476235093333368e-06,9.392655133992568e-07,0.0003279907557486128,1.1587045155959453e-08
16,forward,graph,saddle,0.2,a87e68b0da133f4db9c8cc62e8837d7b988230a6f51f903aed3c41fd4f0054a2,b74127e8a1e5827d1be6026b5f035fe80f10c4ce2efbcb539111a43df0cf0063,5167d975aa38a7ebb046d164c5ba1c2d2231c68ad15b068d819d92ad9865efba,0.12410069032873551,0.12444769206795359,0.00278833406591902,1.0000390617370902,38210.8490796181,2.7879484435341585e-15,0.12409744262695405,0.12444444444444425,3.470018174902001e-07,8.064401121519277,6.736796481776608e-12,3.2477017814594542e-06,3.2476235093333368e-06,9.392655134094212e-07,0.000328036357899303,4.066169921723554e-09
16,forward,isometric,cylinder_000,0.2,a87e68b0da133f4db9c8cc62e8837d7b988230a6f51f903aed3c41fd4f0054a2,1d26cd1ec3ae3d74b2cff1ecae8a45fba1c706d52f76d86f18f5fcb7cf91f75c,957ccaff5c2a266605ecee13653930bec1048fd42cb851359dd2f1bf15656903,1.687750704603746e-06,1.6666666666666669e-06,0.012650422762247534,0.9999934895960476,0.012716352962166649,0.0,2.119254182981331e-08,0.0,2.119254182981331e-11,0.0022668296068030862,1.7182482776179292e-13,1.6665581627739329e-06,1.6666666666666669e-06,1.302046712808191e-06,0.00023569429430956294,4.6992258729811433e-08
16,forward,isometric,cylinder_090,0.2,a87e68b0da133f4db9c8cc62e8837d7b988230a6f51f903aed3c41fd4f0054a2,7516cdf5c327ed2514c87c95c5263b3c2c7c7df688ba63c67cc47b4668af9624,46bcc3f45ada661ac7b50efb23abb570833bc949b0acc64cc26654e7d709da68,1.6877507046037387e-06,1.6666666666666669e-06,0.012650422762243088,0.9999934895960462,0.01271635296216378,0.0,2.1192541829808492e-08,0.0,2.119254182980849e-11,0.00226682960679802,1.7182482776661373e-13,1.66655816277393e-06,1.6666666666666669e-06,1.3020467128412253e-06,0.00023569429430956166,4.699225876284572e-08
16,forward,isometric,cylinder_045,0.2,a87e68b0da133f4db9c8cc62e8837d7b988230a6f51f903aed3c41fd4f0054a2,926ec2e0944f61357792246ee8a53e1c9df51d4780f4c61fd26204801ca98e4e,7bbbc28be9026a6f05112faeb61ee09709044b98f1fe33ec51ab6a9f0e98d5c5,1.671910577009286e-06,1.6666666666666669e-06,0.0031463462055714704,0.9999967447948405,0.003179001312808598,0.0,5.298163051913593e-09,0.0,5.298163051913593e-12,0.0011334325043678066,9.4920433261703e-14,1.6666124139573724e-06,1.6666666666666669e-06,6.510325115334479e-07,0.00017456947954622436,1.0418463043576132e-09
16,forward,isometric,cylinder_135,0.2,a87e68b0da133f4db9c8cc62e8837d7b988230a6f51f903aed3c41fd4f0054a2,36146c889c0487d5ec0e268b6eb59d463ed395d7540ce89fd9a92010b90cbb95,e9400dee1ebb1914f4200c23b7934014604203c5bd4750ab7894988f7c59fae6,1.7989871756992448e-06,1.6666666666666669e-06,0.07939230541954673,0.9999967445405353,0.07947731383219302,0.0,1.3245175837513318e-07,0.0,1.324517583751332e-10,0.005665664724021682,5.621996304552874e-14,1.6665354173241115e-06,1.6666666666666669e-06,1.574992110664044e-06,0.00017102819930851358,6.86044612537419e-10
16,forward,graph,cylinder_000,0.6,a87e68b0da133f4db9c8cc62e8837d7b988230a6f51f903aed3c41fd4f0054a2,7b22d4b6f5a455eedb1d6e663eb464ec0c47ea656db5e3c4037f9f64813aade3,dc936de29310b9c0c036adf84a5c8d82ce919e1dc81db8fbaf21359c90b9c464,3.2294738462158787,3.2400135104875,0.0032529692353151693,1.0001757658031911,239016.77412105483,3.2895497025930635e-15,3.2294603347778357,3.239999999999993,1.0539665222157434e-05,50.27514507747125,1.1750652313402555e-09,1.351143804301455e-05,1.3510487506764605e-05,1.140643499934795e-05,0.0006597692740000061,1.1760064784775617e-07
16,forward,graph,cylinder_090,0.6,a87e68b0da133f4db9c8cc62e8837d7b988230a6f51f903aed3c41fd4f0054a2,69f53baf2ca11c4af23e32a626f9086c75eb9429a81fde062db175943ff170f1,9a5fb5927ec8dad310912361a02ff7d3764a39e984591d3d534bd0aecebdb23b,3.2294738462158783,3.2400135104874996,0.0032529692353151698,1.0001757658031911,239016.7741210547,3.4266142735344415e-15,3.2294603347778352,3.2399999999999927,1.0539665222157434e-05,50.27514507747125,1.1750652317843446e-09,1.3511438043014554e-05,1.3510487506764605e-05,1.1406434999388607e-05,0.0006597692740000063,1.1760064782742738e-07
16,forward,graph,cylinder_045,0.6,a87e68b0da133f4db9c8cc62e8837d7b988230a6f51f903aed3c41fd4f0054a2,225830c2668c08b5db18f0ed89a0b7370552ef4461eb694b0b6691d6ba6e84c1,7708a974251ddabf4ac4899a62c269188533103d207058d9a5c43cd1f6f9eb55,8.37923568636887,8.370012578354308,0.0011019228380151943,1.0000878867629586,666176.7892206511,2.122290130705201e-15,8.379223108291633,8.369999999999987,9.223108291646298e-06,67.74132552161485,2.282082309790212e-10,1.2578077236966396e-05,1.2578354321311905e-05,3.3250121461090828e-06,0.00047604324742312143,4.6432129300298663e-08
16,forward,graph,cylinder_135,0.6,a87e68b0da133f4db9c8cc62e8837d7b988230a6f51f903aed3c41fd4f0054a2,5e9053aad62b7a69c1ce0d437b33f5f612ddcb72aba2bb7ad25d86e059159aa0,0e1af401c1049f8e137893518c601f35e2c6c408a53ed76ef9d2895d96a2b090,0.26870111155830545,0.2700145795876236,0.0048644337328899835,1.0000878867629586,18430.22147028077,8.840664825718887e-15,0.26868653297424405,0.2699999999999985,1.3134670257544668e-06,14.228085689721523,1.5687509402617648e-11,1.4578584061374865e-05,1.4579587625088285e-05,1.2042764561043034e-05,0.0004984254906777988,7.806860911310949e-09
16,forward,graph,twist,0.6,a87e68b0da133f4db9c8cc62e8837d7b988230a6f51f903aed3c41fd4f0054a2,a596a52bbfee969abd24bb503ab279d2b90f66e0dfa0a076ec0f40d185928067,920b207d7d78d0fbb26dd80fe9daa09b7617b032a9f9f3c3a3612dfcaec97638,10.167912423673604,10.080024548526106,0.008719013998864591,1.0,414250.64105543896,2.8196140307940537e-15,10.167887878417977,10.07999999999998,8.788787841799639e-05,64.95898156607797,1.0081034318432103e-10,2.4545255627153545e-05,2.4548526124805685e-05,3.9245971825675415e-05,0.00024312222683157847,2.7002018297087732e-08
16,forward,graph,dome,0.6,a87e68b0da133f4db9c8cc62e8837d7b988230a6f51f903aed3c41fd4f0054a2,0529dd803a716c6b6bdd313e6140ea5351ca4f7daba9fa7e53f108c16c5791b5,ee594342f8236c4b2f1b758616e8fd525c1dc7046041cfc5aa1f961c888375c6,10.051917404568457,10.080024548526106,0.0027884003478701336,1.0003515007236206,409415.96511838236,2.8196140307940537e-15,10.051892852783208,10.07999999999998,2.8107147216772434e-05,86.83761697532118,1.0152239671157304e-09,2.4551785248229656e-05,2.454852612480569e-05,3.9109481087611325e-05,0.0008883796254319252,8.963734604832546e-08
16,forward,graph,saddle,0.6,a87e68b0da133f4db9c8cc62e8837d7b988230a6f51f903aed3c41fd4f0054a2,3644bdd18070cfb017d937884e26995e3cc3d752d81e426328fad4f37bc0248b,3baba6aa5326ec7b0df945163609e6b8c8bac7ccb5bba38b85850be5240daf42,10.051917404568458,10.080024548526106,0.0027884003478699576,1.0003515007236206,409415.96511838207,2.8196140307940537e-15,10.05189285278321,10.07999999999998,2.8107147216770655e-05,86.09799023552165,2.4471135340320415e-10,2.455178524822968e-05,2.454852612480569e-05,3.910948108789593e-05,0.0008889919656731975,5.641343373886422e-08
16,forward,isometric,cylinder_000,0.6,a87e68b0da133f4db9c8cc62e8837d7b988230a6f51f903aed3c41fd4f0054a2,87596afa3a5aeed37ace8048896616bca70fb881095771c7cf28ce57b69c064a,4be7caff89ff3bf9bbfcb6e80977a53ef85612aedf452964a400043b8dc2db39,1.6707666006701558e-05,1.4999999999999999e-05,0.11384440044677065,0.9999414072799564,0.11449726091280016,0.0,1.7164528447978881e-06,0.0,1.716452844797888e-09,0.020494829956321042,1.288857582770966e-13,1.4991213161903668e-05,1.4999999999999999e-05,0.00010544205715596277,0.0007067841708703745,9.086210037541559e-08
16,forward,isometric,cylinder_090,0.6,a87e68b0da133f4db9c8cc62e8837d7b988230a6f51f903aed3c41fd4f0054a2,be5d534a61dc4e30aab0b1fdb96965b3fc2633d350b65067fa20c61267785a47,8f3a60fa798579d31c36bd9039ae9ce93f8cf18eab57dd80f3bda755ca9b628a,1.670766600670167e-05,1.4999999999999999e-05,0.1138444004467781,0.9999414072799564,0.11449726091280815,0.0,1.7164528447980071e-06,0.0,1.7164528447980072e-09,0.02049482995630013,1.2888575815830024e-13,1.4991213161903662e-05,1.4999999999999999e-05,0.00010544205715604408,0.0007067841708703735,9.086210027377164e-08
16,forward,isometric,cylinder_045,0.6,a87e68b0da133f4db9c8cc62e8837d7b988230a6f51f903aed3c41fd4f0054a2,bcfce5bf0d67b56e16c55d2abe910d71365e6e23922f6cceb05e8b40a0be6988,dcbc0f00b27144604b13342243dc6be51dd750f3daf6042e91f7e5851546ecec,1.542473935119323e-05,1.4999999999999999e-05,0.028315956746215495,0.9999707033824862,0.028617271325280264,0.0,4.291333263013388e-07,0.0,4.2913332630133876e-10,0.010248849730205688,3.337085046292034e-13,1.4995606024891893e-05,1.4999999999999999e-05,5.2727701297263614e-05,0.0005238489634409265,1.1898887220174919e-07
16,forward,isometric,cylinder_135,0.6,a87e68b0da133f4db9c8cc62e8837d7b988230a6f51f903aed3c41fd4f0054a2,8dfb89c6ef2d6af605ac7734f7d5a09831616dfc0104c08a576066aa4cdb750d,49d4db4ff9519e0331a197bd7da67c4fa5fd7c98f83659927dcf65d7c1b97d67,2.5716016605475112e-05,1.4999999999999999e-05,0.7144011070316743,0.9999706827868643,0.7156165612040382,0.0,1.0726643579472533e-05,0.0,1.0726643579472533e-08,0.05112327811643034,1.783203509058204e-12,1.4989373026002579e-05,1.4999999999999999e-05,0.00012752368796904137,0.0005128746578438524,7.769979727982254e-09
32,forward,rest,rest,0.0,6baafa813b94c5ee7d7115435a07f4017bbc398e32153dd14ed6b7ac05711298,0602a0b665ee1db8ecd143c24b73b1a86d2ab429c718a86302ba77a00197df21,415770ec18ee75ffebde9dbfed923fbcb1c1294f73e1bea51752afc52fe09c5e,6.162975822039155e-30,0.0,,1.0,,0.0,6.162975822039155e-30,0.0,6.162975822039155e-33,1.962615573354719e-14,0.0,0.0,0.0,0.0,0.0,0.0
32,forward,affine,extension,0.0,6baafa813b94c5ee7d7115435a07f4017bbc398e32153dd14ed6b7ac05711298,5b333c755b594a970fe52ff348f43fa11f451f4c269eaccae79038b3b4312bdb,4f295cc67cb0a7a7b042a20bd485dc259d6a019d86782584a6603c1e1aa31736,0.05498776012500008,0.054987760124999986,1.7666570602961292e-15,1.006969999999998,,0.0,0.05498776012500008,0.054987760124999986,9.71445146547012e-20,2.6244364215598064,3.3891577849720636e-11,0.0,0.0,0.0,0.0,0.0
32,forward,affine,shear,0.0,6baafa813b94c5ee7d7115435a07f4017bbc398e32153dd14ed6b7ac05711298,56c12991c8be2eb960c0bdb38099b579a903fc9a8b9f1255bd035bf41de2b709,21df8d9fb1f80c1dec1ec0bc87a28c309ce45cd9c7fcdc775a89988b9c9e3db0,0.10002000000000012,0.10002000000000001,1.1100010244202723e-15,0.9999999999999964,,0.0,0.10002000000000012,0.10002000000000001,1.1102230246251566e-19,3.509206781364547,7.445985385212684e-11,0.0,0.0,0.0,0.0,0.0
32,forward,graph,cylinder_000,0.2,6baafa813b94c5ee7d7115435a07f4017bbc398e32153dd14ed6b7ac05711298,e88bfae2fa228dabb93e0750c06dc31b72b507687d6d8d8a04f2def3f2091cc8,3a4d4b4826004c72927b4f888831aa1e89d9465817eb716d2efe0aedfa76f1ed,0.039969098447782105,0.040001644962998684,0.0008136294206571867,1.0000048828005792,24296.796727352605,3.1225022567582583e-15,0.039967453479767254,0.03999999999999993,3.254652023267773e-08,3.537764948795268,6.224665158316434e-12,1.6449680148483564e-06,1.6449629987490068e-06,6.01931921944497e-08,0.0003334462079176602,3.212571401273596e-08
32,forward,graph,cylinder_090,0.2,6baafa813b94c5ee7d7115435a07f4017bbc398e32153dd14ed6b7ac05711298,f09d28e1c404590091a134b57c77f73e9eb674ac7e1f5a3b2eb512ae0d476d5f,f5da03b586ba9cd1c729efb7abd86abe0b9c9c652df6596e9dd17a1e9c5c5aa0,0.03996909844778211,0.040001644962998684,0.0008136294206570132,1.0000048828005792,24296.796727352637,3.1225022567582583e-15,0.03996745347976726,0.03999999999999993,3.254652023267079e-08,3.537764948795268,6.22466515137754e-12,1.6449680148483545e-06,1.6449629987490066e-06,6.019319217412091e-08,0.0003334462079176602,3.212571402290036e-08
32,forward,graph,cylinder_045,0.2,6baafa813b94c5ee7d7115435a07f4017bbc398e32153dd14ed6b7ac05711298,ba48d04eb0a1c8d9ae8a5b82f4d7c75fdf8bb212791647650acf8132b7a5180c,a508261e00775ba231cb6a9c38cdccbf9f93181d0a6c6d86d9992e84d749e72d,0.10336344132951272,0.10333496243128437,0.00027559789599080893,1.0000024414032698,63447.358798747504,2.148818757339015e-15,0.1033618122339256,0.10333333333333322,2.84789005923769e-08,4.53258790037033,6.666106278085948e-13,1.6290955871273562e-06,1.629097951152076e-06,2.836829663643408e-08,0.000240460220588536,2.1682621950547677e-09
32,forward,graph,cylinder_135,0.2,6baafa813b94c5ee7d7115435a07f4017bbc398e32153dd14ed6b7ac05711298,30ac4a47ed86f08ec6db48f8b7d66540caea5ac6ffc8de5f0cc2b3ff651eaac5,81084b0b56d5769ef85d45e53bac45a885c3a73c51a6b8cc0d48eccd76fb08c2,0.0033309292501974117,0.0033349944884185274,0.0012189639998606055,1.0000024414032698,2004.1919444458636,8.7169854667835e-15,0.0033292680978775934,0.003333333333333316,4.065235455722772e-09,1.095570787688207,4.4125957662094485e-14,1.6611523198183986e-06,1.6611550852113524e-06,3.318471544562794e-08,0.0002403119906278705,2.887113206790975e-10
32,forward,graph,twist,0.2,6baafa813b94c5ee7d7115435a07f4017bbc398e32153dd14ed6b7ac05711298,7521ea30c5c26c64ba951414ed1bcfd3c9fc1f929898f1b57b9059c08016d420,ad9f40500506def54de1737099003797cf70a34a92ddadeaf212c5eaaf843a76,0.1247189572729742,0.12444769206795359,0.0021797527982479275,1.0,38402.58057274077,2.7879484435341585e-15,0.12471570968628012,0.12444444444444425,2.7126524183587743e-07,4.346142105985003,1.2938371624082735e-12,3.247586694077711e-06,3.2476235093333368e-06,4.417830675107281e-07,8.966685726681734e-05,2.604746135781758e-09
32,forward,graph,dome,0.2,6baafa813b94c5ee7d7115435a07f4017bbc398e32153dd14ed6b7ac05711298,8faa1f0e25a19224b83e52c0c881a4e63293d071232561c4983a5e2595c67eb3,434b68b5004399b0af79d2894fd40c1d4905afb6e869acec45a08e12dd0f8423,0.12436090030726185,0.12444769206795359,0.0006974155908358884,1.0000097655773168,38291.66251806946,2.7879484435341585e-15,0.12435765266418536,0.12444444444444425,8.679178025888801e-08,5.841032947248359,6.852817480140771e-12,3.247643076492231e-06,3.2476235093333368e-06,2.3480590673305608e-07,0.0004684803790002071,4.293030881855769e-08
32,forward,graph,saddle,0.2,6baafa813b94c5ee7d7115435a07f4017bbc398e32153dd14ed6b7ac05711298,1d001372b6ba61d879f0f0113ca889e0ea6357be65d0da1da0dc1f6a5eaa2fb3,8f9d380039a4471e484bf224608d9a6556c3065d4f53b0d3eda44b64668a728b,0.12436090030726187,0.12444769206795359,0.0006974155908357768,1.0000097655773168,38291.66251806942,2.7879484435341585e-15,0.12435765266418537,0.12444444444444425,8.679178025887412e-08,5.818581380719201,8.126644190920018e-12,3.2476430764922354e-06,3.2476235093333368e-06,2.3480590678387806e-07,0.000468505899746068,4.3913552486926784e-08
32,forward,isometric,cylinder_000,0.2,6baafa813b94c5ee7d7115435a07f4017bbc398e32153dd14ed6b7ac05711298,55547baefff8e04e2211c99c4d1310b7b9e4f4f744a2b52cf108b0e9d5fdb32e,3aeb136f3563d4338539a6d3940fa96e3d71fb48a3628dba349c7c843bdfc4aa,1.6679640843335524e-06,1.6666666666666669e-06,0.0007784506001312974,0.999998372396623,0.0007947394624847737,0.0,1.324544212271857e-09,0.0,1.324544212271857e-12,0.0004038306265779824,1.9204142109226636e-13,1.6666395401212804e-06,1.6666666666666669e-06,3.255185446373652e-07,0.0003366488391452217,6.142059278375716e-09
32,forward,isometric,cylinder_090,0.2,6baafa813b94c5ee7d7115435a07f4017bbc398e32153dd14ed6b7ac05711298,51a603fede7fb4bff8fddb33841914c6fa6c31156e0834b836c68314b09e6c8d,143e8931d41b360832a332c88a7b26210960fbfbc8f01e91ff97eeadc00800eb,1.6679640843335526e-06,1.6666666666666669e-06,0.0007784506001314245,0.9999983723966216,0.0007947394624855696,0.0,1.3245442122731825e-09,0.0,1.3245442122731824e-12,0.0004038306265803169,1.9204142109094082e-13,1.6666395401212794e-06,1.6666666666666669e-06,3.255185446500707e-07,0.00033664883914522324,6.14205926821132e-09
32,forward,isometric,cylinder_045,0.2,6baafa813b94c5ee7d7115435a07f4017bbc398e32153dd14ed6b7ac05711298,95a09e435847b1539c7853f228319382aa628e8189b38b717a3faabd72e42f76,beb7f28e7a535395460580a14e76381e0befdcdc1d90f813e8b50f8b507c2c18,1.6669842398305207e-06,1.6666666666666669e-06,0.00019054389831227298,0.9999991861980968,0.0001986835074237298,0.0,3.3113648423148476e-10,0.0,3.3113648423148475e-13,0.0002019161017486106,4.50095164139942e-13,1.6666531033462892e-06,1.6666666666666669e-06,1.6275984453221364e-07,0.0002436441488225865,1.6439556142373835e-09
32,forward,isometric,cylinder_135,0.2,6baafa813b94c5ee7d7115435a07f4017bbc398e32153dd14ed6b7ac05711298,944306b2812d0f9910d031dcc87ee28c6290f767b932cae47b3b9c4182607013,1df0e87058cf73a4f889d2d23c15f43a41478d030d5976fa6b4af2e65e9f8326,1.674913687858159e-06,1.6666666666666669e-06,0.004948212714895262,0.9999991861822146,0.004967118978516269,0.0,8.278375888350619e-09,0.0,8.278375888350619e-12,0.0010094568554749222,3.7171231177686573e-13,1.6666353119698084e-06,1.6666666666666669e-06,3.7625636230169873e-07,0.00024112474981093313,9.206427785244829e-10
32,forward,graph,cylinder_000,0.6,6baafa813b94c5ee7d7115435a07f4017bbc398e32153dd14ed6b7ac05711298,e8068a2de2dcf06f54d4e2d41bd70a993d9e0a80b2dbd39e209e06cbd8c287c5,f52ea19bb3dc82eb967d764503f0dd244c0d80b55b4f6fbaf610d857e678a4ad,3.2373772425862284,3.2400135104875,0.0008136595396094613,1.000043944346947,239614.35862162238,3.2895497025930635e-15,3.2373637318611177,3.239999999999993,2.6362681388754084e-06,36.33912193453462,1.3411283545927688e-09,1.3510725110481688e-05,1.3510487506764605e-05,2.85124460500108e-06,0.0009415268824971248,5.925491683423083e-07
32,forward,graph,cylinder_090,0.6,6baafa813b94c5ee7d7115435a07f4017bbc398e32153dd14ed6b7ac05711298,0025d87d77634cb8a3c16a1f54924fc7f08f5cc47316769724a3e491f1f33cc2,c0bc5591f78487017e80654e9ad01257ed228ab96755ac0f26a41f44f10d1997,3.2373772425862284,3.2400135104874996,0.0008136595396093243,1.000043944346947,239614.35862162252,3.4266142735344415e-15,3.2373637318611177,3.2399999999999927,2.636268138874964e-06,36.33912193453462,1.3411283541486797e-09,1.351072511048168e-05,1.3510487506764605e-05,2.851244604899436e-06,0.0009415268824971226,5.925491683626371e-07
32,forward,graph,cylinder_045,0.6,6baafa813b94c5ee7d7115435a07f4017bbc398e32153dd14ed6b7ac05711298,e5fe312abf5d7a42e27f2f9efa398b1ed5f3a5667ddb3c609ae9d0ceb906aa82,f0bbd682c989bcc3452f03e4d4dd94b13c8e88a19f7c6423f70e282680492780,8.372319369232958,8.370012578354308,0.0002756018413420407,1.0000219724148565,665615.9218440074,2.122290130705201e-15,8.37230679094792,8.369999999999987,2.3067909479337344e-06,48.7099343597041,7.733107310059494e-11,1.2578285038244683e-05,1.2578354321311905e-05,8.31396806665074e-07,0.0006649635930924446,3.289641303095116e-08
32,forward,graph,cylinder_135,0.6,6baafa813b94c5ee7d7115435a07f4017bbc398e32153dd14ed6b7ac05711298,cb257cc1499e50745a6b7fb5d095195f884751360a9de817d2584bffd7d5374b,9b1f09778214608a7f3257dbee16786055500c0bedcce717424f327ea9807c71,0.2696852952647307,0.2700145795876236,0.0012195057148240485,1.0000219724148565,18496.775426986907,8.840664825718887e-15,0.26967071592807856,0.2699999999999985,3.292840719199552e-07,10.382228489051027,6.933678964315959e-12,1.4579336652086252e-05,1.4579587625088285e-05,3.011676024391389e-06,0.000703005406425956,2.1453973038203233e-10
32,forward,graph,twist,0.6,6baafa813b94c5ee7d7115435a07f4017bbc398e32153dd14ed6b7ac05711298,c08dbba9aefde47fe8b6ecb8233fa2583bca8655c421751ad337318b64e2b05f,5aae512d2c4510c3ba14177f7558cc54dccc44c7465e1802cb898b958b9e7cc9,10.101997032297126,10.080024548526106,0.002179804589288661,1.0,411524.0526638446,2.8196140307940537e-15,10.101972484588629,10.07999999999998,2.19724845886482e-05,46.50706331377126,1.7880902802858145e-10,2.454770849771076e-05,2.4548526124805685e-05,9.81152513910026e-06,0.00024250614260257073,4.670807035415947e-09
32,forward,graph,dome,0.6,6baafa813b94c5ee7d7115435a07f4017bbc398e32153dd14ed6b7ac05711298,f2c1ed6aa05ed7f25f5644147d29babfe78d81413ab1da9e44b9d2c464f55e36,e14a914f1773b1ce56a94c6a454f793014803eb7b1c3895ceb649543830da643,10.072994415139728,10.080024548526106,0.0006974321691910714,1.0000878867629586,410315.28950708645,2.8196140307940537e-15,10.072969865798957,10.07999999999998,7.030134201023941e-06,62.58864273829074,9.554735243000322e-10,2.4549340771336257e-05,2.454852612480569e-05,9.775758366825237e-06,0.0012693224865533456,1.388627626785783e-07
32,forward,graph,saddle,0.6,6baafa813b94c5ee7d7115435a07f4017bbc398e32153dd14ed6b7ac05711298,0fb2bda57c14aa0df65ae3864aab4f0c003938948403292ca220eb8a407ede61,cfe22c30e7316f5d2d9427996cd8cc453d4470e4d5a8ce50b7b420cbdf27f40f,10.072994415139728,10.080024548526106,0.0006974321691910714,1.0000878867629586,410315.2895070861,2.8196140307940537e-15,10.072969865798957,10.07999999999998,7.030134201023941e-06,62.30794879079736,3.29346374172701e-10,2.4549340771336278e-05,2.454852612480569e-05,9.775758367069182e-06,0.0012696409076455846,1.365983181466279e-07
32,forward,isometric,cylinder_000,0.6,6baafa813b94c5ee7d7115435a07f4017bbc398e32153dd14ed6b7ac05711298,ca73b6d8e77c5997c560d09fa64b0b0a7b6efc2f6a4ea9fc9063dbea66982ffc,d9faeeffbc6a0066c2ff6bece8c937d4991121e90f29c294636a3bc434307c3b,1.5105088719469529e-05,1.4999999999999999e-05,0.007005914631302012,0.9999853516268684,0.007153437537452555,0.0,1.0728584605400441e-07,0.0,1.072858460540044e-10,0.003643176262949425,1.6403923081022783e-13,1.4997802873415524e-05,1.4999999999999999e-05,2.6365519013693388e-05,0.0010098390610141143,1.273041991321864e-06
32,forward,isometric,cylinder_090,0.6,6baafa813b94c5ee7d7115435a07f4017bbc398e32153dd14ed6b7ac05711298,1254d36650940620d2d5d5f6bb33a8189372fae8137e14e2e5fd89e0dbdde5c2,cfcec62fd1e43135643eb27c26c0a02b1994ecc4d6a9fe65bfede2b86afaa0f4,1.5105088719469576e-05,1.4999999999999999e-05,0.007005914631305174,0.9999853516268634,0.0071534375374572206,0.0,1.0728584605407422e-07,0.0,1.0728584605407422e-10,0.003643176263003784,1.6403923074042702e-13,1.4997802873415502e-05,1.4999999999999999e-05,2.6365519013957662e-05,0.001009839061014108,1.273041991118576e-06
32,forward,isometric,cylinder_045,0.6,6baafa813b94c5ee7d7115435a07f4017bbc398e32153dd14ed6b7ac05711298,9db0b70a0016bbe945d8b4f993a1a2a995e661eafd7a4359f7da5a4cf466db6d,2a82f8d56261a1445291503a36c90fdb815c4bd4305fbf6013cb794bf75cbccb,1.5025723177777308e-05,1.4999999999999999e-05,0.0017148785184873047,0.9999926757973319,0.001788249359754672,0.0,2.682177582905741e-08,0.0,2.682177582905741e-11,0.0018216520270358941,4.0563828868796697e-13,1.499890140194825e-05,1.4999999999999999e-05,1.3183176620974355e-05,0.0007309873856814735,1.1174908522544819e-07
32,forward,isometric,cylinder_135,0.6,6baafa813b94c5ee7d7115435a07f4017bbc398e32153dd14ed6b7ac05711298,a08aceb9d501f03f9974f6ab9845885578c3fef31d89204ee7faecd16537ed09,ff319724f17219e4c3926906a14286cf303609aaf515daab7fd2a0dba414b7e2,1.566797850535504e-05,1.4999999999999999e-05,0.04453190035700286,0.9999926745099346,0.04470876873111236,0.0,6.705179935751569e-07,0.0,6.705179935751569e-10,0.00909826136939555,1.968709637410543e-13,1.4997460511779886e-05,1.4999999999999999e-05,3.0473858641356195e-05,0.0007233050809897463,3.8451409414895325e-09
4,backward,rest,rest,0.0,a87477a582a01dceb696414adf8b96ced5b2c97769902658fbe73a53eb65f629,4e6d932e82e1339443f38ff2afc165d580003ad04de31d2f56bddcb2bf2329fc,560a5da7af7e04ca0ba30663a103a633db49511eefc5554e0ba1bc54c84a10b6,6.162975822039155e-30,0.0,,1.0,,0.0,6.162975822039155e-30,0.0,6.162975822039155e-33,5.5511151231257833e-14,0.0,0.0,0.0,0.0,0.0,0.0
4,backward,affine,extension,0.0,a87477a582a01dceb696414adf8b96ced5b2c97769902658fbe73a53eb65f629,5dcb04c3c6c0c5e0a0b3ca19a73e4a9d78de58f70cfa8fbd4abd47a038868b17,da59ebc42cae27301cad6683cc8216117013861ac0bc036e6bf677e782f7f650,0.05498776012500019,0.054987760124999986,3.659503910613411e-15,1.0069699999999997,,0.0,0.05498776012500019,0.054987760124999986,2.0122792321330963e-19,6.998497124158891,3.414289946601645e-11,0.0,0.0,0.0,0.0,0.0
4,backward,affine,shear,0.0,a87477a582a01dceb696414adf8b96ced5b2c97769902658fbe73a53eb65f629,66aca2c7e1a40b56e562429a888a77269f3c18df40c4e303fb7b5793ddeb6088,12b7fb833460f543e6bf3e065cc2400696f9b8973c679a12821deca9f1b3e798,0.10002000000000016,0.10002000000000001,1.5262514085778745e-15,0.9999999999999996,,0.0,0.10002000000000016,0.10002000000000001,1.5265566588595902e-19,9.357884750305498,9.48451910898207e-11,0.0,0.0,0.0,0.0,0.0
4,backward,graph,cylinder_000,0.2,a87477a582a01dceb696414adf8b96ced5b2c97769902658fbe73a53eb65f629,688d90f76f3fe0bc72fc019ddb06c74abbb64c43f4b7ed5a5b0910a954680ad1,3aa5ba2021ed45ed2eb3b058c9f5ee78e21602501e60894616d1c71872dd3be1,0.0379410984092753,0.040001644962998684,0.05151154547842665,1.000312451187128,23059.51239114156,3.1225022567582583e-15,0.037939453125000355,0.03999999999999993,2.0605468749995764e-06,8.532024641814255,6.226765492112207e-12,1.645284274943082e-06,1.6449629987490068e-06,3.855314328900754e-06,0.0001117562868922056,4.182342130295267e-09
4,backward,graph,cylinder_090,0.2,a87477a582a01dceb696414adf8b96ced5b2c97769902658fbe73a53eb65f629,03d3472b88ee82e556e8e3445948ee9a0ee105dccf02db6b2fd7b261889a4b28,83804f421dabb5d782bd428f14248eb681429bd99ffea1db1e2a60917a848fc0,0.0379410984092753,0.040001644962998684,0.05151154547842665,1.000312451187128,23059.512391141554,3.1225022567582583e-15,0.037939453125000355,0.03999999999999993,2.0605468749995764e-06,8.532024641814255,6.226765492112207e-12,1.6452842749430823e-06,1.6449629987490066e-06,3.855314328908377e-06,0.00011175628689220565,4.182342130295267e-09
4,backward,graph,cylinder_045,0.2,a87477a582a01dceb696414adf8b96ced5b2c97769902658fbe73a53eb65f629,0e3c242927c3e0a7a6c33ac38c8b5817272466418e781d849f247db3693debaa,c16f9c9defe7b6e06b9b3184f653f73db4c1d9193d5404606a5b7f34380ca8ba,0.10152750780920197,0.10333496243128437,0.0174912205855237,1.0007809450624048,62327.76410320424,2.148818757339015e-15,0.1015258789062505,0.10333333333333322,1.8074544270827164e-06,11.381522729361723,8.658029099217757e-12,1.6289029514702439e-06,1.629097951152076e-06,2.339996181984809e-06,8.705518875720558e-05,9.159879885839439e-10
4,backward,graph,cylinder_135,0.2,a87477a582a01dceb696414adf8b96ced5b2c97769902658fbe73a53eb65f629,d48203bf10d288e24e725e4f9daa15a70271260d24c181b4baf2a0841897e48f,2b0f0c659f11f70ded04e07f71717ad0a903992983803bc4d362e7ed2bbb4959,0.003578321140911124,0.0033349944884185274,0.07296163557019357,1.0001562377948756,2153.3372584360036,8.7169854667835e-15,0.003576660156250111,0.003333333333333316,2.433268229167949e-07,2.5751701298778333,1.7680581868365076e-13,1.660984661013057e-06,1.6611550852113524e-06,2.045090379544477e-06,9.513724977241595e-05,1.422383319118906e-09
4,backward,graph,twist,0.2,a87477a582a01dceb696414adf8b96ced5b2c97769902658fbe73a53eb65f629,a4deab3309d5a170250a523196b6c72ae38f69885115506bbda48866e55b30cf,db82b0f6a72b4ae711185c6244cfb470fa9c4ea3a97dedc04f36bbfe1f13154a,0.12930011997038474,0.12444769206795359,0.03899170665038548,1.0012492197250393,39845.317429312556,2.7879484435341585e-15,0.12929687500000073,0.12444444444444425,4.852430555556481e-06,11.351946935162733,1.492444881567856e-11,3.2449703840201395e-06,3.2476235093333368e-06,3.18375037583677e-05,8.987712179466483e-05,2.265655040287846e-09
4,backward,graph,dome,0.2,a87477a582a01dceb696414adf8b96ced5b2c97769902658fbe73a53eb65f629,c2c293637a4d948023d16816d07e00d5ddbfbeac6ed6911b59fc7889fffee7a3,0b6ca47ee690107b96d0c58748a0d1cae3095ac36a8c8819cb7cbca56d524a96,0.11894856137698288,0.12444769206795359,0.04418828987176355,1.000624804809475,36611.208472930135,2.7879484435341585e-15,0.11894531250000064,0.12444444444444425,5.499131944443611e-06,14.35528752011456,1.722510487023321e-11,3.2488769822484086e-06,3.2476235093333368e-06,1.5041674980861657e-05,0.00015700559598867044,5.982174645376799e-09
4,backward,graph,saddle,0.2,a87477a582a01dceb696414adf8b96ced5b2c97769902658fbe73a53eb65f629,67a054c46b292490f46dc1deb5af2504fe189e3e962ecd5f96ce42c0bf434d9e,bacb6405d9100b016f62864e6fbfb30665b5ed13cc1cf984ed1841712756c250,0.11894856137698284,0.12444769206795359,0.04418828987176388,1.000624804809475,36611.20847293011,2.7879484435341585e-15,0.1189453125000006,0.12444444444444425,5.499131944443652e-06,14.06015605465496,5.328913282864889e-12,3.2488769822484094e-06,3.2476235093333368e-06,1.5041674980871821e-05,0.00015658366801426602,2.871002182736407e-09
4,backward,isometric,cylinder_000,0.2,a87477a582a01dceb696414adf8b96ced5b2c97769902658fbe73a53eb65f629,a09e398e476d2a7914efa7a8aa9e43e28e2c36c78aa698bce2611eab659ce07b,4eb9061a531084df440235e044aa3d5ba317d277e106d37bb20ff4034cf0645f,7.089374412320404e-06,1.6666666666666669e-06,3.253624647392242,0.9998958365884931,3.258058129167824,0.0,5.424443075719342e-06,0.0,5.4244430757193416e-09,0.0690158712318411,2.3342429954740725e-12,1.6649313366010623e-06,1.6666666666666669e-06,2.082396078725483e-05,0.00011261858291340465,8.48936323460405e-10
4,backward,isometric,cylinder_090,0.2,a87477a582a01dceb696414adf8b96ced5b2c97769902658fbe73a53eb65f629,2301c0720b3cbe1804c27ce45ac0a3fbb95b02d5a7cb7266e83ed03c8346e433,0f915b734adc790d7a90d806fa3d036f978f5b2b414554f2fd53727cfdc3f5be,7.089374412320408e-06,1.6666666666666669e-06,3.253624647392244,0.9998958365884929,3.2580581291678277,0.0,5.424443075719347e-06,0.0,5.4244430757193465e-09,0.06901587123183063,2.3342429954689902e-12,1.6649313366010619e-06,1.6666666666666669e-06,2.0823960787259912e-05,0.00011261858291340472,8.489363336248003e-10
4,backward,isometric,cylinder_045,0.2,a87477a582a01dceb696414adf8b96ced5b2c97769902658fbe73a53eb65f629,a8ccec4039165918f9c4d276bda8f6eb45212ae03f1a82743c46d9c7b2e7bb2c,3719abfcb209d5e351b8896dbe5a4d669e45c80891cfa0a330230b10302dece9,3.556018737974447e-05,1.6666666666666669e-06,20.33611242784668,0.9999478523973133,20.3692127602804,0.0,3.389610233465375e-05,0.0,3.3896102334653745e-08,0.17233057903196378,2.057393209384294e-12,1.6640850450907233e-06,1.6666666666666669e-06,3.097945891132277e-05,8.810724253264959e-05,2.225957912866663e-10
4,backward,isometric,cylinder_135,0.2,a87477a582a01dceb696414adf8b96ced5b2c97769902658fbe73a53eb65f629,a5bc141cdcd9902c3489b68dbf57e8ca664ce2a4ec510962f997ca04bf97ba75,02ef35dcb54eed73c60450c7f4b5ec66b7dd26616f284ef1825196e1f93c56f2,3.0220225887640036e-06,1.6666666666666669e-06,0.8132135532584019,0.9999479174804622,0.8141582147597504,0.0,1.3562237823659569e-06,0.0,1.356223782365957e-09,0.03451654890090117,9.085551464342871e-14,1.665798806398047e-06,1.6666666666666669e-06,1.0414323223439149e-05,9.557895459260848e-05,2.6481328294539305e-09
4,backward,graph,cylinder_000,0.6,a87477a582a01dceb696414adf8b96ced5b2c97769902658fbe73a53eb65f629,90b958f29652e2e36d63a1c8dd99a9cc7e051fb519b91f51d71af1d09ea90d78,e922929e6ee5cf4e1b6ce9e179d5a49fe105659a318ff85e39071ecb68c44a52,3.073109228859886,3.2400135104875,0.0515134523628889,1.002808556006579,227203.6033640003,3.2895497025930635e-15,3.073095703125005,3.239999999999993,0.00016690429687498832,86.10698133868136,6.597606190261729e-10,1.3525734881068911e-05,1.3510487506764605e-05,0.00018296849165167574,0.00031695628777911035,2.5358799593891163e-08
4,backward,graph,cylinder_090,0.6,a87477a582a01dceb696414adf8b96ced5b2c97769902658fbe73a53eb65f629,6c27ec1fd34577189c5e2a7d576a58500a917af3158da963803e4caf247a3ce1,b10376619c74405c1e54a28568477d24083cff348f88c526aec59a1e712b5b77,3.073109228859886,3.2400135104874996,0.051513452362888776,1.002808556006579,227203.60336400033,3.4266142735344415e-15,3.073095703125005,3.2399999999999927,0.00016690429687498786,86.10698133868136,6.597606190261729e-10,1.352573488106891e-05,1.3510487506764605e-05,0.0001829684916516554,0.0003169562877791105,2.5358799675206326e-08
4,backward,graph,cylinder_045,0.6,a87477a582a01dceb696414adf8b96ced5b2c97769902658fbe73a53eb65f629,7a5fb48c884f967ea1adf5f2fb54662fed8b42ae36324f512b89cb7e1641ef73,7c0797d77b238a1d6cd1c80402ca6540a31ae9f5e3eea9c3196d90c8d3e11e4b,8.223608748592452,8.370012578354308,0.017491470698678527,1.0070067030561416,654891.6343806817,2.122290130705201e-15,8.223596191406257,8.369999999999987,0.00014640380859373003,120.18114730780586,4.3525679771505564e-10,1.2557186196435616e-05,1.2578354321311905e-05,0.0002540174985154621,0.00024028801231458315,3.09004382547046e-09
4,backward,graph,cylinder_135,0.6,a87477a582a01dceb696414adf8b96ced5b2c97769902658fbe73a53eb65f629,8d65ac0df15a2248699479203fd4968a8263534e2e0dcf681d1a14ac38065805,c9d3ccc7f800e6cc14e5b6c0e9c2f882031224d1626ad476e56e1dbf1d094fe9,0.2897240402145726,0.2700145795876236,0.07299406075423791,1.0014052626184866,19887.30480848605,8.840664825718887e-15,0.289709472656251,0.2699999999999985,1.9709472656252503e-05,24.240446293093342,4.447647800054355e-11,1.4567558321559492e-05,1.4579587625088285e-05,0.00014435164234552207,0.000276029748581117,1.6893608826293663e-08
4,backward,graph,twist,0.6,a87477a582a01dceb696414adf8b96ced5b2c97769902658fbe73a53eb65f629,f9d2cd4e29357d0821e3e7212baefd03720e7673e9526c59477e3cdc325745e2,338b187cd1d90628cbe905f77accd2ac8faf8ccdc11115b52033692b812d2388,10.473071267320467,10.080024548526106,0.03899263507764293,1.0111874208078342,429358.3667490896,2.8196140307940537e-15,10.473046875000005,10.07999999999998,0.00039304687500002445,119.7330832747105,7.845467600020583e-10,2.4392320462501414e-05,2.4548526124805685e-05,0.0018744679476512527,0.0002427378962958095,5.2892197864367815e-09
4,backward,graph,dome,0.6,a87477a582a01dceb696414adf8b96ced5b2c97769902658fbe73a53eb65f629,46e78a12a857574f1d0f9bebd579f08901f4711869ea366542b3d1943e58ae9f,430f3c9f05f5d33db221657db2065dcfa8c06c8e0f4ca7333bc5b9b6948e7d46,9.63459491334427,10.080024548526106,0.044189340317327616,1.0056092680559383,391635.7589091524,2.8196140307940537e-15,9.634570312500006,10.07999999999998,0.0004454296874999741,151.0342778589646,2.4422791611300456e-10,2.4600844262372206e-05,2.454852612480569e-05,0.0006278176507982163,0.0004238236140227892,5.60913586086266e-08
4,backward,graph,saddle,0.6,a87477a582a01dceb696414adf8b96ced5b2c97769902658fbe73a53eb65f629,68f4dcdb35020e14f7467945a0e35465e7c36a0801e2df24c63a69c31398502a,540f2e6d616a4e37f97e89accdbaa5f91d04a575cea0868b2a71e9eacd32c427,9.63459491334427,10.080024548526106,0.044189340317327616,1.0056092680559383,391635.7589091524,2.8196140307940537e-15,9.634570312500006,10.07999999999998,0.0004454296874999741,147.4062615937032,6.845918143483232e-10,2.4600844262372206e-05,2.454852612480569e-05,0.0006278176507982163,0.0004232760424079558,3.194038494791756e-08
4,backward,isometric,cylinder_000,0.6,a87477a582a01dceb696414adf8b96ced5b2c97769902658fbe73a53eb65f629,3968ddb60f2f5c1da81a94758696da2e14815c494a812545587c51d1f7d60cea,14c31665cdf02ef7998dd133bdd261e2259a87573fb6db3b81e8054b30233788,0.0004536544002804807,1.4999999999999999e-05,29.243626685365385,0.9990627636365645,29.52867661981561,0.0,0.00043879445708903486,0.0,4.3879445708903486e-07,0.6293929060399253,7.591152429960515e-13,1.4859943191445839e-05,1.4999999999999999e-05,0.0016806817026499205,0.0003351407803687888,2.3876903262171588e-08
4,backward,isometric,cylinder_090,0.6,a87477a582a01dceb696414adf8b96ced5b2c97769902658fbe73a53eb65f629,398b1c95e9f401f4b1beb12bdfd41278b91018442f78ca183e8ae89d4239d025,6e20409577caf5a1508fcf9214c9fea73c25abeb6cc3a2a84857f5af971d914e,0.0004536544002804844,1.4999999999999999e-05,29.24362668536563,0.9990627636365643,29.52867661981585,0.0,0.00043879445708903855,0.0,4.3879445708903856e-07,0.6293929060399366,7.591152466823389e-13,1.485994319144584e-05,1.4999999999999999e-05,0.0016806817026499003,0.00033514078036878895,2.3876903262171588e-08
4,backward,isometric,cylinder_045,0.6,a87477a582a01dceb696414adf8b96ced5b2c97769902658fbe73a53eb65f629,95e1e55f72ddd293d6b3c3991d5cc31d4dc2fde6283fe19ef56814744c36a2bf,5171b87937bf17b9be47d6914a0916c4ff2a067ecf03e6e80e31776e306eb6d0,0.002752407919997504,1.4999999999999999e-05,182.49386133316696,0.9995260577661732,185.06867257890445,0.0,0.0027376154894295356,0.0,2.7376154894295355e-06,1.5566617742197417,5.8287760919956134e-12,1.4792430567968476e-05,1.4999999999999999e-05,0.002490833184378273,0.0002614242379055303,3.874404611833903e-08
4,backward,isometric,cylinder_135,0.6,a87477a582a01dceb696414adf8b96ced5b2c97769902658fbe73a53eb65f629,cbc852e684ce878e3b026977cdb5f94d3a9c063da7908435ed8b19e5e0edcb03,c4c7b356fd0f02ae58d21a9e6340bce30c9f1063a795ab601d83c2eaa4d54a2d,0.0001247107454985546,1.4999999999999999e-05,7.31404969990364,0.999531315913554,7.3531257809013875,0.0,0.00010978091578334862,0.0,1.0978091578334862e-07,0.315394724694321,3.680465158510605e-12,1.4929829715205967e-05,1.4999999999999999e-05,0.0008420434175283783,0.00028695075850318854,2.194241809734196e-08
8,backward,rest,rest,0.0,b3115746df833de4489252cb0413f456e6b81db263e6143a7a369b4ff0497f4b,bd678fa93f59093c55a1c819d54c5dccaae6f5b86c7ecba869430fed13507c38,b0266b6785b388615bd7e2e72db311db56bfd73e6573dde9bed7817b9b7e0135,6.162975822039155e-30,0.0,,1.0,,0.0,6.162975822039155e-30,0.0,6.162975822039155e-33,3.925231146709438e-14,0.0,0.0,0.0,0.0,0.0,0.0
8,backward,affine,extension,0.0,b3115746df833de4489252cb0413f456e6b81db263e6143a7a369b4ff0497f4b,941e240e9459ee7af672e81c3ffb9cddcdabfcd4fb34aa16f679fb7ccbbdd78f,3a0196fe18af1c8735778e303b7a4e7fe161104c14d44d2d4b0f284f51525e0d,0.054987760125000125,0.054987760124999986,2.5237958004230417e-15,1.0069699999999997,,0.0,0.054987760125000125,0.054987760124999986,1.3877787807814457e-19,5.122375390497575,3.411417694859642e-11,0.0,0.0,0.0,0.0,0.0
8,backward,affine,shear,0.0,b3115746df833de4489252cb0413f456e6b81db263e6143a7a369b4ff0497f4b,99a1d09b95649c4de9714b6a752c3a4b6d5935be189cf00b6a99153f2544bb86,882c5a13537ec558a6ab5f08c82f4c71be8df86b3ecad02039e42e6f0ab8602e,0.10002000000000011,0.10002000000000001,9.712508963677383e-16,0.9999999999999991,,0.0,0.10002000000000011,0.10002000000000001,9.71445146547012e-20,6.84927030785032,8.190869915658539e-11,0.0,0.0,0.0,0.0,0.0
8,backward,graph,cylinder_000,0.2,b3115746df833de4489252cb0413f456e6b81db263e6143a7a369b4ff0497f4b,bb0bf3af5910d733446cca77095f86328a5409043209a0c7d3538c41a5ad77d0,747b4160f7d8fabdd3fe33c5e7858b4ff727c5bf9e20de5759bbd4acfc3a062c,0.039482235863583806,0.040001644962998684,0.012984693501862944,1.0000781219484807,23999.727859698378,3.1225022567582583e-15,0.039480590820312855,0.03999999999999993,5.194091796870762e-07,6.647912710750126,4.386631106967354e-12,1.6450432709535331e-06,1.6449629987490068e-06,9.632664543154573e-07,0.00016181905601900183,2.2928405720473353e-09
8,backward,graph,cylinder_090,0.2,b3115746df833de4489252cb0413f456e6b81db263e6143a7a369b4ff0497f4b,c970582ffe17a654387dde28f14f0b382f713274eb1b8b1a102c0cd3d51bd046,036adfc44ab237af70f4f6327069f803f2eac7455db73bda64768f9c62de5115,0.039482235863583806,0.040001644962998684,0.012984693501862944,1.0000781219484807,23999.727859698385,3.1225022567582583e-15,0.039480590820312855,0.03999999999999993,5.194091796870762e-07,6.647912710750126,4.386631106967354e-12,1.6450432709535327e-06,1.6449629987490066e-06,9.632664543129162e-07,0.00016181905601900186,2.2928405720473353e-09
8,backward,graph,cylinder_045,0.2,b3115746df833de4489252cb0413f456e6b81db263e6143a7a369b4ff0497f4b,661c1d1e9e4b8e8c978a68f77e4feb3208ccc58423941384d0c5b6e164dcd061,e4d7a8ac790237f2fb509d1e395b37db21607da0117246992a1066443201e0fd,0.10288019960581286,0.10333496243128437,0.004400861187460304,1.000195293430238,63152.526243610446,2.148818757339015e-15,0.10287857055664135,0.10333333333333322,4.547627766918749e-07,8.644493722855762,1.0383428838967036e-12,1.6290491715214677e-06,1.629097951152076e-06,5.853555672985882e-07,0.00012011372846727181,3.731248835497545e-10
8,backward,graph,cylinder_135,0.2,b3115746df833de4489252cb0413f456e6b81db263e6143a7a369b4ff0497f4b,2ae83595e459d06796ac81b4a92b7dbdcfd04ff47c2d647e990231c263a268a1,6b1a3fe212e244a327e133e7b3b09eedc5db64d72aacc74984d3ff8f7d1f6f8e,0.0033990304972856306,0.0033349944884185274,0.01920123379198429,1.0000390617370902,2045.2373599316188,8.7169854667835e-15,0.0033973693847657227,0.003333333333333316,6.403605143240646e-08,2.0220233594907033,2.9020857331835127e-13,1.661112519907866e-06,1.6611550852113524e-06,5.107836418359111e-07,0.0001260674916602878,4.5124469854891224e-11
8,backward,graph,twist,0.2,b3115746df833de4489252cb0413f456e6b81db263e6143a7a369b4ff0497f4b,958ec1b8a688f7cf4ae2b2c98ac9db249d7c12a7d4264f7ece70bfa35c3d9638,f1982ba592c5d16500489b5b84c00c3f501479eb71062cfd96b83206f0ef92b1,0.12566242664776273,0.12444769206795359,0.009761005283616227,1.000312451187128,38700.55977035095,2.7879484435341585e-15,0.12565917968750082,0.12444444444444425,1.2147352430565693e-06,8.375494415720429,8.531259976241045e-12,3.2469602618970415e-06,3.2476235093333368e-06,7.958969235543232e-06,8.974434349882198e-05,7.352088603445727e-11
8,backward,graph,dome,0.2,b3115746df833de4489252cb0413f456e6b81db263e6143a7a369b4ff0497f4b,cedabc8f717bb4291fff8510a72d5e14233103e3d404cfad74589f8d74af4873,a2bdb289fe230e4fe8fe1e1921cf505e3288822f81e36c0d8011868474dc7c52,0.1230623299679044,0.12444769206795359,0.011132083504551674,1.0001562377948756,37888.38735223093,2.7879484435341585e-15,0.12305908203125068,0.12444444444444425,1.3853624131935638e-06,11.075247117723546,3.5906255746454007e-12,3.247936653709405e-06,3.2476235093333368e-06,3.757732512819429e-06,0.00022720434959310262,6.3714444537807694e-09
8,backward,graph,saddle,0.2,b3115746df833de4489252cb0413f456e6b81db263e6143a7a369b4ff0497f4b,d8c59db56d5796db52030f28ec4058013f6bb4311b115715974e9d4124d19ae8,2e748a1117ea0d102f693bc011337359f83ca9701db43b40c29249bcd11052c2,0.1230623299679044,0.12444769206795359,0.011132083504551674,1.0001562377948756,37888.387352230886,2.7879484435341585e-15,0.12305908203125068,0.12444444444444425,1.3853624131935638e-06,10.929702507919492,6.789881851210211e-12,3.247936653709409e-06,3.2476235093333368e-06,3.7577325128651686e-06,0.000227281034727953,6.375045709223711e-09
8,backward,isometric,cylinder_000,0.2,b3115746df833de4489252cb0413f456e6b81db263e6143a7a369b4ff0497f4b,75b945f8af0fa05edc521e7f934da6f75d2d2258f64c169ec4fb2da98e03793b,e4425fe1f0a51b62848a47b1ec8356492c21e07ac550d24fa9274cf38c00f143,2.0053027608982225e-06,1.6666666666666669e-06,0.20318165653893333,0.9999739585367825,0.20349503144703643,0.0,3.390700731844036e-07,0.0,3.390700731844036e-10,0.01262055711766448,5.860239767656849e-13,1.666232687713819e-06,1.6666666666666669e-06,5.207747434175336e-06,0.000163271713567522,7.2683059700064914e-09
8,backward,isometric,cylinder_090,0.2,b3115746df833de4489252cb0413f456e6b81db263e6143a7a369b4ff0497f4b,b8dc3110a7893b7d2aaf269c81707f8a6defd7990821f9d445ff0ceab379c33c,07ed8ee41a5f381474ae44682a1e402987e21bf8a5361abcd78ee6119168d931,2.0053027608981378e-06,1.6666666666666669e-06,0.2031816565388825,0.999973958536782,0.20349503144698608,0.0,3.390700731843196e-07,0.0,3.390700731843196e-10,0.012620557117652394,5.860239768496471e-13,1.6662326877138183e-06,1.6666666666666669e-06,5.207747434182959e-06,0.00016327171356752214,7.268305977629788e-09
8,backward,isometric,cylinder_045,0.2,b3115746df833de4489252cb0413f456e6b81db263e6143a7a369b4ff0497f4b,47b7bc38f41ce053bf62f0cbc7c9680d1db778a2a7460e09bc80dcb18e98424c,882d7b917378575236f4e9d2c6c6567d41179ff79eb686795a69c153602c90dc,3.7851815705398633e-06,1.6666666666666669e-06,1.271108942323918,0.9999869751488457,1.271884376475193,0.0,2.1190837665607116e-06,0.0,2.1190837665607118e-09,0.03153437028151568,4.408113830113049e-13,1.6660978039791517e-06,1.6666666666666669e-06,6.82635225018258e-06,0.00012166480441357445,7.759141992244112e-10
8,backward,isometric,cylinder_135,0.2,b3115746df833de4489252cb0413f456e6b81db263e6143a7a369b4ff0497f4b,fac00485d390cc01e55fc390cb0fc9024bb3dde2ba27bdedc9e09c11e24d3376,53eaecc72b476bd347804bcbe0a357c2eed72e5b96e004a1d50ab3654bc3eba9,1.7512189492875189e-06,1.6666666666666669e-06,0.05073136957251118,0.9999869792175283,0.050868193672026246,0.0,8.476928430311017e-08,0.0,8.476928430311016e-11,0.006310672589450923,4.876269942199739e-14,1.6664496649844088e-06,1.6666666666666669e-06,2.604020187097251e-06,0.00012661487048698576,3.697070344568158e-10
8,backward,graph,cylinder_000,0.6,b3115746df833de4489252cb0413f456e6b81db263e6143a7a369b4ff0497f4b,bd4b5d78a0a6a8800fa04f31e380b81164ed996f6ea3f91eecfec6d6668552b6,c27cc3c1fde0c5614352d82dd759650366902ea645c3a33e5c60c74c60a15932,3.197941370736909,3.2400135104875,0.01298517417115984,1.0007028779812717,236633.0365415857,3.2895497025930635e-15,3.1979278564453155,3.239999999999993,4.2072143554677585e-05,67.82851882845284,1.0486846244717186e-09,1.3514291593360483e-05,1.3510487506764605e-05,4.5649039150546286e-05,0.00045794197182657333,9.191715109586971e-08
8,backward,graph,cylinder_090,0.6,b3115746df833de4489252cb0413f456e6b81db263e6143a7a369b4ff0497f4b,6a4333b06ec9ce29e4b0865ee6acd9c88bce63b9d6220e4a7f548fe713321184,abddf28ee5a1c27c921e36867edf4337f05478b22e5d8198cb0607c1d9bb8475,3.197941370736909,3.2400135104874996,0.012985174171159705,1.0007028779812717,236633.03654158572,3.4266142735344415e-15,3.1979278564453155,3.2399999999999927,4.2072143554677145e-05,67.82851882845284,1.0486846249158077e-09,1.3514291593360482e-05,1.3510487506764605e-05,4.564903915052596e-05,0.00045794197182657355,9.191715109586971e-08
8,backward,graph,cylinder_045,0.6,b3115746df833de4489252cb0413f456e6b81db263e6143a7a369b4ff0497f4b,4add849b910bb74d52f722713c451850f1a1980b35a41a17664a4dec2459baf8,ff21ea3eb4a246a592975f2ef0e1eea6a3c9f6e37ba4126131aa908edf2ce575,8.333176788144202,8.370012578354308,0.004400924116334825,1.0017562702573914,662779.5192820607,2.122290130705201e-15,8.333164215087896,8.369999999999987,3.683578491209083e-05,92.21800559789948,4.873033194741083e-10,1.257305630704248e-05,1.2578354321311905e-05,6.35761712330956e-05,0.0003322674786180717,6.290323527357623e-09
8,backward,graph,cylinder_135,0.6,b3115746df833de4489252cb0413f456e6b81db263e6143a7a369b4ff0497f4b,11318367095aa6ec0d179aa356b757c6389a3a7962576a43667ec7f014b0e1cd,2f5f59139d77c31a0051e97d43170d45654d75376a1a4149e3c85602a228fb0e,0.2752014967673582,0.2700145795876236,0.019209767071305128,1.0003515007236206,18878.675056785116,8.840664825718887e-15,0.2751869201660163,0.2699999999999985,5.186920166017794e-06,19.080298200113816,1.8729154838137417e-11,1.4576601341899382e-05,1.4579587625088285e-05,3.5835398266834454e-05,0.000366599761974399,2.2411715610789768e-08
8,backward,graph,twist,0.6,b3115746df833de4489252cb0413f456e6b81db263e6143a7a369b4ff0497f4b,9d78bf92bd8021a556dfb241256e4e3071b42a34ad5dcc8c976e954df4395288,adee6a4be805d11cf39037316bcc17a80d6c9eff91824ead14255fa36723bb2d,10.1784180641614,10.080024548526106,0.009761237699533304,1.002808556006579,415284.04886885075,2.8196140307940537e-15,10.178393554687506,10.07999999999998,9.839355468752587e-05,88.95787858213977,4.761556056109839e-10,2.4509473894823023e-05,2.4548526124805685e-05,0.00046862675979194386,0.0002399211947960269,1.0401596250986245e-08
8,backward,graph,dome,0.6,b3115746df833de4489252cb0413f456e6b81db263e6143a7a369b4ff0497f4b,e596140e45fb2eca86ec0c02ac9419eb7357906dcf99377862241217a168d6fd,bcb6d5176faa08f3d6c4494fbac896b703d1335dfe78d824f9ca39d97b42af5a,9.967810206102476,10.080024548526106,0.01113234812905674,1.0014052626184866,405828.50160464144,2.8196140307940537e-15,9.967785644531258,10.07999999999998,0.00011221435546872271,117.79001691583001,1.5748348687338876e-09,2.4561571218183896e-05,2.454852612480569e-05,0.00015654112053849038,0.0006153523047562647,5.62471349200731e-08
8,backward,graph,saddle,0.6,b3115746df833de4489252cb0413f456e6b81db263e6143a7a369b4ff0497f4b,d40249d308d4b46ded722f1bb0af5158335cdcc29ca8d4053e5d0d0604cbde7d,5d714f001459e723d6b30fd17260ffb4204d2617b776a49ee6bd391c2ef5d9e9,9.967810206102476,10.080024548526106,0.01113234812905674,1.0014052626184866,405828.5016046411,2.8196140307940537e-15,9.967785644531258,10.07999999999998,0.00011221435546872271,115.9891455932269,5.242189988763357e-10,2.4561571218183916e-05,2.454852612480569e-05,0.00015654112053873433,0.0006161377929049266,2.8886169741977955e-08
8,backward,isometric,cylinder_000,0.6,b3115746df833de4489252cb0413f456e6b81db263e6143a7a369b4ff0497f4b,f65d5bdedd7e88c3a223e8fa05b8af3e4fed09bf40b1ea8039978501d50d1f60,e016a807221727c0b3843a392b37503a9f332a98874b2fb888829296aec6ad2a,4.2420401954507416e-05,1.4999999999999999e-05,1.8280267969671613,0.9997656414789395,1.8346638174600063,0.0,2.745552262976332e-05,0.0,2.745552262976332e-08,0.11452895240093917,4.1013803108458653e-13,1.4964879324744093e-05,1.4999999999999999e-05,0.0004214481030708725,0.0004890000426295098,2.181509730346011e-07
8,backward,isometric,cylinder_090,0.6,b3115746df833de4489252cb0413f456e6b81db263e6143a7a369b4ff0497f4b,f7ef8ea550fc4bb491d290057f2e0af5b5ec38d3c87433b2ef40fa1093f43f3d,4698157b7162ce0ebe6cb3a922f8c669b2054863558c44e5dbcf3738001a01dc,4.242040195450755e-05,1.4999999999999999e-05,1.8280267969671704,0.9997656414789395,1.8346638174600167,0.0,2.7455522629763462e-05,0.0,2.7455522629763462e-08,0.11452895240093339,4.101380309388968e-13,1.4964879324744086e-05,1.4999999999999999e-05,0.00042144810307095384,0.0004890000426295096,2.1815097295328593e-07
8,backward,isometric,cylinder_045,0.6,b3115746df833de4489252cb0413f456e6b81db263e6143a7a369b4ff0497f4b,beac348aba1c2916324a35ab44a4d5cfead742e962d4fb6b04e5df3d93456a9c,8f34d109b9c2d5a1b9271b2fc3c1bae699ac1c975661b6c38d9b2a2776d95b11,0.00018647510172688526,1.4999999999999999e-05,11.431673448459017,0.9998824872692872,11.469914383798072,0.0,0.00017152110156396763,0.0,1.7152110156396763e-07,0.28495031103830115,2.4552138672834233e-12,1.495400016291763e-05,1.4999999999999999e-05,0.000551998044988419,0.0003643198939496426,5.174668857879606e-08
8,backward,isometric,cylinder_135,0.6,b3115746df833de4489252cb0413f456e6b81db263e6143a7a369b4ff0497f4b,9d4ca47ce760d34c503254636945434905224455e26b1c5afe0925d10f4c0d95,cb615fc782d8e8bd83dddfdf7724eaf782aef50b3b9ff4d1e12a060ba453d8f2,2.184759851409739e-05,1.4999999999999999e-05,0.4565065676064928,0.9998828166198026,0.45821454793172006,0.0,6.865167742791994e-06,0.0,6.865167742791994e-09,0.05729642629065841,1.6914692237426867e-12,1.4982430771305396e-05,1.4999999999999999e-05,0.00021083074433523392,0.00038016034417533883,4.011869933755619e-08
16,backward,rest,rest,0.0,16ed51bd56fec34b849e3ceb3cd38f6070646ac95383cd093d3247ebe2c25567,bcc29bcab9dfaaf8ac58eacc51f07f204d712ea4dfa3cc0eb4a5e9461836699a,f1faf4d6171c4fa4cfe1f0cc6f12af125db66325139148cf46cbbc5fe6cbac1a,6.162975822039155e-30,0.0,,1.0,,0.0,6.162975822039155e-30,0.0,6.162975822039155e-33,2.7755575615628917e-14,0.0,0.0,0.0,0.0,0.0,0.0
16,backward,affine,extension,0.0,16ed51bd56fec34b849e3ceb3cd38f6070646ac95383cd093d3247ebe2c25567,ab36a5e316313a91345ba1c87c7af2004786a7686783869b1dcb2819a003bb49,8286e79eab5cf399f1604bdaf84d985190210f9331cbbd75969e9d48983710d6,0.054987760125000035,0.054987760124999986,8.833285301480646e-16,1.0069699999999997,,0.0,0.054987760125000035,0.054987760124999986,4.85722573273506e-20,3.6819392962505297,3.4042370714026936e-11,0.0,0.0,0.0,0.0,0.0
16,backward,affine,shear,0.0,16ed51bd56fec34b849e3ceb3cd38f6070646ac95383cd093d3247ebe2c25567,59db9fc5f9120105204026ef387a68dc93303e62bc680916820e037d51706d6c,6aec2622ff8a8fc335b47302b77e0ecaab246983ecc56703c40e722dd66b3d83,0.10002000000000011,0.10002000000000001,9.712508963677383e-16,0.9999999999999982,,0.0,0.10002000000000011,0.10002000000000001,9.71445146547012e-20,4.923223226454369,7.671314304624755e-11,0.0,0.0,0.0,0.0,0.0
16,backward,graph,cylinder_000,0.2,16ed51bd56fec34b849e3ceb3cd38f6070646ac95383cd093d3247ebe2c25567,36e27213b77a79773fc77563e3c380bcbca3f6d4798f1eea8a46e67d396abedc,4c42118ecc0c0cfa27dfa1bba7225b014c700db62a21862f8b1fc60625576bdd,0.039871525659333766,0.040001644962998684,0.003252848821224159,1.0000195310592688,24237.259064724694,3.1225022567582583e-15,0.03986988067626989,0.03999999999999993,1.3011932373004077e-07,4.9047792572379745,4.961186676755158e-12,1.644983063876937e-06,1.6449629987490068e-06,2.4078153516222706e-07,0.0002334938085940295,9.190693346956412e-09
16,backward,graph,cylinder_090,0.2,16ed51bd56fec34b849e3ceb3cd38f6070646ac95383cd093d3247ebe2c25567,aa34b72abcc982b1a6bfaf5b63821e6ed2732c188c9f63472240799d7240f8fc,00f56c6a6ed93c765fa92376cd87481bc0b57da3fb95e125dfa789d58c846a0c,0.03987152565933377,0.040001644962998684,0.0032528488212239855,1.0000195310592688,24237.259064724705,3.1225022567582583e-15,0.0398698806762699,0.03999999999999993,1.3011932373003383e-07,4.9047792572379745,4.961186662877371e-12,1.6449830638769364e-06,1.6449629987490066e-06,2.4078153515714486e-07,0.00023349380859402942,9.190693349497511e-09
16,backward,graph,cylinder_045,0.2,16ed51bd56fec34b849e3ceb3cd38f6070646ac95383cd093d3247ebe2c25567,11a8b31c405576fcc7c478ae520fe415f81e473fa2ad12b7664cbea9361681bb,df5775a777befb289e44526ff6c1adcd22a4b13f2bc758ca03d510440cbcea87,0.1032210905267951,0.10333496243128437,0.0011019687994273876,1.0000488269329653,63360.360965035434,2.148818757339015e-15,0.1032194614410407,0.10333333333333322,1.1387189229251916e-07,6.3121815586680725,1.4530072284246742e-12,1.629085754388315e-06,1.629097951152076e-06,1.4636116513091872e-07,0.00016882498028871078,7.236942724367411e-10
16,backward,graph,cylinder_135,0.2,16ed51bd56fec34b849e3ceb3cd38f6070646ac95383cd093d3247ebe2c25567,11cc34bf9050d982d8d0dc77ffee917075f727d69174c43e46a711ad52bf3449,667c507f53524149a991b85c26f763d589ecdd52cdbc7b17395debc5270facca,0.0033512037622443697,0.0033349944884185274,0.004860360004231622,1.0000097655773168,2016.4065954648693,8.7169854667835e-15,0.0033495426177979413,0.003333333333333316,1.6209284464625134e-08,1.5095245969672266,4.569315802463447e-14,1.6611444464283388e-06,1.6611550852113524e-06,1.2766539616333326e-07,0.00017389594214105641,1.117941938464696e-09
16,backward,graph,twist,0.2,16ed51bd56fec34b849e3ceb3cd38f6070646ac95383cd093d3247ebe2c25567,569f645be38c5bcc229a595b2b37c63d40dff1dbe9f3aa2b972cf75d21c18f64,02b259e3983bd668eb48aab4adf7b75576240d4a05cb144fcc8a8dc5e3cc4a6a,0.12475147743816911,0.12444769206795359,0.0024410687347230704,1.0000781219484807,38414.12006577447,2.7879484435341585e-15,0.12474822998046953,0.12444444444444425,3.037855360252806e-07,6.065658579757502,5.130265656738686e-14,3.24745769958728e-06,3.2476235093333368e-06,1.9897169526822108e-06,8.966943795410286e-05,4.1400439696750394e-10
16,backward,graph,dome,0.2,16ed51bd56fec34b849e3ceb3cd38f6070646ac95383cd093d3247ebe2c25567,3191a4f2476fae389d847019f7f8bbbeb64639c979685fc456a95ddf18a85411,ead6ada564cc80764ac54649c59ce6a04e1a8b51625241ad5298d76f1e97b607,0.1241006903287354,0.12444769206795359,0.0027883340659199123,1.0000390617370902,38210.849079618056,2.7879484435341585e-15,0.12409744262695394,0.12444444444444425,3.470018174903111e-07,8.123792743915367,3.950529334217912e-12,3.247701781459455e-06,3.2476235093333368e-06,9.392655134195856e-07,0.0003279952934338076,9.479573371187614e-09
16,backward,graph,saddle,0.2,16ed51bd56fec34b849e3ceb3cd38f6070646ac95383cd093d3247ebe2c25567,b74127e8a1e5827d1be6026b5f035fe80f10c4ce2efbcb539111a43df0cf0063,5167d975aa38a7ebb046d164c5ba1c2d2231c68ad15b068d819d92ad9865efba,0.12410069032873551,0.12444769206795359,0.00278833406591902,1.0000390617370902,38210.84907961808,2.7879484435341585e-15,0.12409744262695405,0.12444444444444425,3.470018174902001e-07,8.064401121519277,6.736799285089745e-12,3.247701781459456e-06,3.2476235093333368e-06,9.3926551342975e-07,0.0003280387215256431,3.923285321291194e-09
16,backward,isometric,cylinder_000,0.2,16ed51bd56fec34b849e3ceb3cd38f6070646ac95383cd093d3247ebe2c25567,1d26cd1ec3ae3d74b2cff1ecae8a45fba1c706d52f76d86f18f5fcb7cf91f75c,957ccaff5c2a266605ecee13653930bec1048fd42cb851359dd2f1bf15656903,1.6877507046037459e-06,1.6666666666666669e-06,0.012650422762247407,0.9999934895960476,0.01271635296216665,0.0,2.119254182981331e-08,0.0,2.119254182981331e-11,0.0022668296068030862,1.7182482776179292e-13,1.6665581627739326e-06,1.6666666666666669e-06,1.3020467128107321e-06,0.00023569429430956283,4.699225873235253e-08
16,backward,isometric,cylinder_090,0.2,16ed51bd56fec34b849e3ceb3cd38f6070646ac95383cd093d3247ebe2c25567,7516cdf5c327ed2514c87c95c5263b3c2c7c7df688ba63c67cc47b4668af9624,46bcc3f45ada661ac7b50efb23abb570833bc949b0acc64cc26654e7d709da68,1.6877507046037446e-06,1.6666666666666669e-06,0.012650422762246646,0.9999934895960462,0.012716352962166864,0.0,2.1192541829813643e-08,0.0,2.1192541829813645e-11,0.0022668296067979957,1.7182482776146205e-13,1.666558162773931e-06,1.6666666666666669e-06,1.302046712831061e-06,0.00023569429430956218,4.6992258750140224e-08
16,backward,isometric,cylinder_045,0.2,16ed51bd56fec34b849e3ceb3cd38f6070646ac95383cd093d3247ebe2c25567,926ec2e0944f61357792246ee8a53e1c9df51d4780f4c61fd26204801ca98e4e,7bbbc28be9026a6f05112faeb61ee09709044b98f1fe33ec51ab6a9f0e98d5c5,1.7989871756988352e-06,1.6666666666666669e-06,0.079392305419301,0.9999967445405347,0.07947731383194706,0.0,1.3245175837472332e-07,0.0,1.3245175837472332e-10,0.005665664723999929,1.3534965301212594e-14,1.666535417324112e-06,1.6666666666666669e-06,1.5749921106589617e-06,0.00017102819930850963,1.4478461815282907e-10
16,backward,isometric,cylinder_135,0.2,16ed51bd56fec34b849e3ceb3cd38f6070646ac95383cd093d3247ebe2c25567,36146c889c0487d5ec0e268b6eb59d463ed395d7540ce89fd9a92010b90cbb95,e9400dee1ebb1914f4200c23b7934014604203c5bd4750ab7894988f7c59fae6,1.671910577009358e-06,1.6666666666666669e-06,0.003146346205614669,0.9999967447948419,0.0031790013128478126,0.0,5.29816305197897e-09,0.0,5.29816305197897e-12,0.0011334325043923271,9.975227452489072e-14,1.666612413957379e-06,1.6666666666666669e-06,6.510325114546738e-07,0.0001745694795462361,9.358951017529485e-10
16,backward,graph,cylinder_000,0.6,16ed51bd56fec34b849e3ceb3cd38f6070646ac95383cd093d3247ebe2c25567,7b22d4b6f5a455eedb1d6e663eb464ec0c47ea656db5e3c4037f9f64813aade3,dc936de29310b9c0c036adf84a5c8d82ce919e1dc81db8fbaf21359c90b9c464,3.2294738462158787,3.2400135104875,0.0032529692353151693,1.0001757658031911,239016.77412105468,3.2895497025930635e-15,3.2294603347778357,3.239999999999993,1.0539665222157434e-05,50.27514507747125,1.1750652313402555e-09,1.3511438043014557e-05,1.3510487506764605e-05,1.1406434999429265e-05,0.0006597692740000059,1.1760064782742738e-07
16,backward,graph,cylinder_090,0.6,16ed51bd56fec34b849e3ceb3cd38f6070646ac95383cd093d3247ebe2c25567,69f53baf2ca11c4af23e32a626f9086c75eb9429a81fde062db175943ff170f1,9a5fb5927ec8dad310912361a02ff7d3764a39e984591d3d534bd0aecebdb23b,3.2294738462158783,3.2400135104874996,0.0032529692353151698,1.0001757658031911,239016.7741210547,3.4266142735344415e-15,3.2294603347778352,3.2399999999999927,1.0539665222157434e-05,50.27514507747125,1.1750652317843446e-09,1.3511438043014554e-05,1.3510487506764605e-05,1.1406434999388607e-05,0.000659769274000006,1.1760064782742738e-07
16,backward,graph,cylinder_045,0.6,16ed51bd56fec34b849e3ceb3cd38f6070646ac95383cd093d3247ebe2c25567,225830c2668c08b5db18f0ed89a0b7370552ef4461eb694b0b6691d6ba6e84c1,7708a974251ddabf4ac4899a62c269188533103d207058d9a5c43cd1f6f9eb55,8.360788953753689,8.370012578354308,0.0011019845566865671,1.0004393566078855,664765.5885450989,2.122290130705201e-15,8.360776376724251,8.369999999999987,9.223623275735449e-06,67.66895515159385,2.3756523681583987e-10,1.2577029438335679e-05,1.2578354321311905e-05,1.5898595714716464e-05,0.00046705138642110655,8.252816642963581e-09
16,backward,graph,cylinder_135,0.6,16ed51bd56fec34b849e3ceb3cd38f6070646ac95383cd093d3247ebe2c25567,5e9053aad62b7a69c1ce0d437b33f5f612ddcb72aba2bb7ad25d86e059159aa0,0e1af401c1049f8e137893518c601f35e2c6c408a53ed76ef9d2895d96a2b090,0.27132753088398326,0.2700145795876236,0.0048625200104559325,1.0000878867629586,18610.047725952863,8.840664825718887e-15,0.27131295204162686,0.2699999999999985,1.3129520416283457e-06,14.282914443621433,1.6836694149979792e-11,1.4578842356393539e-05,1.4579587625088285e-05,8.94322433695068e-06,0.0005071263926784877,1.651361705256975e-08
16,backward,graph,twist,0.6,16ed51bd56fec34b849e3ceb3cd38f6070646ac95383cd093d3247ebe2c25567,a596a52bbfee969abd24bb503ab279d2b90f66e0dfa0a076ec0f40d185928067,920b207d7d78d0fbb26dd80fe9daa09b7617b032a9f9f3c3a3612dfcaec97638,10.104631167181,10.080024548526106,0.0024411268580185113,1.0007028779812717,411781.4177923754,2.8196140307940537e-15,10.104606628417976,10.07999999999998,2.4606628417995326e-05,64.72599642752978,1.2147991412803093e-10,2.4538763022844385e-05,2.4548526124805685e-05,0.00011715722353559488,0.00023841717279689633,6.256671084546063e-09
16,backward,graph,dome,0.6,16ed51bd56fec34b849e3ceb3cd38f6070646ac95383cd093d3247ebe2c25567,0529dd803a716c6b6bdd313e6140ea5351ca4f7daba9fa7e53f108c16c5791b5,ee594342f8236c4b2f1b758616e8fd525c1dc7046041cfc5aa1f961c888375c6,10.051917404568457,10.080024548526106,0.0027884003478701336,1.0003515007236206,409415.96511838236,2.8196140307940537e-15,10.051892852783208,10.07999999999998,2.8107147216772434e-05,86.8376169753212,1.015220485456325e-09,2.455178524822966e-05,2.454852612480569e-05,3.910948108765198e-05,0.0008890038368071821,9.48524064874794e-08
16,backward,graph,saddle,0.6,16ed51bd56fec34b849e3ceb3cd38f6070646ac95383cd093d3247ebe2c25567,3644bdd18070cfb017d937884e26995e3cc3d752d81e426328fad4f37bc0248b,3baba6aa5326ec7b0df945163609e6b8c8bac7ccb5bba38b85850be5240daf42,10.051917404568457,10.080024548526106,0.0027884003478701336,1.0003515007236206,409415.9651183817,2.8196140307940537e-15,10.051892852783208,10.07999999999998,2.8107147216772434e-05,86.09799023552165,2.447111207004582e-10,2.4551785248229697e-05,2.454852612480569e-05,3.9109481088099216e-05,0.0008893224264520659,5.569507152019572e-08
16,backward,isometric,cylinder_000,0.6,16ed51bd56fec34b849e3ceb3cd38f6070646ac95383cd093d3247ebe2c25567,87596afa3a5aeed37ace8048896616bca70fb881095771c7cf28ce57b69c064a,4be7caff89ff3bf9bbfcb6e80977a53ef85612aedf452964a400043b8dc2db39,1.6707666006701558e-05,1.4999999999999999e-05,0.11384440044677065,0.9999414072799564,0.11449726091280013,0.0,1.7164528447978881e-06,0.0,1.716452844797888e-09,0.020494829956321042,1.288857582770966e-13,1.4991213161903672e-05,1.4999999999999999e-05,0.00010544205715592211,0.0007067841708703743,9.08621003550868e-08
16,backward,isometric,cylinder_090,0.6,16ed51bd56fec34b849e3ceb3cd38f6070646ac95383cd093d3247ebe2c25567,be5d534a61dc4e30aab0b1fdb96965b3fc2633d350b65067fa20c61267785a47,8f3a60fa798579d31c36bd9039ae9ce93f8cf18eab57dd80f3bda755ca9b628a,1.670766600670168e-05,1.4999999999999999e-05,0.11384440044677878,0.9999414072799564,0.11449726091280889,0.0,1.7164528447980182e-06,0.0,1.7164528447980182e-09,0.020494829956300906,1.2888575814728883e-13,1.4991213161903662e-05,1.4999999999999999e-05,0.00010544205715604408,0.0007067841708703735,9.086210027377164e-08
16,backward,isometric,cylinder_045,0.6,16ed51bd56fec34b849e3ceb3cd38f6070646ac95383cd093d3247ebe2c25567,bcfce5bf0d67b56e16c55d2abe910d71365e6e23922f6cceb05e8b40a0be6988,dcbc0f00b27144604b13342243dc6be51dd750f3daf6042e91f7e5851546ecec,2.5716016605472127e-05,1.4999999999999999e-05,0.7144011070314753,0.9999706827868643,0.7156165612038397,0.0,1.0726643579469553e-05,0.0,1.0726643579469554e-08,0.051123278116458816,1.3358424514445151e-12,1.4989373026002572e-05,1.4999999999999999e-05,0.0001275236879691227,0.0005128746578438439,5.693633473626827e-08
16,backward,isometric,cylinder_135,0.6,16ed51bd56fec34b849e3ceb3cd38f6070646ac95383cd093d3247ebe2c25567,8dfb89c6ef2d6af605ac7734f7d5a09831616dfc0104c08a576066aa4cdb750d,49d4db4ff9519e0331a197bd7da67c4fa5fd7c98f83659927dcf65d7c1b97d67,1.542473935119391e-05,1.4999999999999999e-05,0.02831595674626067,0.9999707033824876,0.028617271325323934,0.0,4.291333263019942e-07,0.0,4.291333263019942e-10,0.010248849730165193,4.011906069779394e-13,1.4995606024891915e-05,1.4999999999999999e-05,5.272770129699934e-05,0.000523848963440949,1.7832968215720883e-08
32,backward,rest,rest,0.0,507ad8a66092d70fd18a4e9b2cb55e5eb68caf37e43ff196d6894413cece35e5,0602a0b665ee1db8ecd143c24b73b1a86d2ab429c718a86302ba77a00197df21,415770ec18ee75ffebde9dbfed923fbcb1c1294f73e1bea51752afc52fe09c5e,6.162975822039155e-30,0.0,,1.0,,0.0,6.162975822039155e-30,0.0,6.162975822039155e-33,1.962615573354719e-14,0.0,0.0,0.0,0.0,0.0,0.0
32,backward,affine,extension,0.0,507ad8a66092d70fd18a4e9b2cb55e5eb68caf37e43ff196d6894413cece35e5,5b333c755b594a970fe52ff348f43fa11f451f4c269eaccae79038b3b4312bdb,4f295cc67cb0a7a7b042a20bd485dc259d6a019d86782584a6603c1e1aa31736,0.05498776012500008,0.054987760124999986,1.7666570602961292e-15,1.006969999999998,,0.0,0.05498776012500008,0.054987760124999986,9.71445146547012e-20,2.6244364215598064,3.3891577849720636e-11,0.0,0.0,0.0,0.0,0.0
32,backward,affine,shear,0.0,507ad8a66092d70fd18a4e9b2cb55e5eb68caf37e43ff196d6894413cece35e5,56c12991c8be2eb960c0bdb38099b579a903fc9a8b9f1255bd035bf41de2b709,21df8d9fb1f80c1dec1ec0bc87a28c309ce45cd9c7fcdc775a89988b9c9e3db0,0.10002000000000014,0.10002000000000001,1.2487511524728064e-15,0.9999999999999964,,0.0,0.10002000000000014,0.10002000000000001,1.249000902703301e-19,3.5092067813645484,7.44611995395772e-11,0.0,0.0,0.0,0.0,0.0
32,backward,graph,cylinder_000,0.2,507ad8a66092d70fd18a4e9b2cb55e5eb68caf37e43ff196d6894413cece35e5,e88bfae2fa228dabb93e0750c06dc31b72b507687d6d8d8a04f2def3f2091cc8,3a4d4b4826004c72927b4f888831aa1e89d9465817eb716d2efe0aedfa76f1ed,0.039969098447782105,0.040001644962998684,0.0008136294206571867,1.0000048828005792,24296.796727352656,3.1225022567582583e-15,0.039967453479767254,0.03999999999999993,3.254652023267773e-08,3.5377649487952683,6.224665158316434e-12,1.6449680148483528e-06,1.6449629987490068e-06,6.019319215125102e-08,0.0003334462079176598,3.212571401527706e-08
32,backward,graph,cylinder_090,0.2,507ad8a66092d70fd18a4e9b2cb55e5eb68caf37e43ff196d6894413cece35e5,f09d28e1c404590091a134b57c77f73e9eb674ac7e1f5a3b2eb512ae0d476d5f,f5da03b586ba9cd1c729efb7abd86abe0b9c9c652df6596e9dd17a1e9c5c5aa0,0.03996909844778211,0.040001644962998684,0.0008136294206570132,1.0000048828005792,24296.79672735262,3.1225022567582583e-15,0.03996745347976726,0.03999999999999993,3.254652023267079e-08,3.5377649487952674,6.22466515137754e-12,1.6449680148483555e-06,1.6449629987490066e-06,6.01931921868264e-08,0.0003334462079176603,3.212571401781816e-08
32,backward,graph,cylinder_045,0.2,507ad8a66092d70fd18a4e9b2cb55e5eb68caf37e43ff196d6894413cece35e5,ba48d04eb0a1c8d9ae8a5b82f4d7c75fdf8bb212791647650acf8132b7a5180c,a508261e00775ba231cb6a9c38cdccbf9f93181d0a6c6d86d9992e84d749e72d,0.10330648313028007,0.10333496243128437,0.0002756017937611473,1.0000122069567452,63412.42239379258,2.148818757339015e-15,0.10330485403537823,0.10333333333333322,2.8479297954991934e-08,4.531606603525856,6.772391258902388e-13,1.6290949018451424e-06,1.629097951152076e-06,3.659168320265454e-08,0.00023802086317123433,6.485909958726401e-10
32,backward,graph,cylinder_135,0.2,507ad8a66092d70fd18a4e9b2cb55e5eb68caf37e43ff196d6894413cece35e5,30ac4a47ed86f08ec6db48f8b7d66540caea5ac6ffc8de5f0cc2b3ff651eaac5,81084b0b56d5769ef85d45e53bac45a885c3a73c51a6b8cc0d48eccd76fb08c2,0.0033390593238506365,0.0033349944884185274,0.0012188432233471887,1.0000024414032698,2009.0860536593414,8.7169854667835e-15,0.003337398171424962,0.003333333333333316,4.0648380916458e-09,1.0965093269863275,4.2600080581156607e-14,1.6611524256744694e-06,1.6611550852113524e-06,3.191444259540333e-08,0.00024277037774583486,1.3843732195954728e-09
32,backward,graph,twist,0.2,507ad8a66092d70fd18a4e9b2cb55e5eb68caf37e43ff196d6894413cece35e5,7521ea30c5c26c64ba951414ed1bcfd3c9fc1f929898f1b57b9059c08016d420,ad9f40500506def54de1737099003797cf70a34a92ddadeaf212c5eaaf843a76,0.12452364476833713,0.12444769206795359,0.0006103182720501851,1.0000195310592688,38342.49450811508,2.7879484435341585e-15,0.12452039718628011,0.12444444444444425,7.595274183586076e-08,4.3430497837464905,1.318028172714314e-12,3.2475820570288072e-06,3.2476235093333368e-06,4.974276543544666e-07,8.963003318820503e-05,1.8789625566307264e-09
32,backward,graph,dome,0.2,507ad8a66092d70fd18a4e9b2cb55e5eb68caf37e43ff196d6894413cece35e5,8faa1f0e25a19224b83e52c0c881a4e63293d071232561c4983a5e2595c67eb3,434b68b5004399b0af79d2894fd40c1d4905afb6e869acec45a08e12dd0f8423,0.12436090030726187,0.12444769206795359,0.0006974155908357768,1.0000097655773168,38291.66251806947,2.7879484435341585e-15,0.12435765266418537,0.12444444444444425,8.679178025887412e-08,5.841032947248359,6.852640663246312e-12,3.247643076492231e-06,3.2476235093333368e-06,2.3480590673305608e-07,0.0004684840795413584,4.31514878862537e-08
32,backward,graph,saddle,0.2,507ad8a66092d70fd18a4e9b2cb55e5eb68caf37e43ff196d6894413cece35e5,1d001372b6ba61d879f0f0113ca889e0ea6357be65d0da1da0dc1f6a5eaa2fb3,8f9d380039a4471e484bf224608d9a6556c3065d4f53b0d3eda44b64668a728b,0.12436090030726185,0.12444769206795359,0.0006974155908358884,1.0000097655773168,38291.66251806946,2.7879484435341585e-15,0.12435765266418536,0.12444444444444425,8.679178025888801e-08,5.818581380719201,8.126654710283176e-12,3.247643076492231e-06,3.2476235093333368e-06,2.3480590673305608e-07,0.0004685078578644913,4.515578116301108e-08
32,backward,isometric,cylinder_000,0.2,507ad8a66092d70fd18a4e9b2cb55e5eb68caf37e43ff196d6894413cece35e5,55547baefff8e04e2211c99c4d1310b7b9e4f4f744a2b52cf108b0e9d5fdb32e,3aeb136f3563d4338539a6d3940fa96e3d71fb48a3628dba349c7c843bdfc4aa,1.667964084333551e-06,1.6666666666666669e-06,0.0007784506001305351,0.999998372396623,0.0007947394624847744,0.0,1.324544212271857e-09,0.0,1.324544212271857e-12,0.0004038306265779824,1.9204142109226636e-13,1.6666395401212792e-06,1.6666666666666669e-06,3.255185446526118e-07,0.00033664883914522146,6.142059278375716e-09
32,backward,isometric,cylinder_090,0.2,507ad8a66092d70fd18a4e9b2cb55e5eb68caf37e43ff196d6894413cece35e5,51a603fede7fb4bff8fddb33841914c6fa6c31156e0834b836c68314b09e6c8d,143e8931d41b360832a332c88a7b26210960fbfbc8f01e91ff97eeadc00800eb,1.667964084333553e-06,1.6666666666666669e-06,0.0007784506001316786,0.9999983723966216,0.0007947394624853873,0.0,1.3245442122728793e-09,0.0,1.3245442122728793e-12,0.00040383062658027593,1.9204142109124397e-13,1.6666395401212802e-06,1.6666666666666669e-06,3.255185446399063e-07,0.0003366488391452239,6.142059273293518e-09
32,backward,isometric,cylinder_045,0.2,507ad8a66092d70fd18a4e9b2cb55e5eb68caf37e43ff196d6894413cece35e5,95a09e435847b1539c7853f228319382aa628e8189b38b717a3faabd72e42f76,beb7f28e7a535395460580a14e76381e0befdcdc1d90f813e8b50f8b507c2c18,1.6749136878581312e-06,1.6666666666666669e-06,0.004948212714878618,0.9999991861822133,0.004967118978498279,0.0,8.278375888320647e-09,0.0,8.278375888320647e-12,0.0010094568555016124,3.4916512523222644e-13,1.6666353119698105e-06,1.6666666666666669e-06,3.7625636227628774e-07,0.00024112474981093654,1.3653317215825194e-09
32,backward,isometric,cylinder_135,0.2,507ad8a66092d70fd18a4e9b2cb55e5eb68caf37e43ff196d6894413cece35e5,944306b2812d0f9910d031dcc87ee28c6290f767b932cae47b3b9c4182607013,1df0e87058cf73a4f889d2d23c15f43a41478d030d5976fa6b4af2e65e9f8326,1.6669842398305348e-06,1.6666666666666669e-06,0.00019054389832078567,0.9999991861981057,0.0001986835074299584,0.0,3.3113648424186644e-10,0.0,3.3113648424186646e-13,0.00020191610170409657,4.330561920981527e-13,1.666653103346293e-06,1.6666666666666669e-06,1.6275984448647386e-07,0.00024364414882258877,1.3101339293430654e-09
32,backward,graph,cylinder_000,0.6,507ad8a66092d70fd18a4e9b2cb55e5eb68caf37e43ff196d6894413cece35e5,e8068a2de2dcf06f54d4e2d41bd70a993d9e0a80b2dbd39e209e06cbd8c287c5,f52ea19bb3dc82eb967d764503f0dd244c0d80b55b4f6fbaf610d857e678a4ad,3.2373772425862284,3.2400135104875,0.0008136595396094613,1.000043944346947,239614.35862162293,3.2895497025930635e-15,3.2373637318611177,3.239999999999993,2.6362681388754084e-06,36.33912193453462,1.3411283545927688e-09,1.3510725110481656e-05,1.3510487506764605e-05,2.8512446046148328e-06,0.0009415268824971221,5.925491683423083e-07
32,backward,graph,cylinder_090,0.6,507ad8a66092d70fd18a4e9b2cb55e5eb68caf37e43ff196d6894413cece35e5,0025d87d77634cb8a3c16a1f54924fc7f08f5cc47316769724a3e491f1f33cc2,c0bc5591f78487017e80654e9ad01257ed228ab96755ac0f26a41f44f10d1997,3.2373772425862284,3.2400135104874996,0.0008136595396093243,1.000043944346947,239614.3586216224,3.4266142735344415e-15,3.2373637318611177,3.2399999999999927,2.636268138874964e-06,36.33912193453462,1.3411283541486797e-09,1.3510725110481686e-05,1.3510487506764605e-05,2.851244604980751e-06,0.0009415268824971232,5.925491683423083e-07
32,backward,graph,cylinder_045,0.6,507ad8a66092d70fd18a4e9b2cb55e5eb68caf37e43ff196d6894413cece35e5,e5fe312abf5d7a42e27f2f9efa398b1ed5f3a5667ddb3c609ae9d0ceb906aa82,f0bbd682c989bcc3452f03e4d4dd94b13c8e88a19f7c6423f70e282680492780,8.367705754888659,8.370012578354308,0.00027560573464538804,1.0001098572469427,665262.9849534429,2.122290130705201e-15,8.367693176865583,8.369999999999987,2.306823134404112e-06,48.69733267650633,7.520156231066721e-11,1.2578023076770428e-05,1.2578354321311905e-05,3.974934497722707e-06,0.0006585513989521833,1.2927365151656559e-08
32,backward,graph,cylinder_135,0.6,507ad8a66092d70fd18a4e9b2cb55e5eb68caf37e43ff196d6894413cece35e5,cb257cc1499e50745a6b7fb5d095195f884751360a9de817d2584bffd7d5374b,9b1f09778214608a7f3257dbee16786055500c0bedcce717424f327ea9807c71,0.2703438312868041,0.2700145795876236,0.0012193848927838165,1.0000219724148565,18541.862225400975,8.840664825718887e-15,0.270329251885415,0.2699999999999985,3.2925188541649274e-07,10.39176796795899,6.605360591827036e-12,1.457940138909478e-05,1.4579587625088285e-05,2.23483192206015e-06,0.0007092325517721117,2.877607893181193e-08
32,backward,graph,twist,0.6,507ad8a66092d70fd18a4e9b2cb55e5eb68caf37e43ff196d6894413cece35e5,c08dbba9aefde47fe8b6ecb8233fa2583bca8655c421751ad337318b64e2b05f,5aae512d2c4510c3ba14177f7558cc54dccc44c7465e1802cb898b958b9e7cc9,10.086176718173975,10.080024548526106,0.0006103328040772291,1.0001757658031911,410906.75069586793,2.8196140307940537e-15,10.086152172088628,10.07999999999998,6.1521720886474895e-06,46.466538282857435,1.7385195150154687e-10,2.45460853466335e-05,2.4548526124805685e-05,2.928933806622437e-05,0.00023764711715294645,1.7304383877962508e-08
32,backward,graph,dome,0.6,507ad8a66092d70fd18a4e9b2cb55e5eb68caf37e43ff196d6894413cece35e5,f2c1ed6aa05ed7f25f5644147d29babfe78d81413ab1da9e44b9d2c464f55e36,e14a914f1773b1ce56a94c6a454f793014803eb7b1c3895ceb649543830da643,10.072994415139728,10.080024548526106,0.0006974321691910714,1.0000878867629586,410315.28950708674,2.8196140307940537e-15,10.072969865798957,10.07999999999998,7.030134201023941e-06,62.58864273829074,9.554605391315363e-10,2.4549340771336237e-05,2.454852612480569e-05,9.775758366581291e-06,0.0012698173097491852,1.4507113560565874e-07
32,backward,graph,saddle,0.6,507ad8a66092d70fd18a4e9b2cb55e5eb68caf37e43ff196d6894413cece35e5,0fb2bda57c14aa0df65ae3864aab4f0c003938948403292ca220eb8a407ede61,cfe22c30e7316f5d2d9427996cd8cc453d4470e4d5a8ce50b7b420cbdf27f40f,10.072994415139728,10.080024548526106,0.0006974321691910714,1.0000878867629586,410315.28950708645,2.8196140307940537e-15,10.072969865798957,10.07999999999998,7.030134201023941e-06,62.307948790797354,3.2934558724662113e-10,2.4549340771336254e-05,2.454852612480569e-05,9.775758366784579e-06,0.0012699041576996462,1.3213604766837504e-07
32,backward,isometric,cylinder_000,0.6,507ad8a66092d70fd18a4e9b2cb55e5eb68caf37e43ff196d6894413cece35e5,ca73b6d8e77c5997c560d09fa64b0b0a7b6efc2f6a4ea9fc9063dbea66982ffc,d9faeeffbc6a0066c2ff6bece8c937d4991121e90f29c294636a3bc434307c3b,1.5105088719469512e-05,1.4999999999999999e-05,0.0070059146313008825,0.9999853516268684,0.007153437537452564,0.0,1.0728584605400441e-07,0.0,1.072858460540044e-10,0.003643176262949425,1.6403923081022783e-13,1.4997802873415507e-05,1.4999999999999999e-05,2.6365519013896675e-05,0.0010098390610141126,1.2730419913421927e-06
32,backward,isometric,cylinder_090,0.6,507ad8a66092d70fd18a4e9b2cb55e5eb68caf37e43ff196d6894413cece35e5,1254d36650940620d2d5d5f6bb33a8189372fae8137e14e2e5fd89e0dbdde5c2,cfcec62fd1e43135643eb27c26c0a02b1994ecc4d6a9fe65bfede2b86afaa0f4,1.5105088719469571e-05,1.4999999999999999e-05,0.007005914631304835,0.9999853516268634,0.007153437537457366,0.0,1.0728584605407635e-07,0.0,1.0728584605407636e-10,0.0036431762630042878,1.6403923073829618e-13,1.4997802873415495e-05,1.4999999999999999e-05,2.6365519014038977e-05,0.001009839061014108,1.2730419911592336e-06
32,backward,isometric,cylinder_045,0.6,507ad8a66092d70fd18a4e9b2cb55e5eb68caf37e43ff196d6894413cece35e5,9db0b70a0016bbe945d8b4f993a1a2a995e661eafd7a4359f7da5a4cf466db6d,2a82f8d56261a1445291503a36c90fdb815c4bd4305fbf6013cb794bf75cbccb,1.566797850535473e-05,1.4999999999999999e-05,0.044531900356982075,0.9999926745099331,0.04470876873109262,0.0,6.705179935748602e-07,0.0,6.705179935748602e-10,0.009098261369405787,4.78948942100124e-13,1.499746051177987e-05,1.4999999999999999e-05,3.0473858641539154e-05,0.0007233050809897434,5.941412183611437e-08
32,backward,isometric,cylinder_135,0.6,507ad8a66092d70fd18a4e9b2cb55e5eb68caf37e43ff196d6894413cece35e5,a08aceb9d501f03f9974f6ab9845885578c3fef31d89204ee7faecd16537ed09,ff319724f17219e4c3926906a14286cf303609aaf515daab7fd2a0dba414b7e2,1.502572317777736e-05,1.4999999999999999e-05,0.0017148785184908058,0.9999926757973346,0.001788249359756196,0.0,2.682177582908032e-08,0.0,2.682177582908032e-11,0.0018216520270207671,4.842713816638609e-13,1.499890140194828e-05,1.4999999999999999e-05,1.3183176620628766e-05,0.000730987385681458,1.8231242524761188e-08
4,checkerboard,rest,rest,0.0,cd135dd8fec5b645f6c40849697b7bb25de30f564fbbcafb507d201824d51e9b,4e6d932e82e1339443f38ff2afc165d580003ad04de31d2f56bddcb2bf2329fc,560a5da7af7e04ca0ba30663a103a633db49511eefc5554e0ba1bc54c84a10b6,6.162975822039155e-30,0.0,,1.0,,0.0,6.162975822039155e-30,0.0,6.162975822039155e-33,1.1102230246251567e-13,0.0,0.0,0.0,0.0,0.0,0.0
4,checkerboard,affine,extension,0.0,cd135dd8fec5b645f6c40849697b7bb25de30f564fbbcafb507d201824d51e9b,5dcb04c3c6c0c5e0a0b3ca19a73e4a9d78de58f70cfa8fbd4abd47a038868b17,da59ebc42cae27301cad6683cc8216117013861ac0bc036e6bf677e782f7f650,0.05498776012500019,0.054987760124999986,3.659503910613411e-15,1.0069699999999997,,0.0,0.05498776012500019,0.054987760124999986,2.0122792321330963e-19,6.99849712415889,3.414289946601645e-11,0.0,0.0,0.0,0.0,0.0
4,checkerboard,affine,shear,0.0,cd135dd8fec5b645f6c40849697b7bb25de30f564fbbcafb507d201824d51e9b,66aca2c7e1a40b56e562429a888a77269f3c18df40c4e303fb7b5793ddeb6088,12b7fb833460f543e6bf3e065cc2400696f9b8973c679a12821deca9f1b3e798,0.10002000000000019,0.10002000000000001,1.8037516646829425e-15,0.9999999999999996,,0.0,0.10002000000000019,0.10002000000000001,1.8041124150158793e-19,9.357884750305496,9.484518188884738e-11,0.0,0.0,0.0,0.0,0.0
4,checkerboard,graph,cylinder_000,0.2,cd135dd8fec5b645f6c40849697b7bb25de30f564fbbcafb507d201824d51e9b,688d90f76f3fe0bc72fc019ddb06c74abbb64c43f4b7ed5a5b0910a954680ad1,3aa5ba2021ed45ed2eb3b058c9f5ee78e21602501e60894616d1c71872dd3be1,0.0379410984092753,0.040001644962998684,0.05151154547842665,1.000312451187128,23059.51239114156,3.1225022567582583e-15,0.037939453125000355,0.03999999999999993,2.0605468749995764e-06,8.532024641814255,6.226765492112207e-12,1.645284274943082e-06,1.6449629987490068e-06,3.855314328900754e-06,0.0002554983912701004,4.970291532676013e-09
4,checkerboard,graph,cylinder_090,0.2,cd135dd8fec5b645f6c40849697b7bb25de30f564fbbcafb507d201824d51e9b,03d3472b88ee82e556e8e3445948ee9a0ee105dccf02db6b2fd7b261889a4b28,83804f421dabb5d782bd428f14248eb681429bd99ffea1db1e2a60917a848fc0,0.0379410984092753,0.040001644962998684,0.05151154547842665,1.000312451187128,23059.51239114156,3.1225022567582583e-15,0.037939453125000355,0.03999999999999993,2.0605468749995764e-06,8.532024641814248,6.226765492112207e-12,1.645284274943082e-06,1.6449629987490066e-06,3.855314328903295e-06,0.00025549839127010047,4.970291532676013e-09
4,checkerboard,graph,cylinder_045,0.2,cd135dd8fec5b645f6c40849697b7bb25de30f564fbbcafb507d201824d51e9b,0e3c242927c3e0a7a6c33ac38c8b5817272466418e781d849f247db3693debaa,c16f9c9defe7b6e06b9b3184f653f73db4c1d9193d5404606a5b7f34380ca8ba,0.10338297658139775,0.10333496243128437,0.0004646457402576353,1.0001562377948756,63465.99034438842,2.148818757339015e-15,0.10338134765625068,0.10333333333333322,4.801432291745566e-08,11.46470470961529,7.100610807664331e-12,1.6289251470790532e-06,1.629097951152076e-06,2.073648876273017e-06,0.0002341054470619669,1.3315425422422839e-09
4,checkerboard,graph,cylinder_135,0.2,cd135dd8fec5b645f6c40849697b7bb25de30f564fbbcafb507d201824d51e9b,d48203bf10d288e24e725e4f9daa15a70271260d24c181b4baf2a0841897e48f,2b0f0c659f11f70ded04e07f71717ad0a903992983803bc4d362e7ed2bbb4959,0.003383008638347987,0.0033349944884185274,0.014397070248901175,1.0001562377948756,2035.752017153336,8.7169854667835e-15,0.0033813476562500897,0.003333333333333316,4.8014322916773483e-08,2.481726620344693,2.5611376474471424e-13,1.66098209789734e-06,1.6611550852113524e-06,2.0758477681492973e-06,0.0002364053004897722,8.555249353593046e-10
4,checkerboard,graph,twist,0.2,cd135dd8fec5b645f6c40849697b7bb25de30f564fbbcafb507d201824d51e9b,a4deab3309d5a170250a523196b6c72ae38f69885115506bbda48866e55b30cf,db82b0f6a72b4ae711185c6244cfb470fa9c4ea3a97dedc04f36bbfe1f13154a,0.13594074512709173,0.12444769206795359,0.09235248053344741,1.0,41889.73072257506,2.7879484435341585e-15,0.1359375000000008,0.12444444444444425,1.1493055555556547e-05,12.039323589803583,8.80100523015237e-12,3.2451270909397812e-06,3.2476235093333368e-06,2.995702072266657e-05,6.660881478119047e-05,5.96562345218086e-10
4,checkerboard,graph,dome,0.2,cd135dd8fec5b645f6c40849697b7bb25de30f564fbbcafb507d201824d51e9b,c2c293637a4d948023d16816d07e00d5ddbfbeac6ed6911b59fc7889fffee7a3,0b6ca47ee690107b96d0c58748a0d1cae3095ac36a8c8819cb7cbca56d524a96,0.11894856137698287,0.12444769206795359,0.04418828987176366,1.000624804809475,36611.208472930135,2.7879484435341585e-15,0.11894531250000062,0.12444444444444425,5.4991319444436244e-06,14.355287520114555,1.7225104967377725e-11,3.2488769822484086e-06,3.2476235093333368e-06,1.5041674980861657e-05,0.00046221921469379214,1.2652006924226099e-09
4,checkerboard,graph,saddle,0.2,cd135dd8fec5b645f6c40849697b7bb25de30f564fbbcafb507d201824d51e9b,67a054c46b292490f46dc1deb5af2504fe189e3e962ecd5f96ce42c0bf434d9e,bacb6405d9100b016f62864e6fbfb30665b5ed13cc1cf984ed1841712756c250,0.11894856137698281,0.12444769206795359,0.044188289871764104,1.000624804809475,36611.20847293012,2.7879484435341585e-15,0.11894531250000057,0.12444444444444425,5.49913194444368e-06,14.060156054654957,5.328913060820284e-12,3.2488769822484086e-06,3.2476235093333368e-06,1.5041674980861657e-05,0.00020950309043483485,2.413474886657713e-09
4,checkerboard,isometric,cylinder_000,0.2,cd135dd8fec5b645f6c40849697b7bb25de30f564fbbcafb507d201824d51e9b,a09e398e476d2a7914efa7a8aa9e43e28e2c36c78aa698bce2611eab659ce07b,4eb9061a531084df440235e044aa3d5ba317d277e106d37bb20ff4034cf0645f,7.089374412320403e-06,1.6666666666666669e-06,3.253624647392241,0.9998958365884931,3.258058129167825,0.0,5.424443075719342e-06,0.0,5.4244430757193416e-09,0.0690158712318411,2.3342429954740725e-12,1.6649313366010619e-06,1.6666666666666669e-06,2.0823960787259912e-05,0.00025703914469427076,7.685446060074841e-10
4,checkerboard,isometric,cylinder_090,0.2,cd135dd8fec5b645f6c40849697b7bb25de30f564fbbcafb507d201824d51e9b,2301c0720b3cbe1804c27ce45ac0a3fbb95b02d5a7cb7266e83ed03c8346e433,0f915b734adc790d7a90d806fa3d036f978f5b2b414554f2fd53727cfdc3f5be,7.089374412320133e-06,1.6666666666666669e-06,3.253624647392079,0.9998958365884929,3.2580581291676634,0.0,5.4244430757190714e-06,0.0,5.424443075719071e-09,0.06901587123182434,2.3342429957442758e-12,1.6649313366010615e-06,1.6666666666666669e-06,2.0823960787264994e-05,0.00025703914469427086,7.685446110896818e-10
4,checkerboard,isometric,cylinder_045,0.2,cd135dd8fec5b645f6c40849697b7bb25de30f564fbbcafb507d201824d51e9b,a8ccec4039165918f9c4d276bda8f6eb45212ae03f1a82743c46d9c7b2e7bb2c,3719abfcb209d5e351b8896dbe5a4d669e45c80891cfa0a330230b10302dece9,1.929154850905419e-05,1.6666666666666669e-06,10.574929105432513,0.9999478523973133,10.583833942388399,0.0,1.7626163058520306e-05,0.0,1.7626163058520306e-08,0.12648108927047924,8.930315232758717e-13,1.6653854505338829e-06,1.6666666666666669e-06,1.5374593593407933e-05,0.00023663178927512893,5.867963771240606e-09
4,checkerboard,isometric,cylinder_135,0.2,cd135dd8fec5b645f6c40849697b7bb25de30f564fbbcafb507d201824d51e9b,a5bc141cdcd9902c3489b68dbf57e8ca664ce2a4ec510962f997ca04bf97ba75,02ef35dcb54eed73c60450c7f4b5ec66b7dd26616f284ef1825196e1f93c56f2,1.9291548509046406e-05,1.6666666666666669e-06,10.574929105427843,0.9999478523973133,10.58383394238378,0.0,1.762616305851253e-05,0.0,1.762616305851253e-08,0.12648108927023943,2.296872052610536e-12,1.665385450533875e-06,1.6666666666666669e-06,1.5374593593501954e-05,0.0002366317892751268,3.975116208387289e-09
4,checkerboard,graph,cylinder_000,0.6,cd135dd8fec5b645f6c40849697b7bb25de30f564fbbcafb507d201824d51e9b,90b958f29652e2e36d63a1c8dd99a9cc7e051fb519b91f51d71af1d09ea90d78,e922929e6ee5cf4e1b6ce9e179d5a49fe105659a318ff85e39071ecb68c44a52,3.073109228859886,3.2400135104875,0.0515134523628889,1.002808556006579,227203.60336400036,3.2895497025930635e-15,3.073095703125005,3.239999999999993,0.00016690429687498832,86.10698133868136,6.597606190261729e-10,1.3525734881068908e-05,1.3510487506764605e-05,0.00018296849165163508,0.0007271370481811089,2.879006501786425e-08
4,checkerboard,graph,cylinder_090,0.6,cd135dd8fec5b645f6c40849697b7bb25de30f564fbbcafb507d201824d51e9b,6c27ec1fd34577189c5e2a7d576a58500a917af3158da963803e4caf247a3ce1,b10376619c74405c1e54a28568477d24083cff348f88c526aec59a1e712b5b77,3.073109228859886,3.2400135104874996,0.051513452362888776,1.002808556006579,227203.60336400033,3.4266142735344415e-15,3.073095703125005,3.2399999999999927,0.00016690429687498786,86.10698133868134,6.597606190261729e-10,1.352573488106891e-05,1.3510487506764605e-05,0.0001829684916516554,0.0007271370481811096,2.879006503819304e-08
4,checkerboard,graph,cylinder_045,0.6,cd135dd8fec5b645f6c40849697b7bb25de30f564fbbcafb507d201824d51e9b,7a5fb48c884f967ea1adf5f2fb54662fed8b42ae36324f512b89cb7e1641ef73,7c0797d77b238a1d6cd1c80402ca6540a31ae9f5e3eea9c3196d90c8d3e11e4b,8.373901725603247,8.370012578354308,0.00046465249753590817,1.0014052626184866,666421.9083393927,2.122290130705201e-15,8.37388916015626,8.369999999999987,3.889160156273164e-06,121.38503962048242,7.667875614458808e-10,1.256544698691334e-05,1.2578354321311905e-05,0.00015488801278278562,0.0006484086581782674,6.098852898536256e-08
4,checkerboard,graph,cylinder_135,0.6,cd135dd8fec5b645f6c40849697b7bb25de30f564fbbcafb507d201824d51e9b,8d65ac0df15a2248699479203fd4968a8263534e2e0dcf681d1a14ac38065805,c9d3ccc7f800e6cc14e5b6c0e9c2f882031224d1626ad476e56e1dbf1d094fe9,0.27390372606357705,0.2700145795876236,0.014403468441937854,1.0014052626184866,18803.439705091947,8.840664825718887e-15,0.2738891601562509,0.2699999999999985,3.889160156252402e-06,23.33873446713436,4.5890924171843037e-11,1.4565907326098538e-05,1.4579587625088285e-05,0.00016416358787696222,0.0006993893005270554,6.792491963586011e-09
4,checkerboard,graph,twist,0.6,cd135dd8fec5b645f6c40849697b7bb25de30f564fbbcafb507d201824d51e9b,f9d2cd4e29357d0821e3e7212baefd03720e7673e9526c59477e3cdc325745e2,338b187cd1d90628cbe905f77accd2ac8faf8ccdc11115b52033692b812d2388,11.010961945779462,10.080024548526106,0.09235467560339192,1.0,450422.843799236,2.8196140307940537e-15,11.01093750000001,10.07999999999998,0.0009309375000000291,128.7056052101074,1.5992682893539722e-09,2.44457794527576e-05,2.4548526124805685e-05,0.0012329600645770097,0.00018066363545841672,2.2169855794923476e-08
4,checkerboard,graph,dome,0.6,cd135dd8fec5b645f6c40849697b7bb25de30f564fbbcafb507d201824d51e9b,46e78a12a857574f1d0f9bebd579f08901f4711869ea366542b3d1943e58ae9f,430f3c9f05f5d33db221657db2065dcfa8c06c8e0f4ca7333bc5b9b6948e7d46,9.63459491334427,10.080024548526106,0.044189340317327616,1.0056092680559383,391635.75890915253,2.8196140307940537e-15,9.634570312500006,10.07999999999998,0.0004454296874999741,151.03427785896457,2.442280404579833e-10,2.46008442623722e-05,2.454852612480569e-05,0.000627817650798135,0.0012618881299671413,2.982118303923413e-08
4,checkerboard,graph,saddle,0.6,cd135dd8fec5b645f6c40849697b7bb25de30f564fbbcafb507d201824d51e9b,68f4dcdb35020e14f7467945a0e35465e7c36a0801e2df24c63a69c31398502a,540f2e6d616a4e37f97e89accdbaa5f91d04a575cea0868b2a71e9eacd32c427,9.634594913344271,10.080024548526106,0.044189340317327436,1.0056092680559383,391635.75890915253,2.8196140307940537e-15,9.634570312500008,10.07999999999998,0.0004454296874999724,147.4062615937032,6.845918179010368e-10,2.4600844262372203e-05,2.454852612480569e-05,0.0006278176507981757,0.0005652549943244174,3.701741330456275e-08
4,checkerboard,isometric,cylinder_000,0.6,cd135dd8fec5b645f6c40849697b7bb25de30f564fbbcafb507d201824d51e9b,3968ddb60f2f5c1da81a94758696da2e14815c494a812545587c51d1f7d60cea,14c31665cdf02ef7998dd133bdd261e2259a87573fb6db3b81e8054b30233788,0.0004536544002804807,1.4999999999999999e-05,29.243626685365385,0.9990627636365645,29.528676619815613,0.0,0.00043879445708903486,0.0,4.3879445708903486e-07,0.6293929060399253,7.591152429960515e-13,1.4859943191445835e-05,1.4999999999999999e-05,0.0016806817026499613,0.0007610543415829688,2.8312685732673724e-08
4,checkerboard,isometric,cylinder_090,0.6,cd135dd8fec5b645f6c40849697b7bb25de30f564fbbcafb507d201824d51e9b,398b1c95e9f401f4b1beb12bdfd41278b91018442f78ca183e8ae89d4239d025,6e20409577caf5a1508fcf9214c9fea73c25abeb6cc3a2a84857f5af971d914e,0.00045365440028048183,1.4999999999999999e-05,29.24362668536546,0.9990627636365643,29.528676619815684,0.0,0.000438794457089036,0.0,4.38794457089036e-07,0.6293929060399331,7.591152441344638e-13,1.4859943191445839e-05,1.4999999999999999e-05,0.0016806817026499205,0.0007610543415829692,2.8312685753002515e-08
4,checkerboard,isometric,cylinder_045,0.6,cd135dd8fec5b645f6c40849697b7bb25de30f564fbbcafb507d201824d51e9b,95e1e55f72ddd293d6b3c3991d5cc31d4dc2fde6283fe19ef56814744c36a2bf,5171b87937bf17b9be47d6914a0916c4ff2a067ecf03e6e80e31776e306eb6d0,0.0014385948862015718,1.4999999999999999e-05,94.90632574677146,0.9995260577661732,95.5714870034502,0.0,0.0014236982026064422,0.0,1.4236982026064422e-06,1.1552188975239797,1.2585955046608491e-11,1.4896683595129641e-05,1.4999999999999999e-05,0.001239796858444294,0.0007049734668339021,1.9632272776860457e-08
4,checkerboard,isometric,cylinder_135,0.6,cd135dd8fec5b645f6c40849697b7bb25de30f564fbbcafb507d201824d51e9b,cbc852e684ce878e3b026977cdb5f94d3a9c063da7908435ed8b19e5e0edcb03,c4c7b356fd0f02ae58d21a9e6340bce30c9f1063a795ab601d83c2eaa4d54a2d,0.0014385948862015632,1.4999999999999999e-05,94.90632574677089,0.9995260577661731,95.57148700344983,0.0,0.0014236982026064335,0.0,1.4236982026064335e-06,1.1552188975240743,2.951511923320743e-12,1.4896683595129607e-05,1.4999999999999999e-05,0.0012397968584447006,0.0007049734668338976,2.021718642513824e-08
8,checkerboard,rest,rest,0.0,5c44d06d95e14e1bb0e65999354e6a25fcc12b29ccc1eb7978abc2c39341c8c5,bd678fa93f59093c55a1c819d54c5dccaae6f5b86c7ecba869430fed13507c38,b0266b6785b388615bd7e2e72db311db56bfd73e6573dde9bed7817b9b7e0135,6.162975822039155e-30,0.0,,1.0,,0.0,6.162975822039155e-30,0.0,6.162975822039155e-33,1.1102230246251567e-13,0.0,0.0,0.0,0.0,0.0,0.0
8,checkerboard,affine,extension,0.0,5c44d06d95e14e1bb0e65999354e6a25fcc12b29ccc1eb7978abc2c39341c8c5,941e240e9459ee7af672e81c3ffb9cddcdabfcd4fb34aa16f679fb7ccbbdd78f,3a0196fe18af1c8735778e303b7a4e7fe161104c14d44d2d4b0f284f51525e0d,0.054987760125000125,0.054987760124999986,2.5237958004230417e-15,1.0069699999999997,,0.0,0.054987760125000125,0.054987760124999986,1.3877787807814457e-19,5.122375390497575,3.411417694859642e-11,0.0,0.0,0.0,0.0,0.0
8,checkerboard,affine,shear,0.0,5c44d06d95e14e1bb0e65999354e6a25fcc12b29ccc1eb7978abc2c39341c8c5,99a1d09b95649c4de9714b6a752c3a4b6d5935be189cf00b6a99153f2544bb86,882c5a13537ec558a6ab5f08c82f4c71be8df86b3ecad02039e42e6f0ab8602e,0.10002000000000005,0.10002000000000001,4.1625038415760215e-16,0.9999999999999991,,0.0,0.10002000000000005,0.10002000000000001,4.163336342344337e-20,6.849270307850318,8.190855463330315e-11,0.0,0.0,0.0,0.0,0.0
8,checkerboard,graph,cylinder_000,0.2,5c44d06d95e14e1bb0e65999354e6a25fcc12b29ccc1eb7978abc2c39341c8c5,bb0bf3af5910d733446cca77095f86328a5409043209a0c7d3538c41a5ad77d0,747b4160f7d8fabdd3fe33c5e7858b4ff727c5bf9e20de5759bbd4acfc3a062c,0.039482235863583806,0.040001644962998684,0.012984693501862944,1.0000781219484807,23999.727859698385,3.1225022567582583e-15,0.039480590820312855,0.03999999999999993,5.194091796870762e-07,6.647912710750126,4.386631106967354e-12,1.6450432709535327e-06,1.6449629987490068e-06,9.632664543103751e-07,0.0005008301955762866,2.9881411574446664e-09
8,checkerboard,graph,cylinder_090,0.2,5c44d06d95e14e1bb0e65999354e6a25fcc12b29ccc1eb7978abc2c39341c8c5,c970582ffe17a654387dde28f14f0b382f713274eb1b8b1a102c0cd3d51bd046,036adfc44ab237af70f4f6327069f803f2eac7455db73bda64768f9c62de5115,0.039482235863583806,0.040001644962998684,0.012984693501862944,1.0000781219484807,23999.72785969838,3.1225022567582583e-15,0.039480590820312855,0.03999999999999993,5.194091796870762e-07,6.647912710750125,4.386631106967354e-12,1.645043270953533e-06,1.6449629987490066e-06,9.632664543154573e-07,0.0005008301955762867,2.9881411574446664e-09
8,checkerboard,graph,cylinder_045,0.2,5c44d06d95e14e1bb0e65999354e6a25fcc12b29ccc1eb7978abc2c39341c8c5,661c1d1e9e4b8e8c978a68f77e4feb3208ccc58423941384d0c5b6e164dcd061,e4d7a8ac790237f2fb509d1e395b37db21607da0117246992a1066443201e0fd,0.1033379632831871,0.10333496243128437,2.9040044454725772e-05,1.0000390617370902,63433.312633990914,2.148818757339015e-15,0.10333633422851633,0.10333333333333322,3.000895183111196e-09,8.686804229203599,6.796455065405382e-14,1.6290546707652673e-06,1.629097951152076e-06,5.193646417043024e-07,0.0004778790666214608,2.610292986602214e-08
8,checkerboard,graph,cylinder_135,0.2,5c44d06d95e14e1bb0e65999354e6a25fcc12b29ccc1eb7978abc2c39341c8c5,2ae83595e459d06796ac81b4a92b7dbdcfd04ff47c2d647e990231c263a268a1,6b1a3fe212e244a327e133e7b3b09eedc5db64d72aacc74984d3ff8f7d1f6f8e,0.003337995340239374,0.0033349944884185274,0.0008998071304967832,1.0000390617370902,2008.4947815253395,8.7169854667835e-15,0.003336334228515707,0.003333333333333316,3.0008951823908525e-09,2.0132666114346147,2.298976451917123e-13,1.661111723666988e-06,1.6611550852113524e-06,5.203385323730345e-07,0.00048257072062867293,3.25832912287014e-10
8,checkerboard,graph,twist,0.2,5c44d06d95e14e1bb0e65999354e6a25fcc12b29ccc1eb7978abc2c39341c8c5,958ec1b8a688f7cf4ae2b2c98ac9db249d7c12a7d4264f7ece70bfa35c3d9638,f1982ba592c5d16500489b5b84c00c3f501479eb71062cfd96b83206f0ef92b1,0.1272493407478767,0.12444769206795359,0.022512660808472782,1.0,39188.84416087659,2.7879484435341585e-15,0.1272460937500008,0.12444444444444425,2.8016493055565417e-06,8.614665598785994,1.3223352995916926e-11,3.2469978759167997e-06,3.2476235093333368e-06,7.507600998445137e-06,6.67076190046057e-05,1.6708497988502692e-09
8,checkerboard,graph,dome,0.2,5c44d06d95e14e1bb0e65999354e6a25fcc12b29ccc1eb7978abc2c39341c8c5,cedabc8f717bb4291fff8510a72d5e14233103e3d404cfad74589f8d74af4873,a2bdb289fe230e4fe8fe1e1921cf505e3288822f81e36c0d8011868474dc7c52,0.12306232996790444,0.12444769206795359,0.01113208350455134,1.0001562377948756,37888.38735223089,2.7879484435341585e-15,0.12305908203125072,0.12444444444444425,1.385362413193522e-06,11.075247117723544,3.590627142835423e-12,3.2479366537094097e-06,3.2476235093333368e-06,3.757732512875333e-06,0.0009517347329210894,3.6884779136022025e-09
8,checkerboard,graph,saddle,0.2,5c44d06d95e14e1bb0e65999354e6a25fcc12b29ccc1eb7978abc2c39341c8c5,d8c59db56d5796db52030f28ec4058013f6bb4311b115715974e9d4124d19ae8,2e748a1117ea0d102f693bc011337359f83ca9701db43b40c29249bcd11052c2,0.1230623299679044,0.12444769206795359,0.011132083504551674,1.0001562377948756,37888.38735223091,2.7879484435341585e-15,0.12305908203125068,0.12444444444444425,1.3853624131935638e-06,10.929702507919492,6.789881407121001e-12,3.247936653709407e-06,3.2476235093333368e-06,3.75773251284484e-06,0.0002910024619914134,7.474545447508493e-09
8,checkerboard,isometric,cylinder_000,0.2,5c44d06d95e14e1bb0e65999354e6a25fcc12b29ccc1eb7978abc2c39341c8c5,75b945f8af0fa05edc521e7f934da6f75d2d2258f64c169ec4fb2da98e03793b,e4425fe1f0a51b62848a47b1ec8356492c21e07ac550d24fa9274cf38c00f143,2.005302760898222e-06,1.6666666666666669e-06,0.20318165653893308,0.9999739585367825,0.2034950314470365,0.0,3.390700731844036e-07,0.0,3.390700731844036e-10,0.01262055711766448,5.860239767656849e-13,1.6662326877138183e-06,1.6666666666666669e-06,5.207747434182959e-06,0.000504039745815645,9.846142562773964e-09
8,checkerboard,isometric,cylinder_090,0.2,5c44d06d95e14e1bb0e65999354e6a25fcc12b29ccc1eb7978abc2c39341c8c5,b8dc3110a7893b7d2aaf269c81707f8a6defd7990821f9d445ff0ceab379c33c,07ed8ee41a5f381474ae44682a1e402987e21bf8a5361abcd78ee6119168d931,2.0053027608981086e-06,1.6666666666666669e-06,0.203181656538865,0.999973958536782,0.20349503144696843,0.0,3.3907007318429015e-07,0.0,3.3907007318429014e-10,0.012620557117652009,5.860239768790815e-13,1.6662326877138183e-06,1.6666666666666669e-06,5.207747434182959e-06,0.000504039745815645,9.846142562773964e-09
8,checkerboard,isometric,cylinder_045,0.2,5c44d06d95e14e1bb0e65999354e6a25fcc12b29ccc1eb7978abc2c39341c8c5,47b7bc38f41ce053bf62f0cbc7c9680d1db778a2a7460e09bc80dcb18e98424c,882d7b917378575236f4e9d2c6c6567d41179ff79eb686795a69c153602c90dc,2.76831488563875e-06,1.6666666666666669e-06,0.6609889313832498,0.9999869751488457,0.6612663360734775,0.0,1.1019265254304397e-06,0.0,1.1019265254304396e-09,0.022934015086556996,3.177006954321156e-13,1.6663883602083104e-06,1.6666666666666669e-06,3.3396775002782737e-06,0.00048319522173175254,1.5275176006281847e-08
8,checkerboard,isometric,cylinder_135,0.2,5c44d06d95e14e1bb0e65999354e6a25fcc12b29ccc1eb7978abc2c39341c8c5,fac00485d390cc01e55fc390cb0fc9024bb3dde2ba27bdedc9e09c11e24d3376,53eaecc72b476bd347804bcbe0a357c2eed72e5b96e004a1d50ab3654bc3eba9,2.7683148856433214e-06,1.6666666666666669e-06,0.6609889313859927,0.9999869751488465,0.6612663360762264,0.0,1.1019265254350168e-06,0.0,1.1019265254350168e-09,0.02293401508678615,1.96970657806669e-13,1.6663883602083048e-06,1.6666666666666669e-06,3.3396775003443423e-06,0.00048319522173174994,7.320842794689619e-10
8,checkerboard,graph,cylinder_000,0.6,5c44d06d95e14e1bb0e65999354e6a25fcc12b29ccc1eb7978abc2c39341c8c5,bd4b5d78a0a6a8800fa04f31e380b81164ed996f6ea3f91eecfec6d6668552b6,c27cc3c1fde0c5614352d82dd759650366902ea645c3a33e5c60c74c60a15932,3.197941370736909,3.2400135104875,0.01298517417115984,1.0007028779812717,236633.0365415857,3.2895497025930635e-15,3.1979278564453155,3.239999999999993,4.2072143554677585e-05,67.82851882845284,1.0486846244717186e-09,1.3514291593360483e-05,1.3510487506764605e-05,4.5649039150546286e-05,0.001432582029670253,1.0668643267810248e-07
8,checkerboard,graph,cylinder_090,0.6,5c44d06d95e14e1bb0e65999354e6a25fcc12b29ccc1eb7978abc2c39341c8c5,6a4333b06ec9ce29e4b0865ee6acd9c88bce63b9d6220e4a7f548fe713321184,abddf28ee5a1c27c921e36867edf4337f05478b22e5d8198cb0607c1d9bb8475,3.197941370736909,3.2400135104874996,0.012985174171159705,1.0007028779812717,236633.03654158572,3.4266142735344415e-15,3.1979278564453155,3.2399999999999927,4.2072143554677145e-05,67.82851882845284,1.0486846249158077e-09,1.3514291593360482e-05,1.3510487506764605e-05,4.564903915052596e-05,0.0014325820296702534,1.0668643269843127e-07
8,checkerboard,graph,cylinder_045,0.6,5c44d06d95e14e1bb0e65999354e6a25fcc12b29ccc1eb7978abc2c39341c8c5,4add849b910bb74d52f722713c451850f1a1980b35a41a17664a4dec2459baf8,ff21ea3eb4a246a592975f2ef0e1eea6a3c9f6e37ba4126131aa908edf2ce575,8.370255647654732,8.370012578354308,2.9040494043328298e-05,1.0003515007236206,665618.0187247874,2.122290130705201e-15,8.370243072509773,8.369999999999987,2.4307250978594653e-07,92.81169361880437,6.389085385194449e-10,1.2575144958584138e-05,1.2578354321311905e-05,3.851235273319897e-05,0.0013272112298470017,2.608663872278303e-07
8,checkerboard,graph,cylinder_135,0.6,5c44d06d95e14e1bb0e65999354e6a25fcc12b29ccc1eb7978abc2c39341c8c5,11318367095aa6ec0d179aa356b757c6389a3a7962576a43667ec7f014b0e1cd,2f5f59139d77c31a0051e97d43170d45654d75376a1a4149e3c85602a228fb0e,0.2702576486181195,0.2700145795876236,0.000900207058697156,1.0003515007236206,18540.138832815184,8.840664825718887e-15,0.27024307250976637,0.2699999999999985,2.430725097678499e-07,18.988432967088595,2.5396202862904006e-11,1.4576108353161232e-05,1.4579587625088285e-05,4.1751263124635064e-05,0.0014309397048666117,2.9056099242136604e-08
8,checkerboard,graph,twist,0.6,5c44d06d95e14e1bb0e65999354e6a25fcc12b29ccc1eb7978abc2c39341c8c5,9d78bf92bd8021a556dfb241256e4e3071b42a34ad5dcc8c976e954df4395288,adee6a4be805d11cf39037316bcc17a80d6c9eff91824ead14255fa36723bb2d,10.306958116302786,10.080024548526106,0.022513195943541803,1.0,420304.2679265161,2.8196140307940537e-15,10.306933593750006,10.07999999999998,0.00022693359375002586,92.060331051016,2.8382896566370163e-10,2.452255277967346e-05,2.4548526124805685e-05,0.0003116801415867183,0.0001803573070742,1.71795741288382e-08
8,checkerboard,graph,dome,0.6,5c44d06d95e14e1bb0e65999354e6a25fcc12b29ccc1eb7978abc2c39341c8c5,e596140e45fb2eca86ec0c02ac9419eb7357906dcf99377862241217a168d6fd,bcb6d5176faa08f3d6c4494fbac896b703d1335dfe78d824f9ca39d97b42af5a,9.967810206102476,10.080024548526106,0.01113234812905674,1.0014052626184866,405828.50160464086,2.8196140307940537e-15,9.967785644531258,10.07999999999998,0.00011221435546872271,117.79001691583,1.5748352346633965e-09,2.456157121818393e-05,2.454852612480569e-05,0.00015654112053889696,0.002615030728060633,1.4936776701569496e-07
8,checkerboard,graph,saddle,0.6,5c44d06d95e14e1bb0e65999354e6a25fcc12b29ccc1eb7978abc2c39341c8c5,d40249d308d4b46ded722f1bb0af5158335cdcc29ca8d4053e5d0d0604cbde7d,5d714f001459e723d6b30fd17260ffb4204d2617b776a49ee6bd391c2ef5d9e9,9.967810206102476,10.080024548526106,0.01113234812905674,1.0014052626184866,405828.50160464126,2.8196140307940537e-15,9.967785644531258,10.07999999999998,0.00011221435546872271,115.9891455932269,5.242190166399041e-10,2.4561571218183906e-05,2.454852612480569e-05,0.00015654112053861235,0.0007889525386339124,1.0880064671469139e-08
8,checkerboard,isometric,cylinder_000,0.6,5c44d06d95e14e1bb0e65999354e6a25fcc12b29ccc1eb7978abc2c39341c8c5,f65d5bdedd7e88c3a223e8fa05b8af3e4fed09bf40b1ea8039978501d50d1f60,e016a807221727c0b3843a392b37503a9f332a98874b2fb888829296aec6ad2a,4.2420401954507416e-05,1.4999999999999999e-05,1.8280267969671613,0.9997656414789395,1.8346638174600063,0.0,2.745552262976332e-05,0.0,2.745552262976332e-08,0.11452895240093917,4.1013803108458653e-13,1.4964879324744094e-05,1.4999999999999999e-05,0.0004214481030708522,0.0015065534387068737,2.6390796617942235e-07
8,checkerboard,isometric,cylinder_090,0.6,5c44d06d95e14e1bb0e65999354e6a25fcc12b29ccc1eb7978abc2c39341c8c5,f7ef8ea550fc4bb491d290057f2e0af5b5ec38d3c87433b2ef40fa1093f43f3d,4698157b7162ce0ebe6cb3a922f8c669b2054863558c44e5dbcf3738001a01dc,4.242040195450736e-05,1.4999999999999999e-05,1.8280267969671578,0.9997656414789395,1.8346638174600014,0.0,2.745552262976326e-05,0.0,2.745552262976326e-08,0.11452895240093222,4.1013803114218473e-13,1.49648793247441e-05,1.4999999999999999e-05,0.0004214481030707912,0.0015065534387068756,2.639079662404087e-07
8,checkerboard,isometric,cylinder_045,0.6,5c44d06d95e14e1bb0e65999354e6a25fcc12b29ccc1eb7978abc2c39341c8c5,beac348aba1c2916324a35ab44a4d5cfead742e962d4fb6b04e5df3d93456a9c,8f34d109b9c2d5a1b9271b2fc3c1bae699ac1c975661b6c38d9b2a2776d95b11,0.00010417061334348001,1.4999999999999999e-05,5.944707556232001,0.9998824872692872,5.9551501623715,0.0,8.919313465336344e-05,0.0,8.919313465336344e-08,0.208660461742651,1.7933271097362582e-12,1.497747869011658e-05,1.4999999999999999e-05,0.000270255718601021,0.0014468834161745884,1.267885519880621e-08
8,checkerboard,isometric,cylinder_135,0.6,5c44d06d95e14e1bb0e65999354e6a25fcc12b29ccc1eb7978abc2c39341c8c5,9d4ca47ce760d34c503254636945434905224455e26b1c5afe0925d10f4c0d95,cb615fc782d8e8bd83dddfdf7724eaf782aef50b3b9ff4d1e12a060ba453d8f2,0.00010417061334350241,1.4999999999999999e-05,5.944707556233495,0.9998824872692867,5.9551501623729655,0.0,8.919313465338577e-05,0.0,8.919313465338578e-08,0.20866046174279831,8.844568721996186e-12,1.4977478690116645e-05,1.4999999999999999e-05,0.0002702557186002485,0.001446883416174603,1.009918330807289e-07
16,checkerboard,rest,rest,0.0,00ef0827c1bc3fac23bc05f606325cd3815be7b6816ba3357f6260fcbdfe8c12,bcc29bcab9dfaaf8ac58eacc51f07f204d712ea4dfa3cc0eb4a5e9461836699a,f1faf4d6171c4fa4cfe1f0cc6f12af125db66325139148cf46cbbc5fe6cbac1a,6.162975822039155e-30,0.0,,1.0,,0.0,6.162975822039155e-30,0.0,6.162975822039155e-33,1.1102230246251567e-13,0.0,0.0,0.0,0.0,0.0,0.0
16,checkerboard,affine,extension,0.0,00ef0827c1bc3fac23bc05f606325cd3815be7b6816ba3357f6260fcbdfe8c12,ab36a5e316313a91345ba1c87c7af2004786a7686783869b1dcb2819a003bb49,8286e79eab5cf399f1604bdaf84d985190210f9331cbbd75969e9d48983710d6,0.054987760125000035,0.054987760124999986,8.833285301480646e-16,1.0069699999999997,,0.0,0.054987760125000035,0.054987760124999986,4.85722573273506e-20,3.6819392962505297,3.4042370714026936e-11,0.0,0.0,0.0,0.0,0.0
16,checkerboard,affine,shear,0.0,00ef0827c1bc3fac23bc05f606325cd3815be7b6816ba3357f6260fcbdfe8c12,59db9fc5f9120105204026ef387a68dc93303e62bc680916820e037d51706d6c,6aec2622ff8a8fc335b47302b77e0ecaab246983ecc56703c40e722dd66b3d83,0.10002000000000008,0.10002000000000001,6.937506402626702e-16,0.9999999999999982,,0.0,0.10002000000000008,0.10002000000000001,6.938893903907229e-20,4.923223226454369,7.671278604015619e-11,0.0,0.0,0.0,0.0,0.0
16,checkerboard,graph,cylinder_000,0.2,00ef0827c1bc3fac23bc05f606325cd3815be7b6816ba3357f6260fcbdfe8c12,36e27213b77a79773fc77563e3c380bcbca3f6d4798f1eea8a46e67d396abedc,4c42118ecc0c0cfa27dfa1bba7225b014c700db62a21862f8b1fc60625576bdd,0.039871525659333766,0.040001644962998684,0.003252848821224159,1.0000195310592688,24237.2590647247,3.1225022567582583e-15,0.03986988067626989,0.03999999999999993,1.3011932373004077e-07,4.9047792572379745,4.961186676755158e-12,1.6449830638769364e-06,1.6449629987490068e-06,2.4078153515460376e-07,0.0010220082846777146,8.051992175942609e-09
16,checkerboard,graph,cylinder_090,0.2,00ef0827c1bc3fac23bc05f606325cd3815be7b6816ba3357f6260fcbdfe8c12,aa34b72abcc982b1a6bfaf5b63821e6ed2732c188c9f63472240799d7240f8fc,00f56c6a6ed93c765fa92376cd87481bc0b57da3fb95e125dfa789d58c846a0c,0.03987152565933377,0.040001644962998684,0.0032528488212239855,1.0000195310592688,24237.259064724705,3.1225022567582583e-15,0.0398698806762699,0.03999999999999993,1.3011932373003383e-07,4.904779257237974,4.961186662877371e-12,1.6449830638769366e-06,1.6449629987490066e-06,2.4078153515968596e-07,0.0010220082846777144,8.051992178483708e-09
16,checkerboard,graph,cylinder_045,0.2,00ef0827c1bc3fac23bc05f606325cd3815be7b6816ba3357f6260fcbdfe8c12,11a8b31c405576fcc7c478ae520fe415f81e473fa2ad12b7664cbea9361681bb,df5775a777befb289e44526ff6c1adcd22a4b13f2bc758ca03d510440cbcea87,0.1033351499764091,0.10333496243128437,1.8149242067665995e-06,1.0000097655773168,63430.3219465256,2.148818757339015e-15,0.10333352088928296,0.10333333333333322,1.8755594974328992e-10,6.329633545175928,4.277900256255407e-13,1.62908712612869e-06,1.629097951152076e-06,1.299002806311704e-07,0.000996758728633808,7.569326451486823e-08
16,checkerboard,graph,cylinder_135,0.2,00ef0827c1bc3fac23bc05f606325cd3815be7b6816ba3357f6260fcbdfe8c12,11cc34bf9050d982d8d0dc77ffee917075f727d69174c43e46a711ad52bf3449,667c507f53524149a991b85c26f763d589ecdd52cdbc7b17395debc5270facca,0.0033351820335200412,0.0033349944884185274,5.623550568528586e-05,1.0000097655773168,2006.7618534154606,8.7169854667835e-15,0.0033335208892823188,0.003333333333333316,1.87555949002563e-10,1.5128876204968267,5.0604186639657826e-15,1.6611442377224513e-06,1.6611550852113524e-06,1.3016986681356816e-07,0.0010065342980781014,1.3499831760888721e-08
16,checkerboard,graph,twist,0.2,00ef0827c1bc3fac23bc05f606325cd3815be7b6816ba3357f6260fcbdfe8c12,569f645be38c5bcc229a595b2b37c63d40dff1dbe9f3aa2b972cf75d21c18f64,02b259e3983bd668eb48aab4adf7b75576240d4a05cb144fcc8a8dc5e3cc4a6a,0.1251436283263818,0.12444769206795359,0.005592198994322801,1.0,38534.76590469167,2.7879484435341585e-15,0.1251403808593758,0.12444444444444425,6.959364149315417e-07,6.153181095361657,2.034875601353292e-13,3.2474670059988546e-06,3.2476235093333368e-06,1.8780400137862006e-06,6.665979029653789e-05,1.106665637018553e-09
16,checkerboard,graph,dome,0.2,00ef0827c1bc3fac23bc05f606325cd3815be7b6816ba3357f6260fcbdfe8c12,3191a4f2476fae389d847019f7f8bbbeb64639c979685fc456a95ddf18a85411,ead6ada564cc80764ac54649c59ce6a04e1a8b51625241ad5298d76f1e97b607,0.1241006903287354,0.12444769206795359,0.0027883340659199123,1.0000390617370902,38210.84907961817,2.7879484435341585e-15,0.12409744262695394,0.12444444444444425,3.470018174903111e-07,8.123792743915365,3.950553981169058e-12,3.247701781459445e-06,3.2476235093333368e-06,9.392655132976129e-07,0.001989276128982844,2.436271253096131e-08
16,checkerboard,graph,saddle,0.2,00ef0827c1bc3fac23bc05f606325cd3815be7b6816ba3357f6260fcbdfe8c12,b74127e8a1e5827d1be6026b5f035fe80f10c4ce2efbcb539111a43df0cf0063,5167d975aa38a7ebb046d164c5ba1c2d2231c68ad15b068d819d92ad9865efba,0.12410069032873548,0.12444769206795359,0.002788334065919243,1.0000390617370902,38210.84907961807,2.7879484435341585e-15,0.12409744262695402,0.12444444444444425,3.4700181749022783e-07,8.064401121519277,6.736797633632996e-12,3.247701781459456e-06,3.2476235093333368e-06,9.3926551342975e-07,0.0004097252940422502,4.507034719394842e-09
16,checkerboard,isometric,cylinder_000,0.2,00ef0827c1bc3fac23bc05f606325cd3815be7b6816ba3357f6260fcbdfe8c12,1d26cd1ec3ae3d74b2cff1ecae8a45fba1c706d52f76d86f18f5fcb7cf91f75c,957ccaff5c2a266605ecee13653930bec1048fd42cb851359dd2f1bf15656903,1.6877507046037463e-06,1.6666666666666669e-06,0.012650422762247662,0.9999934895960476,0.012716352962166647,0.0,2.119254182981331e-08,0.0,2.119254182981331e-11,0.0022668296068030862,1.7182482776179292e-13,1.666558162773933e-06,1.6666666666666669e-06,1.30204671280565e-06,0.0010286524166776402,4.6444763501438373e-08
16,checkerboard,isometric,cylinder_090,0.2,00ef0827c1bc3fac23bc05f606325cd3815be7b6816ba3357f6260fcbdfe8c12,7516cdf5c327ed2514c87c95c5263b3c2c7c7df688ba63c67cc47b4668af9624,46bcc3f45ada661ac7b50efb23abb570833bc949b0acc64cc26654e7d709da68,1.6877507046037402e-06,1.6666666666666669e-06,0.012650422762243978,0.9999934895960462,0.012716352962164475,0.0,2.1192541829809656e-08,0.0,2.1192541829809657e-11,0.002266829606798362,1.7182482776544907e-13,1.6665581627739305e-06,1.6666666666666669e-06,1.302046712836143e-06,0.0010286524166776383,4.644476353701376e-08
16,checkerboard,isometric,cylinder_045,0.2,00ef0827c1bc3fac23bc05f606325cd3815be7b6816ba3357f6260fcbdfe8c12,926ec2e0944f61357792246ee8a53e1c9df51d4780f4c61fd26204801ca98e4e,7bbbc28be9026a6f05112faeb61ee09709044b98f1fe33ec51ab6a9f0e98d5c5,1.735479110383533e-06,1.6666666666666669e-06,0.04128746623011973,0.9999967445405349,0.04132652659421594,0.0,6.887496071337446e-08,0.0,6.887496071337445e-11,0.00410265887620375,4.1579065344147716e-14,1.6666041496701587e-06,1.6666666666666669e-06,7.502039580983941e-07,0.0010080081805224639,9.233239066253892e-08
16,checkerboard,isometric,cylinder_135,0.2,00ef0827c1bc3fac23bc05f606325cd3815be7b6816ba3357f6260fcbdfe8c12,36146c889c0487d5ec0e268b6eb59d463ed395d7540ce89fd9a92010b90cbb95,e9400dee1ebb1914f4200c23b7934014604203c5bd4750ab7894988f7c59fae6,1.735479110383553e-06,1.6666666666666669e-06,0.04128746623013168,0.999996744540536,0.041326526594235684,0.0,6.887496071340684e-08,0.0,6.887496071340684e-11,0.004102658875986665,6.098886724186876e-14,1.6666041496701462e-06,1.6666666666666669e-06,7.502039582483189e-07,0.0010080081805224487,2.2699024565086667e-10
16,checkerboard,graph,cylinder_000,0.6,00ef0827c1bc3fac23bc05f606325cd3815be7b6816ba3357f6260fcbdfe8c12,7b22d4b6f5a455eedb1d6e663eb464ec0c47ea656db5e3c4037f9f64813aade3,dc936de29310b9c0c036adf84a5c8d82ce919e1dc81db8fbaf21359c90b9c464,3.2294738462158787,3.2400135104875,0.0032529692353151693,1.0001757658031911,239016.77412105468,3.2895497025930635e-15,3.2294603347778357,3.239999999999993,1.0539665222157434e-05,50.27514507747125,1.1750652313402555e-09,1.3511438043014557e-05,1.3510487506764605e-05,1.1406434999429265e-05,0.002927867406579916,1.3653224414895493e-07
16,checkerboard,graph,cylinder_090,0.6,00ef0827c1bc3fac23bc05f606325cd3815be7b6816ba3357f6260fcbdfe8c12,69f53baf2ca11c4af23e32a626f9086c75eb9429a81fde062db175943ff170f1,9a5fb5927ec8dad310912361a02ff7d3764a39e984591d3d534bd0aecebdb23b,3.2294738462158783,3.2400135104874996,0.0032529692353151698,1.0001757658031911,239016.77412105462,3.4266142735344415e-15,3.2294603347778352,3.2399999999999927,1.0539665222157434e-05,50.27514507747126,1.1750652317843446e-09,1.3511438043014559e-05,1.3510487506764605e-05,1.1406434999449593e-05,0.0029278674065799154,1.3653224414895493e-07
16,checkerboard,graph,cylinder_045,0.6,00ef0827c1bc3fac23bc05f606325cd3815be7b6816ba3357f6260fcbdfe8c12,225830c2668c08b5db18f0ed89a0b7370552ef4461eb694b0b6691d6ba6e84c1,7708a974251ddabf4ac4899a62c269188533103d207058d9a5c43cd1f6f9eb55,8.370027769584803,8.370012578354308,1.8149590999474895e-06,1.0000878867629586,665472.4679068485,2.122290130705201e-15,8.370015192031868,8.369999999999987,1.519203188138363e-08,67.92092159191894,2.0626272245749532e-10,1.2577552935222987e-05,1.2578354321311905e-05,9.616633067015094e-06,0.002769953115714555,1.400737880584901e-07
16,checkerboard,graph,cylinder_135,0.6,00ef0827c1bc3fac23bc05f606325cd3815be7b6816ba3357f6260fcbdfe8c12,5e9053aad62b7a69c1ce0d437b33f5f612ddcb72aba2bb7ad25d86e059159aa0,0e1af401c1049f8e137893518c601f35e2c6c408a53ed76ef9d2895d96a2b090,0.2700297707462034,0.2700145795876236,5.6260512313766287e-05,1.0000878867629586,18521.193686615577,8.840664825718887e-15,0.2700151920318613,0.2699999999999985,1.519203186278739e-08,14.31782850904985,2.0759522989521884e-11,1.4578714342099289e-05,1.4579587625088285e-05,1.0479395867954715e-05,0.002984719829291256,1.6183056475693172e-07
16,checkerboard,graph,twist,0.6,00ef0827c1bc3fac23bc05f606325cd3815be7b6816ba3357f6260fcbdfe8c12,a596a52bbfee969abd24bb503ab279d2b90f66e0dfa0a076ec0f40d185928067,920b207d7d78d0fbb26dd80fe9daa09b7617b032a9f9f3c3a3612dfcaec97638,10.136395391624543,10.080024548526106,0.005592331926084362,1.0,413021.1306280421,2.8196140307940537e-15,10.136370849609381,10.07999999999998,5.637084960940086e-05,65.87368072766716,1.0476216161237062e-10,2.4542015160812628e-05,2.4548526124805685e-05,7.81315679166853e-05,0.00017932830331699088,1.6426380234865236e-08
16,checkerboard,graph,dome,0.6,00ef0827c1bc3fac23bc05f606325cd3815be7b6816ba3357f6260fcbdfe8c12,0529dd803a716c6b6bdd313e6140ea5351ca4f7daba9fa7e53f108c16c5791b5,ee594342f8236c4b2f1b758616e8fd525c1dc7046041cfc5aa1f961c888375c6,10.051917404568457,10.080024548526106,0.0027884003478701336,1.0003515007236206,409415.9651183817,2.8196140307940537e-15,10.051892852783208,10.07999999999998,2.8107147216772434e-05,86.83761697532118,1.0152221747716793e-09,2.4551785248229697e-05,2.454852612480569e-05,3.9109481088099216e-05,0.0054728893080829445,1.0014254021569e-07
16,checkerboard,graph,saddle,0.6,00ef0827c1bc3fac23bc05f606325cd3815be7b6816ba3357f6260fcbdfe8c12,3644bdd18070cfb017d937884e26995e3cc3d752d81e426328fad4f37bc0248b,3baba6aa5326ec7b0df945163609e6b8c8bac7ccb5bba38b85850be5240daf42,10.051917404568457,10.080024548526106,0.0027884003478701336,1.0003515007236206,409415.96511838184,2.8196140307940537e-15,10.051892852783208,10.07999999999998,2.8107147216772434e-05,86.09799023552165,2.4471122195279805e-10,2.455178524822969e-05,2.454852612480569e-05,3.91094810880179e-05,0.0011109052403183075,2.0840704609650408e-08
16,checkerboard,isometric,cylinder_000,0.6,00ef0827c1bc3fac23bc05f606325cd3815be7b6816ba3357f6260fcbdfe8c12,87596afa3a5aeed37ace8048896616bca70fb881095771c7cf28ce57b69c064a,4be7caff89ff3bf9bbfcb6e80977a53ef85612aedf452964a400043b8dc2db39,1.670766600670153e-05,1.4999999999999999e-05,0.11384440044676884,0.9999414072799564,0.11449726091280034,0.0,1.7164528447978881e-06,0.0,1.716452844797888e-09,0.020494829956321042,1.288857582770966e-13,1.4991213161903645e-05,1.4999999999999999e-05,0.00010544205715624737,0.0030829175014395493,6.599607595440468e-08
16,checkerboard,isometric,cylinder_090,0.6,00ef0827c1bc3fac23bc05f606325cd3815be7b6816ba3357f6260fcbdfe8c12,be5d534a61dc4e30aab0b1fdb96965b3fc2633d350b65067fa20c61267785a47,8f3a60fa798579d31c36bd9039ae9ce93f8cf18eab57dd80f3bda755ca9b628a,1.6707666006701673e-05,1.4999999999999999e-05,0.11384440044677833,0.9999414072799564,0.11449726091280941,0.0,1.7164528447980247e-06,0.0,1.7164528447980248e-09,0.0204948299563011,1.2888575814072432e-13,1.499121316190365e-05,1.4999999999999999e-05,0.00010544205715618638,0.003082917501439552,6.599607601539105e-08
16,checkerboard,isometric,cylinder_045,0.6,00ef0827c1bc3fac23bc05f606325cd3815be7b6816ba3357f6260fcbdfe8c12,bcfce5bf0d67b56e16c55d2abe910d71365e6e23922f6cceb05e8b40a0be6988,dcbc0f00b27144604b13342243dc6be51dd750f3daf6042e91f7e5851546ecec,2.057282564715618e-05,1.4999999999999999e-05,0.3715217098104121,0.9999706827868646,0.37198478263844703,0.0,5.577888452887281e-06,0.0,5.577888452887281e-09,0.0371565397375351,1.0462980701187545e-12,1.49949371942689e-05,1.4999999999999999e-05,6.07536687731924e-05,0.0030225291115793676,8.491769624714013e-07
16,checkerboard,isometric,cylinder_135,0.6,00ef0827c1bc3fac23bc05f606325cd3815be7b6816ba3357f6260fcbdfe8c12,8dfb89c6ef2d6af605ac7734f7d5a09831616dfc0104c08a576066aa4cdb750d,49d4db4ff9519e0331a197bd7da67c4fa5fd7c98f83659927dcf65d7c1b97d67,2.0572825647156654e-05,1.4999999999999999e-05,0.3715217098104437,0.9999706827868651,0.37198478263851087,0.0,5.577888452888107e-06,0.0,5.5778884528881065e-09,0.03715653973744166,1.170027768291807e-12,1.4994937194268545e-05,1.4999999999999999e-05,6.075366877744112e-05,0.003022529111579217,5.714817716138054e-08
32,checkerboard,rest,rest,0.0,bd54b934a70269f0438cf5a760110ce902b2224f8ba83fad6ab5433ebdea528b,0602a0b665ee1db8ecd143c24b73b1a86d2ab429c718a86302ba77a00197df21,415770ec18ee75ffebde9dbfed923fbcb1c1294f73e1bea51752afc52fe09c5e,6.162975822039155e-30,0.0,,1.0,,0.0,6.162975822039155e-30,0.0,6.162975822039155e-33,1.1102230246251567e-13,0.0,0.0,0.0,0.0,0.0,0.0
32,checkerboard,affine,extension,0.0,bd54b934a70269f0438cf5a760110ce902b2224f8ba83fad6ab5433ebdea528b,5b333c755b594a970fe52ff348f43fa11f451f4c269eaccae79038b3b4312bdb,4f295cc67cb0a7a7b042a20bd485dc259d6a019d86782584a6603c1e1aa31736,0.05498776012500008,0.054987760124999986,1.7666570602961292e-15,1.006969999999998,,0.0,0.05498776012500008,0.054987760124999986,9.71445146547012e-20,2.624436421559806,3.3891577849720636e-11,0.0,0.0,0.0,0.0,0.0
32,checkerboard,affine,shear,0.0,bd54b934a70269f0438cf5a760110ce902b2224f8ba83fad6ab5433ebdea528b,56c12991c8be2eb960c0bdb38099b579a903fc9a8b9f1255bd035bf41de2b709,21df8d9fb1f80c1dec1ec0bc87a28c309ce45cd9c7fcdc775a89988b9c9e3db0,0.10002000000000014,0.10002000000000001,1.2487511524728064e-15,0.9999999999999964,,0.0,0.10002000000000014,0.10002000000000001,1.249000902703301e-19,3.509206781364547,7.446077140982332e-11,0.0,0.0,0.0,0.0,0.0
32,checkerboard,graph,cylinder_000,0.2,bd54b934a70269f0438cf5a760110ce902b2224f8ba83fad6ab5433ebdea528b,e88bfae2fa228dabb93e0750c06dc31b72b507687d6d8d8a04f2def3f2091cc8,3a4d4b4826004c72927b4f888831aa1e89d9465817eb716d2efe0aedfa76f1ed,0.039969098447782105,0.040001644962998684,0.0008136294206571867,1.0000048828005792,24296.796727352612,3.1225022567582583e-15,0.039967453479767254,0.03999999999999993,3.254652023267773e-08,3.5377649487952683,6.224665158316434e-12,1.6449680148483557e-06,1.6449629987490068e-06,6.01931921868264e-08,0.0020775810434586705,3.497841674914319e-08
32,checkerboard,graph,cylinder_090,0.2,bd54b934a70269f0438cf5a760110ce902b2224f8ba83fad6ab5433ebdea528b,f09d28e1c404590091a134b57c77f73e9eb674ac7e1f5a3b2eb512ae0d476d5f,f5da03b586ba9cd1c729efb7abd86abe0b9c9c652df6596e9dd17a1e9c5c5aa0,0.03996909844778211,0.040001644962998684,0.0008136294206570132,1.0000048828005792,24296.79672735264,3.1225022567582583e-15,0.03996745347976726,0.03999999999999993,3.254652023267079e-08,3.537764948795268,6.22466515137754e-12,1.644968014848354e-06,1.6449629987490066e-06,6.019319216903871e-08,0.00207758104345867,3.4978416754225384e-08
32,checkerboard,graph,cylinder_045,0.2,bd54b934a70269f0438cf5a760110ce902b2224f8ba83fad6ab5433ebdea528b,ba48d04eb0a1c8d9ae8a5b82f4d7c75fdf8bb212791647650acf8132b7a5180c,a508261e00775ba231cb6a9c38cdccbf9f93181d0a6c6d86d9992e84d749e72d,0.1033349741508255,0.10333496243128437,1.1341312614316177e-07,1.0000024414032698,63429.89791346466,2.148818757339015e-15,0.10333334505558091,0.10333333333333322,1.1722247686418718e-11,4.538226476469005,7.076400992955811e-13,1.6290952445888407e-06,1.629097951152076e-06,3.247875882322405e-08,0.002047456748026004,2.92158884873672e-08
32,checkerboard,graph,cylinder_135,0.2,bd54b934a70269f0438cf5a760110ce902b2224f8ba83fad6ab5433ebdea528b,30ac4a47ed86f08ec6db48f8b7d66540caea5ac6ffc8de5f0cc2b3ff651eaac5,81084b0b56d5769ef85d45e53bac45a885c3a73c51a6b8cc0d48eccd76fb08c2,0.003335006207953132,0.0033349944884185274,3.5141091372678487e-06,1.0000024414032698,2006.646175250323,8.7169854667835e-15,0.0033333450555802354,0.003333333333333316,1.1722246919237262e-11,1.0989451320427486,1.321030177608984e-14,1.6611523728962385e-06,1.6611550852113524e-06,3.2547781367150356e-08,0.0020675217285994964,3.097499768021239e-08
32,checkerboard,graph,twist,0.2,bd54b934a70269f0438cf5a760110ce902b2224f8ba83fad6ab5433ebdea528b,7521ea30c5c26c64ba951414ed1bcfd3c9fc1f929898f1b57b9059c08016d420,ad9f40500506def54de1737099003797cf70a34a92ddadeaf212c5eaaf843a76,0.12462139638808935,0.12444769206795359,0.001395801860599489,1.0,38372.56690367189,2.7879484435341585e-15,0.12461814880371178,0.12444444444444425,1.7370435926752915e-07,4.374808896948902,1.1655268278287777e-12,3.247584377572276e-06,3.2476235093333368e-06,4.695811327316699e-07,6.662629721744743e-05,1.142867711681787e-09
32,checkerboard,graph,dome,0.2,bd54b934a70269f0438cf5a760110ce902b2224f8ba83fad6ab5433ebdea528b,8faa1f0e25a19224b83e52c0c881a4e63293d071232561c4983a5e2595c67eb3,434b68b5004399b0af79d2894fd40c1d4905afb6e869acec45a08e12dd0f8423,0.12436090030726184,0.12444769206795359,0.000697415590836,1.0000097655773168,38291.662518069614,2.7879484435341585e-15,0.12435765266418534,0.12444444444444425,8.679178025890189e-08,5.841032947248359,6.852730716211397e-12,3.2476430764922176e-06,3.2476235093333368e-06,2.3480590657042576e-07,0.004087981546438522,7.176013611253523e-08
32,checkerboard,graph,saddle,0.2,bd54b934a70269f0438cf5a760110ce902b2224f8ba83fad6ab5433ebdea528b,1d001372b6ba61d879f0f0113ca889e0ea6357be65d0da1da0dc1f6a5eaa2fb3,8f9d380039a4471e484bf224608d9a6556c3065d4f53b0d3eda44b64668a728b,0.12436090030726185,0.12444769206795359,0.0006974155908358884,1.0000097655773168,38291.66251806942,2.7879484435341585e-15,0.12435765266418536,0.12444444444444425,8.679178025888801e-08,5.818581380719201,8.126650019590897e-12,3.247643076492235e-06,3.2476235093333368e-06,2.3480590677879586e-07,0.0005781286968861893,4.5599337136821723e-08
32,checkerboard,isometric,cylinder_000,0.2,bd54b934a70269f0438cf5a760110ce902b2224f8ba83fad6ab5433ebdea528b,55547baefff8e04e2211c99c4d1310b7b9e4f4f744a2b52cf108b0e9d5fdb32e,3aeb136f3563d4338539a6d3940fa96e3d71fb48a3628dba349c7c843bdfc4aa,1.6679640843335507e-06,1.6666666666666669e-06,0.000778450600130281,0.999998372396623,0.0007947394624847746,0.0,1.324544212271857e-09,0.0,1.324544212271857e-12,0.0004038306265779824,1.9204142109226636e-13,1.6666395401212787e-06,1.6666666666666669e-06,3.25518544657694e-07,0.0020911642939694755,4.105945126947749e-09
32,checkerboard,isometric,cylinder_090,0.2,bd54b934a70269f0438cf5a760110ce902b2224f8ba83fad6ab5433ebdea528b,51a603fede7fb4bff8fddb33841914c6fa6c31156e0834b836c68314b09e6c8d,143e8931d41b360832a332c88a7b26210960fbfbc8f01e91ff97eeadc00800eb,1.6679640843335494e-06,1.6666666666666669e-06,0.0007784506001295186,0.9999983723966216,0.0007947394624853411,0.0,1.3245442122727995e-09,0.0,1.3245442122727995e-12,0.00040383062658030786,1.9204142109132379e-13,1.6666395401212766e-06,1.6666666666666669e-06,3.25518544683105e-07,0.0020911642939694746,4.1059451167833536e-09
32,checkerboard,isometric,cylinder_045,0.2,bd54b934a70269f0438cf5a760110ce902b2224f8ba83fad6ab5433ebdea528b,95a09e435847b1539c7853f228319382aa628e8189b38b717a3faabd72e42f76,beb7f28e7a535395460580a14e76381e0befdcdc1d90f813e8b50f8b507c2c18,1.6709567889611458e-06,1.6666666666666669e-06,0.002574073376687343,0.9999991861822133,0.0025828763902968023,0.0,4.3047561862943364e-09,0.0,4.304756186294337e-12,0.0007294361539229127,4.0836029255581136e-13,1.6666520327748515e-06,1.6666666666666669e-06,1.7560670178483714e-07,0.0020707427794361397,6.253106500971056e-08
32,checkerboard,isometric,cylinder_135,0.2,bd54b934a70269f0438cf5a760110ce902b2224f8ba83fad6ab5433ebdea528b,944306b2812d0f9910d031dcc87ee28c6290f767b932cae47b3b9c4182607013,1df0e87058cf73a4f889d2d23c15f43a41478d030d5976fa6b4af2e65e9f8326,1.6709567889610166e-06,1.6666666666666669e-06,0.0025740733766098393,0.9999991861822163,0.0025828763902903803,0.0,4.3047561862833275e-09,0.0,4.304756186283327e-12,0.0007294361537752411,4.0320323720189695e-13,1.6666520327747333e-06,1.6666666666666669e-06,1.756067032027703e-07,0.002070742779435834,4.9950053718969534e-08
32,checkerboard,graph,cylinder_000,0.6,bd54b934a70269f0438cf5a760110ce902b2224f8ba83fad6ab5433ebdea528b,e8068a2de2dcf06f54d4e2d41bd70a993d9e0a80b2dbd39e209e06cbd8c287c5,f52ea19bb3dc82eb967d764503f0dd244c0d80b55b4f6fbaf610d857e678a4ad,3.2373772425862284,3.2400135104875,0.0008136595396094613,1.000043944346947,239614.35862162238,3.2895497025930635e-15,3.2373637318611177,3.239999999999993,2.6362681388754084e-06,36.33912193453462,1.3411283545927688e-09,1.3510725110481688e-05,1.3510487506764605e-05,2.85124460500108e-06,0.005954044641513172,6.085472497216449e-07
32,checkerboard,graph,cylinder_090,0.6,bd54b934a70269f0438cf5a760110ce902b2224f8ba83fad6ab5433ebdea528b,0025d87d77634cb8a3c16a1f54924fc7f08f5cc47316769724a3e491f1f33cc2,c0bc5591f78487017e80654e9ad01257ed228ab96755ac0f26a41f44f10d1997,3.2373772425862284,3.2400135104874996,0.0008136595396093243,1.000043944346947,239614.35862162255,3.4266142735344415e-15,3.2373637318611177,3.2399999999999927,2.636268138874964e-06,36.33912193453462,1.3411283541486797e-09,1.3510725110481678e-05,1.3510487506764605e-05,2.851244604879107e-06,0.005954044641513173,6.085472497216449e-07
32,checkerboard,graph,cylinder_045,0.6,bd54b934a70269f0438cf5a760110ce902b2224f8ba83fad6ab5433ebdea528b,e5fe312abf5d7a42e27f2f9efa398b1ed5f3a5667ddb3c609ae9d0ceb906aa82,f0bbd682c989bcc3452f03e4d4dd94b13c8e88a19f7c6423f70e282680492780,8.370013527656031,8.370012578354308,1.1341700081871525e-07,1.0000219724148565,665439.5333278106,2.122290130705201e-15,8.370000949501998,8.369999999999987,9.495020112382236e-10,48.79465319741688,2.876704563448129e-11,1.2578154032484791e-05,1.2578354321311905e-05,2.403465925366916e-06,0.005690071075925276,2.9270047890566373e-07
32,checkerboard,graph,cylinder_135,0.6,bd54b934a70269f0438cf5a760110ce902b2224f8ba83fad6ab5433ebdea528b,cb257cc1499e50745a6b7fb5d095195f884751360a9de817d2584bffd7d5374b,9b1f09778214608a7f3257dbee16786055500c0bedcce717424f327ea9807c71,0.2700155288710834,0.2700145795876236,3.515674824793881e-06,1.0000219724148565,18519.38501681579,8.840664825718887e-15,0.27000094950199216,0.2699999999999985,9.495019936411885e-10,10.417469311610715,5.7969750111297456e-12,1.4579369091188965e-05,1.4579587625088285e-05,2.6224067918410735e-06,0.00612884271541574,1.6220118721462298e-07
32,checkerboard,graph,twist,0.6,bd54b934a70269f0438cf5a760110ce902b2224f8ba83fad6ab5433ebdea528b,c08dbba9aefde47fe8b6ecb8233fa2583bca8655c421751ad337318b64e2b05f,5aae512d2c4510c3ba14177f7558cc54dccc44c7465e1802cb898b958b9e7cc9,10.094094599997879,10.080024548526106,0.0013958350402857088,1.0,411215.7204733567,2.8196140307940537e-15,10.094070053100593,10.07999999999998,1.4070053100612157e-05,46.886678794699854,1.478482065664366e-10,2.454689728661432e-05,2.4548526124805685e-05,1.9546058296400102e-05,0.00017865111421391518,1.3357907146941198e-08
32,checkerboard,graph,dome,0.6,bd54b934a70269f0438cf5a760110ce902b2224f8ba83fad6ab5433ebdea528b,f2c1ed6aa05ed7f25f5644147d29babfe78d81413ab1da9e44b9d2c464f55e36,e14a914f1773b1ce56a94c6a454f793014803eb7b1c3895ceb649543830da643,10.072994415139728,10.080024548526106,0.0006974321691910714,1.0000878867629586,410315.289507087,2.8196140307940537e-15,10.072969865798957,10.07999999999998,7.030134201023941e-06,62.58864273829074,9.554668629618845e-10,2.454934077133622e-05,2.454852612480569e-05,9.775758366378003e-06,0.011246093001458289,1.7596437267084885e-07
32,checkerboard,graph,saddle,0.6,bd54b934a70269f0438cf5a760110ce902b2224f8ba83fad6ab5433ebdea528b,0fb2bda57c14aa0df65ae3864aab4f0c003938948403292ca220eb8a407ede61,cfe22c30e7316f5d2d9427996cd8cc453d4470e4d5a8ce50b7b420cbdf27f40f,10.072994415139728,10.080024548526106,0.0006974321691910714,1.0000878867629586,410315.289507086,2.8196140307940537e-15,10.072969865798957,10.07999999999998,7.030134201023941e-06,62.30794879079736,3.2934600113776467e-10,2.4549340771336284e-05,2.454852612480569e-05,9.775758367150497e-06,0.0015671019755258322,1.2061550846639846e-07
32,checkerboard,isometric,cylinder_000,0.6,bd54b934a70269f0438cf5a760110ce902b2224f8ba83fad6ab5433ebdea528b,ca73b6d8e77c5997c560d09fa64b0b0a7b6efc2f6a4ea9fc9063dbea66982ffc,d9faeeffbc6a0066c2ff6bece8c937d4991121e90f29c294636a3bc434307c3b,1.510508871946952e-05,1.4999999999999999e-05,0.007005914631301447,0.9999853516268684,0.007153437537452559,0.0,1.0728584605400441e-07,0.0,1.072858460540044e-10,0.003643176262949425,1.6403923081022783e-13,1.4997802873415516e-05,1.4999999999999999e-05,2.636551901379503e-05,0.006271901485934351,1.2287803498710749e-06
32,checkerboard,isometric,cylinder_090,0.6,bd54b934a70269f0438cf5a760110ce902b2224f8ba83fad6ab5433ebdea528b,1254d36650940620d2d5d5f6bb33a8189372fae8137e14e2e5fd89e0dbdde5c2,cfcec62fd1e43135643eb27c26c0a02b1994ecc4d6a9fe65bfede2b86afaa0f4,1.510508871946958e-05,1.4999999999999999e-05,0.0070059146313054,0.9999853516268634,0.00715343753745756,0.0,1.0728584605407929e-07,0.0,1.0728584605407929e-10,0.0036431762630041117,1.6403923073535806e-13,1.49978028734155e-05,1.4999999999999999e-05,2.636551901397799e-05,0.006271901485934342,1.2287803497084446e-06
32,checkerboard,isometric,cylinder_045,0.6,bd54b934a70269f0438cf5a760110ce902b2224f8ba83fad6ab5433ebdea528b,9db0b70a0016bbe945d8b4f993a1a2a995e661eafd7a4359f7da5a4cf466db6d,2a82f8d56261a1445291503a36c90fdb815c4bd4305fbf6013cb794bf75cbccb,1.534748459717728e-05,1.4999999999999999e-05,0.023165639811818795,0.9999926745099336,0.023246495898914712,0.0,3.486698847021351e-07,0.0,3.486698847021351e-10,0.0065869519411511,4.0545719590222946e-13,1.4998814712475144e-05,1.4999999999999999e-05,1.4223450298252952e-05,0.006211439225985931,6.13247855369369e-07
32,checkerboard,isometric,cylinder_135,0.6,bd54b934a70269f0438cf5a760110ce902b2224f8ba83fad6ab5433ebdea528b,a08aceb9d501f03f9974f6ab9845885578c3fef31d89204ee7faecd16537ed09,ff319724f17219e4c3926906a14286cf303609aaf515daab7fd2a0dba414b7e2,1.534748459717653e-05,1.4999999999999999e-05,0.023165639811768647,0.9999926745099366,0.02324649589890845,0.0,3.486698847020262e-07,0.0,3.4866988470202623e-10,0.006586951941047784,4.745011773490312e-13,1.4998814712474502e-05,1.4999999999999999e-05,1.4223450305957564e-05,0.006211439225985353,3.292379289934321e-07
