ply
format ascii 1.0
comment synthetic M01 asset generated for Wind3DGS static 3DGS I/O baseline
element vertex 1812
property float x
property float y
property float z
property float nx
property float ny
property float nz
property float f_dc_0
property float f_dc_1
property float f_dc_2
property float f_rest_0
property float f_rest_1
property float f_rest_2
property float f_rest_3
property float f_rest_4
property float f_rest_5
property float f_rest_6
property float f_rest_7
property float f_rest_8
property float f_rest_9
property float f_rest_10
property float f_rest_11
property float f_rest_12
property float f_rest_13
property float f_rest_14
property float f_rest_15
property float f_rest_16
property float f_rest_17
property float f_rest_18
property float f_rest_19
property float f_rest_20
property float f_rest_21
property float f_rest_22
property float f_rest_23
property float f_rest_24
property float f_rest_25
property float f_rest_26
property float f_rest_27
property float f_rest_28
property float f_rest_29
property float f_rest_30
property float f_rest_31
property float f_rest_32
property float f_rest_33
property float f_rest_34
property float f_rest_35
property float f_rest_36
property float f_rest_37
property float f_rest_38
property float f_rest_39
property float f_rest_40
property float f_rest_41
property float f_rest_42
property float f_rest_43
property float f_rest_44
property float opacity
property float scale_0
property float scale_1
property float scale_2
property float rot_0
property float rot_1
property float rot_2
property float rot_3
end_header
-0.631111111 -0.0438453631 0.000726202313 -0.131920013 -0.0478146389 0.990106495 -1.09335315 0.130623309 -0.908401155 0 0 0 0 0 0 0 0 0 0 0 0 0 0 0 0 0 0 0 0 0 0 0 0 0 0 0 0 0 0 0 0 0 0 0 0 0 0 0 0 0 0 0 0 0 1.02261242 -4.41546852 -4.50472261 -5.74460447 0.915849516 0.0482088777 -0.0512118817 -0.395313688
-0.631111111 -0.0263072179 0.00150185225 -0.191528783 -0.0404978314 0.980651136 -1.032327 0.478496918 -0.882973589 0 0 0 0 0 0 0 0 0 0 0 0 0 0 0 0 0 0 0 0 0 0 0 0 0 0 0 0 0 0 0 0 0 0 0 0 0 0 0 0 0 0 0 0 0 1.15984141 -4.41546852 -4.50472261 -5.74460447 0.956342363 0.0461658522 -0.0868512865 -0.27519966
-0.631111111 -0.00876907262 0.0021607401 -0.24219314 -0.0310122329 0.969732295 -0.869508526 0.826370527 -0.81513256 0 0 0 0 0 0 0 0 0 0 0 0 0 0 0 0 0 0 0 0 0 0 0 0 0 0 0 0 0 0 0 0 0 0 0 0 0 0 0 0 0 0 0 0 0 1.58704011 -4.41546852 -4.50472261 -5.74460447 0.987393629 0.027792348 -0.119839216 -0.0995990397
-0.631111111 0.00876907262 0.00252458309 -0.271861673 -0.00601570666 0.962317537 -0.869508526 0.826370527 -0.81513256 0 0 0 0 0 0 0 0 0 0 0 0 0 0 0 0 0 0 0 0 0 0 0 0 0 0 0 0 0 0 0 0 0 0 0 0 0 0 0 0 0 0 0 0 0 1.58704011 -4.41546852 -4.50472261 -5.74460447 0.985405612 -0.0109261308 -0.136827816 0.100670495
-0.631111111 0.0263072179 0.0022809955 -0.269005273 0.034544722 0.962519 -1.032327 0.478496918 -0.882973589 0 0 0 0 0 0 0 0 0 0 0 0 0 0 0 0 0 0 0 0 0 0 0 0 0 0 0 0 0 0 0 0 0 0 0 0 0 0 0 0 0 0 0 0 0 1.15984141 -4.41546852 -4.50472261 -5.74460447 0.953174598 -0.0537409814 -0.125906342 0.26966217
-0.631111111 0.0438453631 0.00125169457 -0.220328092 0.0781258377 0.972292078 -1.09335315 0.130623309 -0.908401155 0 0 0 0 0 0 0 0 0 0 0 0 0 0 0 0 0 0 0 0 0 0 0 0 0 0 0 0 0 0 0 0 0 0 0 0 0 0 0 0 0 0 0 0 0 1.02261242 -4.41546852 -4.50472261 -5.74460447 0.913071827 -0.0797853951 -0.0865346848 0.390443181
-0.613333333 -0.0637017129 0.00174021931 -0.154556275 -0.108826081 0.981972119 -1.09001103 0.0880960045 -0.914640002 0 0 0 0 0 0 0 0 0 0 0 0 0 0 0 0 0 0 0 0 0 0 0 0 0 0 0 0 0 0 0 0 0 0 0 0 0 0 0 0 0 0 0 0 0 1.01063984 -4.41546852 -4.60118375 -5.77125501 0.936565168 0.0777348964 -0.0545089579 -0.337389604
-0.613333333 -0.0477762846 0.00337496151 -0.182178977 -0.0944465526 0.978718892 -1.06131702 0.320011744 -0.902684166 0 0 0 0 0 0 0 0 0 0 0 0 0 0 0 0 0 0 0 0 0 0 0 0 0 0 0 0 0 0 0 0 0 0 0 0 0 0 0 0 0 0 0 0 0 1.07363193 -4.41546852 -4.60118375 -5.77125501 0.957237472 0.0705752903 -0.0752308618 -0.270288491
-0.613333333 -0.0318508564 0.00484933417 -0.211939603 -0.0864156511 0.973454642 -1.00611991 0.551927483 -0.879685371 0 0 0 0 0 0 0 0 0 0 0 0 0 0 0 0 0 0 0 0 0 0 0 0 0 0 0 0 0 0 0 0 0 0 0 0 0 0 0 0 0 0 0 0 0 1.20066588 -4.41546852 -4.60118375 -5.77125501 0.975245862 0.0629748501 -0.0964720023 -0.188740111
-0.613333333 -0.0159254282 0.00617367426 -0.238134139 -0.0733140203 0.968461247 -0.899940232 0.783843223 -0.835443837 0 0 0 0 0 0 0 0 0 0 0 0 0 0 0 0 0 0 0 0 0 0 0 0 0 0 0 0 0 0 0 0 0 0 0 0 0 0 0 0 0 0 0 0 0 1.47339144 -4.41546852 -4.60118375 -5.77125501 0.987491767 0.048312786 -0.115910532 -0.0953448154
-0.613333333 8.64820618e-18 0.00717894057 -0.258295097 -0.0458165361 0.964979009 -0.695688136 1.01575896 -0.750338797 0 0 0 0 0 0 0 0 0 0 0 0 0 0 0 0 0 0 0 0 0 0 0 0 0 0 0 0 0 0 0 0 0 0 0 0 0 0 0 0 0 0 0 0 0 2.19722458 -4.41546852 -4.60118375 -5.77125501 0.991201582 0.0227186403 -0.130362414 0.00298794599
-0.613333333 0.0159254282 0.0075840829 -0.272144056 -0.000322154589 0.962256467 -0.899940232 0.783843223 -0.835443837 0 0 0 0 0 0 0 0 0 0 0 0 0 0 0 0 0 0 0 0 0 0 0 0 0 0 0 0 0 0 0 0 0 0 0 0 0 0 0 0 0 0 0 0 0 1.47339144 -4.41546852 -4.60118375 -5.77125501 0.985648123 -0.0134453028 -0.136714996 0.0981122419
-0.613333333 0.0318508564 0.00710805106 -0.279002917 0.0593870236 0.958452166 -1.00611991 0.551927483 -0.879685371 0 0 0 0 0 0 0 0 0 0 0 0 0 0 0 0 0 0 0 0 0 0 0 0 0 0 0 0 0 0 0 0 0 0 0 0 0 0 0 0 0 0 0 0 0 1.20066588 -4.41546852 -4.60118375 -5.77125501 0.972115305 -0.0558304332 -0.132879193 0.184980855
-0.613333333 0.0477762846 0.00558180381 -0.275972363 0.123534027 0.953193894 -1.06131702 0.320011744 -0.902684166 0 0 0 0 0 0 0 0 0 0 0 0 0 0 0 0 0 0 0 0 0 0 0 0 0 0 0 0 0 0 0 0 0 0 0 0 0 0 0 0 0 0 0 0 0 1.07363193 -4.41546852 -4.60118375 -5.77125501 0.952755591 -0.0973343549 -0.118021509 0.262399945
-0.613333333 0.0637017129 0.00301567815 -0.258006161 0.180929911 0.949050677 -1.09001103 0.0880960045 -0.914640002 0 0 0 0 0 0 0 0 0 0 0 0 0 0 0 0 0 0 0 0 0 0 0 0 0 0 0 0 0 0 0 0 0 0 0 0 0 0 0 0 0 0 0 0 0 1.01063984 -4.41546852 -4.60118375 -5.77125501 0.930226927 -0.130097363 -0.0924626274 0.330459079
-0.595555556 -0.0784054873 0.00273476663 -0.167317924 -0.148566781 0.974644871 -1.08214852 0.0919077141 -0.918995357 0 0 0 0 0 0 0 0 0 0 0 0 0 0 0 0 0 0 0 0 0 0 0 0 0 0 0 0 0 0 0 0 0 0 0 0 0 0 0 0 0 0 0 0 0 1.00847862 -4.41546852 -4.51128433 -5.74460447 0.945412642 0.0970421356 -0.0570998128 -0.305806102
-0.595555556 -0.0609820457 0.00520460938 -0.185679407 -0.130026113 0.973969388 -1.05804064 0.30063188 -0.908950406 0 0 0 0 0 0 0 0 0 0 0 0 0 0 0 0 0 0 0 0 0 0 0 0 0 0 0 0 0 0 0 0 0 0 0 0 0 0 0 0 0 0 0 0 0 1.06121868 -4.41546852 -4.51128433 -5.74460447 0.961778876 0.086768074 -0.0740716381 -0.248929885
-0.595555556 -0.0435586041 0.00744110285 -0.208207154 -0.120174387 0.97067394 -1.01460246 0.509356045 -0.890851162 0 0 0 0 0 0 0 0 0 0 0 0 0 0 0 0 0 0 0 0 0 0 0 0 0 0 0 0 0 0 0 0 0 0 0 0 0 0 0 0 0 0 0 0 0 1.15984141 -4.41546852 -4.51128433 -5.74460447 0.975596815 0.0788446553 -0.091905116 -0.183160653
-0.595555556 -0.0261351624 0.00950328084 -0.229420864 -0.107820568 0.967336959 -0.936334453 0.718080211 -0.858239494 0 0 0 0 0 0 0 0 0 0 0 0 0 0 0 0 0 0 0 0 0 0 0 0 0 0 0 0 0 0 0 0 0 0 0 0 0 0 0 0 0 0 0 0 0 1.35179168 -4.41546852 -4.51128433 -5.74460447 0.985654792 0.0668749085 -0.108900262 -0.110241149
-0.595555556 -0.00871172081 0.011244897 -0.246947926 -0.0825008287 0.965510401 -0.795309214 0.926804376 -0.799478978 0 0 0 0 0 0 0 0 0 0 0 0 0 0 0 0 0 0 0 0 0 0 0 0 0 0 0 0 0 0 0 0 0 0 0 0 0 0 0 0 0 0 0 0 0 1.76709569 -4.41546852 -4.51128433 -5.74460447 0.990758749 0.0458513006 -0.123054694 -0.0339455789
-0.595555556 0.00871172081 0.0123619466 -0.261094137 -0.0377969653 0.964573087 -0.795309214 0.926804376 -0.799478978 0 0 0 0 0 0 0 0 0 0 0 0 0 0 0 0 0 0 0 0 0 0 0 0 0 0 0 0 0 0 0 0 0 0 0 0 0 0 0 0 0 0 0 0 0 1.76709569 -4.41546852 -4.51128433 -5.74460447 0.99024554 0.0135714447 -0.132398158 0.041234864
-0.595555556 0.0261351624 0.0124914512 -0.272781984 0.0262807604 0.961716856 -0.936334453 0.718080211 -0.858239494 0 0 0 0 0 0 0 0 0 0 0 0 0 0 0 0 0 0 0 0 0 0 0 0 0 0 0 0 0 0 0 0 0 0 0 0 0 0 0 0 0 0 0 0 0 1.35179168 -4.41546852 -4.51128433 -5.74460447 0.984010907 -0.0287794414 -0.1353267 0.112164887
-0.595555556 0.0435586041 0.0113294062 -0.281471208 0.102570822 0.954071897 -1.01460246 0.509356045 -0.890851162 0 0 0 0 0 0 0 0 0 0 0 0 0 0 0 0 0 0 0 0 0 0 0 0 0 0 0 0 0 0 0 0 0 0 0 0 0 0 0 0 0 0 0 0 0 1.15984141 -4.41546852 -4.51128433 -5.74460447 0.972275827 -0.076688087 -0.130701908 0.178088923
-0.595555556 0.0609820457 0.00872956518 -0.284370891 0.179261277 0.941806026 -1.05804064 0.30063188 -0.908950406 0 0 0 0 0 0 0 0 0 0 0 0 0 0 0 0 0 0 0 0 0 0 0 0 0 0 0 0 0 0 0 0 0 0 0 0 0 0 0 0 0 0 0 0 0 1.06121868 -4.41546852 -4.51128433 -5.74460447 0.955742656 -0.123335219 -0.117836373 0.239706048
-0.595555556 0.0784054873 0.00475096191 -0.277155955 0.245196672 0.929011931 -1.08214852 0.0919077141 -0.918995357 0 0 0 0 0 0 0 0 0 0 0 0 0 0 0 0 0 0 0 0 0 0 0 0 0 0 0 0 0 0 0 0 0 0 0 0 0 0 0 0 0 0 0 0 0 1.00847862 -4.41546852 -4.51128433 -5.74460447 0.936001311 -0.16169537 -0.0966883744 0.297334007
-0.577777778 -0.0924206346 0.00348227875 -0.172988885 -0.179513193 0.968426486 -1.0747259 0.0898480677 -0.923533995 0 0 0 0 0 0 0 0 0 0 0 0 0 0 0 0 0 0 0 0 0 0 0 0 0 0 0 0 0 0 0 0 0 0 0 0 0 0 0 0 0 0 0 0 0 1.0053703 -4.41546852 -4.54749867 -5.74460447 0.949595312 0.111838942 -0.0572608759 -0.287196772
-0.577777778 -0.0756168829 0.0063999579 -0.18360077 -0.159221558 0.970020233 -1.05659366 0.263784872 -0.915978894 0 0 0 0 0 0 0 0 0 0 0 0 0 0 0 0 0 0 0 0 0 0 0 0 0 0 0 0 0 0 0 0 0 0 0 0 0 0 0 0 0 0 0 0 0 1.04485476 -4.41546852 -4.54749867 -5.74460447 0.962370968 0.100390236 -0.0700834064 -0.2425948
-0.577777778 -0.0588131311 0.00905538122 -0.199108338 -0.148174817 0.968710531 -1.02697637 0.437721677 -0.903638357 0 0 0 0 0 0 0 0 0 0 0 0 0 0 0 0 0 0 0 0 0 0 0 0 0 0 0 0 0 0 0 0 0 0 0 0 0 0 0 0 0 0 0 0 0 1.1110133 -4.41546852 -4.54749867 -5.74460447 0.97323038 0.0927507846 -0.0839167824 -0.192815698
-0.577777778 -0.0420093794 0.0115521819 -0.215482241 -0.13902299 0.96656092 -0.978599345 0.611658481 -0.883481264 0 0 0 0 0 0 0 0 0 0 0 0 0 0 0 0 0 0 0 0 0 0 0 0 0 0 0 0 0 0 0 0 0 0 0 0 0 0 0 0 0 0 0 0 0 1.22412314 -4.41546852 -4.54749867 -5.74460447 0.981875059 0.0845957639 -0.0977910869 -0.138570665
-0.577777778 -0.0252056276 0.0138530974 -0.230266534 -0.123839155 0.965215617 -0.899580085 0.785595286 -0.850556573 0 0 0 0 0 0 0 0 0 0 0 0 0 0 0 0 0 0 0 0 0 0 0 0 0 0 0 0 0 0 0 0 0 0 0 0 0 0 0 0 0 0 0 0 0 1.42566334 -4.41546852 -4.54749867 -5.74460447 0.987913066 0.0717985435 -0.110621701 -0.081459079
-0.577777778 -0.00840187587 0.0157884502 -0.242908455 -0.095922004 0.965295008 -0.770509647 0.959532091 -0.796777223 0 0 0 0 0 0 0 0 0 0 0 0 0 0 0 0 0 0 0 0 0 0 0 0 0 0 0 0 0 0 0 0 0 0 0 0 0 0 0 0 0 0 0 0 0 1.82228316 -4.41546852 -4.54749867 -5.74460447 0.99100287 0.0512958272 -0.121331094 -0.0236815635
-0.577777778 0.00840187587 0.0170947648 -0.254136301 -0.0512745746 0.965808293 -0.770509647 0.959532091 -0.796777223 0 0 0 0 0 0 0 0 0 0 0 0 0 0 0 0 0 0 0 0 0 0 0 0 0 0 0 0 0 0 0 0 0 0 0 0 0 0 0 0 0 0 0 0 0 1.82228316 -4.41546852 -4.54749867 -5.74460447 0.990878076 0.0216267898 -0.128950128 0.0326310291
-0.577777778 0.0252056276 0.0174747335 -0.264851743 0.0101635312 0.964235582 -0.899580085 0.785595286 -0.850556573 0 0 0 0 0 0 0 0 0 0 0 0 0 0 0 0 0 0 0 0 0 0 0 0 0 0 0 0 0 0 0 0 0 0 0 0 0 0 0 0 0 0 0 0 0 1.42566334 -4.41546852 -4.54749867 -5.74460447 0.987265687 -0.0167265181 -0.13267416 0.0861641164
-0.577777778 0.0420093794 0.0166648809 -0.275098265 0.083871823 0.95775073 -0.978599345 0.611658481 -0.883481264 0 0 0 0 0 0 0 0 0 0 0 0 0 0 0 0 0 0 0 0 0 0 0 0 0 0 0 0 0 0 0 0 0 0 0 0 0 0 0 0 0 0 0 0 0 1.22412314 -4.41546852 -4.54749867 -5.74460447 0.979881862 -0.0611980574 -0.131831076 0.136773176
-0.577777778 0.0588131311 0.0144955295 -0.283592653 0.161638129 0.945223954 -1.02697637 0.437721677 -0.903638357 0 0 0 0 0 0 0 0 0 0 0 0 0 0 0 0 0 0 0 0 0 0 0 0 0 0 0 0 0 0 0 0 0 0 0 0 0 0 0 0 0 0 0 0 0 1.1110133 -4.41546852 -4.54749867 -5.74460447 0.968669179 -0.107488827 -0.125833919 0.185180986
-0.577777778 0.0756168829 0.0109294166 -0.287982532 0.234344603 0.928519611 -1.05659366 0.263784872 -0.915978894 0 0 0 0 0 0 0 0 0 0 0 0 0 0 0 0 0 0 0 0 0 0 0 0 0 0 0 0 0 0 0 0 0 0 0 0 0 0 0 0 0 0 0 0 0 1.04485476 -4.41546852 -4.54749867 -5.74460447 0.954123876 -0.150611635 -0.114264298 0.232179746
-0.577777778 0.0924206346 0.00607017556 -0.285504567 0.295168247 0.911791011 -1.0747259 0.0898480677 -0.923533995 0 0 0 0 0 0 0 0 0 0 0 0 0 0 0 0 0 0 0 0 0 0 0 0 0 0 0 0 0 0 0 0 0 0 0 0 0 0 0 0 0 0 0 0 0 1.0053703 -4.41546852 -4.54749867 -5.74460447 0.937385305 -0.186221039 -0.0970887173 0.277856609
-0.56 -0.105282403 0.00413499822 -0.175174267 -0.203721493 0.963229739 -1.06684955 0.0926553924 -0.92788358 0 0 0 0 0 0 0 0 0 0 0 0 0 0 0 0 0 0 0 0 0 0 0 0 0 0 0 0 0 0 0 0 0 0 0 0 0 0 0 0 0 0 0 0 0 1.0032442 -4.41546852 -4.58425673 -5.75432798 0.952462788 0.123178546 -0.0566760658 -0.272817716
-0.56 -0.0890851103 0.00736419748 -0.180821942 -0.182864843 0.966366325 -1.05239811 0.241744082 -0.92186215 0 0 0 0 0 0 0 0 0 0 0 0 0 0 0 0 0 0 0 0 0 0 0 0 0 0 0 0 0 0 0 0 0 0 0 0 0 0 0 0 0 0 0 0 0 1.03462187 -4.41546852 -4.58425673 -5.75432798 0.962965808 0.11129005 -0.066568477 -0.236389541
-0.56 -0.0728878175 0.0103176388 -0.191275126 -0.170748847 0.966570565 -1.03039102 0.390832772 -0.912692526 0 0 0 0 0 0 0 0 0 0 0 0 0 0 0 0 0 0 0 0 0 0 0 0 0 0 0 0 0 0 0 0 0 0 0 0 0 0 0 0 0 0 0 0 0 1.08332711 -4.41546852 -4.58425673 -5.75432798 0.971911735 0.103514139 -0.0774567003 -0.19665417
-0.56 -0.0566905248 0.0131099834 -0.203642104 -0.162527263 0.965460917 -0.996877918 0.539921461 -0.898728735 0 0 0 0 0 0 0 0 0 0 0 0 0 0 0 0 0 0 0 0 0 0 0 0 0 0 0 0 0 0 0 0 0 0 0 0 0 0 0 0 0 0 0 0 0 1.15984141 -4.41546852 -4.58425673 -5.75432798 0.979303049 0.0969294773 -0.0887367898 -0.153935041
-0.56 -0.040493232 0.0157607573 -0.21577798 -0.152522333 0.964456739 -0.945843115 0.689010151 -0.877464234 0 0 0 0 0 0 0 0 0 0 0 0 0 0 0 0 0 0 0 0 0 0 0 0 0 0 0 0 0 0 0 0 0 0 0 0 0 0 0 0 0 0 0 0 0 1.28264028 -4.41546852 -4.58425673 -5.75432798 0.985062679 0.0884533385 -0.0997378438 -0.108994896
-0.56 -0.0242959392 0.0181910692 -0.226688692 -0.13525423 0.964530212 -0.86812571 0.838098841 -0.845081981 0 0 0 0 0 0 0 0 0 0 0 0 0 0 0 0 0 0 0 0 0 0 0 0 0 0 0 0 0 0 0 0 0 0 0 0 0 0 0 0 0 0 0 0 0 1.48804321 -4.41546852 -4.58425673 -5.75432798 0.989090285 0.0753634416 -0.109796382 -0.0629723225
-0.56 -0.00809864639 0.0202368699 -0.236447786 -0.10629921 0.965812053 -0.749775197 0.98718753 -0.795769268 0 0 0 0 0 0 0 0 0 0 0 0 0 0 0 0 0 0 0 0 0 0 0 0 0 0 0 0 0 0 0 0 0 0 0 0 0 0 0 0 0 0 0 0 0 1.86486919 -4.41546852 -4.58425673 -5.75432798 0.991267505 0.0556667779 -0.118301239 -0.0171685702
-0.56 0.00809864639 0.0216765252 -0.245752771 -0.0630376295 0.967280638 -0.749775197 0.98718753 -0.795769268 0 0 0 0 0 0 0 0 0 0 0 0 0 0 0 0 0 0 0 0 0 0 0 0 0 0 0 0 0 0 0 0 0 0 0 0 0 0 0 0 0 0 0 0 0 1.86486919 -4.41546852 -4.58425673 -5.75432798 0.991411236 0.0283602687 -0.124721193 0.0272778475
-0.56 0.0242959392 0.0222680664 -0.255320883 -0.00536783107 0.966841472 -0.86812571 0.838098841 -0.845081981 0 0 0 0 0 0 0 0 0 0 0 0 0 0 0 0 0 0 0 0 0 0 0 0 0 0 0 0 0 0 0 0 0 0 0 0 0 0 0 0 0 0 0 0 0 1.48804321 -4.41546852 -4.58425673 -5.75432798 0.989222504 -0.00634957291 -0.128603836 0.0697106418
-0.56 0.040493232 0.0217898592 -0.265340931 0.0637997187 0.962041468 -0.945843115 0.689010151 -0.877464234 0 0 0 0 0 0 0 0 0 0 0 0 0 0 0 0 0 0 0 0 0 0 0 0 0 0 0 0 0 0 0 0 0 0 0 0 0 0 0 0 0 0 0 0 0 1.28264028 -4.41546852 -4.58425673 -5.75432798 0.9843243 -0.0468995929 -0.129536459 0.110119959
-0.56 0.0566905248 0.0200778546 -0.275187936 0.138799938 0.951318126 -0.996877918 0.539921461 -0.898728735 0 0 0 0 0 0 0 0 0 0 0 0 0 0 0 0 0 0 0 0 0 0 0 0 0 0 0 0 0 0 0 0 0 0 0 0 0 0 0 0 0 0 0 0 0 1.15984141 -4.41546852 -4.58425673 -5.75432798 0.976444419 -0.0904756041 -0.127102722 0.149048181
-0.56 0.0728878175 0.0170531611 -0.283507396 0.212618223 0.935102693 -1.03039102 0.390832772 -0.912692526 0 0 0 0 0 0 0 0 0 0 0 0 0 0 0 0 0 0 0 0 0 0 0 0 0 0 0 0 0 0 0 0 0 0 0 0 0 0 0 0 0 0 0 0 0 1.08332711 -4.41546852 -4.58425673 -5.75432798 0.96565551 -0.133533673 -0.120902487 0.187245246
-0.56 0.0890851103 0.0127353048 -0.288563133 0.278973227 0.915917713 -1.05239811 0.241744082 -0.92186215 0 0 0 0 0 0 0 0 0 0 0 0 0 0 0 0 0 0 0 0 0 0 0 0 0 0 0 0 0 0 0 0 0 0 0 0 0 0 0 0 0 0 0 0 0 1.03462187 -4.41546852 -4.58425673 -5.75432798 0.952488612 -0.172611365 -0.110663725 0.225220559
-0.56 0.105282403 0.00723894694 -0.288604116 0.333898793 0.897340103 -1.06684955 0.0926553924 -0.92788358 0 0 0 0 0 0 0 0 0 0 0 0 0 0 0 0 0 0 0 0 0 0 0 0 0 0 0 0 0 0 0 0 0 0 0 0 0 0 0 0 0 0 0 0 0 1.0032442 -4.41546852 -4.58425673 -5.75432798 0.937839386 -0.205036229 -0.0963851313 0.262920782
-0.542222222 -0.116743557 0.00483352976 -0.174806795 -0.222073766 0.959231894 -1.05837207 0.102785506 -0.931982696 0 0 0 0 0 0 0 0 0 0 0 0 0 0 0 0 0 0 0 0 0 0 0 0 0 0 0 0 0 0 0 0 0 0 0 0 0 0 0 0 0 0 0 0 0 1.00241498 -4.41546852 -4.55503129 -5.74460447 0.955035355 0.131435342 -0.0557566491 -0.259852684
-0.542222222 -0.100065906 0.00848383166 -0.177557343 -0.200586787 0.96345126 -1.04526941 0.24193495 -0.926523255 0 0 0 0 0 0 0 0 0 0 0 0 0 0 0 0 0 0 0 0 0 0 0 0 0 0 0 0 0 0 0 0 0 0 0 0 0 0 0 0 0 0 0 0 0 1.03083329 -4.41546852 -4.55503129 -5.74460447 0.964447565 0.119063627 -0.0640173619 -0.22708264
-0.542222222 -0.0833882548 0.0118326808 -0.185119466 -0.187783001 0.964607862 -1.02586794 0.381084393 -0.918439311 0 0 0 0 0 0 0 0 0 0 0 0 0 0 0 0 0 0 0 0 0 0 0 0 0 0 0 0 0 0 0 0 0 0 0 0 0 0 0 0 0 0 0 0 0 1.07363193 -4.41546852 -4.55503129 -5.74460447 0.972383803 0.111012746 -0.0732955603 -0.191764625
-0.542222222 -0.0667106038 0.0150054419 -0.19500648 -0.179543418 0.964228517 -0.997139667 0.520233837 -0.906469195 0 0 0 0 0 0 0 0 0 0 0 0 0 0 0 0 0 0 0 0 0 0 0 0 0 0 0 0 0 0 0 0 0 0 0 0 0 0 0 0 0 0 0 0 0 1.13871232 -4.41546852 -4.55503129 -5.74460447 0.978958487 0.104784621 -0.083101892 -0.154125075
-0.542222222 -0.0500329529 0.0180412038 -0.205250495 -0.170870188 0.963678169 -0.954600924 0.659383281 -0.888744719 0 0 0 0 0 0 0 0 0 0 0 0 0 0 0 0 0 0 0 0 0 0 0 0 0 0 0 0 0 0 0 0 0 0 0 0 0 0 0 0 0 0 0 0 0 1.23930535 -4.41546852 -4.55503129 -5.74460447 0.984217302 0.0976305591 -0.0928934309 -0.114696933
-0.542222222 -0.0333553019 0.020887046 -0.214785183 -0.156722343 0.964004892 -0.891612649 0.798532724 -0.862499605 0 0 0 0 0 0 0 0 0 0 0 0 0 0 0 0 0 0 0 0 0 0 0 0 0 0 0 0 0 0 0 0 0 0 0 0 0 0 0 0 0 0 0 0 0 1.3994467 -4.41546852 -4.55503129 -5.74460447 0.988171725 0.08697794 -0.102139081 -0.0742905604
-0.542222222 -0.016677651 0.0234058009 -0.22346985 -0.132712146 0.96563384 -0.798344196 0.937682168 -0.823637749 0 0 0 0 0 0 0 0 0 0 0 0 0 0 0 0 0 0 0 0 0 0 0 0 0 0 0 0 0 0 0 0 0 0 0 0 0 0 0 0 0 0 0 0 0 1.66989552 -4.41546852 -4.55503129 -5.74460447 0.990792282 0.0707458322 -0.110354463 -0.0338758531
-0.542222222 0 0.0253961737 -0.231820491 -0.0956995553 0.968039697 -0.660239059 1.07683161 -0.766093942 0 0 0 0 0 0 0 0 0 0 0 0 0 0 0 0 0 0 0 0 0 0 0 0 0 0 0 0 0 0 0 0 0 0 0 0 0 0 0 0 0 0 0 0 0 2.19722458 -4.41546852 -4.55503129 -5.74460447 0.991961843 0.0475743304 -0.117118891 0.00561700316
-0.542222222 0.016677651 0.0266222685 -0.240571164 -0.044391246 0.969615869 -0.798344196 0.937682168 -0.823637749 0 0 0 0 0 0 0 0 0 0 0 0 0 0 0 0 0 0 0 0 0 0 0 0 0 0 0 0 0 0 0 0 0 0 0 0 0 0 0 0 0 0 0 0 0 1.66989552 -4.41546852 -4.55503129 -5.74460447 0.991419808 0.0170280633 -0.122074202 0.0435281465
-0.542222222 0.0333553019 0.0268481891 -0.250205573 0.0200679831 0.967984735 -0.891612649 0.798532724 -0.862499605 0 0 0 0 0 0 0 0 0 0 0 0 0 0 0 0 0 0 0 0 0 0 0 0 0 0 0 0 0 0 0 0 0 0 0 0 0 0 0 0 0 0 0 0 0 1.3994467 -4.41546852 -4.55503129 -5.74460447 0.988761114 -0.0202089223 -0.124896885 0.0796481425
-0.542222222 0.0500329529 0.0258726408 -0.260609708 0.0938278827 0.960874034 -0.954600924 0.659383281 -0.888744719 0 0 0 0 0 0 0 0 0 0 0 0 0 0 0 0 0 0 0 0 0 0 0 0 0 0 0 0 0 0 0 0 0 0 0 0 0 0 0 0 0 0 0 0 0 1.23930535 -4.41546852 -4.55503129 -5.74460447 0.983555243 -0.0622492974 -0.125251779 0.114263299
-0.542222222 0.0667106038 0.023558456 -0.270980646 0.170898813 0.947292503 -0.997139667 0.520233837 -0.906469195 0 0 0 0 0 0 0 0 0 0 0 0 0 0 0 0 0 0 0 0 0 0 0 0 0 0 0 0 0 0 0 0 0 0 0 0 0 0 0 0 0 0 0 0 0 1.13871232 -4.41546852 -4.55503129 -5.74460447 0.975570228 -0.106215933 -0.122767766 0.14801683
-0.542222222 0.0833882548 0.0198527142 -0.280015387 0.244689232 0.928287974 -1.02586794 0.381084393 -0.918439311 0 0 0 0 0 0 0 0 0 0 0 0 0 0 0 0 0 0 0 0 0 0 0 0 0 0 0 0 0 0 0 0 0 0 0 0 0 0 0 0 0 0 0 0 0 1.07363193 -4.41546852 -4.55503129 -5.74460447 0.9649669 -0.148821716 -0.117081637 0.181611865
-0.542222222 0.100065906 0.0147945043 -0.28623452 0.309833111 0.906682548 -1.04526941 0.24193495 -0.926523255 0 0 0 0 0 0 0 0 0 0 0 0 0 0 0 0 0 0 0 0 0 0 0 0 0 0 0 0 0 0 0 0 0 0 0 0 0 0 0 0 0 0 0 0 0 1.03083329 -4.41546852 -4.55503129 -5.74460447 0.952319137 -0.187097964 -0.107949422 0.215475139
-0.542222222 0.116743557 0.008509191 -0.288246585 0.363296609 0.88596246 -1.05837207 0.102785506 -0.931982696 0 0 0 0 0 0 0 0 0 0 0 0 0 0 0 0 0 0 0 0 0 0 0 0 0 0 0 0 0 0 0 0 0 0 0 0 0 0 0 0 0 0 0 0 0 1.00241498 -4.41546852 -4.55503129 -5.74460447 0.938461858 -0.218917014 -0.0953630478 0.24954072
-0.524444444 -0.127586273 0.00545919239 -0.1723203 -0.236621627 0.956198682 -1.0498421 0.113376434 -0.93605994 0 0 0 0 0 0 0 0 0 0 0 0 0 0 0 0 0 0 0 0 0 0 0 0 0 0 0 0 0 0 0 0 0 0 0 0 0 0 0 0 0 0 0 0 0 1.00169914 -4.41546852 -4.53521108 -5.74460447 0.957187705 0.137696136 -0.0542257589 -0.248779095
-0.524444444 -0.11057477 0.00944990036 -0.17265721 -0.214948054 0.961242333 -1.03786534 0.243829037 -0.931069624 0 0 0 0 0 0 0 0 0 0 0 0 0 0 0 0 0 0 0 0 0 0 0 0 0 0 0 0 0 0 0 0 0 0 0 0 0 0 0 0 0 0 0 0 0 1.02765177 -4.41546852 -4.53521108 -5.74460447 0.965713246 0.125131403 -0.0609997191 -0.21913259
-0.524444444 -0.0935632669 0.0131224196 -0.17770922 -0.201746046 0.96318117 -1.02056082 0.37428164 -0.923859407 0 0 0 0 0 0 0 0 0 0 0 0 0 0 0 0 0 0 0 0 0 0 0 0 0 0 0 0 0 0 0 0 0 0 0 0 0 0 0 0 0 0 0 0 0 1.06572281 -4.41546852 -4.53521108 -5.74460447 0.972853685 0.116945469 -0.0687980535 -0.187473444
-0.524444444 -0.0765517638 0.0166080959 -0.185356462 -0.193538194 0.963424076 -0.995558518 0.504734244 -0.913441782 0 0 0 0 0 0 0 0 0 0 0 0 0 0 0 0 0 0 0 0 0 0 0 0 0 0 0 0 0 0 0 0 0 0 0 0 0 0 0 0 0 0 0 0 0 1.12201448 -4.41546852 -4.53521108 -5.74460447 0.978779267 0.111014404 -0.0772254125 -0.153958386
-0.524444444 -0.0595402607 0.0199614797 -0.193824279 -0.185976465 0.963247062 -0.959434144 0.635186847 -0.898389959 0 0 0 0 0 0 0 0 0 0 0 0 0 0 0 0 0 0 0 0 0 0 0 0 0 0 0 0 0 0 0 0 0 0 0 0 0 0 0 0 0 0 0 0 0 1.20632434 -4.41546852 -4.53521108 -5.74460447 0.983601258 0.104920326 -0.0858381849 -0.118962582
-0.524444444 -0.0425287577 0.0231532837 -0.202028166 -0.174521596 0.963704743 -0.907240128 0.765639451 -0.876642453 0 0 0 0 0 0 0 0 0 0 0 0 0 0 0 0 0 0 0 0 0 0 0 0 0 0 0 0 0 0 0 0 0 0 0 0 0 0 0 0 0 0 0 0 0 1.3354059 -4.41546852 -4.53521108 -5.74460447 0.987396527 0.0962997667 -0.0942018216 -0.0830690635
-0.524444444 -0.0255172546 0.0260741638 -0.209657635 -0.15501187 0.965409238 -0.831828021 0.896092054 -0.845220741 0 0 0 0 0 0 0 0 0 0 0 0 0 0 0 0 0 0 0 0 0 0 0 0 0 0 0 0 0 0 0 0 0 0 0 0 0 0 0 0 0 0 0 0 0 1.54123008 -4.41546852 -4.53521108 -5.74460447 0.990199563 0.0831112328 -0.101921068 -0.047004723
-0.524444444 -0.00850575153 0.0285488367 -0.217029686 -0.124133281 0.968240179 -0.722869438 1.02654466 -0.799821332 0 0 0 0 0 0 0 0 0 0 0 0 0 0 0 0 0 0 0 0 0 0 0 0 0 0 0 0 0 0 0 0 0 0 0 0 0 0 0 0 0 0 0 0 0 1.8987364 -4.41546852 -4.53521108 -5.74460447 0.991961377 0.0638314624 -0.108652911 -0.0115202143
-0.524444444 0.00850575153 0.0303587111 -0.224787169 -0.0798825743 0.971127954 -0.722869438 1.02654466 -0.799821332 0 0 0 0 0 0 0 0 0 0 0 0 0 0 0 0 0 0 0 0 0 0 0 0 0 0 0 0 0 0 0 0 0 0 0 0 0 0 0 0 0 0 0 0 0 1.8987364 -4.41546852 -4.53521108 -5.74460447 0.992494653 0.0376258058 -0.114106625 0.0227670928
-0.524444444 0.0255172546 0.0312701107 -0.233530994 -0.0220893508 0.972098419 -0.831828021 0.896092054 -0.845220741 0 0 0 0 0 0 0 0 0 0 0 0 0 0 0 0 0 0 0 0 0 0 0 0 0 0 0 0 0 0 0 0 0 0 0 0 0 0 0 0 0 0 0 0 0 1.54123008 -4.41546852 -4.53521108 -5.74460447 0.991446456 0.00452988148 -0.118026569 0.0555259763
-0.524444444 0.0425287577 0.0310644444 -0.243484324 0.0471235573 0.968759389 -0.907240128 0.765639451 -0.876642453 0 0 0 0 0 0 0 0 0 0 0 0 0 0 0 0 0 0 0 0 0 0 0 0 0 0 0 0 0 0 0 0 0 0 0 0 0 0 0 0 0 0 0 0 0 1.3354059 -4.41546852 -4.53521108 -5.74460447 0.988354386 -0.0343925739 -0.120155966 0.0868061151
-0.524444444 0.0595402607 0.0295664288 -0.25429975 0.123319012 0.959230972 -0.959434144 0.635186847 -0.898389959 0 0 0 0 0 0 0 0 0 0 0 0 0 0 0 0 0 0 0 0 0 0 0 0 0 0 0 0 0 0 0 0 0 0 0 0 0 0 0 0 0 0 0 0 0 1.20632434 -4.41546852 -4.53521108 -5.74460447 0.982812754 -0.0770499392 -0.120199088 0.117023826
-0.524444444 0.0765517638 0.0266667198 -0.265090621 0.200550456 0.943136511 -0.995558518 0.504734244 -0.913441782 0 0 0 0 0 0 0 0 0 0 0 0 0 0 0 0 0 0 0 0 0 0 0 0 0 0 0 0 0 0 0 0 0 0 0 0 0 0 0 0 0 0 0 0 0 1.12201448 -4.41546852 -4.53521108 -5.74460447 0.974686349 -0.120626209 -0.117817921 0.14681545
-0.524444444 0.0935632669 0.02233603 -0.274655738 0.272882069 0.922008461 -1.02056082 0.37428164 -0.923859407 0 0 0 0 0 0 0 0 0 0 0 0 0 0 0 0 0 0 0 0 0 0 0 0 0 0 0 0 0 0 0 0 0 0 0 0 0 0 0 0 0 0 0 0 0 1.06572281 -4.41546852 -4.53521108 -5.74460447 0.964234767 -0.162163396 -0.112688964 0.176792377
-0.524444444 0.11057477 0.01662891 -0.281750104 0.335876521 0.898779084 -1.03786534 0.243829037 -0.931069624 0 0 0 0 0 0 0 0 0 0 0 0 0 0 0 0 0 0 0 0 0 0 0 0 0 0 0 0 0 0 0 0 0 0 0 0 0 0 0 0 0 0 0 0 0 1.02765177 -4.41546852 -4.53521108 -5.74460447 0.952060372 -0.199169925 -0.104603055 0.207293488
-0.524444444 0.127586273 0.00967670548 -0.285265146 0.387290926 0.876715196 -1.0498421 0.113376434 -0.93605994 0 0 0 0 0 0 0 0 0 0 0 0 0 0 0 0 0 0 0 0 0 0 0 0 0 0 0 0 0 0 0 0 0 0 0 0 0 0 0 0 0 0 0 0 0 1.00169914 -4.41546852 -4.53521108 -5.74460447 0.938934284 -0.22997806 -0.0935547627 0.238243589
-0.506666667 -0.137895759 0.00601240629 -0.168125151 -0.247992187 0.954061743 -1.04126967 0.124290113 -0.940119492 0 0 0 0 0 0 0 0 0 0 0 0 0 0 0 0 0 0 0 0 0 0 0 0 0 0 0 0 0 0 0 0 0 0 0 0 0 0 0 0 0 0 0 0 0 1.00107496 -4.41546852 -4.52204436 -5.74460447 0.95912932 0.142284011 -0.05219568 -0.238959869
-0.506666667 -0.120658789 0.0102705099 -0.166375921 -0.226447381 0.959708621 -1.0302459 0.247069034 -0.935526257 0 0 0 0 0 0 0 0 0 0 0 0 0 0 0 0 0 0 0 0 0 0 0 0 0 0 0 0 0 0 0 0 0 0 0 0 0 0 0 0 0 0 0 0 0 1.02494392 -4.41546852 -4.52204436 -5.74460447 0.966902233 0.129727575 -0.0575885919 -0.212024484
-0.506666667 -0.103421819 0.0142012478 -0.169191688 -0.213082746 0.962273306 -1.01465939 0.369847955 -0.929031876 0 0 0 0 0 0 0 0 0 0 0 0 0 0 0 0 0 0 0 0 0 0 0 0 0 0 0 0 0 0 0 0 0 0 0 0 0 0 0 0 0 0 0 0 0 1.05915906 -4.41546852 -4.52204436 -5.74460447 0.973383848 0.121518535 -0.0640046283 -0.183468084
-0.506666667 -0.0861848492 0.0179384074 -0.17477269 -0.204965007 0.963038864 -0.992621588 0.492626876 -0.91984946 0 0 0 0 0 0 0 0 0 0 0 0 0 0 0 0 0 0 0 0 0 0 0 0 0 0 0 0 0 0 0 0 0 0 0 0 0 0 0 0 0 0 0 0 0 1.10852986 -4.41546852 -4.52204436 -5.74460447 0.978768707 0.115852668 -0.0711247331 -0.153398988
-0.506666667 -0.0689478793 0.0215481121 -0.181537196 -0.198329856 0.963176783 -0.961462311 0.615405797 -0.906866427 0 0 0 0 0 0 0 0 0 0 0 0 0 0 0 0 0 0 0 0 0 0 0 0 0 0 0 0 0 0 0 0 0 0 0 0 0 0 0 0 0 0 0 0 0 1.18051136 -4.41546852 -4.52204436 -5.74460447 0.983201033 0.110616947 -0.0785843481 -0.122082429
-0.506666667 -0.0517109095 0.0250212491 -0.188423069 -0.189136182 0.963703404 -0.91740616 0.738184718 -0.888509698 0 0 0 0 0 0 0 0 0 0 0 0 0 0 0 0 0 0 0 0 0 0 0 0 0 0 0 0 0 0 0 0 0 0 0 0 0 0 0 0 0 0 0 0 0 1.28725231 -4.41546852 -4.52204436 -5.74460447 0.986794089 0.103674087 -0.0860231453 -0.0899395753
-0.506666667 -0.0344739397 0.0282745131 -0.195000258 -0.173535193 0.965329185 -0.855115101 0.860963638 -0.86255509 0 0 0 0 0 0 0 0 0 0 0 0 0 0 0 0 0 0 0 0 0 0 0 0 0 0 0 0 0 0 0 0 0 0 0 0 0 0 0 0 0 0 0 0 0 1.45026832 -4.41546852 -4.52204436 -5.74460447 0.989624518 0.093088733 -0.0931122714 -0.0575143961
-0.506666667 -0.0172369698 0.0311599458 -0.201405711 -0.148248324 0.968224237 -0.767041675 0.983742559 -0.825857829 0 0 0 0 0 0 0 0 0 0 0 0 0 0 0 0 0 0 0 0 0 0 0 0 0 0 0 0 0 0 0 0 0 0 0 0 0 0 0 0 0 0 0 0 0 1.71363609 -4.41546852 -4.52204436 -5.74460447 0.99169895 0.0772950592 -0.0995658329 -0.0254029631
-0.506666667 0 0.0334818786 -0.208145994 -0.110917613 0.971788315 -0.642514521 1.10652148 -0.773971515 0 0 0 0 0 0 0 0 0 0 0 0 0 0 0 0 0 0 0 0 0 0 0 0 0 0 0 0 0 0 0 0 0 0 0 0 0 0 0 0 0 0 0 0 0 2.19722458 -4.41546852 -4.52204436 -5.74460447 0.992904802 0.0552357282 -0.10514208 0.0058490999
-0.506666667 0.0172369698 0.0350193391 -0.215824551 -0.0605116608 0.974555336 -0.767041675 0.983742559 -0.825857829 0 0 0 0 0 0 0 0 0 0 0 0 0 0 0 0 0 0 0 0 0 0 0 0 0 0 0 0 0 0 0 0 0 0 0 0 0 0 0 0 0 0 0 0 0 1.71363609 -4.41546852 -4.52204436 -5.74460447 0.992971091 0.0265104935 -0.109633599 0.0358619693
-0.506666667 0.0344739397 0.0355513548 -0.224854778 0.00221794529 0.974389763 -0.855115101 0.860963638 -0.86255509 0 0 0 0 0 0 0 0 0 0 0 0 0 0 0 0 0 0 0 0 0 0 0 0 0 0 0 0 0 0 0 0 0 0 0 0 0 0 0 0 0 0 0 0 0 1.45026832 -4.41546852 -4.52204436 -5.74460447 0.991479776 -0.00846160718 -0.112842899 0.0645192546
-0.506666667 0.0517109095 0.0348822573 -0.235233729 0.0744319548 0.969084608 -0.91740616 0.738184718 -0.888509698 0 0 0 0 0 0 0 0 0 0 0 0 0 0 0 0 0 0 0 0 0 0 0 0 0 0 0 0 0 0 0 0 0 0 0 0 0 0 0 0 0 0 0 0 0 1.28725231 -4.41546852 -4.52204436 -5.74460447 0.987965703 -0.0483373703 -0.114547784 0.0920112661
-0.506666667 0.0689478793 0.0328640882 -0.246459121 0.151414366 0.957252104 -0.961462311 0.615405797 -0.906866427 0 0 0 0 0 0 0 0 0 0 0 0 0 0 0 0 0 0 0 0 0 0 0 0 0 0 0 0 0 0 0 0 0 0 0 0 0 0 0 0 0 0 0 0 0 1.18051136 -4.41546852 -4.52204436 -5.74460447 0.982097027 -0.0909340758 -0.114476817 0.118791761
-0.506666667 0.0861848492 0.0294135421 -0.257628771 0.227518129 0.939075565 -0.992621588 0.492626876 -0.91984946 0 0 0 0 0 0 0 0 0 0 0 0 0 0 0 0 0 0 0 0 0 0 0 0 0 0 0 0 0 0 0 0 0 0 0 0 0 0 0 0 0 0 0 0 0 1.10852986 -4.41546852 -4.52204436 -5.74460447 0.973850565 -0.133588526 -0.112322407 0.145440229
-0.506666667 0.103421819 0.0245215064 -0.267661801 0.297556085 0.916415592 -1.01465939 0.369847955 -0.929031876 0 0 0 0 0 0 0 0 0 0 0 0 0 0 0 0 0 0 0 0 0 0 0 0 0 0 0 0 0 0 0 0 0 0 0 0 0 0 0 0 0 0 0 0 0 1.05915906 -4.41546852 -4.52204436 -5.74460447 0.963567963 -0.173698291 -0.107801242 0.172466159
-0.506666667 0.120658789 0.0182541043 -0.275512534 0.35793979 0.892172601 -1.0302459 0.247069034 -0.935526257 0 0 0 0 0 0 0 0 0 0 0 0 0 0 0 0 0 0 0 0 0 0 0 0 0 0 0 0 0 0 0 0 0 0 0 0 0 0 0 0 0 0 0 0 0 1.02494392 -4.41546852 -4.52204436 -5.74460447 0.951858298 -0.209202018 -0.100738349 0.200130161
-0.506666667 0.137895759 0.0107451233 -0.280289502 0.407059611 0.869333232 -1.04126967 0.124290113 -0.940119492 0 0 0 0 0 0 0 0 0 0 0 0 0 0 0 0 0 0 0 0 0 0 0 0 0 0 0 0 0 0 0 0 0 0 0 0 0 0 0 0 0 0 0 0 0 1.00107496 -4.41546852 -4.52204436 -5.74460447 0.939426015 -0.238805743 -0.0911328749 0.228353626
-0.488888889 -0.148186353 0.00636958529 -0.162662694 -0.257277347 0.952548799 -1.03288851 0.13236168 -0.944258741 0 0 0 0 0 0 0 0 0 0 0 0 0 0 0 0 0 0 0 0 0 0 0 0 0 0 0 0 0 0 0 0 0 0 0 0 0 0 0 0 0 0 0 0 0 1.00003926 -4.41546852 -4.5678548 -5.74460447 0.960772758 0.145809381 -0.0496510311 -0.230629803
-0.488888889 -0.131721203 0.0106138909 -0.158998648 -0.236773048 0.958466459 -1.02338772 0.242216504 -0.940300081 0 0 0 0 0 0 0 0 0 0 0 0 0 0 0 0 0 0 0 0 0 0 0 0 0 0 0 0 0 0 0 0 0 0 0 0 0 0 0 0 0 0 0 0 0 1.02058472 -4.41546852 -4.5678548 -5.74460447 0.967575691 0.13381807 -0.0534742402 -0.207437972
-0.488888889 -0.115256052 0.0145507769 -0.159379585 -0.223461154 0.961594125 -1.01043548 0.352071328 -0.934903313 0 0 0 0 0 0 0 0 0 0 0 0 0 0 0 0 0 0 0 0 0 0 0 0 0 0 0 0 0 0 0 0 0 0 0 0 0 0 0 0 0 0 0 0 0 1.04891825 -4.41546852 -4.5678548 -5.74460447 0.973287472 0.125748196 -0.0582265317 -0.183053433
-0.488888889 -0.098790902 0.018298754 -0.162509653 -0.215319906 0.962926763 -0.992777926 0.461926152 -0.927545999 0 0 0 0 0 0 0 0 0 0 0 0 0 0 0 0 0 0 0 0 0 0 0 0 0 0 0 0 0 0 0 0 0 0 0 0 0 0 0 0 0 0 0 0 0 1.08817962 -4.41546852 -4.5678548 -5.74460447 0.978083522 0.120331109 -0.063694919 -0.157530967
-0.488888889 -0.0823257517 0.0219296691 -0.167162154 -0.20965332 0.963380662 -0.968705706 0.571780976 -0.917515907 0 0 0 0 0 0 0 0 0 0 0 0 0 0 0 0 0 0 0 0 0 0 0 0 0 0 0 0 0 0 0 0 0 0 0 0 0 0 0 0 0 0 0 0 0 1.14297126 -4.41546852 -4.5678548 -5.74460447 0.982102555 0.116025281 -0.0696261671 -0.131014896
-0.488888889 -0.0658606013 0.0254621066 -0.172392461 -0.203442828 0.963790359 -0.935888492 0.6816358 -0.903842068 0 0 0 0 0 0 0 0 0 0 0 0 0 0 0 0 0 0 0 0 0 0 0 0 0 0 0 0 0 0 0 0 0 0 0 0 0 0 0 0 0 0 0 0 0 1.2202702 -4.41546852 -4.5678548 -5.74460447 0.985460511 0.111197974 -0.0757616747 -0.103743725
-0.488888889 -0.049395451 0.0288596812 -0.177653781 -0.193658256 0.964850047 -0.891149387 0.791490624 -0.885200774 0 0 0 0 0 0 0 0 0 0 0 0 0 0 0 0 0 0 0 0 0 0 0 0 0 0 0 0 0 0 0 0 0 0 0 0 0 0 0 0 0 0 0 0 0 1.33121839 -4.41546852 -4.5678548 -5.74460447 0.988252314 0.104278884 -0.0818589681 -0.0760420092
-0.488888889 -0.0329303007 0.0320343798 -0.182812416 -0.177509205 0.966990229 -0.830157389 0.901345448 -0.859787442 0 0 0 0 0 0 0 0 0 0 0 0 0 0 0 0 0 0 0 0 0 0 0 0 0 0 0 0 0 0 0 0 0 0 0 0 0 0 0 0 0 0 0 0 0 1.49515257 -4.41546852 -4.5678548 -5.74460447 0.990536576 0.0938785975 -0.087702306 -0.0482949894
-0.488888889 -0.0164651503 0.0348546456 -0.188077461 -0.152653533 0.970218412 -0.74700812 1.01120027 -0.825141913 0 0 0 0 0 0 0 0 0 0 0 0 0 0 0 0 0 0 0 0 0 0 0 0 0 0 0 0 0 0 0 0 0 0 0 0 0 0 0 0 0 0 0 0 0 1.75064669 -4.41546852 -4.5678548 -5.74460447 0.992306502 0.0788799965 -0.0931060688 -0.0209048328
-0.488888889 0 0.0371574614 -0.193869277 -0.117409255 0.973976268 -0.633652252 1.1210551 -0.777910301 0 0 0 0 0 0 0 0 0 0 0 0 0 0 0 0 0 0 0 0 0 0 0 0 0 0 0 0 0 0 0 0 0 0 0 0 0 0 0 0 0 0 0 0 0 2.19722458 -4.41546852 -4.5678548 -5.74460447 0.993456021 0.0585228487 -0.0979129318 0.00576788864
-0.488888889 0.0164651503 0.0387633226 -0.200652638 -0.0710157168 0.977085097 -0.74700812 1.01120027 -0.825141913 0 0 0 0 0 0 0 0 0 0 0 0 0 0 0 0 0 0 0 0 0 0 0 0 0 0 0 0 0 0 0 0 0 0 0 0 0 0 0 0 0 0 0 0 0 1.75064669 -4.41546852 -4.5678548 -5.74460447 0.993756649 0.0325014269 -0.101985826 0.0314685821
-0.488888889 0.0329303007 0.0394927247 -0.208762383 -0.0139370206 0.97786708 -0.830157389 0.901345448 -0.859787442 0 0 0 0 0 0 0 0 0 0 0 0 0 0 0 0 0 0 0 0 0 0 0 0 0 0 0 0 0 0 0 0 0 0 0 0 0 0 0 0 0 0 0 0 0 1.49515257 -4.41546852 -4.5678548 -5.74460447 0.99286744 0.00107437554 -0.105191756 0.0561051364
-0.488888889 0.049395451 0.0391826504 -0.218258158 0.0519034934 0.974509828 -0.891149387 0.791490624 -0.885200774 0 0 0 0 0 0 0 0 0 0 0 0 0 0 0 0 0 0 0 0 0 0 0 0 0 0 0 0 0 0 0 0 0 0 0 0 0 0 0 0 0 0 0 0 0 1.33121839 -4.41546852 -4.5678548 -5.74460447 0.990398995 -0.0348530354 -0.107379477 0.0797793469
-0.488888889 0.0658606013 0.037701543 -0.228853361 0.123163672 0.965638053 -0.935888492 0.6816358 -0.903842068 0 0 0 0 0 0 0 0 0 0 0 0 0 0 0 0 0 0 0 0 0 0 0 0 0 0 0 0 0 0 0 0 0 0 0 0 0 0 0 0 0 0 0 0 0 1.2202702 -4.41546852 -4.5678548 -5.74460447 0.986030475 -0.0737489749 -0.108360797 0.102776107
-0.488888889 0.0823257517 0.0349613893 -0.239949951 0.195566356 0.950882654 -0.968705706 0.571780976 -0.917515907 0 0 0 0 0 0 0 0 0 0 0 0 0 0 0 0 0 0 0 0 0 0 0 0 0 0 0 0 0 0 0 0 0 0 0 0 0 0 0 0 0 0 0 0 0 1.14297126 -4.41546852 -4.5678548 -5.74460447 0.979638097 -0.113639965 -0.107910294 0.125501102
-0.488888889 0.098790902 0.0309258041 -0.250764639 0.264759155 0.931138919 -0.992777926 0.461926152 -0.927545999 0 0 0 0 0 0 0 0 0 0 0 0 0 0 0 0 0 0 0 0 0 0 0 0 0 0 0 0 0 0 0 0 0 0 0 0 0 0 0 0 0 0 0 0 0 1.08817962 -4.41546852 -4.5678548 -5.74460447 0.97136708 -0.152441543 -0.105792801 0.148376057
-0.488888889 0.115256052 0.0256133716 -0.260482742 0.32720399 0.908342606 -1.01043548 0.352071328 -0.934903313 0 0 0 0 0 0 0 0 0 0 0 0 0 0 0 0 0 0 0 0 0 0 0 0 0 0 0 0 0 0 0 0 0 0 0 0 0 0 0 0 0 0 0 0 0 1.04891825 -4.41546852 -4.5678548 -5.74460447 0.961604272 -0.188315994 -0.101812491 0.171722241
-0.488888889 0.131721203 0.0190959389 -0.268371379 0.380709605 0.884893779 -1.02338772 0.242216504 -0.940300081 0 0 0 0 0 0 0 0 0 0 0 0 0 0 0 0 0 0 0 0 0 0 0 0 0 0 0 0 0 0 0 0 0 0 0 0 0 0 0 0 0 0 0 0 0 1.02058472 -4.41546852 -4.5678548 -5.74460447 0.95087296 -0.219916485 -0.0958637069 0.195671928
-0.488888889 0.148186353 0.0114920167 -0.273827988 0.42447022 0.863043027 -1.03288851 0.13236168 -0.944258741 0 0 0 0 0 0 0 0 0 0 0 0 0 0 0 0 0 0 0 0 0 0 0 0 0 0 0 0 0 0 0 0 0 0 0 0 0 0 0 0 0 0 0 0 0 1.00003926 -4.41546852 -4.5678548 -5.74460447 0.939713729 -0.246456865 -0.087963064 0.22013546
-0.471111111 -0.157562188 0.00677961989 -0.155829036 -0.263350649 0.952031379 -1.02422807 0.143904355 -0.948281624 0 0 0 0 0 0 0 0 0 0 0 0 0 0 0 0 0 0 0 0 0 0 0 0 0 0 0 0 0 0 0 0 0 0 0 0 0 0 0 0 0 0 0 0 0 0.999604919 -4.41546852 -4.56057242 -5.74460447 0.962625073 0.147606071 -0.0468695854 -0.22219059
-0.471111111 -0.140976695 0.0111670206 -0.150585117 -0.243331092 0.958182708 -1.01534456 0.248266437 -0.944580162 0 0 0 0 0 0 0 0 0 0 0 0 0 0 0 0 0 0 0 0 0 0 0 0 0 0 0 0 0 0 0 0 0 0 0 0 0 0 0 0 0 0 0 0 0 1.01880561 -4.41546852 -4.56057242 -5.74460447 0.96887371 0.135847895 -0.049537818 -0.200935532
-0.471111111 -0.124391201 0.0152484065 -0.149219236 -0.230213046 0.961631724 -1.00342004 0.35262852 -0.939611612 0 0 0 0 0 0 0 0 0 0 0 0 0 0 0 0 0 0 0 0 0 0 0 0 0 0 0 0 0 0 0 0 0 0 0 0 0 0 0 0 0 0 0 0 0 1.04485476 -4.41546852 -4.56057242 -5.74460447 0.974108396 0.127911804 -0.0531291658 -0.178686024
-0.471111111 -0.107805708 0.0191407537 -0.150627117 -0.222264286 0.963280883 -0.987413513 0.456990603 -0.932942225 0 0 0 0 0 0 0 0 0 0 0 0 0 0 0 0 0 0 0 0 0 0 0 0 0 0 0 0 0 0 0 0 0 0 0 0 0 0 0 0 0 0 0 0 0 1.08034194 -4.41546852 -4.56057242 -5.74460447 0.978501728 0.122705758 -0.0574704756 -0.155482505
-0.471111111 -0.0912202143 0.0229197762 -0.153729702 -0.21713308 0.96396079 -0.965927618 0.561352686 -0.923989769 0 0 0 0 0 0 0 0 0 0 0 0 0 0 0 0 0 0 0 0 0 0 0 0 0 0 0 0 0 0 0 0 0 0 0 0 0 0 0 0 0 0 0 0 0 1.12897817 -4.41546852 -4.56057242 -5.74460447 0.982194848 0.118877927 -0.0623509703 -0.131429354
-0.471111111 -0.0746347208 0.0266136449 -0.157653399 -0.212140507 0.964438599 -0.937086656 0.665714768 -0.911972701 0 0 0 0 0 0 0 0 0 0 0 0 0 0 0 0 0 0 0 0 0 0 0 0 0 0 0 0 0 0 0 0 0 0 0 0 0 0 0 0 0 0 0 0 0 1.1962337 -4.41546852 -4.56057242 -5.74460447 0.985309287 0.114967016 -0.0675520977 -0.106700086
-0.471111111 -0.0580492273 0.0302006503 -0.161839119 -0.204543365 0.965385991 -0.898372834 0.770076851 -0.895841943 0 0 0 0 0 0 0 0 0 0 0 0 0 0 0 0 0 0 0 0 0 0 0 0 0 0 0 0 0 0 0 0 0 0 0 0 0 0 0 0 0 0 0 0 0 1.29052214 -4.41546852 -4.56057242 -5.74460447 0.987949889 0.109532786 -0.0728668193 -0.0815353426
-0.471111111 -0.0414637338 0.0336110041 -0.166075097 -0.191748115 0.967290919 -0.84640647 0.874438934 -0.874189291 0 0 0 0 0 0 0 0 0 0 0 0 0 0 0 0 0 0 0 0 0 0 0 0 0 0 0 0 0 0 0 0 0 0 0 0 0 0 0 0 0 0 0 0 0 1.42566334 -4.41546852 -4.56057242 -5.74460447 0.990193747 0.101259133 -0.0781097199 -0.0562299155
-0.471111111 -0.0248782403 0.036732628 -0.170461556 -0.171481954 0.970328191 -0.776650941 0.978801017 -0.845124487 0 0 0 0 0 0 0 0 0 0 0 0 0 0 0 0 0 0 0 0 0 0 0 0 0 0 0 0 0 0 0 0 0 0 0 0 0 0 0 0 0 0 0 0 0 1.62687592 -4.41546852 -4.56057242 -5.74460447 0.992066764 0.0890329124 -0.0831206667 -0.0311067777
-0.471111111 -0.00829274676 0.0394204516 -0.175323 -0.141952989 0.97422338 -0.68301665 1.0831631 -0.806110199 0 0 0 0 0 0 0 0 0 0 0 0 0 0 0 0 0 0 0 0 0 0 0 0 0 0 0 0 0 0 0 0 0 0 0 0 0 0 0 0 0 0 0 0 0 1.94922252 -4.41546852 -4.56057242 -5.74460447 0.993513822 0.0720121894 -0.0877641984 -0.00647884726
-0.471111111 0.00829274676 0.0415084468 -0.181085613 -0.10204275 0.978159127 -0.68301665 1.0831631 -0.806110199 0 0 0 0 0 0 0 0 0 0 0 0 0 0 0 0 0 0 0 0 0 0 0 0 0 0 0 0 0 0 0 0 0 0 0 0 0 0 0 0 0 0 0 0 0 1.94922252 -4.41546852 -4.56057242 -5.74460447 0.994372611 0.0497018032 -0.0919247909 0.0173975162
-0.471111111 0.0248782403 0.042823401 -0.188136952 -0.0515529691 0.980788855 -0.776650941 0.978801017 -0.845124487 0 0 0 0 0 0 0 0 0 0 0 0 0 0 0 0 0 0 0 0 0 0 0 0 0 0 0 0 0 0 0 0 0 0 0 0 0 0 0 0 0 0 0 0 0 1.62687592 -4.41546852 -4.56057242 -5.74460447 0.994366484 0.0220455033 -0.09549643 0.0403698328
-0.471111111 0.0414637338 0.0431992861 -0.196689716 0.0085357808 0.980428629 -0.84640647 0.874438934 -0.874189291 0 0 0 0 0 0 0 0 0 0 0 0 0 0 0 0 0 0 0 0 0 0 0 0 0 0 0 0 0 0 0 0 0 0 0 0 0 0 0 0 0 0 0 0 0 1.42566334 -4.41546852 -4.56057242 -5.74460447 0.993135029 -0.0104805238 -0.0983658692 0.0624269882
-0.471111111 0.0580492273 0.0424910317 -0.206681303 0.0759260337 0.97545788 -0.898372834 0.770076851 -0.895841943 0 0 0 0 0 0 0 0 0 0 0 0 0 0 0 0 0 0 0 0 0 0 0 0 0 0 0 0 0 0 0 0 0 0 0 0 0 0 0 0 0 0 0 0 0 1.29052214 -4.41546852 -4.56057242 -5.74460447 0.990313537 -0.0468208933 -0.100393545 0.0837140237
-0.471111111 0.0746347208 0.0405865597 -0.217745027 0.147164456 0.964846996 -0.937086656 0.665714768 -0.911972701 0 0 0 0 0 0 0 0 0 0 0 0 0 0 0 0 0 0 0 0 0 0 0 0 0 0 0 0 0 0 0 0 0 0 0 0 0 0 0 0 0 0 0 0 0 1.1962337 -4.41546852 -4.56057242 -5.74460447 0.985647324 -0.0854057934 -0.101401935 0.104512439
-0.471111111 0.0912202143 0.0374160814 -0.229269887 0.218188997 0.948593106 -0.965927618 0.561352686 -0.923989769 0 0 0 0 0 0 0 0 0 0 0 0 0 0 0 0 0 0 0 0 0 0 0 0 0 0 0 0 0 0 0 0 0 0 0 0 0 0 0 0 0 0 0 0 0 1.12897817 -4.41546852 -4.56057242 -5.74460447 0.979094487 -0.124360551 -0.101182511 0.12518202
-0.471111111 0.107805708 0.0329578876 -0.24052422 0.285122243 0.927821861 -0.987413513 0.456990603 -0.932942225 0 0 0 0 0 0 0 0 0 0 0 0 0 0 0 0 0 0 0 0 0 0 0 0 0 0 0 0 0 0 0 0 0 0 0 0 0 0 0 0 0 0 0 0 0 1.08034194 -4.41546852 -4.56057242 -5.74460447 0.970861995 -0.161814191 -0.0995250573 0.146075041
-0.471111111 0.124391201 0.0272401492 -0.250785482 0.34498522 0.904484295 -1.00342004 0.35262852 -0.939611612 0 0 0 0 0 0 0 0 0 0 0 0 0 0 0 0 0 0 0 0 0 0 0 0 0 0 0 0 0 0 0 0 0 0 0 0 0 0 0 0 0 0 0 0 0 1.04485476 -4.41546852 -4.56057242 -5.74460447 0.961354912 -0.196193164 -0.0962605581 0.167448142
-0.471111111 0.140976695 0.02033858 -0.259425968 0.396050959 0.880818827 -1.01534456 0.248266437 -0.944580162 0 0 0 0 0 0 0 0 0 0 0 0 0 0 0 0 0 0 0 0 0 0 0 0 0 0 0 0 0 0 0 0 0 0 0 0 0 0 0 0 0 0 0 0 0 1.01880561 -4.41546852 -4.56057242 -5.74460447 0.951071503 -0.226395061 -0.0913009487 0.189400129
-0.471111111 0.157562188 0.0123701562 -0.265943664 0.437791847 0.858843563 -1.02422807 0.143904355 -0.948281624 0 0 0 0 0 0 0 0 0 0 0 0 0 0 0 0 0 0 0 0 0 0 0 0 0 0 0 0 0 0 0 0 0 0 0 0 0 0 0 0 0 0 0 0 0 0.999604919 -4.41546852 -4.56057242 -5.74460447 0.940500027 -0.251814667 -0.0846616303 0.211852499
-0.453333333 -0.166530888 0.00711676509 -0.147915164 -0.267147496 0.952235958 -1.01554707 0.155436817 -0.952295938 0 0 0 0 0 0 0 0 0 0 0 0 0 0 0 0 0 0 0 0 0 0 0 0 0 0 0 0 0 0 0 0 0 0 0 0 0 0 0 0 0 0 0 0 0 0.999214908 -4.41546852 -4.55650513 -5.74460447 0.964491579 0.148210717 -0.0437676183 -0.214182101
-0.453333333 -0.149877799 0.0115929275 -0.141209242 -0.247733308 0.958482216 -1.00720716 0.254829277 -0.948820976 0 0 0 0 0 0 0 0 0 0 0 0 0 0 0 0 0 0 0 0 0 0 0 0 0 0 0 0 0 0 0 0 0 0 0 0 0 0 0 0 0 0 0 0 0 1.01723243 -4.41546852 -4.55650513 -5.74460447 0.970227883 0.136762994 -0.045329631 -0.194676558
-0.453333333 -0.13322471 0.0157686289 -0.138214687 -0.234936028 0.962133963 -0.996168174 0.354221737 -0.944221399 0 0 0 0 0 0 0 0 0 0 0 0 0 0 0 0 0 0 0 0 0 0 0 0 0 0 0 0 0 0 0 0 0 0 0 0 0 0 0 0 0 0 0 0 0 1.04131792 -4.41546852 -4.55650513 -5.74460447 0.975025719 0.129024822 -0.047808094 -0.174332521
-0.453333333 -0.116571622 0.0197582434 -0.137989917 -0.227262852 0.964007458 -0.981556598 0.453614197 -0.938133243 0 0 0 0 0 0 0 0 0 0 0 0 0 0 0 0 0 0 0 0 0 0 0 0 0 0 0 0 0 0 0 0 0 0 0 0 0 0 0 0 0 0 0 0 0 1.07363193 -4.41546852 -4.55650513 -5.74460447 0.979050044 0.124052118 -0.0510621504 -0.15318205
-0.453333333 -0.0999185328 0.0236397118 -0.139588403 -0.222656406 0.964851907 -0.96221622 0.553006656 -0.930074752 0 0 0 0 0 0 0 0 0 0 0 0 0 0 0 0 0 0 0 0 0 0 0 0 0 0 0 0 0 0 0 0 0 0 0 0 0 0 0 0 0 0 0 0 0 1.11720941 -4.41546852 -4.55650513 -5.74460447 0.982438716 0.120657674 -0.0549160459 -0.13130165
-0.453333333 -0.083265444 0.0274486737 -0.142210408 -0.218738578 0.965365027 -0.936616639 0.652399116 -0.91940826 0 0 0 0 0 0 0 0 0 0 0 0 0 0 0 0 0 0 0 0 0 0 0 0 0 0 0 0 0 0 0 0 0 0 0 0 0 0 0 0 0 0 0 0 0 1.17641715 -4.41546852 -4.55650513 -5.74460447 0.985312799 0.117535861 -0.0591845259 -0.108817283
-0.453333333 -0.0666123552 0.0311757839 -0.145302297 -0.213033595 0.966180071 -0.902732164 0.751791576 -0.905289728 0 0 0 0 0 0 0 0 0 0 0 0 0 0 0 0 0 0 0 0 0 0 0 0 0 0 0 0 0 0 0 0 0 0 0 0 0 0 0 0 0 0 0 0 0 1.25776391 -4.41546852 -4.55650513 -5.74460447 0.987780461 0.113373504 -0.0636899751 -0.0859057457
-0.453333333 -0.0499592664 0.0347674161 -0.148598249 -0.203151941 0.967805688 -0.857881522 0.851184036 -0.886601961 0 0 0 0 0 0 0 0 0 0 0 0 0 0 0 0 0 0 0 0 0 0 0 0 0 0 0 0 0 0 0 0 0 0 0 0 0 0 0 0 0 0 0 0 0 1.37147982 -4.41546852 -4.55650513 -5.74460447 0.989929466 0.106939661 -0.0682719927 -0.0627893072
-0.453333333 -0.0333061776 0.0381297005 -0.152108339 -0.186934501 0.970524882 -0.79851569 0.950576495 -0.861866198 0 0 0 0 0 0 0 0 0 0 0 0 0 0 0 0 0 0 0 0 0 0 0 0 0 0 0 0 0 0 0 0 0 0 0 0 0 0 0 0 0 0 0 0 0 1.53501802 -4.41546852 -4.55650513 -5.74460447 0.991808776 0.0971544397 -0.072791305 -0.0397214387
-0.453333333 -0.0166530888 0.0411355916 -0.156063138 -0.162577006 0.974275636 -0.719937058 1.04996896 -0.829125101 0 0 0 0 0 0 0 0 0 0 0 0 0 0 0 0 0 0 0 0 0 0 0 0 0 0 0 0 0 0 0 0 0 0 0 0 0 0 0 0 0 0 0 0 0 1.78236993 -4.41546852 -4.55650513 -5.74460447 0.993403278 0.0831453509 -0.0771299735 -0.0169630718
-0.453333333 0 0.0436344337 -0.16082676 -0.128769403 0.97854647 -0.615927713 1.14936141 -0.785787874 0 0 0 0 0 0 0 0 0 0 0 0 0 0 0 0 0 0 0 0 0 0 0 0 0 0 0 0 0 0 0 0 0 0 0 0 0 0 0 0 0 0 0 0 0 2.19722458 -4.41546852 -4.55650513 -5.74460447 0.994608305 0.0643052435 -0.081188673 0.00524915925
-0.453333333 0.0166530888 0.0454633042 -0.1667894 -0.0848808471 0.982332193 -0.719937058 1.04996896 -0.829125101 0 0 0 0 0 0 0 0 0 0 0 0 0 0 0 0 0 0 0 0 0 0 0 0 0 0 0 0 0 0 0 0 0 0 0 0 0 0 0 0 0 0 0 0 0 1.78236993 -4.41546852 -4.55650513 -5.74460447 0.99521411 0.0403639928 -0.0848802182 0.0267389551
-0.453333333 0.0333061776 0.0464592805 -0.174251631 -0.0311870348 0.984207162 -0.79851569 0.950576495 -0.861866198 0 0 0 0 0 0 0 0 0 0 0 0 0 0 0 0 0 0 0 0 0 0 0 0 0 0 0 0 0 0 0 0 0 0 0 0 0 0 0 0 0 0 0 0 0 1.53501802 -4.41546852 -4.55650513 -5.74460447 0.994914313 0.011472904 -0.0881180539 0.0474245718
-0.453333333 0.0499592664 0.0464717069 -0.183319439 0.0309278462 0.982566767 -0.857881522 0.851184036 -0.886601961 0 0 0 0 0 0 0 0 0 0 0 0 0 0 0 0 0 0 0 0 0 0 0 0 0 0 0 0 0 0 0 0 0 0 0 0 0 0 0 0 0 0 0 0 0 1.37147982 -4.41546852 -4.55650513 -5.74460447 0.993352062 -0.0217231024 -0.0908004589 0.067342891
-0.453333333 0.0666123552 0.0453735379 -0.193838015 0.098928728 0.976032751 -0.902732164 0.751791576 -0.905289728 0 0 0 0 0 0 0 0 0 0 0 0 0 0 0 0 0 0 0 0 0 0 0 0 0 0 0 0 0 0 0 0 0 0 0 0 0 0 0 0 0 0 0 0 0 1.25776391 -4.41546852 -4.55650513 -5.74460447 0.990205789 -0.0580742344 -0.0927955164 0.0866537454
-0.453333333 0.083265444 0.0430709037 -0.205391722 0.16938255 0.963910676 -0.936616639 0.652399116 -0.91940826 0 0 0 0 0 0 0 0 0 0 0 0 0 0 0 0 0 0 0 0 0 0 0 0 0 0 0 0 0 0 0 0 0 0 0 0 0 0 0 0 0 0 0 0 0 1.17641715 -4.41546852 -4.55650513 -5.74460447 0.985292058 -0.0960247792 -0.0939356352 0.105616757
-0.453333333 0.0999185328 0.0395101779 -0.217376052 0.238522139 0.946496086 -0.96221622 0.553006656 -0.930074752 0 0 0 0 0 0 0 0 0 0 0 0 0 0 0 0 0 0 0 0 0 0 0 0 0 0 0 0 0 0 0 0 0 0 0 0 0 0 0 0 0 0 0 0 0 1.11720941 -4.41546852 -4.55650513 -5.74460447 0.978640791 -0.133829983 -0.0940292108 0.124540139
-0.453333333 0.116571622 0.0346820154 -0.229112442 0.302944423 0.925057925 -0.981556598 0.453614197 -0.938133243 0 0 0 0 0 0 0 0 0 0 0 0 0 0 0 0 0 0 0 0 0 0 0 0 0 0 0 0 0 0 0 0 0 0 0 0 0 0 0 0 0 0 0 0 0 1.07363193 -4.41546852 -4.55650513 -5.74460447 0.970502827 -0.169831095 -0.0928893773 0.143712304
-0.453333333 0.13322471 0.0286220558 -0.239956572 0.360162957 0.901500687 -0.996168174 0.354221737 -0.944221399 0 0 0 0 0 0 0 0 0 0 0 0 0 0 0 0 0 0 0 0 0 0 0 0 0 0 0 0 0 0 0 0 0 0 0 0 0 0 0 0 0 0 0 0 0 1.04131792 -4.41546852 -4.55650513 -5.74460447 0.961286453 -0.202689043 -0.0903703966 0.16333615
-0.453333333 0.149877799 0.02140824 -0.249363987 0.408825932 0.877883226 -1.00720716 0.254829277 -0.948820976 0 0 0 0 0 0 0 0 0 0 0 0 0 0 0 0 0 0 0 0 0 0 0 0 0 0 0 0 0 0 0 0 0 0 0 0 0 0 0 0 0 0 0 0 0 1.01723243 -4.41546852 -4.55650513 -5.74460447 0.95145922 -0.231503162 -0.0863983387 0.183485604
-0.453333333 0.166530888 0.0131549419 -0.256909868 0.448610307 0.856005907 -1.01554707 0.155436817 -0.952295938 0 0 0 0 0 0 0 0 0 0 0 0 0 0 0 0 0 0 0 0 0 0 0 0 0 0 0 0 0 0 0 0 0 0 0 0 0 0 0 0 0 0 0 0 0 0.999214908 -4.41546852 -4.55650513 -5.74460447 0.941460794 -0.255808929 -0.0809866573 0.204094406
-0.435555556 -0.175113516 0.00738000845 -0.139056771 -0.268812517 0.953101802 -1.00684849 0.166896719 -0.956302928 0 0 0 0 0 0 0 0 0 0 0 0 0 0 0 0 0 0 0 0 0 0 0 0 0 0 0 0 0 0 0 0 0 0 0 0 0 0 0 0 0 0 0 0 0 0.998862778 -4.41546852 -4.55504168 -5.74460447 0.966396134 0.147708777 -0.0403883183 -0.206468916
-0.435555556 -0.158436038 0.0118944001 -0.13098528 -0.250095537 0.959320113 -0.998990764 0.261771339 -0.953028877 0 0 0 0 0 0 0 0 0 0 0 0 0 0 0 0 0 0 0 0 0 0 0 0 0 0 0 0 0 0 0 0 0 0 0 0 0 0 0 0 0 0 0 0 0 1.01583166 -4.41546852 -4.55504168 -5.74460447 0.971651875 0.136630876 -0.0408894526 -0.188554208
-0.435555556 -0.141758561 0.0161173415 -0.126462995 -0.237724243 0.963065052 -0.988721726 0.35664596 -0.948750111 0 0 0 0 0 0 0 0 0 0 0 0 0 0 0 0 0 0 0 0 0 0 0 0 0 0 0 0 0 0 0 0 0 0 0 0 0 0 0 0 0 0 0 0 0 1.03821336 -4.41546852 -4.55504168 -5.74460447 0.976041909 0.129144028 -0.0423000461 -0.169925627
-0.435555556 -0.125081083 0.0201598695 -0.124686113 -0.23040322 0.96507395 -0.975301411 0.451520581 -0.943158313 0 0 0 0 0 0 0 0 0 0 0 0 0 0 0 0 0 0 0 0 0 0 0 0 0 0 0 0 0 0 0 0 0 0 0 0 0 0 0 0 0 0 0 0 0 1.06782897 -4.41546852 -4.55504168 -5.74460447 0.979721001 0.124427887 -0.044505346 -0.150611208
-0.435555556 -0.108403605 0.0241008596 -0.124825847 -0.226325454 0.96602034 -0.957762778 0.546395201 -0.935850549 0 0 0 0 0 0 0 0 0 0 0 0 0 0 0 0 0 0 0 0 0 0 0 0 0 0 0 0 0 0 0 0 0 0 0 0 0 0 0 0 0 0 0 0 0 1.10719157 -4.41546852 -4.55504168 -5.74460447 0.982820396 0.121437233 -0.0473585118 -0.130668429
-0.435555556 -0.0917261275 0.0279816114 -0.126155717 -0.223376471 0.966533852 -0.934842033 0.641269822 -0.926300239 0 0 0 0 0 0 0 0 0 0 0 0 0 0 0 0 0 0 0 0 0 0 0 0 0 0 0 0 0 0 0 0 0 0 0 0 0 0 0 0 0 0 0 0 0 1.15984141 -4.41546852 -4.55504168 -5.74460447 0.985456941 0.119005744 -0.0507021379 -0.11018867
-0.435555556 -0.0750486498 0.0318030143 -0.128139963 -0.219324165 0.967200631 -0.904887558 0.736144443 -0.913819208 0 0 0 0 0 0 0 0 0 0 0 0 0 0 0 0 0 0 0 0 0 0 0 0 0 0 0 0 0 0 0 0 0 0 0 0 0 0 0 0 0 0 0 0 0 1.23091625 -4.41546852 -4.55504168 -5.74460447 0.9877377 0.115940227 -0.0543833447 -0.0893003392
-0.435555556 -0.058371172 0.0355254863 -0.130478486 -0.211977983 0.968525012 -0.865740898 0.831019063 -0.897508099 0 0 0 0 0 0 0 0 0 0 0 0 0 0 0 0 0 0 0 0 0 0 0 0 0 0 0 0 0 0 0 0 0 0 0 0 0 0 0 0 0 0 0 0 0 1.32820462 -4.41546852 -4.55504168 -5.74460447 0.989755331 0.111098822 -0.0582627297 -0.0681681025
-0.435555556 -0.0416936943 0.0390716906 -0.133109989 -0.199313078 0.970853247 -0.81458123 0.925893684 -0.876191571 0 0 0 0 0 0 0 0 0 0 0 0 0 0 0 0 0 0 0 0 0 0 0 0 0 0 0 0 0 0 0 0 0 0 0 0 0 0 0 0 0 0 0 0 0 1.46431212 -4.41546852 -4.55504168 -5.74460447 0.991573961 0.103451635 -0.0622184508 -0.0469861978
-0.435555556 -0.0250162166 0.0423318446 -0.13617973 -0.179570643 0.974273814 -0.747722102 1.0207683 -0.848333601 0 0 0 0 0 0 0 0 0 0 0 0 0 0 0 0 0 0 0 0 0 0 0 0 0 0 0 0 0 0 0 0 0 0 0 0 0 0 0 0 0 0 0 0 0 1.66182051 -4.41546852 -4.55504168 -5.74460447 0.993208306 0.092128521 -0.0661470215 -0.0259647509
-0.435555556 -0.00833873886 0.0451712555 -0.139980088 -0.151359666 0.978517157 -0.660345791 1.11564293 -0.811926805 0 0 0 0 0 0 0 0 0 0 0 0 0 0 0 0 0 0 0 0 0 0 0 0 0 0 0 0 0 0 0 0 0 0 0 0 0 0 0 0 0 0 0 0 0 1.96854585 -4.41546852 -4.55504168 -5.74460447 0.994600618 0.0764641403 -0.0699618239 -0.0053092956
-0.435555556 0.00833873886 0.0474395657 -0.144871383 -0.113789507 0.982885665 -0.660345791 1.11564293 -0.811926805 0 0 0 0 0 0 0 0 0 0 0 0 0 0 0 0 0 0 0 0 0 0 0 0 0 0 0 0 0 0 0 0 0 0 0 0 0 0 0 0 0 0 0 0 0 1.96854585 -4.41546852 -4.55504168 -5.74460447 0.995602154 0.0560517856 -0.0735891624 0.0148048312
-0.435555556 0.0250162166 0.0489810738 -0.15118985 -0.0666479515 0.986255383 -0.747722102 1.0207683 -0.848333601 0 0 0 0 0 0 0 0 0 0 0 0 0 0 0 0 0 0 0 0 0 0 0 0 0 0 0 0 0 0 0 0 0 0 0 0 0 0 0 0 0 0 0 0 0 1.66182051 -4.41546852 -4.55504168 -5.74460447 0.995968848 0.0308115094 -0.0769607665 0.0342599527
-0.435555556 0.0416936943 0.0496454223 -0.159152781 -0.0106001294 0.987197057 -0.81458123 0.925893684 -0.876191571 0 0 0 0 0 0 0 0 0 0 0 0 0 0 0 0 0 0 0 0 0 0 0 0 0 0 0 0 0 0 0 0 0 0 0 0 0 0 0 0 0 0 0 0 0 1.46431212 -4.41546852 -4.55504168 -5.74460447 0.995383023 0.00106322657 -0.0800021314 0.053020425
-0.435555556 0.058371172 0.0492979184 -0.168778505 0.0526729679 0.984245587 -0.865740898 0.831019063 -0.897508099 0 0 0 0 0 0 0 0 0 0 0 0 0 0 0 0 0 0 0 0 0 0 0 0 0 0 0 0 0 0 0 0 0 0 0 0 0 0 0 0 0 0 0 0 0 1.32820462 -4.41546852 -4.55504168 -5.74460447 0.993509354 -0.0324250404 -0.082618542 0.071147431
-0.435555556 0.0750486498 0.0478287793 -0.179845742 0.120517196 0.976284341 -0.904887558 0.736144443 -0.913819208 0 0 0 0 0 0 0 0 0 0 0 0 0 0 0 0 0 0 0 0 0 0 0 0 0 0 0 0 0 0 0 0 0 0 0 0 0 0 0 0 0 0 0 0 0 1.23091625 -4.41546852 -4.55504168 -5.74460447 0.990079405 -0.0684574524 -0.0846841584 0.0887971926
-0.435555556 0.0917261275 0.0451606684 -0.19191227 0.189617623 0.962919954 -0.934842033 0.641269822 -0.926300239 0 0 0 0 0 0 0 0 0 0 0 0 0 0 0 0 0 0 0 0 0 0 0 0 0 0 0 0 0 0 0 0 0 0 0 0 0 0 0 0 0 0 0 0 0 1.15984141 -4.41546852 -4.55504168 -5.74460447 0.98497817 -0.1055315 -0.0860414175 0.106197838
-0.435555556 0.108403605 0.0412540036 -0.204391014 0.256542931 0.944674567 -0.957762778 0.546395201 -0.935850549 0 0 0 0 0 0 0 0 0 0 0 0 0 0 0 0 0 0 0 0 0 0 0 0 0 0 0 0 0 0 0 0 0 0 0 0 0 0 0 0 0 0 0 0 0 1.10719157 -4.41546852 -4.55504168 -5.74460447 0.9782938 -0.142048642 -0.0865153144 0.123606331
-0.435555556 0.125081083 0.0361096743 -0.216653759 0.318337433 0.922888091 -0.975301411 0.451520581 -0.943158313 0 0 0 0 0 0 0 0 0 0 0 0 0 0 0 0 0 0 0 0 0 0 0 0 0 0 0 0 0 0 0 0 0 0 0 0 0 0 0 0 0 0 0 0 0 1.06782897 -4.41546852 -4.55504168 -5.74460447 0.970304605 -0.176550959 -0.0859401737 0.141255156
-0.435555556 0.141758561 0.0297689802 -0.228121551 0.372935779 0.899377264 -0.988721726 0.35664596 -0.948750111 0 0 0 0 0 0 0 0 0 0 0 0 0 0 0 0 0 0 0 0 0 0 0 0 0 0 0 0 0 0 0 0 0 0 0 0 0 0 0 0 0 0 0 0 0 1.03821336 -4.41546852 -4.55504168 -5.74460447 0.961410908 -0.207902433 -0.0841899425 0.159303794
-0.435555556 0.158436038 0.0223107968 -0.238315942 0.419283269 0.876017724 -0.998990764 0.261771339 -0.953028877 0 0 0 0 0 0 0 0 0 0 0 0 0 0 0 0 0 0 0 0 0 0 0 0 0 0 0 0 0 0 0 0 0 0 0 0 0 0 0 0 0 0 0 0 0 1.01583166 -4.41546852 -4.55504168 -5.74460447 0.952046774 -0.235366562 -0.0812017208 0.177808327
-0.435555556 0.175113516 0.0138461608 -0.246871898 0.457203395 0.854411682 -1.00684849 0.166896719 -0.956302928 0 0 0 0 0 0 0 0 0 0 0 0 0 0 0 0 0 0 0 0 0 0 0 0 0 0 0 0 0 0 0 0 0 0 0 0 0 0 0 0 0 0 0 0 0 0.998862778 -4.41546852 -4.55504168 -5.74460447 0.942607577 -0.258587021 -0.0769864377 0.196715014
-0.417777778 -0.183325659 0.00756851329 -0.129375142 -0.268451184 0.954565888 -0.998134765 0.17822848 -0.960303609 0 0 0 0 0 0 0 0 0 0 0 0 0 0 0 0 0 0 0 0 0 0 0 0 0 0 0 0 0 0 0 0 0 0 0 0 0 0 0 0 0 0 0 0 0 0.998543271 -4.41546852 -4.55573199 -5.74460447 0.968350389 0.146167386 -0.0367716098 -0.198948405
-0.417777778 -0.16665969 0.0120741236 -0.120021273 -0.250502969 0.960647259 -0.990707519 0.268978117 -0.957208923 0 0 0 0 0 0 0 0 0 0 0 0 0 0 0 0 0 0 0 0 0 0 0 0 0 0 0 0 0 0 0 0 0 0 0 0 0 0 0 0 0 0 0 0 0 1.01457666 -4.41546852 -4.55573199 -5.74460447 0.973150443 0.135506021 -0.036255877 -0.182487933
-0.417777778 -0.149993721 0.016300153 -0.114061183 -0.238645983 0.964384851 -0.981113352 0.359727754 -0.953211354 0 0 0 0 0 0 0 0 0 0 0 0 0 0 0 0 0 0 0 0 0 0 0 0 0 0 0 0 0 0 0 0 0 0 0 0 0 0 0 0 0 0 0 0 0 1.0354677 -4.41546852 -4.55573199 -5.74460447 0.977154244 0.128315654 -0.036642425 -0.16541466
-0.417777778 -0.133327752 0.0203538144 -0.110807602 -0.231747375 0.966444427 -0.968720062 0.450477391 -0.948047483 0 0 0 0 0 0 0 0 0 0 0 0 0 0 0 0 0 0 0 0 0 0 0 0 0 0 0 0 0 0 0 0 0 0 0 0 0 0 0 0 0 0 0 0 0 1.06276546 -4.41546852 -4.55573199 -5.74460447 0.980505209 0.123879404 -0.0378375472 -0.147755707
-0.417777778 -0.116661783 0.0243139145 -0.109535625 -0.228212551 0.96743009 -0.952710996 0.541227028 -0.941377039 0 0 0 0 0 0 0 0 0 0 0 0 0 0 0 0 0 0 0 0 0 0 0 0 0 0 0 0 0 0 0 0 0 0 0 0 0 0 0 0 0 0 0 0 0 1.09857381 -4.41546852 -4.55573199 -5.74460447 0.983326134 0.121274125 -0.039718278 -0.129556007
-0.417777778 -0.0999958138 0.0282259021 -0.109589258 -0.226156702 0.96790668 -0.932031241 0.631976665 -0.932760474 0 0 0 0 0 0 0 0 0 0 0 0 0 0 0 0 0 0 0 0 0 0 0 0 0 0 0 0 0 0 0 0 0 0 0 0 0 0 0 0 0 0 0 0 0 1.14580179 -4.41546852 -4.55573199 -5.74460447 0.9857274 0.119457057 -0.0421505818 -0.110882069
-0.417777778 -0.0833298449 0.0320990121 -0.11045888 -0.223566735 0.968409392 -0.905318111 0.722726303 -0.921630003 0 0 0 0 0 0 0 0 0 0 0 0 0 0 0 0 0 0 0 0 0 0 0 0 0 0 0 0 0 0 0 0 0 0 0 0 0 0 0 0 0 0 0 0 0 1.208575 -4.41546852 -4.55573199 -5.74460447 0.98781208 0.117345968 -0.045002531 -0.091825874
-0.417777778 -0.0666638759 0.0359056853 -0.111825829 -0.218439644 0.969422047 -0.870811352 0.81347594 -0.907252187 0 0 0 0 0 0 0 0 0 0 0 0 0 0 0 0 0 0 0 0 0 0 0 0 0 0 0 0 0 0 0 0 0 0 0 0 0 0 0 0 0 0 0 0 0 1.29296119 -4.41546852 -4.55573199 -5.74460447 0.989673577 0.113887258 -0.0481525578 -0.0725067968
-0.417777778 -0.0499979069 0.0395833003 -0.11357467 -0.208891157 0.971321409 -0.826237152 0.904225577 -0.888679604 0 0 0 0 0 0 0 0 0 0 0 0 0 0 0 0 0 0 0 0 0 0 0 0 0 0 0 0 0 0 0 0 0 0 0 0 0 0 0 0 0 0 0 0 0 1.40837305 -4.41546852 -4.55573199 -5.74460447 0.991385045 0.10810969 -0.0514935966 -0.0530697415
-0.417777778 -0.0333319379 0.043038108 -0.11577709 -0.193239772 0.974296698 -0.768658308 0.994975214 -0.864688419 0 0 0 0 0 0 0 0 0 0 0 0 0 0 0 0 0 0 0 0 0 0 0 0 0 0 0 0 0 0 0 0 0 0 0 0 0 0 0 0 0 0 0 0 0 1.57062888 -4.41546852 -4.55573199 -5.74460447 0.992982438 0.0991658817 -0.0549343136 -0.0336782794
-0.417777778 -0.016665969 0.0461511221 -0.118653062 -0.170083267 0.978260258 -0.69428068 1.08572485 -0.83369774 0 0 0 0 0 0 0 0 0 0 0 0 0 0 0 0 0 0 0 0 0 0 0 0 0 0 0 0 0 0 0 0 0 0 0 0 0 0 0 0 0 0 0 0 0 1.80986497 -4.41546852 -4.55573199 -5.74460447 0.994444473 0.0863683727 -0.0583984162 -0.0145024026
-0.417777778 0 0.0487855958 -0.122514487 -0.138391934 0.982770509 -0.598203175 1.17647449 -0.793665447 0 0 0 0 0 0 0 0 0 0 0 0 0 0 0 0 0 0 0 0 0 0 0 0 0 0 0 0 0 0 0 0 0 0 0 0 0 0 0 0 0 0 0 0 0 2.19722458 -4.41546852 -4.55573199 -5.74460447 0.995674032 0.0692297074 -0.0618222709 0.00429853304
-0.417777778 0.016665969 0.0507956139 -0.127695397 -0.0976387412 0.986995725 -0.69428068 1.08572485 -0.83369774 0 0 0 0 0 0 0 0 0 0 0 0 0 0 0 0 0 0 0 0 0 0 0 0 0 0 0 0 0 0 0 0 0 0 0 0 0 0 0 0 0 0 0 0 0 1.80986497 -4.41546852 -4.55573199 -5.74460447 0.996487472 0.047514129 -0.0651501716 0.0225960462
-0.417777778 0.0333319379 0.0520352612 -0.134473495 -0.047965617 0.989755616 -0.768658308 0.994975214 -0.864688419 0 0 0 0 0 0 0 0 0 0 0 0 0 0 0 0 0 0 0 0 0 0 0 0 0 0 0 0 0 0 0 0 0 0 0 0 0 0 0 0 0 0 0 0 0 1.57062888 -4.41546852 -4.55573199 -5.74460447 0.996620617 0.0213003382 -0.068326333 0.040313188
-0.417777778 0.0499979069 0.0523677907 -0.142992366 0.00965399759 0.989676707 -0.826237152 0.904225577 -0.888679604 0 0 0 0 0 0 0 0 0 0 0 0 0 0 0 0 0 0 0 0 0 0 0 0 0 0 0 0 0 0 0 0 0 0 0 0 0 0 0 0 0 0 0 0 0 1.40837305 -4.41546852 -4.55573199 -5.74460447 0.995760417 -0.00895964053 -0.0712837395 0.0574416637
-0.417777778 0.0666638759 0.0516742163 -0.153201113 0.0733401195 0.985469759 -0.870811352 0.81347594 -0.907252187 0 0 0 0 0 0 0 0 0 0 0 0 0 0 0 0 0 0 0 0 0 0 0 0 0 0 0 0 0 0 0 0 0 0 0 0 0 0 0 0 0 0 0 0 0 1.29296119 -4.41546852 -4.55573199 -5.74460447 0.993605258 -0.042416028 -0.0739324087 0.0740504578
-0.417777778 0.0833298449 0.0498607889 -0.164832459 0.140417009 0.97627523 -0.905318111 0.722726303 -0.921630003 0 0 0 0 0 0 0 0 0 0 0 0 0 0 0 0 0 0 0 0 0 0 0 0 0 0 0 0 0 0 0 0 0 0 0 0 0 0 0 0 0 0 0 0 0 1.208575 -4.41546852 -4.55573199 -5.74460447 0.989942905 -0.0778667153 -0.0761522146 0.090281
-0.417777778 0.0999958138 0.0468648869 -0.177432969 0.207754554 0.961954046 -0.932031241 0.631976665 -0.932760474 0 0 0 0 0 0 0 0 0 0 0 0 0 0 0 0 0 0 0 0 0 0 0 0 0 0 0 0 0 0 0 0 0 0 0 0 0 0 0 0 0 0 0 0 0 1.14580179 -4.41546852 -4.55573199 -5.74460447 0.984719133 -0.11388934 -0.0777958565 0.106326162
-0.417777778 0.116661783 0.0426589514 -0.190438546 0.272269036 0.943187538 -0.952710996 0.541227028 -0.941377039 0 0 0 0 0 0 0 0 0 0 0 0 0 0 0 0 0 0 0 0 0 0 0 0 0 0 0 0 0 0 0 0 0 0 0 0 0 0 0 0 0 0 0 0 0 1.09857381 -4.41546852 -4.55573199 -5.74460447 0.978066027 -0.149036507 -0.0787041962 0.12239533
-0.417777778 0.133327752 0.0372522172 -0.203266893 0.331410548 0.921330353 -0.968720062 0.450477391 -0.948047483 0 0 0 0 0 0 0 0 0 0 0 0 0 0 0 0 0 0 0 0 0 0 0 0 0 0 0 0 0 0 0 0 0 0 0 0 0 0 0 0 0 0 0 0 0 1.06276546 -4.41546852 -4.55573199 -5.74460447 0.970275638 -0.182033938 -0.0787303571 0.138673586
-0.417777778 0.149993721 0.0306901329 -0.215393522 0.383465932 0.898086582 -0.981113352 0.359727754 -0.953211354 0 0 0 0 0 0 0 0 0 0 0 0 0 0 0 0 0 0 0 0 0 0 0 0 0 0 0 0 0 0 0 0 0 0 0 0 0 0 0 0 0 0 0 0 0 1.0354677 -4.41546852 -4.55573199 -5.74460447 0.961732568 -0.211918302 -0.0777646585 0.155286052
-0.417777778 0.16665969 0.0230515054 -0.226392739 0.427611889 0.875153929 -0.990707519 0.268978117 -0.957208923 0 0 0 0 0 0 0 0 0 0 0 0 0 0 0 0 0 0 0 0 0 0 0 0 0 0 0 0 0 0 0 0 0 0 0 0 0 0 0 0 0 0 0 0 0 1.01457666 -4.41546852 -4.55573199 -5.74460447 0.952836714 -0.23808522 -0.075752646 0.172276411
-0.417777778 0.183325659 0.0144435475 -0.235946314 0.463773548 0.853957512 -0.998134765 0.17822848 -0.960303609 0 0 0 0 0 0 0 0 0 0 0 0 0 0 0 0 0 0 0 0 0 0 0 0 0 0 0 0 0 0 0 0 0 0 0 0 0 0 0 0 0 0 0 0 0 0.998543271 -4.41546852 -4.55573199 -5.74460447 0.943943555 -0.260260654 -0.0727023767 0.189603062
-0.4 -0.191178918 0.00768169525 -0.11898392 -0.266141624 0.956562315 -0.989407907 0.18938205 -0.964298817 0 0 0 0 0 0 0 0 0 0 0 0 0 0 0 0 0 0 0 0 0 0 0 0 0 0 0 0 0 0 0 0 0 0 0 0 0 0 0 0 0 0 0 0 0 0.998252059 -4.41546852 -4.55823815 -5.74460447 0.970357352 0.143641079 -0.0329557704 -0.191540512
-0.4 -0.174554664 0.012134833 -0.108423181 -0.249019708 0.962410307 -0.982367216 0.276350452 -0.961365196 0 0 0 0 0 0 0 0 0 0 0 0 0 0 0 0 0 0 0 0 0 0 0 0 0 0 0 0 0 0 0 0 0 0 0 0 0 0 0 0 0 0 0 0 0 1.01344596 -4.41546852 -4.55823815 -5.74460447 0.974721959 0.133434101 -0.0314672426 -0.176415012
-0.4 -0.157930411 0.0163225988 -0.101108519 -0.237752391 0.966049102 -0.97336888 0.363318855 -0.957615889 0 0 0 0 0 0 0 0 0 0 0 0 0 0 0 0 0 0 0 0 0 0 0 0 0 0 0 0 0 0 0 0 0 0 0 0 0 0 0 0 0 0 0 0 0 1.03302308 -4.41546852 -4.55823815 -5.74460447 0.978356172 0.126579095 -0.0308736379 -0.16075992
-0.4 -0.141306157 0.0203480798 -0.0964511974 -0.231340741 0.968079866 -0.961868581 0.450287257 -0.952824098 0 0 0 0 0 0 0 0 0 0 0 0 0 0 0 0 0 0 0 0 0 0 0 0 0 0 0 0 0 0 0 0 0 0 0 0 0 0 0 0 0 0 0 0 0 1.05831195 -4.41546852 -4.55823815 -5.74460447 0.981391734 0.122445783 -0.0310981825 -0.144603587
-0.4 -0.124681903 0.0242892463 -0.0938175281 -0.228370292 0.969043488 -0.947170656 0.537255659 -0.946699962 0 0 0 0 0 0 0 0 0 0 0 0 0 0 0 0 0 0 0 0 0 0 0 0 0 0 0 0 0 0 0 0 0 0 0 0 0 0 0 0 0 0 0 0 0 1.09109115 -4.41546852 -4.55823815 -5.74460447 0.983942105 0.120215834 -0.032037624 -0.127983114
-0.4 -0.108057649 0.0281944514 -0.0926179617 -0.227155674 0.96944428 -0.928386013 0.624224061 -0.938873028 0 0 0 0 0 0 0 0 0 0 0 0 0 0 0 0 0 0 0 0 0 0 0 0 0 0 0 0 0 0 0 0 0 0 0 0 0 0 0 0 0 0 0 0 0 1.13377947 -4.41546852 -4.55823815 -5.74460447 0.986109938 0.118955481 -0.0335775719 -0.110947418
-0.4 -0.0914333956 0.0320796388 -0.0923741209 -0.225879032 0.969765789 -0.904378351 0.711192464 -0.928869835 0 0 0 0 0 0 0 0 0 0 0 0 0 0 0 0 0 0 0 0 0 0 0 0 0 0 0 0 0 0 0 0 0 0 0 0 0 0 0 0 0 0 0 0 0 1.18973891 -4.41546852 -4.55823815 -5.74460447 0.987992496 0.117683755 -0.0356039264 -0.0935613275
-0.4 -0.0748091419 0.0359274226 -0.0927609224 -0.222710601 0.970461436 -0.873695425 0.798160866 -0.916085283 0 0 0 0 0 0 0 0 0 0 0 0 0 0 0 0 0 0 0 0 0 0 0 0 0 0 0 0 0 0 0 0 0 0 0 0 0 0 0 0 0 0 0 0 0 1.26378861 -4.41546852 -4.55823815 -5.74460447 0.989681031 0.115431767 -0.03801038 -0.0759089921
-0.4 -0.0581848881 0.0396880911 -0.0936238196 -0.215904784 0.971915482 -0.834481195 0.885129268 -0.89974602 0 0 0 0 0 0 0 0 0 0 0 0 0 0 0 0 0 0 0 0 0 0 0 0 0 0 0 0 0 0 0 0 0 0 0 0 0 0 0 0 0 0 0 0 0 1.36314768 -4.41546852 -4.55823815 -5.74460447 0.991253101 0.111290451 -0.0407025108 -0.0580950086
-0.4 -0.0415606344 0.0432824765 -0.0949736026 -0.203872866 0.974379736 -0.784363557 0.972097671 -0.878863671 0 0 0 0 0 0 0 0 0 0 0 0 0 0 0 0 0 0 0 0 0 0 0 0 0 0 0 0 0 0 0 0 0 0 0 0 0 0 0 0 0 0 0 0 0 1.49935119 -4.41546852 -4.55823815 -5.74460447 0.992759005 0.104447263 -0.0435993281 -0.0402420858
-0.4 -0.0249363806 0.0466065256 -0.096962584 -0.18524312 0.977897358 -0.720310846 1.05906607 -0.852175042 0 0 0 0 0 0 0 0 0 0 0 0 0 0 0 0 0 0 0 0 0 0 0 0 0 0 0 0 0 0 0 0 0 0 0 0 0 0 0 0 0 0 0 0 0 1.69271666 -4.41546852 -4.55823815 -5.74460447 0.994204768 0.094216092 -0.0466331296 -0.0224846115
-0.4 -0.00831212688 0.0495373067 -0.0998459015 -0.158926648 0.982228648 -0.638448455 1.14603448 -0.818065712 0 0 0 0 0 0 0 0 0 0 0 0 0 0 0 0 0 0 0 0 0 0 0 0 0 0 0 0 0 0 0 0 0 0 0 0 0 0 0 0 0 0 0 0 0 1.98506938 -4.41546852 -4.55823815 -5.74460447 0.995534902 0.080067491 -0.049748095 -0.00495814034
-0.4 0.00831212688 0.051940107 -0.103930581 -0.124208569 0.986798189 -0.638448455 1.14603448 -0.818065712 0 0 0 0 0 0 0 0 0 0 0 0 0 0 0 0 0 0 0 0 0 0 0 0 0 0 0 0 0 0 0 0 0 0 0 0 0 0 0 0 0 0 0 0 0 1.98506938 -4.41546852 -4.55823815 -5.74460447 0.996619236 0.0616666515 -0.0528973497 0.0122144742
-0.4 0.0249363806 0.0536762092 -0.109514462 -0.0808745585 0.990689602 -0.720310846 1.05906607 -0.852175042 0 0 0 0 0 0 0 0 0 0 0 0 0 0 0 0 0 0 0 0 0 0 0 0 0 0 0 0 0 0 0 0 0 0 0 0 0 0 0 0 0 0 0 0 0 1.69271666 -4.41546852 -4.55823815 -5.74460447 0.997249891 0.0389226544 -0.0560377172 0.0289388373
-0.4 0.0415606344 0.0546109005 -0.11681903 -0.0293591316 0.992719173 -0.784363557 0.972097671 -0.878863671 0 0 0 0 0 0 0 0 0 0 0 0 0 0 0 0 0 0 0 0 0 0 0 0 0 0 0 0 0 0 0 0 0 0 0 0 0 0 0 0 0 0 0 0 0 1.49935119 -4.41546852 -4.55823815 -5.74460447 0.997155837 0.0120436275 -0.0591216098 0.0451644046
-0.4 0.0581848881 0.0546212493 -0.125925471 0.0291326203 0.991611853 -0.834481195 0.885129268 -0.89974602 0 0 0 0 0 0 0 0 0 0 0 0 0 0 0 0 0 0 0 0 0 0 0 0 0 0 0 0 0 0 0 0 0 0 0 0 0 0 0 0 0 0 0 0 0 1.36314768 -4.41546852 -4.55823815 -5.74460447 0.996040939 -0.0184201018 -0.0620868227 0.0608964212
-0.4 0.0748091419 0.0536032022 -0.136729742 0.0926076669 0.986270144 -0.873695425 0.798160866 -0.916085283 0 0 0 0 0 0 0 0 0 0 0 0 0 0 0 0 0 0 0 0 0 0 0 0 0 0 0 0 0 0 0 0 0 0 0 0 0 0 0 0 0 0 0 0 0 1.26378861 -4.41546852 -4.55823815 -5.74460447 0.993644063 -0.0515730259 -0.0648471341 0.0762007084
-0.4 0.0914333956 0.0514775916 -0.148934232 0.158444225 0.976070706 -0.904378351 0.711192464 -0.928869835 0 0 0 0 0 0 0 0 0 0 0 0 0 0 0 0 0 0 0 0 0 0 0 0 0 0 0 0 0 0 0 0 0 0 0 0 0 0 0 0 0 0 0 0 0 1.18973891 -4.41546852 -4.55823815 -5.74460447 0.989807204 -0.0862376631 -0.0672882802 0.0911978718
-0.4 0.108057649 0.0481947056 -0.162084628 0.223737073 0.961077674 -0.928386013 0.624224061 -0.938873028 0 0 0 0 0 0 0 0 0 0 0 0 0 0 0 0 0 0 0 0 0 0 0 0 0 0 0 0 0 0 0 0 0 0 0 0 0 0 0 0 0 0 0 0 0 1.13377947 -4.41546852 -4.55823815 -5.74460447 0.984526886 -0.121088273 -0.0692733211 0.106045503
-0.4 0.124681903 0.0437371585 -0.175642258 0.285741487 0.942073033 -0.947170656 0.537255659 -0.946699962 0 0 0 0 0 0 0 0 0 0 0 0 0 0 0 0 0 0 0 0 0 0 0 0 0 0 0 0 0 0 0 0 0 0 0 0 0 0 0 0 0 0 0 0 0 1.09109115 -4.41546852 -4.55823815 -5.74460447 0.977965804 -0.154825503 -0.0706579574 0.12091072
-0.4 0.141306157 0.038120894 -0.189066105 0.34226541 0.920384918 -0.961868581 0.450287257 -0.952824098 0 0 0 0 0 0 0 0 0 0 0 0 0 0 0 0 0 0 0 0 0 0 0 0 0 0 0 0 0 0 0 0 0 0 0 0 0 0 0 0 0 0 0 0 0 1.05831195 -4.41546852 -4.55823815 -5.74460447 0.970418957 -0.186338875 -0.0713117429 0.13593935
-0.4 0.157930411 0.0313942649 -0.201877358 0.391885361 0.897591999 -0.97336888 0.363318855 -0.957615889 0 0 0 0 0 0 0 0 0 0 0 0 0 0 0 0 0 0 0 0 0 0 0 0 0 0 0 0 0 0 0 0 0 0 0 0 0 0 0 0 0 0 0 0 0 1.03302308 -4.41546852 -4.55823815 -5.74460447 0.962250267 -0.214809952 -0.0711384923 0.151229705
-0.4 0.174554664 0.0236352418 -0.213693011 0.433955562 0.875224467 -0.982367216 0.276350452 -0.961365196 0 0 0 0 0 0 0 0 0 0 0 0 0 0 0 0 0 0 0 0 0 0 0 0 0 0 0 0 0 0 0 0 0 0 0 0 0 0 0 0 0 0 0 0 0 1.01344596 -4.41546852 -4.55823815 -5.74460447 0.953826131 -0.239739728 -0.0700901524 0.166817102
-0.4 0.191178918 0.0149469118 -0.224231944 0.468468529 0.854550919 -0.989407907 0.18938205 -0.964298817 0 0 0 0 0 0 0 0 0 0 0 0 0 0 0 0 0 0 0 0 0 0 0 0 0 0 0 0 0 0 0 0 0 0 0 0 0 0 0 0 0 0 0 0 0 0.998252059 -4.41546852 -4.55823815 -5.74460447 0.94546638 -0.260915981 -0.0681717794 0.182671242
-0.382222222 -0.198681935 0.00771928184 -0.107993551 -0.261943032 0.959022023 -0.98066958 0.200311975 -0.968289246 0 0 0 0 0 0 0 0 0 0 0 0 0 0 0 0 0 0 0 0 0 0 0 0 0 0 0 0 0 0 0 0 0 0 0 0 0 0 0 0 0 0 0 0 0 0.997985547 -4.41546852 -4.56230227 -5.74460447 0.972413616 0.140175744 -0.0289784272 -0.184181354
-0.382222222 -0.182125107 0.0120794279 -0.0962975801 -0.245695594 0.964551943 -0.973977835 0.283801641 -0.965501019 0 0 0 0 0 0 0 0 0 0 0 0 0 0 0 0 0 0 0 0 0 0 0 0 0 0 0 0 0 0 0 0 0 0 0 0 0 0 0 0 0 0 0 0 0 1.01242209 -4.41546852 -4.56230227 -5.74460447 0.97636 0.130454898 -0.0265621533 -0.170285412
-0.382222222 -0.165568279 0.0161903009 -0.0877079335 -0.235083568 0.968009832 -0.965508986 0.367291307 -0.961972332 0 0 0 0 0 0 0 0 0 0 0 0 0 0 0 0 0 0 0 0 0 0 0 0 0 0 0 0 0 0 0 0 0 0 0 0 0 0 0 0 0 0 0 0 0 1.03083329 -4.41546852 -4.56230227 -5.74460447 0.979638157 0.123969444 -0.0250332 -0.155929463
-0.382222222 -0.149011451 0.0201506949 -0.0817192121 -0.229218491 0.969938583 -0.954791093 0.450780973 -0.957506543 0 0 0 0 0 0 0 0 0 0 0 0 0 0 0 0 0 0 0 0 0 0 0 0 0 0 0 0 0 0 0 0 0 0 0 0 0 0 0 0 0 0 0 0 0 1.05436704 -4.41546852 -4.56230227 -5.74460447 0.982368326 0.120161716 -0.0243283941 -0.141144475
-0.382222222 -0.132454623 0.0240371658 -0.0777775764 -0.226838761 0.970821727 -0.941226885 0.53427064 -0.951854789 0 0 0 0 0 0 0 0 0 0 0 0 0 0 0 0 0 0 0 0 0 0 0 0 0 0 0 0 0 0 0 0 0 0 0 0 0 0 0 0 0 0 0 0 0 1.08454012 -4.41546852 -4.56230227 -5.74460447 0.984654335 0.118303382 -0.0243607591 -0.125963103
-0.382222222 -0.115897795 0.0278999569 -0.0753552018 -0.226432007 0.971107687 -0.924060474 0.617760306 -0.944702118 0 0 0 0 0 0 0 0 0 0 0 0 0 0 0 0 0 0 0 0 0 0 0 0 0 0 0 0 0 0 0 0 0 0 0 0 0 0 0 0 0 0 0 0 0 1.12338484 -4.41546852 -4.56230227 -5.74460447 0.986590493 0.117556513 -0.0250324356 -0.110422108
-0.382222222 -0.0993409673 0.0317603245 -0.0740077475 -0.226353581 0.971229586 -0.902335237 0.701249972 -0.935649936 0 0 0 0 0 0 0 0 0 0 0 0 0 0 0 0 0 0 0 0 0 0 0 0 0 0 0 0 0 0 0 0 0 0 0 0 0 0 0 0 0 0 0 0 0 1.17367637 -4.41546852 -4.56230227 -5.74460447 0.988267171 0.117031753 -0.0262445318 -0.0945663398
-0.382222222 -0.0827841394 0.0356094064 -0.0734128381 -0.224931786 0.971604985 -0.8748405 0.784739638 -0.924193796 0 0 0 0 0 0 0 0 0 0 0 0 0 0 0 0 0 0 0 0 0 0 0 0 0 0 0 0 0 0 0 0 0 0 0 0 0 0 0 0 0 0 0 0 0 1.23930535 -4.41546852 -4.56230227 -5.74460447 0.989771508 0.115839899 -0.0279038598 -0.0784528803
-0.382222222 -0.0662273116 0.0394086939 -0.073389473 -0.220553334 0.97261 -0.840044078 0.868229304 -0.909695286 0 0 0 0 0 0 0 0 0 0 0 0 0 0 0 0 0 0 0 0 0 0 0 0 0 0 0 0 0 0 0 0 0 0 0 0 0 0 0 0 0 0 0 0 0 1.3259318 -4.41546852 -4.56230227 -5.74460447 0.991182065 0.113134352 -0.0299268826 -0.0621539528
-0.382222222 -0.0496704837 0.0430920811 -0.0738998756 -0.211727829 0.974530725 -0.796006884 0.951718971 -0.891346456 0 0 0 0 0 0 0 0 0 0 0 0 0 0 0 0 0 0 0 0 0 0 0 0 0 0 0 0 0 0 0 0 0 0 0 0 0 0 0 0 0 0 0 0 0 1.44223752 -4.41546852 -4.56230227 -5.74460447 0.992558115 0.108143999 -0.0322414742 -0.0457575171
-0.382222222 -0.0331136558 0.0465693838 -0.0750363619 -0.197137355 0.977500081 -0.740274878 1.03520864 -0.868124787 0 0 0 0 0 0 0 0 0 0 0 0 0 0 0 0 0 0 0 0 0 0 0 0 0 0 0 0 0 0 0 0 0 0 0 0 0 0 0 0 0 0 0 0 0 1.60261442 -4.41546852 -4.56230227 -5.74460447 0.993925423 0.100198863 -0.0347871759 -0.0293648284
-0.382222222 -0.0165568279 0.0497311391 -0.0769959109 -0.175684233 0.981430935 -0.669742308 1.1186983 -0.838736216 0 0 0 0 0 0 0 0 0 0 0 0 0 0 0 0 0 0 0 0 0 0 0 0 0 0 0 0 0 0 0 0 0 0 0 0 0 0 0 0 0 0 0 0 0 1.83392611 -4.41546852 -4.56230227 -5.74460447 0.995260899 0.0887535945 -0.0375144245 -0.0130847161
-0.382222222 0 0.0524544323 -0.0800442896 -0.146553478 0.985958919 -0.580478636 1.20218797 -0.801543019 0 0 0 0 0 0 0 0 0 0 0 0 0 0 0 0 0 0 0 0 0 0 0 0 0 0 0 0 0 0 0 0 0 0 0 0 0 0 0 0 0 0 0 0 0 2.19722458 -4.41546852 -4.56230227 -5.74460447 0.996479106 0.0734150798 -0.0403827512 0.00297517819
-0.382222222 0.0165568279 0.0546094383 -0.0844706535 -0.109303331 0.990412788 -0.669742308 1.1186983 -0.838736216 0 0 0 0 0 0 0 0 0 0 0 0 0 0 0 0 0 0 0 0 0 0 0 0 0 0 0 0 0 0 0 0 0 0 0 0 0 0 0 0 0 0 0 0 0 1.83392611 -4.41546852 -4.56230227 -5.74460447 0.997424672 0.0539790511 -0.0433574455 0.0187194664
-0.382222222 0.0331136558 0.0560663323 -0.0905338538 -0.0639844485 0.993835807 -0.740274878 1.03520864 -0.868124787 0 0 0 0 0 0 0 0 0 0 0 0 0 0 0 0 0 0 0 0 0 0 0 0 0 0 0 0 0 0 0 0 0 0 0 0 0 0 0 0 0 0 0 0 0 1.60261442 -4.41546852 -4.56230227 -5.74460447 0.99787607 0.030475636 -0.0464040086 0.0340771495
-0.382222222 0.0496704837 0.0567021994 -0.098404543 -0.0112650697 0.995082732 -0.796006884 0.951718971 -0.891346456 0 0 0 0 0 0 0 0 0 0 0 0 0 0 0 0 0 0 0 0 0 0 0 0 0 0 0 0 0 0 0 0 0 0 0 0 0 0 0 0 0 0 0 0 0 1.44223752 -4.41546852 -4.56230227 -5.74460447 0.997566583 0.00321518016 -0.0494802634 0.0490130489
-0.382222222 0.0662273116 0.0564075767 -0.108112527 0.0474884489 0.993003791 -0.840044078 0.868229304 -0.909695286 0 0 0 0 0 0 0 0 0 0 0 0 0 0 0 0 0 0 0 0 0 0 0 0 0 0 0 0 0 0 0 0 0 0 0 0 0 0 0 0 0 0 0 0 0 1.3259318 -4.41546852 -4.56230227 -5.74460447 0.9962254 -0.0271842222 -0.0525273512 0.0635361988
-0.382222222 0.0827841394 0.0550922801 -0.119513966 0.110242139 0.986693003 -0.8748405 0.784739638 -0.924193796 0 0 0 0 0 0 0 0 0 0 0 0 0 0 0 0 0 0 0 0 0 0 0 0 0 0 0 0 0 0 0 0 0 0 0 0 0 0 0 0 0 0 0 0 0 1.23930535 -4.41546852 -4.56230227 -5.74460447 0.99363415 -0.0598113989 -0.0554625539 0.0777024993
-0.382222222 0.0993409673 0.0526902037 -0.132292728 0.174482851 0.975732734 -0.902335237 0.701249972 -0.935649936 0 0 0 0 0 0 0 0 0 0 0 0 0 0 0 0 0 0 0 0 0 0 0 0 0 0 0 0 0 0 0 0 0 0 0 0 0 0 0 0 0 0 0 0 0 1.17367637 -4.41546852 -4.56230227 -5.74460447 0.989683841 -0.0935359817 -0.0581777706 0.0916092857
-0.382222222 0.115897795 0.0491628386 -0.146000603 0.23754913 0.960340687 -0.924060474 0.617760306 -0.944702118 0 0 0 0 0 0 0 0 0 0 0 0 0 0 0 0 0 0 0 0 0 0 0 0 0 0 0 0 0 0 0 0 0 0 0 0 0 0 0 0 0 0 0 0 0 1.12338484 -4.41546852 -4.56230227 -5.74460447 0.984411078 -0.127136931 -0.0605463256 0.105381087
-0.382222222 0.132454623 0.0445013229 -0.160125208 0.297013761 0.941351552 -0.941226885 0.53427064 -0.951854789 0 0 0 0 0 0 0 0 0 0 0 0 0 0 0 0 0 0 0 0 0 0 0 0 0 0 0 0 0 0 0 0 0 0 0 0 0 0 0 0 0 0 0 0 0 1.08454012 -4.41546852 -4.56230227 -5.74460447 0.977997639 -0.15945461 -0.0624375819 0.119148617
-0.382222222 0.149011451 0.0387269127 -0.17416265 0.350993794 0.920038438 -0.954791093 0.450780973 -0.957506543 0 0 0 0 0 0 0 0 0 0 0 0 0 0 0 0 0 0 0 0 0 0 0 0 0 0 0 0 0 0 0 0 0 0 0 0 0 0 0 0 0 0 0 0 0 1.05436704 -4.41546852 -4.56230227 -5.74460447 0.970733422 -0.189521997 -0.0637353393 0.133025724
-0.382222222 0.165568279 0.0318898513 -0.18767294 0.398300908 0.897850352 -0.965508986 0.367291307 -0.961972332 0 0 0 0 0 0 0 0 0 0 0 0 0 0 0 0 0 0 0 0 0 0 0 0 0 0 0 0 0 0 0 0 0 0 0 0 0 0 0 0 0 0 0 0 0 1.03083329 -4.41546852 -4.56230227 -5.74460447 0.962958832 -0.216640995 -0.0643545156 0.147089986
-0.382222222 0.182125107 0.0240666948 -0.200308181 0.438423481 0.876162932 -0.973977835 0.283801641 -0.965501019 0 0 0 0 0 0 0 0 0 0 0 0 0 0 0 0 0 0 0 0 0 0 0 0 0 0 0 0 0 0 0 0 0 0 0 0 0 0 0 0 0 0 0 0 0 1.01242209 -4.41546852 -4.56230227 -5.74460447 0.955008271 -0.240395979 -0.0642519038 0.161371214
-0.382222222 0.198681935 0.015356237 -0.211817062 0.471395584 0.856107315 -0.98066958 0.200311975 -0.968289246 0 0 0 0 0 0 0 0 0 0 0 0 0 0 0 0 0 0 0 0 0 0 0 0 0 0 0 0 0 0 0 0 0 0 0 0 0 0 0 0 0 0 0 0 0 0.997985547 -4.41546852 -4.56230227 -5.74460447 0.947169832 -0.260620466 -0.0634296079 0.175849275
-0.364444444 -0.205841106 0.00768135862 -0.0965142709 -0.255902009 0.961872734 -0.97192118 0.210976685 -0.972275478 0 0 0 0 0 0 0 0 0 0 0 0 0 0 0 0 0 0 0 0 0 0 0 0 0 0 0 0 0 0 0 0 0 0 0 0 0 0 0 0 0 0 0 0 0 0.997740722 -4.41546852 -4.56772495 -5.74460447 0.974510837 0.135811484 -0.0248771683 -0.176819107
-0.364444444 -0.189373818 0.0119110604 -0.0837534209 -0.24057134 0.967011269 -0.965545943 0.291255211 -0.969619129 0 0 0 0 0 0 0 0 0 0 0 0 0 0 0 0 0 0 0 0 0 0 0 0 0 0 0 0 0 0 0 0 0 0 0 0 0 0 0 0 0 0 0 0 0 1.01149069 -4.41546852 -4.56772495 -5.74460447 0.978054404 0.126604422 -0.0215797492 -0.164058579
-0.364444444 -0.172906529 0.0159090852 -0.0739668425 -0.230673086 0.970215869 -0.957550412 0.371533736 -0.966287658 0 0 0 0 0 0 0 0 0 0 0 0 0 0 0 0 0 0 0 0 0 0 0 0 0 0 0 0 0 0 0 0 0 0 0 0 0 0 0 0 0 0 0 0 0 1.02886103 -4.41546852 -4.56772495 -5.74460447 0.980988259 0.120519271 -0.0191616958 -0.150897217
-0.364444444 -0.156439241 0.0197698668 -0.0667196655 -0.225410119 0.971976731 -0.947522782 0.451812261 -0.962109479 0 0 0 0 0 0 0 0 0 0 0 0 0 0 0 0 0 0 0 0 0 0 0 0 0 0 0 0 0 0 0 0 0 0 0 0 0 0 0 0 0 0 0 0 0 1.05085025 -4.41546852 -4.56772495 -5.74460447 0.983421583 0.117059402 -0.0175707471 -0.137369409
-0.364444444 -0.139971952 0.0235681183 -0.0615278133 -0.223650819 0.972725367 -0.934946586 0.532090786 -0.956869397 0 0 0 0 0 0 0 0 0 0 0 0 0 0 0 0 0 0 0 0 0 0 0 0 0 0 0 0 0 0 0 0 0 0 0 0 0 0 0 0 0 0 0 0 0 1.07876213 -4.41546852 -4.56772495 -5.74460447 0.985448637 0.115573833 -0.0167333685 -0.123505737
-0.364444444 -0.123504664 0.0273551545 -0.0579202098 -0.224032915 0.972858932 -0.919174095 0.612369311 -0.950297526 0 0 0 0 0 0 0 0 0 0 0 0 0 0 0 0 0 0 0 0 0 0 0 0 0 0 0 0 0 0 0 0 0 0 0 0 0 0 0 0 0 0 0 0 0 1.11432025 -4.41546852 -4.56772495 -5.74460447 0.987155186 0.115308777 -0.0165656218 -0.109334829
-0.364444444 -0.107037375 0.0311563656 -0.0554876705 -0.225065065 0.972762476 -0.899392956 0.692647837 -0.942055385 0 0 0 0 0 0 0 0 0 0 0 0 0 0 0 0 0 0 0 0 0 0 0 0 0 0 0 0 0 0 0 0 0 0 0 0 0 0 0 0 0 0 0 0 0 1.15984141 -4.41546852 -4.56772495 -5.74460447 0.988624135 0.115457294 -0.0169816104 -0.0948870786
-0.364444444 -0.0905700868 0.0349699675 -0.0539172092 -0.22521871 0.972815228 -0.874584355 0.772926362 -0.931718467 0 0 0 0 0 0 0 0 0 0 0 0 0 0 0 0 0 0 0 0 0 0 0 0 0 0 0 0 0 0 0 0 0 0 0 0 0 0 0 0 0 0 0 0 0 1.21851132 -4.41546852 -4.56772495 -5.74460447 0.989937234 0.115204147 -0.0178994598 -0.0801990479
-0.364444444 -0.0741027983 0.0387670893 -0.0530117553 -0.223004324 0.973374966 -0.843470538 0.853204887 -0.918754377 0 0 0 0 0 0 0 0 0 0 0 0 0 0 0 0 0 0 0 0 0 0 0 0 0 0 0 0 0 0 0 0 0 0 0 0 0 0 0 0 0 0 0 0 0 1.29485036 -4.41546852 -4.56772495 -5.74460447 0.991171591 0.113763549 -0.019245044 -0.0653173786
-0.364444444 -0.0576355098 0.0424931951 -0.0526962705 -0.217029522 0.974741653 -0.80444901 0.933483412 -0.902495407 0 0 0 0 0 0 0 0 0 0 0 0 0 0 0 0 0 0 0 0 0 0 0 0 0 0 0 0 0 0 0 0 0 0 0 0 0 0 0 0 0 0 0 0 0 1.39556191 -4.41546852 -4.56772495 -5.74460447 0.992391361 0.110408827 -0.0209538673 -0.0503012172
-0.364444444 -0.0411682213 0.0460707681 -0.053011999 -0.206041871 0.977106174 -0.755509989 1.01376194 -0.882104148 0 0 0 0 0 0 0 0 0 0 0 0 0 0 0 0 0 0 0 0 0 0 0 0 0 0 0 0 0 0 0 0 0 0 0 0 0 0 0 0 0 0 0 0 0 1.5312344 -4.41546852 -4.56772495 -5.74460447 0.993635983 0.104495061 -0.0229716199 -0.035222444
-0.364444444 -0.0247009328 0.0494031265 -0.0541007584 -0.188965183 0.98049236 -0.694132902 1.09404046 -0.856530362 0 0 0 0 0 0 0 0 0 0 0 0 0 0 0 0 0 0 0 0 0 0 0 0 0 0 0 0 0 0 0 0 0 0 0 0 0 0 0 0 0 0 0 0 0 1.72022709 -4.41546852 -4.56772495 -5.74460447 0.99490684 0.0954780784 -0.0252538442 -0.020163339
-0.364444444 -0.00823364425 0.0523791834 -0.0561806367 -0.164942169 0.984701892 -0.61715656 1.17431899 -0.824456886 0 0 0 0 0 0 0 0 0 0 0 0 0 0 0 0 0 0 0 0 0 0 0 0 0 0 0 0 0 0 0 0 0 0 0 0 0 0 0 0 0 0 0 0 0 1.9993615 -4.41546852 -4.56772495 -5.74460447 0.996154498 0.0829347115 -0.0277648591 -0.00521167886
-0.364444444 0.00823364425 0.0548789143 -0.0595135486 -0.13339651 0.989274233 -0.61715656 1.17431899 -0.824456886 0 0 0 0 0 0 0 0 0 0 0 0 0 0 0 0 0 0 0 0 0 0 0 0 0 0 0 0 0 0 0 0 0 0 0 0 0 0 0 0 0 0 0 0 0 1.9993615 -4.41546852 -4.56772495 -5.74460447 0.997269263 0.0665891597 -0.0304756819 0.0095463961
-0.364444444 0.0247009328 0.0567792662 -0.0643646551 -0.0941212803 0.993477919 -0.694132902 1.09404046 -0.856530362 0 0 0 0 0 0 0 0 0 0 0 0 0 0 0 0 0 0 0 0 0 0 0 0 0 0 0 0 0 0 0 0 0 0 0 0 0 0 0 0 0 0 0 0 0 1.72022709 -4.41546852 -4.56772495 -5.74460447 0.998078792 0.0463478641 -0.0333603947 0.0240350847
-0.364444444 0.0411682213 0.0579602149 -0.0709547419 -0.0473866904 0.996353314 -0.755509989 1.01376194 -0.882104148 0 0 0 0 0 0 0 0 0 0 0 0 0 0 0 0 0 0 0 0 0 0 0 0 0 0 0 0 0 0 0 0 0 0 0 0 0 0 0 0 0 0 0 0 0 1.5312344 -4.41546852 -4.56772495 -5.74460447 0.998357427 0.0223399881 -0.0363904928 0.038198222
-0.364444444 0.0576355098 0.0583106732 -0.0794100237 0.00596072578 0.996824216 -0.80444901 0.933483412 -0.902495407 0 0 0 0 0 0 0 0 0 0 0 0 0 0 0 0 0 0 0 0 0 0 0 0 0 0 0 0 0 0 0 0 0 0 0 0 0 0 0 0 0 0 0 0 0 1.39556191 -4.41546852 -4.56772495 -5.74460447 0.997851338 -0.00504694499 -0.0395274623 0.0520078398
-0.364444444 0.0741027983 0.0577339594 -0.0897188376 0.0644556578 0.993879267 -0.843470538 0.853204887 -0.918754377 0 0 0 0 0 0 0 0 0 0 0 0 0 0 0 0 0 0 0 0 0 0 0 0 0 0 0 0 0 0 0 0 0 0 0 0 0 0 0 0 0 0 0 0 0 1.29485036 -4.41546852 -4.56772495 -5.74460447 0.996319867 -0.035153768 -0.0427150892 0.0654702732
-0.364444444 0.0905700868 0.0561525568 -0.101708419 0.126080733 0.986792301 -0.874584355 0.772926362 -0.931718467 0 0 0 0 0 0 0 0 0 0 0 0 0 0 0 0 0 0 0 0 0 0 0 0 0 0 0 0 0 0 0 0 0 0 0 0 0 0 0 0 0 0 0 0 0 1.21851132 -4.41546852 -4.56772495 -5.74460447 0.993586337 -0.0670775751 -0.0458742651 0.078627867
-0.364444444 0.107037375 0.0535119293 -0.115053089 0.188467661 0.975316732 -0.899392956 0.692647837 -0.942055385 0 0 0 0 0 0 0 0 0 0 0 0 0 0 0 0 0 0 0 0 0 0 0 0 0 0 0 0 0 0 0 0 0 0 0 0 0 0 0 0 0 0 0 0 0 1.15984141 -4.41546852 -4.56772495 -5.74460447 0.989583809 -0.0997501747 -0.04890334 0.0915546366
-0.364444444 0.123504664 0.0497832061 -0.129315592 0.249201859 0.959779095 -0.919174095 0.612369311 -0.950297526 0 0 0 0 0 0 0 0 0 0 0 0 0 0 0 0 0 0 0 0 0 0 0 0 0 0 0 0 0 0 0 0 0 0 0 0 0 0 0 0 0 0 0 0 0 1.11432025 -4.41546852 -4.56772495 -5.74460447 0.984378774 -0.132056984 -0.0516856416 0.104345466
-0.364444444 0.139971952 0.0449646032 -0.144010011 0.306145045 0.941029398 -0.934946586 0.532090786 -0.956869397 0 0 0 0 0 0 0 0 0 0 0 0 0 0 0 0 0 0 0 0 0 0 0 0 0 0 0 0 0 0 0 0 0 0 0 0 0 0 0 0 0 0 0 0 0 1.07876213 -4.41546852 -4.56772495 -5.74460447 0.978162662 -0.162966766 -0.0541029952 0.117100413
-0.364444444 0.156439241 0.0390815107 -0.158666175 0.357677178 0.920267397 -0.947522782 0.451812261 -0.962109479 0 0 0 0 0 0 0 0 0 0 0 0 0 0 0 0 0 0 0 0 0 0 0 0 0 0 0 0 0 0 0 0 0 0 0 0 0 0 0 0 0 0 0 0 0 1.05085025 -4.41546852 -4.56772495 -5.74460447 0.97121456 -0.191636447 -0.0560515299 0.129907573
-0.364444444 0.172906529 0.0321852433 -0.17287769 0.402798847 0.898813881 -0.957550412 0.371533736 -0.966287658 0 0 0 0 0 0 0 0 0 0 0 0 0 0 0 0 0 0 0 0 0 0 0 0 0 0 0 0 0 0 0 0 0 0 0 0 0 0 0 0 0 0 0 0 0 1.02886103 -4.41546852 -4.56772495 -5.74460447 0.963850064 -0.217467108 -0.0574553405 0.142828549
-0.364444444 0.189373818 0.0243505143 -0.186326064 0.44109818 0.87790375 -0.965545943 0.291255211 -0.969619129 0 0 0 0 0 0 0 0 0 0 0 0 0 0 0 0 0 0 0 0 0 0 0 0 0 0 0 0 0 0 0 0 0 0 0 0 0 0 0 0 0 0 0 0 0 1.01149069 -4.41546852 -4.56772495 -5.74460447 0.956373522 -0.240108638 -0.0582749268 0.15588958
-0.364444444 0.205841106 0.0156717574 -0.198784268 0.472631538 0.858547753 -0.97192118 0.210976685 -0.972275478 0 0 0 0 0 0 0 0 0 0 0 0 0 0 0 0 0 0 0 0 0 0 0 0 0 0 0 0 0 0 0 0 0 0 0 0 0 0 0 0 0 0 0 0 0 0.997740722 -4.41546852 -4.56772495 -5.74460447 0.9490448 -0.259427732 -0.0585096177 0.169079402
-0.346666667 -0.212346525 0.00764920874 -0.0843648177 -0.247728874 0.965149202 -0.96305891 0.222824597 -0.976214264 0 0 0 0 0 0 0 0 0 0 0 0 0 0 0 0 0 0 0 0 0 0 0 0 0 0 0 0 0 0 0 0 0 0 0 0 0 0 0 0 0 0 0 0 0 0.997740722 -4.41546852 -4.53661 -5.74460447 0.97670336 0.130387698 -0.0206021158 -0.169189682
-0.346666667 -0.195358803 0.0118602759 -0.0701997292 -0.233018549 0.969935232 -0.956683674 0.303103123 -0.973557915 0 0 0 0 0 0 0 0 0 0 0 0 0 0 0 0 0 0 0 0 0 0 0 0 0 0 0 0 0 0 0 0 0 0 0 0 0 0 0 0 0 0 0 0 0 1.01149069 -4.41546852 -4.53661 -5.74460447 0.979956112 0.121511784 -0.0163484067 -0.157014759
-0.346666667 -0.178371081 0.0158476691 -0.0590858471 -0.223926068 0.972813435 -0.948688143 0.383381648 -0.970226444 0 0 0 0 0 0 0 0 0 0 0 0 0 0 0 0 0 0 0 0 0 0 0 0 0 0 0 0 0 0 0 0 0 0 0 0 0 0 0 0 0 0 0 0 0 1.02886103 -4.41546852 -4.53661 -5.74460447 0.982617156 0.11585964 -0.0130317467 -0.144465368
-0.346666667 -0.161383359 0.0197108648 -0.0505973058 -0.219615298 0.974273593 -0.938660513 0.463660173 -0.966048265 0 0 0 0 0 0 0 0 0 0 0 0 0 0 0 0 0 0 0 0 0 0 0 0 0 0 0 0 0 0 0 0 0 0 0 0 0 0 0 0 0 0 0 0 0 1.05085025 -4.41546852 -4.53661 -5.74460447 0.984795698 0.112919493 -0.0106014935 -0.131583549
-0.346666667 -0.144395637 0.0235285654 -0.0442584963 -0.218911724 0.974740397 -0.926084317 0.543938698 -0.960808183 0 0 0 0 0 0 0 0 0 0 0 0 0 0 0 0 0 0 0 0 0 0 0 0 0 0 0 0 0 0 0 0 0 0 0 0 0 0 0 0 0 0 0 0 0 1.07876213 -4.41546852 -4.53661 -5.74460447 0.986585605 0.112022549 -0.00898609275 -0.118402041
-0.346666667 -0.127407915 0.0273548258 -0.0396053918 -0.220409216 0.974603094 -0.910311826 0.624217223 -0.954236312 0 0 0 0 0 0 0 0 0 0 0 0 0 0 0 0 0 0 0 0 0 0 0 0 0 0 0 0 0 0 0 0 0 0 0 0 0 0 0 0 0 0 0 0 0 1.11432025 -4.41546852 -4.53661 -5.74460447 0.988072784 0.112395644 -0.00810384855 -0.104946271
-0.346666667 -0.110420193 0.0312163919 -0.0362333543 -0.222574309 0.974242178 -0.890530687 0.704495749 -0.945994171 0 0 0 0 0 0 0 0 0 0 0 0 0 0 0 0 0 0 0 0 0 0 0 0 0 0 0 0 0 0 0 0 0 0 0 0 0 0 0 0 0 0 0 0 0 1.15984141 -4.41546852 -4.53661 -5.74460447 0.989341493 0.113211989 -0.00787125943 -0.0912386905
-0.346666667 -0.0934324708 0.0351113843 -0.0338307455 -0.22384057 0.974038439 -0.865722085 0.784774274 -0.935657253 0 0 0 0 0 0 0 0 0 0 0 0 0 0 0 0 0 0 0 0 0 0 0 0 0 0 0 0 0 0 0 0 0 0 0 0 0 0 0 0 0 0 0 0 0 1.21851132 -4.41546852 -4.53661 -5.74460447 0.990476293 0.113637116 -0.00820893124 -0.0773041526
-0.346666667 -0.0764447488 0.0390093908 -0.0321986963 -0.222686724 0.974358182 -0.834608269 0.865052799 -0.922693163 0 0 0 0 0 0 0 0 0 0 0 0 0 0 0 0 0 0 0 0 0 0 0 0 0 0 0 0 0 0 0 0 0 0 0 0 0 0 0 0 0 0 0 0 0 1.29485036 -4.41546852 -4.53661 -5.74460447 0.991558372 0.112867585 -0.00904529039 -0.0631750451
-0.346666667 -0.0594570269 0.0428529631 -0.0312581297 -0.217695476 0.975516073 -0.795586741 0.945331324 -0.906434193 0 0 0 0 0 0 0 0 0 0 0 0 0 0 0 0 0 0 0 0 0 0 0 0 0 0 0 0 0 0 0 0 0 0 0 0 0 0 0 0 0 0 0 0 0 1.39556191 -4.41546852 -4.53661 -5.74460447 0.992656692 0.110161209 -0.0103184951 -0.0488950845
-0.346666667 -0.0424693049 0.0465604453 -0.031045667 -0.207595589 0.977721963 -0.74664772 1.02560985 -0.886042934 0 0 0 0 0 0 0 0 0 0 0 0 0 0 0 0 0 0 0 0 0 0 0 0 0 0 0 0 0 0 0 0 0 0 0 0 0 0 0 0 0 0 0 0 0 1.5312344 -4.41546852 -4.53661 -5.74460447 0.993815518 0.104859757 -0.0119770437 -0.0345209808
-0.346666667 -0.0254815829 0.0500299933 -0.0317000817 -0.191296144 0.981020331 -0.685270633 1.10588837 -0.860469148 0 0 0 0 0 0 0 0 0 0 0 0 0 0 0 0 0 0 0 0 0 0 0 0 0 0 0 0 0 0 0 0 0 0 0 0 0 0 0 0 0 0 0 0 0 1.72022709 -4.41546852 -4.53661 -5.74460447 0.995040345 0.0964075091 -0.013979506 -0.0201215486
-0.346666667 -0.00849386098 0.0531445883 -0.0334403204 -0.167926484 0.985232176 -0.608294291 1.1861669 -0.828395672 0 0 0 0 0 0 0 0 0 0 0 0 0 0 0 0 0 0 0 0 0 0 0 0 0 0 0 0 0 0 0 0 0 0 0 0 0 0 0 0 0 0 0 0 0 1.9993615 -4.41546852 -4.53661 -5.74460447 0.996284471 0.0843708068 -0.0162935239 -0.00577421738
-0.346666667 0.00849386098 0.0557777969 -0.0365350768 -0.136895888 0.989911463 -0.608294291 1.1861669 -0.828395672 0 0 0 0 0 0 0 0 0 0 0 0 0 0 0 0 0 0 0 0 0 0 0 0 0 0 0 0 0 0 0 0 0 0 0 0 0 0 0 0 0 0 0 0 0 1.9993615 -4.41546852 -4.53661 -5.74460447 0.997438963 0.0684638038 -0.0188938137 0.00844077463
-0.346666667 0.0254815829 0.0577999957 -0.0412633012 -0.0979810792 0.994332464 -0.685270633 1.10588837 -0.860469148 0 0 0 0 0 0 0 0 0 0 0 0 0 0 0 0 0 0 0 0 0 0 0 0 0 0 0 0 0 0 0 0 0 0 0 0 0 0 0 0 0 0 0 0 0 1.72022709 -4.41546852 -4.53661 -5.74460447 0.998329766 0.0485832494 -0.0217585866 0.0224479444
-0.346666667 0.0424693049 0.0590847512 -0.0478660047 -0.0514357406 0.997528551 -0.74664772 1.02560985 -0.886042934 0 0 0 0 0 0 0 0 0 0 0 0 0 0 0 0 0 0 0 0 0 0 0 0 0 0 0 0 0 0 0 0 0 0 0 0 0 0 0 0 0 0 0 0 0 1.5312344 -4.41546852 -4.53661 -5.74460447 0.998726647 0.0248498122 -0.0248638554 0.0361850848
-0.346666667 0.0594570269 0.0595150447 -0.0564932083 0.00190531804 0.998401165 -0.795586741 0.945331324 -0.906434193 0 0 0 0 0 0 0 0 0 0 0 0 0 0 0 0 0 0 0 0 0 0 0 0 0 0 0 0 0 0 0 0 0 0 0 0 0 0 0 0 0 0 0 0 0 1.39556191 -4.41546852 -4.53661 -5.74460447 0.998368301 -0.00235434775 -0.0281757754 0.0496116655
-0.346666667 0.0764447488 0.058989032 -0.0671555074 0.060576352 0.995901925 -0.834608269 0.865052799 -0.922693163 0 0 0 0 0 0 0 0 0 0 0 0 0 0 0 0 0 0 0 0 0 0 0 0 0 0 0 0 0 0 0 0 0 0 0 0 0 0 0 0 0 0 0 0 0 1.29485036 -4.41546852 -4.53661 -5.74460447 0.997004366 -0.0323696219 -0.0316424601 0.0627156794
-0.346666667 0.0934324708 0.0574250573 -0.0796945876 0.122540495 0.989258611 -0.865722085 0.784774274 -0.935657253 0 0 0 0 0 0 0 0 0 0 0 0 0 0 0 0 0 0 0 0 0 0 0 0 0 0 0 0 0 0 0 0 0 0 0 0 0 0 0 0 0 0 0 0 0 1.21851132 -4.41546852 -4.53661 -5.74460447 0.994447819 -0.0642844705 -0.035188084 0.0755171564
-0.346666667 0.110420193 0.0547656723 -0.0937862918 0.185388393 0.978179572 -0.890530687 0.704495749 -0.945994171 0 0 0 0 0 0 0 0 0 0 0 0 0 0 0 0 0 0 0 0 0 0 0 0 0 0 0 0 0 0 0 0 0 0 0 0 0 0 0 0 0 0 0 0 0 1.15984141 -4.41546852 -4.53661 -5.74460447 0.990623069 -0.0970131626 -0.0387125335 0.088066577
-0.346666667 0.127407915 0.0509804647 -0.108980389 0.246647327 0.962958136 -0.910311826 0.624217223 -0.954236312 0 0 0 0 0 0 0 0 0 0 0 0 0 0 0 0 0 0 0 0 0 0 0 0 0 0 0 0 0 0 0 0 0 0 0 0 0 0 0 0 0 0 0 0 0 1.11432025 -4.41546852 -4.53661 -5.74460447 0.985591916 -0.129416567 -0.0420985083 0.100437259
-0.346666667 0.144395637 0.0460675552 -0.124766452 0.304114223 0.944429919 -0.926084317 0.543938698 -0.960808183 0 0 0 0 0 0 0 0 0 0 0 0 0 0 0 0 0 0 0 0 0 0 0 0 0 0 0 0 0 0 0 0 0 0 0 0 0 0 0 0 0 0 0 0 0 1.07876213 -4.41546852 -4.53661 -5.74460447 0.979546244 -0.160436066 -0.045225094 0.112712531
-0.346666667 0.161383359 0.0400536896 -0.140644542 0.356109429 0.923799322 -0.938660513 0.463660173 -0.966048265 0 0 0 0 0 0 0 0 0 0 0 0 0 0 0 0 0 0 0 0 0 0 0 0 0 0 0 0 0 0 0 0 0 0 0 0 0 0 0 0 0 0 0 0 0 1.05085025 -4.41546852 -4.53661 -5.74460447 0.972770293 -0.189203252 -0.0479840431 0.124970469
-0.346666667 0.178371081 0.0329929228 -0.156180163 0.401587487 0.902405257 -0.948688143 0.383381648 -0.970226444 0 0 0 0 0 0 0 0 0 0 0 0 0 0 0 0 0 0 0 0 0 0 0 0 0 0 0 0 0 0 0 0 0 0 0 0 0 0 0 0 0 0 0 0 0 1.02886103 -4.41546852 -4.53661 -5.74460447 0.965587691 -0.215099688 -0.0502940939 0.137269951
-0.346666667 0.195358803 0.0249639574 -0.171033566 0.440106776 0.881506407 -0.956683674 0.303103123 -0.973557915 0 0 0 0 0 0 0 0 0 0 0 0 0 0 0 0 0 0 0 0 0 0 0 0 0 0 0 0 0 0 0 0 0 0 0 0 0 0 0 0 0 0 0 0 0 1.01149069 -4.41546852 -4.53661 -5.74460447 0.958311382 -0.237763212 -0.0521099969 0.149641231
-0.346666667 0.212346525 0.0160662697 -0.184965666 0.471708301 0.862136289 -0.96305891 0.222824597 -0.976214264 0 0 0 0 0 0 0 0 0 0 0 0 0 0 0 0 0 0 0 0 0 0 0 0 0 0 0 0 0 0 0 0 0 0 0 0 0 0 0 0 0 0 0 0 0 0.997740722 -4.41546852 -4.53661 -5.74460447 0.951208395 -0.257055616 -0.0534253261 0.16208249
-0.328888889 -0.218844689 0.00745528134 -0.0722419335 -0.238148823 0.968538198 -0.954301617 0.232740948 -0.98019679 0 0 0 0 0 0 0 0 0 0 0 0 0 0 0 0 0 0 0 0 0 0 0 0 0 0 0 0 0 0 0 0 0 0 0 0 0 0 0 0 0 0 0 0 0 0.997515044 -4.41546852 -4.54568791 -5.74460447 0.978832664 0.124351836 -0.0163560967 -0.161727287
-0.328888889 -0.202010482 0.0114580638 -0.057130584 -0.224473139 0.972804146 -0.948214721 0.310046195 -0.977660584 0 0 0 0 0 0 0 0 0 0 0 0 0 0 0 0 0 0 0 0 0 0 0 0 0 0 0 0 0 0 0 0 0 0 0 0 0 0 0 0 0 0 0 0 0 1.01063984 -4.41546852 -4.54568791 -5.74460447 0.981696191 0.116061805 -0.0112953277 -0.150581079
-0.328888889 -0.185176276 0.0152583574 -0.0449382778 -0.216214849 0.975311074 -0.940644576 0.387351441 -0.974506356 0 0 0 0 0 0 0 0 0 0 0 0 0 0 0 0 0 0 0 0 0 0 0 0 0 0 0 0 0 0 0 0 0 0 0 0 0 0 0 0 0 0 0 0 0 1.02707585 -4.41546852 -4.54568791 -5.74460447 0.984024329 0.110874712 -0.00715971331 -0.139110231
-0.328888889 -0.168342069 0.018950635 -0.0352981253 -0.212615689 0.976498137 -0.931229744 0.464656687 -0.97058351 0 0 0 0 0 0 0 0 0 0 0 0 0 0 0 0 0 0 0 0 0 0 0 0 0 0 0 0 0 0 0 0 0 0 0 0 0 0 0 0 0 0 0 0 0 1.04769697 -4.41546852 -4.54568791 -5.74460447 0.985914981 0.108331285 -0.00390695653 -0.127360584
-0.328888889 -0.151507862 0.0226109973 -0.0277953878 -0.212615867 0.976740451 -0.919520713 0.541961934 -0.965704747 0 0 0 0 0 0 0 0 0 0 0 0 0 0 0 0 0 0 0 0 0 0 0 0 0 0 0 0 0 0 0 0 0 0 0 0 0 0 0 0 0 0 0 0 0 1.07363193 -4.41546852 -4.54568791 -5.74460447 0.987451852 0.107831326 -0.00147626547 -0.115364924
-0.328888889 -0.134673655 0.0262936979 -0.0220183873 -0.214944456 0.976378037 -0.904958435 0.61926718 -0.959637131 0 0 0 0 0 0 0 0 0 0 0 0 0 0 0 0 0 0 0 0 0 0 0 0 0 0 0 0 0 0 0 0 0 0 0 0 0 0 0 0 0 0 0 0 0 1.10635479 -4.41546852 -4.54568791 -5.74460447 0.988711398 0.10867815 0.000202648141 -0.103144507
-0.328888889 -0.117839448 0.0300286663 -0.0175985422 -0.2182085 0.975743482 -0.886847633 0.696572427 -0.952090964 0 0 0 0 0 0 0 0 0 0 0 0 0 0 0 0 0 0 0 0 0 0 0 0 0 0 0 0 0 0 0 0 0 0 0 0 0 0 0 0 0 0 0 0 0 1.14781916 -4.41546852 -4.54568791 -5.74460447 0.989769115 0.110121811 0.00120250568 -0.0907129476
-0.328888889 -0.101005241 0.033820141 -0.0142394005 -0.220975172 0.975175478 -0.864323606 0.773877673 -0.942705952 0 0 0 0 0 0 0 0 0 0 0 0 0 0 0 0 0 0 0 0 0 0 0 0 0 0 0 0 0 0 0 0 0 0 0 0 0 0 0 0 0 0 0 0 0 1.20066588 -4.41546852 -4.54568791 -5.74460447 0.990702291 0.111398934 0.00159330177 -0.0780814295
-0.328888889 -0.0841710344 0.037646476 -0.0117351892 -0.221841532 0.975012113 -0.836310942 0.85118292 -0.931034009 0 0 0 0 0 0 0 0 0 0 0 0 0 0 0 0 0 0 0 0 0 0 0 0 0 0 0 0 0 0 0 0 0 0 0 0 0 0 0 0 0 0 0 0 0 1.26856242 -4.41546852 -4.54568791 -5.74460447 0.991587945 0.111767049 0.00143888558 -0.0652641031
-0.328888889 -0.0673368275 0.0414611294 -0.00997973562 -0.219488269 0.975564096 -0.801472174 0.928488166 -0.916517856 0 0 0 0 0 0 0 0 0 0 0 0 0 0 0 0 0 0 0 0 0 0 0 0 0 0 0 0 0 0 0 0 0 0 0 0 0 0 0 0 0 0 0 0 0 1.35679502 -4.41546852 -4.54568791 -5.74460447 0.992496128 0.110531987 0.000795012062 -0.0522827315
-0.328888889 -0.0505026206 0.0451947885 -0.00896688448 -0.212717748 0.977072543 -0.758143924 1.00579341 -0.898464418 0 0 0 0 0 0 0 0 0 0 0 0 0 0 0 0 0 0 0 0 0 0 0 0 0 0 0 0 0 0 0 0 0 0 0 0 0 0 0 0 0 0 0 0 0 1.47339144 -4.41546852 -4.54568791 -5.74460447 0.993479741 0.107068405 -0.000291491953 -0.0391698267
-0.328888889 -0.0336684137 0.0487585344 -0.0087835605 -0.200481791 0.979658053 -0.704257481 1.08309866 -0.876011734 0 0 0 0 0 0 0 0 0 0 0 0 0 0 0 0 0 0 0 0 0 0 0 0 0 0 0 0 0 0 0 0 0 0 0 0 0 0 0 0 0 0 0 0 0 1.63149217 -4.41546852 -4.54568791 -5.74460447 0.994562514 0.100835486 -0.00178279407 -0.0259698268
-0.328888889 -0.0168342069 0.0520479024 -0.00959622522 -0.181909 0.983268543 -0.637240033 1.16040391 -0.848087797 0 0 0 0 0 0 0 0 0 0 0 0 0 0 0 0 0 0 0 0 0 0 0 0 0 0 0 0 0 0 0 0 0 0 0 0 0 0 0 0 0 0 0 0 0 1.85516042 -4.41546852 -4.54568791 -5.74460447 0.995726876 0.091391516 -0.00364954771 -0.0127381613
-0.328888889 0 0.0549476522 -0.0116306891 -0.156343417 0.987634276 -0.553891828 1.23770915 -0.813359378 0 0 0 0 0 0 0 0 0 0 0 0 0 0 0 0 0 0 0 0 0 0 0 0 0 0 0 0 0 0 0 0 0 0 0 0 0 0 0 0 0 0 0 0 0 2.19722458 -4.41546852 -4.54568791 -5.74460447 0.996903669 0.0784117875 -0.00586972067 0.000461684819
-0.328888889 0.0168342069 0.0573370295 -0.0151444618 -0.123404234 0.992240919 -0.637240033 1.16040391 -0.848087797 0 0 0 0 0 0 0 0 0 0 0 0 0 0 0 0 0 0 0 0 0 0 0 0 0 0 0 0 0 0 0 0 0 0 0 0 0 0 0 0 0 0 0 0 0 1.85516042 -4.41546852 -4.54568791 -5.74460447 0.997966187 0.061713345 -0.00842637459 0.0135628041
-0.328888889 0.0336684137 0.0590952801 -0.0203907968 -0.0830687726 0.996335182 -0.704257481 1.08309866 -0.876011734 0 0 0 0 0 0 0 0 0 0 0 0 0 0 0 0 0 0 0 0 0 0 0 0 0 0 0 0 0 0 0 0 0 0 0 0 0 0 0 0 0 0 0 0 0 1.63149217 -4.41546852 -4.54568791 -5.74460447 0.998731846 0.0412871836 -0.0113038751 0.0265007562
-0.328888889 0.0505026206 0.0601071635 -0.0275751863 -0.0357672291 0.998979637 -0.758143924 1.00579341 -0.898464418 0 0 0 0 0 0 0 0 0 0 0 0 0 0 0 0 0 0 0 0 0 0 0 0 0 0 0 0 0 0 0 0 0 0 0 0 0 0 0 0 0 0 0 0 0 1.47339144 -4.41546852 -4.54568791 -5.74460447 0.998975273 0.0173333802 -0.0144822516 0.0392201667
-0.328888889 0.0673368275 0.0602682152 -0.0368087681 0.0175400702 0.999168384 -0.801472174 0.928488166 -0.916517856 0 0 0 0 0 0 0 0 0 0 0 0 0 0 0 0 0 0 0 0 0 0 0 0 0 0 0 0 0 0 0 0 0 0 0 0 0 0 0 0 0 0 0 0 0 1.35679502 -4.41546852 -4.54568791 -5.74460447 0.998455424 -0.0097116901 -0.0179301656 0.0516813161
-0.328888889 0.0841710344 0.0594895162 -0.0480680634 0.0753461615 0.995998201 -0.836310942 0.85118292 -0.931034009 0 0 0 0 0 0 0 0 0 0 0 0 0 0 0 0 0 0 0 0 0 0 0 0 0 0 0 0 0 0 0 0 0 0 0 0 0 0 0 0 0 0 0 0 0 1.26856242 -4.41546852 -4.54568791 -5.74460447 0.996955501 -0.0391717145 -0.0215980571 0.0638657238
-0.328888889 0.101005241 0.0577017539 -0.0611738097 0.135682342 0.988862006 -0.864323606 0.773877673 -0.942705952 0 0 0 0 0 0 0 0 0 0 0 0 0 0 0 0 0 0 0 0 0 0 0 0 0 0 0 0 0 0 0 0 0 0 0 0 0 0 0 0 0 0 0 0 0 1.20066588 -4.41546852 -4.54568791 -5.74460447 0.994328157 -0.0701649929 -0.025413987 0.0757794137
-0.328888889 0.117839448 0.0548583863 -0.0757995341 0.196316203 0.977606454 -0.886847633 0.696572427 -0.952090964 0 0 0 0 0 0 0 0 0 0 0 0 0 0 0 0 0 0 0 0 0 0 0 0 0 0 0 0 0 0 0 0 0 0 0 0 0 0 0 0 0 0 0 0 0 1.14781916 -4.41546852 -4.54568791 -5.74460447 0.990532832 -0.101681758 -0.029284688 0.087452482
-0.328888889 0.134673655 0.0509377673 -0.0915113944 0.25502642 0.96259399 -0.904958435 0.61926718 -0.959637131 0 0 0 0 0 0 0 0 0 0 0 0 0 0 0 0 0 0 0 0 0 0 0 0 0 0 0 0 0 0 0 0 0 0 0 0 0 0 0 0 0 0 0 0 0 1.10635479 -4.41546852 -4.54568791 -5.74460447 0.985651576 -0.132692139 -0.0331028875 0.0989341496
-0.328888889 0.151507862 0.0459441357 -0.107828581 0.309878048 0.944642045 -0.919520713 0.541961934 -0.965704747 0 0 0 0 0 0 0 0 0 0 0 0 0 0 0 0 0 0 0 0 0 0 0 0 0 0 0 0 0 0 0 0 0 0 0 0 0 0 0 0 0 0 0 0 0 1.07363193 -4.41546852 -4.54568791 -5.74460447 0.979876787 -0.162258163 -0.0367595726 0.110283748
-0.328888889 0.168342069 0.0399074207 -0.124285834 0.359419085 0.924862667 -0.931229744 0.464656687 -0.97058351 0 0 0 0 0 0 0 0 0 0 0 0 0 0 0 0 0 0 0 0 0 0 0 0 0 0 0 0 0 0 0 0 0 0 0 0 0 0 0 0 0 0 0 0 0 1.04769697 -4.41546852 -4.54568791 -5.74460447 0.973475532 -0.189620704 -0.0401578775 0.12155954
-0.328888889 0.185176276 0.0328818761 -0.140481333 0.402756066 0.904462573 -0.940644576 0.387351441 -0.974506356 0 0 0 0 0 0 0 0 0 0 0 0 0 0 0 0 0 0 0 0 0 0 0 0 0 0 0 0 0 0 0 0 0 0 0 0 0 0 0 0 0 0 0 0 0 1.02707585 -4.41546852 -4.54568791 -5.74460447 0.966743655 -0.214243607 -0.0432248818 0.1328081
-0.328888889 0.202010482 0.0249436026 -0.156102233 0.439517286 0.884565796 -0.948214721 0.310046195 -0.977660584 0 0 0 0 0 0 0 0 0 0 0 0 0 0 0 0 0 0 0 0 0 0 0 0 0 0 0 0 0 0 0 0 0 0 0 0 0 0 0 0 0 0 0 0 0 1.01063984 -4.41546852 -4.54568791 -5.74460447 0.959963844 -0.235814673 -0.0459188612 0.144056643
-0.328888889 0.218844689 0.0161870729 -0.170929928 0.469746279 0.866095487 -0.954301617 0.232740948 -0.98019679 0 0 0 0 0 0 0 0 0 0 0 0 0 0 0 0 0 0 0 0 0 0 0 0 0 0 0 0 0 0 0 0 0 0 0 0 0 0 0 0 0 0 0 0 0 0.997515044 -4.41546852 -4.54568791 -5.74460447 0.953376465 -0.254216412 -0.0482314455 0.15530956
-0.311111111 -0.225008615 0.00718852732 -0.0599776218 -0.226834569 0.972084751 -0.945536432 0.242296859 -0.984176028 0 0 0 0 0 0 0 0 0 0 0 0 0 0 0 0 0 0 0 0 0 0 0 0 0 0 0 0 0 0 0 0 0 0 0 0 0 0 0 0 0 0 0 0 0 0.997306352 -4.41546852 -4.55565184 -5.74460447 0.980958349 0.117520803 -0.0121031107 -0.154152822
-0.311111111 -0.208341311 0.0109542298 -0.0439988484 -0.214229337 0.975791931 -0.939713271 0.316841204 -0.981749711 0 0 0 0 0 0 0 0 0 0 0 0 0 0 0 0 0 0 0 0 0 0 0 0 0 0 0 0 0 0 0 0 0 0 0 0 0 0 0 0 0 0 0 0 0 1.0098596 -4.41546852 -4.55565184 -5.74460447 0.983448956 0.109838305 -0.00629136963 -0.143958735
-0.311111111 -0.191674006 0.0145391579 -0.0308134163 -0.206853417 0.977886597 -0.932527312 0.391385548 -0.978755561 0 0 0 0 0 0 0 0 0 0 0 0 0 0 0 0 0 0 0 0 0 0 0 0 0 0 0 0 0 0 0 0 0 0 0 0 0 0 0 0 0 0 0 0 0 1.02545268 -4.41546852 -4.55565184 -5.74460447 0.98545683 0.105141634 -0.00139216683 -0.13348459
-0.311111111 -0.175006701 0.0180329174 -0.0201044125 -0.204013717 0.978761572 -0.923659618 0.465929893 -0.975060689 0 0 0 0 0 0 0 0 0 0 0 0 0 0 0 0 0 0 0 0 0 0 0 0 0 0 0 0 0 0 0 0 0 0 0 0 0 0 0 0 0 0 0 0 0 1.04485476 -4.41546852 -4.55565184 -5.74460447 0.987069354 0.103016001 0.00263008548 -0.122779791
-0.311111111 -0.158339396 0.0215088313 -0.0115101584 -0.204748789 0.978746877 -0.912716613 0.540474238 -0.970501104 0 0 0 0 0 0 0 0 0 0 0 0 0 0 0 0 0 0 0 0 0 0 0 0 0 0 0 0 0 0 0 0 0 0 0 0 0 0 0 0 0 0 0 0 0 1.0690494 -4.41546852 -4.55565184 -5.74460447 0.988360647 0.102920379 0.0058272644 -0.111877921
-0.311111111 -0.141672091 0.0250208262 -0.00466643463 -0.207905455 0.978137795 -0.899212611 0.615018583 -0.964874436 0 0 0 0 0 0 0 0 0 0 0 0 0 0 0 0 0 0 0 0 0 0 0 0 0 0 0 0 0 0 0 0 0 0 0 0 0 0 0 0 0 0 0 0 0 1.09930686 -4.41546852 -4.55565184 -5.74460447 0.989398142 0.104225114 0.00826002567 -0.100797888
-0.311111111 -0.125004786 0.0286011412 0.000760221946 -0.212214956 0.977222715 -0.882548258 0.689562928 -0.957930956 0 0 0 0 0 0 0 0 0 0 0 0 0 0 0 0 0 0 0 0 0 0 0 0 0 0 0 0 0 0 0 0 0 0 0 0 0 0 0 0 0 0 0 0 0 1.13728928 -4.41546852 -4.55565184 -5.74460447 0.990248768 0.106248791 0.00999184618 -0.0895473946
-0.311111111 -0.108337481 0.0322589597 0.00504785888 -0.21636441 0.976299627 -0.861983938 0.764107272 -0.949362489 0 0 0 0 0 0 0 0 0 0 0 0 0 0 0 0 0 0 0 0 0 0 0 0 0 0 0 0 0 0 0 0 0 0 0 0 0 0 0 0 0 0 0 0 0 1.18520971 -4.41546852 -4.55565184 -5.74460447 0.990982267 0.108292747 0.0110845653 -0.0781278384
-0.311111111 -0.0916701766 0.0359800186 0.00840240221 -0.21905903 0.975675428 -0.836606937 0.838651617 -0.938788739 0 0 0 0 0 0 0 0 0 0 0 0 0 0 0 0 0 0 0 0 0 0 0 0 0 0 0 0 0 0 0 0 0 0 0 0 0 0 0 0 0 0 0 0 0 1.24608437 -4.41546852 -4.55565184 -5.74460447 0.9916704 0.109671487 0.0115952935 -0.0665397037
-0.311111111 -0.0750028718 0.0397272147 0.0109481364 -0.219071381 0.97564741 -0.805290942 0.913195962 -0.925740408 0 0 0 0 0 0 0 0 0 0 0 0 0 0 0 0 0 0 0 0 0 0 0 0 0 0 0 0 0 0 0 0 0 0 0 0 0 0 0 0 0 0 0 0 0 1.32415662 -4.41546852 -4.55565184 -5.74460447 0.992381995 0.109737533 0.011574499 -0.0547876013
-0.311111111 -0.058335567 0.0434421799 0.0127245596 -0.215276615 0.976470207 -0.766646046 0.987740307 -0.909638368 0 0 0 0 0 0 0 0 0 0 0 0 0 0 0 0 0 0 0 0 0 0 0 0 0 0 0 0 0 0 0 0 0 0 0 0 0 0 0 0 0 0 0 0 0 1.42566334 -4.41546852 -4.55565184 -5.74460447 0.993174729 0.107900241 0.0110650245 -0.042884269
-0.311111111 -0.0416682621 0.0470477603 0.0136888349 -0.206676575 0.978313554 -0.718957063 1.06228465 -0.889767958 0 0 0 0 0 0 0 0 0 0 0 0 0 0 0 0 0 0 0 0 0 0 0 0 0 0 0 0 0 0 0 0 0 0 0 0 0 0 0 0 0 0 0 0 0 1.56035255 -4.41546852 -4.55565184 -5.74460447 0.994084938 0.103639652 0.0101017722 -0.0308530771
-0.311111111 -0.0250009573 0.050451293 0.013723316 -0.192419563 0.981216787 -0.660107398 1.136829 -0.865247264 0 0 0 0 0 0 0 0 0 0 0 0 0 0 0 0 0 0 0 0 0 0 0 0 0 0 0 0 0 0 0 0 0 0 0 0 0 0 0 0 0 0 0 0 0 1.74487886 -4.41546852 -4.55565184 -5.74460447 0.99511689 0.0965179259 0.0087118672 -0.0187288337
-0.311111111 -0.00833365242 0.0535485412 0.012648177 -0.171825043 0.985046282 -0.587485112 1.21137334 -0.834987978 0 0 0 0 0 0 0 0 0 0 0 0 0 0 0 0 0 0 0 0 0 0 0 0 0 0 0 0 0 0 0 0 0 0 0 0 0 0 0 0 0 0 0 0 0 2.01184631 -4.41546852 -4.55565184 -5.74460447 0.996232979 0.0861918651 0.00691529045 -0.00655690565
-0.311111111 0.00833365242 0.0562281211 0.0102398633 -0.144422498 0.989463131 -0.587485112 1.21137334 -0.834987978 0 0 0 0 0 0 0 0 0 0 0 0 0 0 0 0 0 0 0 0 0 0 0 0 0 0 0 0 0 0 0 0 0 0 0 0 0 0 0 0 0 0 0 0 0 2.01184631 -4.41546852 -4.55565184 -5.74460447 0.997346531 0.0724299497 0.00472620069 0.00560916867
-0.311111111 0.0250009573 0.0583762327 0.00625650888 -0.110010007 0.993910788 -0.660107398 1.136829 -0.865247264 0 0 0 0 0 0 0 0 0 0 0 0 0 0 0 0 0 0 0 0 0 0 0 0 0 0 0 0 0 0 0 0 0 0 0 0 0 0 0 0 0 0 0 0 0 1.74487886 -4.41546852 -4.55565184 -5.74460447 0.99831944 0.0551358366 0.00215534849 0.0177113145
-0.311111111 0.0416682621 0.0598814922 0.000470991718 -0.0687300546 0.997635183 -0.718957063 1.06228465 -0.889767958 0 0 0 0 0 0 0 0 0 0 0 0 0 0 0 0 0 0 0 0 0 0 0 0 0 0 0 0 0 0 0 0 0 0 0 0 0 0 0 0 0 0 0 0 0 1.56035255 -4.41546852 -4.55565184 -5.74460447 0.99896747 0.0343771845 -0.000786026301 0.0296915114
-0.311111111 0.058335567 0.0606396629 -0.00728967842 -0.0211477454 0.999749785 -0.766646046 0.987740307 -0.909638368 0 0 0 0 0 0 0 0 0 0 0 0 0 0 0 0 0 0 0 0 0 0 0 0 0 0 0 0 0 0 0 0 0 0 0 0 0 0 0 0 0 0 0 0 0 1.42566334 -4.41546852 -4.55565184 -5.74460447 0.999076018 0.0104141556 -0.00408076615 0.0414970165
-0.311111111 0.0750028718 0.0605580817 -0.0171035687 0.0316969875 0.999351174 -0.805290942 0.913195962 -0.925740408 0 0 0 0 0 0 0 0 0 0 0 0 0 0 0 0 0 0 0 0 0 0 0 0 0 0 0 0 0 0 0 0 0 0 0 0 0 0 0 0 0 0 0 0 0 1.32415662 -4.41546852 -4.55565184 -5.74460447 0.998427507 -0.0162828326 -0.00769950488 0.0530857805
-0.311111111 0.0916701766 0.0595595948 -0.028920677 0.0882990547 0.995674079 -0.836606937 0.838651617 -0.938788739 0 0 0 0 0 0 0 0 0 0 0 0 0 0 0 0 0 0 0 0 0 0 0 0 0 0 0 0 0 0 0 0 0 0 0 0 0 0 0 0 0 0 0 0 0 1.24608437 -4.41546852 -4.55565184 -5.74460447 0.99683782 -0.0450390356 -0.0115950778 0.0644313627
-0.311111111 0.108337481 0.0575858343 -0.0425484839 0.146787408 0.98825254 -0.861983938 0.764107272 -0.949362489 0 0 0 0 0 0 0 0 0 0 0 0 0 0 0 0 0 0 0 0 0 0 0 0 0 0 0 0 0 0 0 0 0 0 0 0 0 0 0 0 0 0 0 0 0 1.18520971 -4.41546852 -4.55565184 -5.74460447 0.994194169 -0.0750149756 -0.015699787 0.0755263223
-0.311111111 0.125004786 0.0545996966 -0.0576642548 0.205113321 0.977038054 -0.882548258 0.689562928 -0.957930956 0 0 0 0 0 0 0 0 0 0 0 0 0 0 0 0 0 0 0 0 0 0 0 0 0 0 0 0 0 0 0 0 0 0 0 0 0 0 0 0 0 0 0 0 0 1.13728928 -4.41546852 -4.55565184 -5.74460447 0.990483224 -0.105279972 -0.0199273801 0.0863829233
-0.311111111 0.141672091 0.050586919 -0.0738537545 0.261289262 0.96243106 -0.899212611 0.615018583 -0.964874436 0 0 0 0 0 0 0 0 0 0 0 0 0 0 0 0 0 0 0 0 0 0 0 0 0 0 0 0 0 0 0 0 0 0 0 0 0 0 0 0 0 0 0 0 0 1.09930686 -4.41546852 -4.55565184 -5.74460447 0.985799493 -0.134906588 -0.0241802149 0.097030352
-0.311111111 0.158339396 0.0455566845 -0.0906660938 0.313614095 0.945212071 -0.912716613 0.540474238 -0.970501104 0 0 0 0 0 0 0 0 0 0 0 0 0 0 0 0 0 0 0 0 0 0 0 0 0 0 0 0 0 0 0 0 0 0 0 0 0 0 0 0 0 0 0 0 0 1.0690494 -4.41546852 -4.55565184 -5.74460447 0.980330525 -0.163063379 -0.0283601622 0.107508592
-0.311111111 0.175006701 0.0395412326 -0.107668931 0.360824954 0.92639773 -0.923659618 0.465929893 -0.975060689 0 0 0 0 0 0 0 0 0 0 0 0 0 0 0 0 0 0 0 0 0 0 0 0 0 0 0 0 0 0 0 0 0 0 0 0 0 0 0 0 0 0 0 0 0 1.04485476 -4.41546852 -4.55565184 -5.74460447 0.974324293 -0.189083697 -0.0323804048 0.117860242
-0.311111111 0.191674006 0.0325944896 -0.124490372 0.402148429 0.907071545 -0.932527312 0.391385548 -0.978755561 0 0 0 0 0 0 0 0 0 0 0 0 0 0 0 0 0 0 0 0 0 0 0 0 0 0 0 0 0 0 0 0 0 0 0 0 0 0 0 0 0 0 0 0 0 1.02545268 -4.41546852 -4.55565184 -5.74460447 0.96804982 -0.212498427 -0.0361752076 0.128122279
-0.311111111 0.208341311 0.0247897786 -0.140841478 0.437262384 0.888237179 -0.939713271 0.316841204 -0.981749711 0 0 0 0 0 0 0 0 0 0 0 0 0 0 0 0 0 0 0 0 0 0 0 0 0 0 0 0 0 0 0 0 0 0 0 0 0 0 0 0 0 0 0 0 0 1.0098596 -4.41546852 -4.55565184 -5.74460447 0.961762066 -0.233034027 -0.0397058287 0.138319624
-0.311111111 0.225008615 0.0162167055 -0.15652116 0.466203776 0.870721061 -0.945536432 0.242296859 -0.984176028 0 0 0 0 0 0 0 0 0 0 0 0 0 0 0 0 0 0 0 0 0 0 0 0 0 0 0 0 0 0 0 0 0 0 0 0 0 0 0 0 0 0 0 0 0 0.997306352 -4.41546852 -4.55565184 -5.74460447 0.955677599 -0.25058674 -0.0429622535 0.148461633
-0.293333333 -0.230839853 0.006850782 -0.047694491 -0.213824786 0.975707024 -0.936764212 0.251460527 -0.988152335 0 0 0 0 0 0 0 0 0 0 0 0 0 0 0 0 0 0 0 0 0 0 0 0 0 0 0 0 0 0 0 0 0 0 0 0 0 0 0 0 0 0 0 0 0 0.9971128 -4.41546852 -4.56643398 -5.74460447 0.983060402 0.109928869 -0.00788237911 -0.146443704
-0.293333333 -0.214351292 0.0103535767 -0.0309286414 -0.202325953 0.978829724 -0.931183168 0.323434377 -0.9858269 0 0 0 0 0 0 0 0 0 0 0 0 0 0 0 0 0 0 0 0 0 0 0 0 0 0 0 0 0 0 0 0 0 0 0 0 0 0 0 0 0 0 0 0 0 1.00914156 -4.41546852 -4.56643398 -5.74460447 0.985195228 0.102874882 -0.00137725767 -0.137132143
-0.293333333 -0.197862731 0.0136975988 -0.0168358663 -0.195878426 0.980483654 -0.924345748 0.395408227 -0.982977975 0 0 0 0 0 0 0 0 0 0 0 0 0 0 0 0 0 0 0 0 0 0 0 0 0 0 0 0 0 0 0 0 0 0 0 0 0 0 0 0 0 0 0 0 0 1.02397068 -4.41546852 -4.56643398 -5.74460447 0.986896589 0.0986929075 0.0042288339 -0.127581153
-0.293333333 -0.18137417 0.0169677493 -0.00514175427 -0.19384415 0.981018862 -0.915969124 0.467382077 -0.979487715 0 0 0 0 0 0 0 0 0 0 0 0 0 0 0 0 0 0 0 0 0 0 0 0 0 0 0 0 0 0 0 0 0 0 0 0 0 0 0 0 0 0 0 0 0 1.04228066 -4.41546852 -4.56643398 -5.74460447 0.988242077 0.0970060761 0.00896605491 -0.117843235
-0.293333333 -0.164885609 0.0202344685 0.00446904102 -0.195346518 0.980724103 -0.9057068 0.539355927 -0.975211747 0 0 0 0 0 0 0 0 0 0 0 0 0 0 0 0 0 0 0 0 0 0 0 0 0 0 0 0 0 0 0 0 0 0 0 0 0 0 0 0 0 0 0 0 0 1.06493365 -4.41546852 -4.56643398 -5.74460447 0.989296811 0.0973246299 0.0128788602 -0.107953093
-0.293333333 -0.148397048 0.0235509467 0.0123178343 -0.199335358 0.979853911 -0.893134275 0.611329777 -0.969973195 0 0 0 0 0 0 0 0 0 0 0 0 0 0 0 0 0 0 0 0 0 0 0 0 0 0 0 0 0 0 0 0 0 0 0 0 0 0 0 0 0 0 0 0 0 1.09303185 -4.41546852 -4.56643398 -5.74460447 0.990119672 0.0990778115 0.016019738 -0.0979284915
-0.293333333 -0.131908487 0.0269510172 0.0187044113 -0.204651973 0.978656076 -0.87773149 0.683303628 -0.963555368 0 0 0 0 0 0 0 0 0 0 0 0 0 0 0 0 0 0 0 0 0 0 0 0 0 0 0 0 0 0 0 0 0 0 0 0 0 0 0 0 0 0 0 0 0 1.12800087 -4.41546852 -4.56643398 -5.74460447 0.990769337 0.101645331 0.018444208 -0.0877733387
-0.293333333 -0.115419926 0.0304478173 0.023886414 -0.210091209 0.977389955 -0.858861311 0.755277478 -0.955692793 0 0 0 0 0 0 0 0 0 0 0 0 0 0 0 0 0 0 0 0 0 0 0 0 0 0 0 0 0 0 0 0 0 0 0 0 0 0 0 0 0 0 0 0 0 1.17171321 -4.41546852 -4.56643398 -5.74460447 0.991307966 0.104387258 0.0202070032 -0.0774822175
-0.293333333 -0.0989313656 0.0340332676 0.0280647736 -0.214456849 0.976330184 -0.835743177 0.827251328 -0.946060237 0 0 0 0 0 0 0 0 0 0 0 0 0 0 0 0 0 0 0 0 0 0 0 0 0 0 0 0 0 0 0 0 0 0 0 0 0 0 0 0 0 0 0 0 0 1.22667906 -4.41546852 -4.56643398 -5.74460447 0.991801381 0.10667093 0.02135932 -0.0670455981
-0.293333333 -0.0824428046 0.0376783918 0.031374443 -0.216606774 0.975754657 -0.807420812 0.899225178 -0.934259252 0 0 0 0 0 0 0 0 0 0 0 0 0 0 0 0 0 0 0 0 0 0 0 0 0 0 0 0 0 0 0 0 0 0 0 0 0 0 0 0 0 0 0 0 0 1.29635675 -4.41546852 -4.56643398 -5.74460447 0.992315556 0.107893471 0.0219469959 -0.0564549821
-0.293333333 -0.0659542437 0.0413344646 0.0338797902 -0.215486008 0.975919023 -0.772722665 0.971199028 -0.91980169 0 0 0 0 0 0 0 0 0 0 0 0 0 0 0 0 0 0 0 0 0 0 0 0 0 0 0 0 0 0 0 0 0 0 0 0 0 0 0 0 0 0 0 0 0 1.38569098 -4.41546852 -4.56643398 -5.74460447 0.992910041 0.107499176 0.0220094439 -0.0457073534
-0.293333333 -0.0494656828 0.044934941 0.0355741282 -0.210148799 0.977021987 -0.730213455 1.04317288 -0.90208952 0 0 0 0 0 0 0 0 0 0 0 0 0 0 0 0 0 0 0 0 0 0 0 0 0 0 0 0 0 0 0 0 0 0 0 0 0 0 0 0 0 0 0 0 0 1.50212287 -4.41546852 -4.56643398 -5.74460447 0.993629389 0.104992126 0.0215791544 -0.0348084955
-0.293333333 -0.0329771219 0.0483980916 0.0363830531 -0.199774147 0.979166259 -0.678134796 1.11514673 -0.880390078 0 0 0 0 0 0 0 0 0 0 0 0 0 0 0 0 0 0 0 0 0 0 0 0 0 0 0 0 0 0 0 0 0 0 0 0 0 0 0 0 0 0 0 0 0 1.65768918 -4.41546852 -4.56643398 -5.74460447 0.994493782 0.0999456925 0.0206816067 -0.023774939
-0.293333333 -0.0164885609 0.0516302389 0.0361716266 -0.183681765 0.98232002 -0.614332465 1.18712058 -0.853805774 0 0 0 0 0 0 0 0 0 0 0 0 0 0 0 0 0 0 0 0 0 0 0 0 0 0 0 0 0 0 0 0 0 0 0 0 0 0 0 0 0 0 0 0 0 1.87403974 -4.41546852 -4.56643398 -5.74460447 0.99549002 0.0920115579 0.0193355366 -0.012634504
-0.293333333 0 0.0545294674 0.0347559683 -0.161356344 0.986284012 -0.53616729 1.25909443 -0.821236951 0 0 0 0 0 0 0 0 0 0 0 0 0 0 0 0 0 0 0 0 0 0 0 0 0 0 0 0 0 0 0 0 0 0 0 0 0 0 0 0 0 0 0 0 0 2.19722458 -4.41546852 -4.56643398 -5.74460447 0.996564084 0.0809312214 0.0175536676 -0.00142553779
-0.293333333 0.0164885609 0.0569896591 0.0319203098 -0.132486557 0.990670685 -0.614332465 1.18712058 -0.853805774 0 0 0 0 0 0 0 0 0 0 0 0 0 0 0 0 0 0 0 0 0 0 0 0 0 0 0 0 0 0 0 0 0 0 0 0 0 0 0 0 0 0 0 0 0 1.87403974 -4.41546852 -4.56643398 -5.74460447 0.997616763 0.0665523377 0.0153441799 0.0098049716
-0.293333333 0.0329771219 0.058904696 0.0274406451 -0.0970207988 0.994904003 -0.678134796 1.11514673 -0.880390078 0 0 0 0 0 0 0 0 0 0 0 0 0 0 0 0 0 0 0 0 0 0 0 0 0 0 0 0 0 0 0 0 0 0 0 0 0 0 0 0 0 0 0 0 0 1.65768918 -4.41546852 -4.56643398 -5.74460447 0.998504293 0.0488504979 0.0127132708 0.021004229
-0.293333333 0.0494656828 0.0601726627 0.021115279 -0.0552338513 0.998250152 -0.730213455 1.04317288 -0.90208952 0 0 0 0 0 0 0 0 0 0 0 0 0 0 0 0 0 0 0 0 0 0 0 0 0 0 0 0 0 0 0 0 0 0 0 0 0 0 0 0 0 0 0 0 0 1.50212287 -4.41546852 -4.56643398 -5.74460447 0.999046324 0.0279541283 0.00966905054 0.0321172632
-0.293333333 0.0659542437 0.0606998817 0.0128004206 -0.00778829594 0.99988774 -0.772722665 0.971199028 -0.91980169 0 0 0 0 0 0 0 0 0 0 0 0 0 0 0 0 0 0 0 0 0 0 0 0 0 0 0 0 0 0 0 0 0 0 0 0 0 0 0 0 0 0 0 0 0 1.38569098 -4.41546852 -4.56643398 -5.74460447 0.999043051 0.00416644817 0.00622663156 0.0430912155
-0.293333333 0.0824428046 0.0604046235 0.00244565292 0.0442350448 0.999018158 -0.807420812 0.899225178 -0.934259252 0 0 0 0 0 0 0 0 0 0 0 0 0 0 0 0 0 0 0 0 0 0 0 0 0 0 0 0 0 0 0 0 0 0 0 0 0 0 0 0 0 0 0 0 0 1.29635675 -4.41546852 -4.56643398 -5.74460447 0.998301568 -0.0220248838 0.00241362749 0.0538800413
-0.293333333 0.0989313656 0.0592203432 -0.00987913234 0.0993657911 0.995001931 -0.835743177 0.827251328 -0.946060237 0 0 0 0 0 0 0 0 0 0 0 0 0 0 0 0 0 0 0 0 0 0 0 0 0 0 0 0 0 0 0 0 0 0 0 0 0 0 0 0 0 0 0 0 0 1.22667906 -4.41546852 -4.56643398 -5.74460447 0.996668087 -0.0499605604 -0.00172540096 0.064449119
-0.293333333 0.115419926 0.0570983153 -0.0239746453 0.155848843 0.987489926 -0.858861311 0.755277478 -0.955692793 0 0 0 0 0 0 0 0 0 0 0 0 0 0 0 0 0 0 0 0 0 0 0 0 0 0 0 0 0 0 0 0 0 0 0 0 0 0 0 0 0 0 0 0 0 1.17171321 -4.41546852 -4.56643398 -5.74460447 0.99405889 -0.0788510792 -0.00612732761 0.0747789151
-0.293333333 0.131908487 0.0540095638 -0.039526819 0.211817314 0.976509629 -0.87773149 0.683303628 -0.963555368 0 0 0 0 0 0 0 0 0 0 0 0 0 0 0 0 0 0 0 0 0 0 0 0 0 0 0 0 0 0 0 0 0 0 0 0 0 0 0 0 0 0 0 0 0 1.12800087 -4.41546852 -4.56643398 -5.74460447 0.990480926 -0.107844412 -0.010712992 0.0848666618
-0.293333333 0.148397048 0.0499460092 -0.0561435603 0.265496728 0.962475656 -0.893134275 0.611329777 -0.969973195 0 0 0 0 0 0 0 0 0 0 0 0 0 0 0 0 0 0 0 0 0 0 0 0 0 0 0 0 0 0 0 0 0 0 0 0 0 0 0 0 0 0 0 0 0 1.09303185 -4.41546852 -4.56643398 -5.74460447 0.986034967 -0.136107304 -0.0153939604 0.0947252395
-0.293333333 0.164885609 0.0449207885 -0.0734041199 0.315387993 0.946119574 -0.9057068 0.539355927 -0.975211747 0 0 0 0 0 0 0 0 0 0 0 0 0 0 0 0 0 0 0 0 0 0 0 0 0 0 0 0 0 0 0 0 0 0 0 0 0 0 0 0 0 0 0 0 0 1.06493365 -4.41546852 -4.56643398 -5.74460447 0.98089998 -0.162901573 -0.0200820937 0.104379193
-0.293333333 0.18137417 0.0389677355 -0.0909077286 0.360384865 0.928363363 -0.915969124 0.467382077 -0.979487715 0 0 0 0 0 0 0 0 0 0 0 0 0 0 0 0 0 0 0 0 0 0 0 0 0 0 0 0 0 0 0 0 0 0 0 0 0 0 0 0 0 0 0 0 0 1.04228066 -4.41546852 -4.56643398 -5.74460447 0.975303988 -0.187638617 -0.024699548 0.113858741
-0.293333333 0.197862731 0.0321400401 -0.108310363 0.399808525 0.910176911 -0.924345748 0.395408227 -0.982977975 0 0 0 0 0 0 0 0 0 0 0 0 0 0 0 0 0 0 0 0 0 0 0 0 0 0 0 0 0 0 0 0 0 0 0 0 0 0 0 0 0 0 0 0 0 1.02397068 -4.41546852 -4.56643398 -5.74460447 0.969490522 -0.209903953 -0.0291869039 0.123193273
-0.293333333 0.214351292 0.0245081427 -0.125344761 0.433371053 0.892456286 -0.931183168 0.323434377 -0.9858269 0 0 0 0 0 0 0 0 0 0 0 0 0 0 0 0 0 0 0 0 0 0 0 0 0 0 0 0 0 0 0 0 0 0 0 0 0 0 0 0 0 0 0 0 0 1.00914156 -4.41546852 -4.56643398 -5.74460447 0.96368918 -0.229453846 -0.0335080566 0.132405839
-0.293333333 0.230839853 0.0161569444 -0.141825138 0.461096591 0.875942671 -0.936764212 0.251460527 -0.988152335 0 0 0 0 0 0 0 0 0 0 0 0 0 0 0 0 0 0 0 0 0 0 0 0 0 0 0 0 0 0 0 0 0 0 0 0 0 0 0 0 0 0 0 0 0 0.9971128 -4.41546852 -4.56643398 -5.74460447 0.958095174 -0.246193046 -0.0376516713 0.141509619
-0.275555556 -0.236058298 0.00650144145 -0.035194856 -0.198941519 0.979379188 -0.927901943 0.261402105 -0.992091121 0 0 0 0 0 0 0 0 0 0 0 0 0 0 0 0 0 0 0 0 0 0 0 0 0 0 0 0 0 0 0 0 0 0 0 0 0 0 0 0 0 0 0 0 0 0.9971128 -4.41546852 -4.54407938 -5.74460447 0.98515203 0.101476234 -0.00360275773 -0.138437971
-0.275555556 -0.219196991 0.00982324807 -0.01721522 -0.188408539 0.981939845 -0.922320898 0.333375955 -0.989765686 0 0 0 0 0 0 0 0 0 0 0 0 0 0 0 0 0 0 0 0 0 0 0 0 0 0 0 0 0 0 0 0 0 0 0 0 0 0 0 0 0 0 0 0 0 1.00914156 -4.41546852 -4.54407938 -5.74460447 0.986996554 0.0949526492 0.00375126843 -0.129644609
-0.275555556 -0.202335684 0.0130034446 -0.00196009933 -0.183071342 0.983097677 -0.915483479 0.405349806 -0.986916761 0 0 0 0 0 0 0 0 0 0 0 0 0 0 0 0 0 0 0 0 0 0 0 0 0 0 0 0 0 0 0 0 0 0 0 0 0 0 0 0 0 0 0 0 0 1.02397068 -4.41546852 -4.54407938 -5.74460447 0.988430641 0.0913670516 0.0101598998 -0.12063874
-0.275555556 -0.185474377 0.016130099 0.0108377275 -0.18225804 0.983191004 -0.907106855 0.477323656 -0.983426502 0 0 0 0 0 0 0 0 0 0 0 0 0 0 0 0 0 0 0 0 0 0 0 0 0 0 0 0 0 0 0 0 0 0 0 0 0 0 0 0 0 0 0 0 0 1.04228066 -4.41546852 -4.54407938 -5.74460447 0.98952906 0.0903298974 0.0156527193 -0.111479778
-0.275555556 -0.16861307 0.0192762792 0.0214844297 -0.185059574 0.982492429 -0.896844531 0.549297506 -0.979150533 0 0 0 0 0 0 0 0 0 0 0 0 0 0 0 0 0 0 0 0 0 0 0 0 0 0 0 0 0 0 0 0 0 0 0 0 0 0 0 0 0 0 0 0 0 1.06493365 -4.41546852 -4.54407938 -5.74460447 0.990353628 0.0913388605 0.0202730843 -0.102205213
-0.275555556 -0.151751763 0.0224971592 0.0302917034 -0.190395068 0.981240098 -0.884272006 0.621271356 -0.973911981 0 0 0 0 0 0 0 0 0 0 0 0 0 0 0 0 0 0 0 0 0 0 0 0 0 0 0 0 0 0 0 0 0 0 0 0 0 0 0 0 0 0 0 0 0 1.09303185 -4.41546852 -4.54407938 -5.74460447 0.990960307 0.0938109046 0.0240720786 -0.0928316675
-0.275555556 -0.134890456 0.0258278348 0.0375510396 -0.197077433 0.979668518 -0.86886922 0.693245206 -0.967494154 0 0 0 0 0 0 0 0 0 0 0 0 0 0 0 0 0 0 0 0 0 0 0 0 0 0 0 0 0 0 0 0 0 0 0 0 0 0 0 0 0 0 0 0 0 1.12800087 -4.41546852 -4.54407938 -5.74460447 0.99140589 0.0971140025 0.0271037184 -0.0833583839
-0.275555556 -0.118029149 0.0292819332 0.0435146311 -0.203876412 0.978029082 -0.849999042 0.765219056 -0.959631579 0 0 0 0 0 0 0 0 0 0 0 0 0 0 0 0 0 0 0 0 0 0 0 0 0 0 0 0 0 0 0 0 0 0 0 0 0 0 0 0 0 0 0 0 0 1.17171321 -4.41546852 -4.54407938 -5.74460447 0.991752076 0.100597448 0.0294212906 -0.0737723526
-0.275555556 -0.101167842 0.0328510733 0.0483817484 -0.209575208 0.976594818 -0.826880908 0.837192907 -0.949999024 0 0 0 0 0 0 0 0 0 0 0 0 0 0 0 0 0 0 0 0 0 0 0 0 0 0 0 0 0 0 0 0 0 0 0 0 0 0 0 0 0 0 0 0 0 1.22667906 -4.41546852 -4.54407938 -5.74460447 0.992065756 0.103619279 0.0310746819 -0.0640542337
-0.275555556 -0.0843065348 0.0365051984 0.0522896662 -0.213016669 0.975648343 -0.798558542 0.909166757 -0.938198038 0 0 0 0 0 0 0 0 0 0 0 0 0 0 0 0 0 0 0 0 0 0 0 0 0 0 0 0 0 0 0 0 0 0 0 0 0 0 0 0 0 0 0 0 0 1.29635675 -4.41546852 -4.54407938 -5.74460447 0.992415354 0.105569261 0.0321085592 -0.0541842767
-0.275555556 -0.0674452279 0.0401937654 0.0553085055 -0.213136773 0.97545563 -0.763860396 0.981140607 -0.923740477 0 0 0 0 0 0 0 0 0 0 0 0 0 0 0 0 0 0 0 0 0 0 0 0 0 0 0 0 0 0 0 0 0 0 0 0 0 0 0 0 0 0 0 0 0 1.38569098 -4.41546852 -4.54407938 -5.74460447 0.992863942 0.105886499 0.032561242 -0.044147558
-0.275555556 -0.0505839209 0.0438477472 0.057439592 -0.208986232 0.976230223 -0.721351185 1.05311446 -0.906028306 0 0 0 0 0 0 0 0 0 0 0 0 0 0 0 0 0 0 0 0 0 0 0 0 0 0 0 0 0 0 0 0 0 0 0 0 0 0 0 0 0 0 0 0 0 1.50212287 -4.41546852 -4.54407938 -5.74460447 0.993460276 0.104071949 0.0324641024 -0.0339380602
-0.275555556 -0.0337226139 0.0473823657 0.0586171909 -0.199744611 0.978093102 -0.669272527 1.12508831 -0.884328865 0 0 0 0 0 0 0 0 0 0 0 0 0 0 0 0 0 0 0 0 0 0 0 0 0 0 0 0 0 0 0 0 0 0 0 0 0 0 0 0 0 0 0 0 0 1.65768918 -4.41546852 -4.54407938 -5.74460447 0.994229055 0.0996974284 0.0318413561 -0.0235613494
-0.275555556 -0.016861307 0.0507004491 0.0587138614 -0.184734076 0.981033131 -0.605470195 1.19706216 -0.85774456 0 0 0 0 0 0 0 0 0 0 0 0 0 0 0 0 0 0 0 0 0 0 0 0 0 0 0 0 0 0 0 0 0 0 0 0 0 0 0 0 0 0 0 0 0 1.87403974 -4.41546852 -4.54407938 -5.74460447 0.995161611 0.0924138393 0.030710209 -0.0130358218
-0.275555556 0 0.0536962804 0.0575501898 -0.163440925 0.984873108 -0.527305021 1.26903601 -0.825175737 0 0 0 0 0 0 0 0 0 0 0 0 0 0 0 0 0 0 0 0 0 0 0 0 0 0 0 0 0 0 0 0 0 0 0 0 0 0 0 0 0 0 0 0 0 2.19722458 -4.41546852 -4.54407938 -5.74460447 0.996208226 0.0819616613 0.0290814699 -0.00239263793
-0.275555556 0.016861307 0.0562597832 0.054910164 -0.135551739 0.989247492 -0.605470195 1.19706216 -0.85774456 0 0 0 0 0 0 0 0 0 0 0 0 0 0 0 0 0 0 0 0 0 0 0 0 0 0 0 0 0 0 0 0 0 0 0 0 0 0 0 0 0 0 0 0 0 1.87403974 -4.41546852 -4.54407938 -5.74460447 0.997273499 0.0681862415 0.0269609081 0.00832547408
-0.275555556 0.0337226139 0.0582808812 0.0505635906 -0.101006711 0.993600004 -0.669272527 1.12508831 -0.884328865 0 0 0 0 0 0 0 0 0 0 0 0 0 0 0 0 0 0 0 0 0 0 0 0 0 0 0 0 0 0 0 0 0 0 0 0 0 0 0 0 0 0 0 0 0 1.65768918 -4.41546852 -4.54407938 -5.74460447 0.998216647 0.0510587109 0.0243517174 0.0190663961
-0.275555556 0.0505839209 0.0596538572 0.0442962131 -0.0600651308 0.997211124 -0.721351185 1.05311446 -0.906028306 0 0 0 0 0 0 0 0 0 0 0 0 0 0 0 0 0 0 0 0 0 0 0 0 0 0 0 0 0 0 0 0 0 0 0 0 0 0 0 0 0 0 0 0 0 1.50212287 -4.41546852 -4.54407938 -5.74460447 0.998858953 0.0307004937 0.0212583573 0.0297717061
-0.275555556 0.0674452279 0.0602815396 0.0359460809 -0.0133676997 0.999264321 -0.763860396 0.981140607 -0.923740477 0 0 0 0 0 0 0 0 0 0 0 0 0 0 0 0 0 0 0 0 0 0 0 0 0 0 0 0 0 0 0 0 0 0 0 0 0 0 0 0 0 0 0 0 0 1.38569098 -4.41546852 -4.54407938 -5.74460447 0.999000282 0.00740565535 0.0176916818 0.0403806663
-0.275555556 0.0843065348 0.0600791503 0.0254412847 0.0380293919 0.998952705 -0.798558542 0.909166757 -0.938198038 0 0 0 0 0 0 0 0 0 0 0 0 0 0 0 0 0 0 0 0 0 0 0 0 0 0 0 0 0 0 0 0 0 0 0 0 0 0 0 0 0 0 0 0 0 1.29635675 -4.41546852 -4.54407938 -5.74460447 0.998444866 -0.0183480791 0.0136746336 0.0508350407
-0.275555556 0.101167842 0.0589776621 0.0128305314 0.0926770292 0.995613552 -0.826880908 0.837192907 -0.949999024 0 0 0 0 0 0 0 0 0 0 0 0 0 0 0 0 0 0 0 0 0 0 0 0 0 0 0 0 0 0 0 0 0 0 0 0 0 0 0 0 0 0 0 0 0 1.22667906 -4.41546852 -4.54407938 -5.74460447 0.997033336 -0.0459098617 0.00924707503 0.0610843997
-0.275555556 0.118029149 0.056926532 -0.00170349896 0.148830932 0.988861189 -0.849999042 0.765219056 -0.959631579 0 0 0 0 0 0 0 0 0 0 0 0 0 0 0 0 0 0 0 0 0 0 0 0 0 0 0 0 0 0 0 0 0 0 0 0 0 0 0 0 0 0 0 0 0 1.17171321 -4.41546852 -4.54407938 -5.74460447 0.994674141 -0.0744945821 0.00446794969 0.071091123
-0.275555556 0.134890456 0.0538957031 -0.0178551804 0.204619105 0.978678811 -0.86886922 0.693245206 -0.967494154 0 0 0 0 0 0 0 0 0 0 0 0 0 0 0 0 0 0 0 0 0 0 0 0 0 0 0 0 0 0 0 0 0 0 0 0 0 0 0 0 0 0 0 0 0 1.12800087 -4.41546852 -4.54407938 -5.74460447 0.991365362 -0.103248489 -0.000586674339 0.0808339342
-0.275555556 0.151751763 0.0498767945 -0.035231097 0.258244479 0.965436978 -0.884272006 0.621271356 -0.973911981 0 0 0 0 0 0 0 0 0 0 0 0 0 0 0 0 0 0 0 0 0 0 0 0 0 0 0 0 0 0 0 0 0 0 0 0 0 0 0 0 0 0 0 0 0 1.09303185 -4.41546852 -4.54407938 -5.74460447 0.987199475 -0.131329824 -0.00582993116 0.0903088356
-0.275555556 0.16861307 0.0448834334 -0.0534004429 0.308170953 0.949831067 -0.896844531 0.549297506 -0.979150533 0 0 0 0 0 0 0 0 0 0 0 0 0 0 0 0 0 0 0 0 0 0 0 0 0 0 0 0 0 0 0 0 0 0 0 0 0 0 0 0 0 0 0 0 0 1.06493365 -4.41546852 -4.54407938 -5.74460447 0.982349186 -0.157986131 -0.0111735686 0.0995269349
-0.275555556 0.185474377 0.0389507154 -0.0719468482 0.353247154 0.9327594 -0.907106855 0.477323656 -0.983426502 0 0 0 0 0 0 0 0 0 0 0 0 0 0 0 0 0 0 0 0 0 0 0 0 0 0 0 0 0 0 0 0 0 0 0 0 0 0 0 0 0 0 0 0 0 1.04228066 -4.41546852 -4.54407938 -5.74460447 0.977039076 -0.182611038 -0.0165380934 0.108509654
-0.275555556 0.202335684 0.0321338147 -0.090509229 0.392747962 0.915181467 -0.915483479 0.405349806 -0.986916761 0 0 0 0 0 0 0 0 0 0 0 0 0 0 0 0 0 0 0 0 0 0 0 0 0 0 0 0 0 0 0 0 0 0 0 0 0 0 0 0 0 0 0 0 0 1.02397068 -4.41546852 -4.54407938 -5.74460447 0.971511973 -0.204771462 -0.0218612596 0.117282647
-0.275555556 0.219196991 0.0245057992 -0.108805421 0.426343383 0.897993708 -0.922320898 0.333375955 -0.989765686 0 0 0 0 0 0 0 0 0 0 0 0 0 0 0 0 0 0 0 0 0 0 0 0 0 0 0 0 0 0 0 0 0 0 0 0 0 0 0 0 0 0 0 0 0 1.00914156 -4.41546852 -4.54407938 -5.74460447 0.965998757 -0.224206494 -0.0271033896 0.125869993
-0.275555556 0.236058298 0.0161547368 -0.126639197 0.454022657 0.881944409 -0.927901943 0.261402105 -0.992091121 0 0 0 0 0 0 0 0 0 0 0 0 0 0 0 0 0 0 0 0 0 0 0 0 0 0 0 0 0 0 0 0 0 0 0 0 0 0 0 0 0 0 0 0 0 0.9971128 -4.41546852 -4.54407938 -5.74460447 0.960696846 -0.240806528 -0.0322492118 0.134289892
-0.257777778 -0.241239098 0.00602178438 -0.0232573586 -0.182709474 0.982891827 -0.919123426 0.269617859 -0.996064804 0 0 0 0 0 0 0 0 0 0 0 0 0 0 0 0 0 0 0 0 0 0 0 0 0 0 0 0 0 0 0 0 0 0 0 0 0 0 0 0 0 0 0 0 0 0.996932798 -4.41546852 -4.55746095 -5.74460447 0.987134403 0.0924872584 0.000439951982 -0.130428464
-0.257777778 -0.224601918 0.00902490703 -0.00464662172 -0.173393949 0.984841585 -0.913765408 0.339192581 -0.993832297 0 0 0 0 0 0 0 0 0 0 0 0 0 0 0 0 0 0 0 0 0 0 0 0 0 0 0 0 0 0 0 0 0 0 0 0 0 0 0 0 0 0 0 0 0 1.00847862 -4.41546852 -4.55746095 -5.74460447 0.988651056 0.0866542762 0.00838116439 -0.122433172
-0.257777778 -0.207964739 0.0119097808 0.0113638796 -0.169090009 0.985535099 -0.907245497 0.408767303 -0.991115668 0 0 0 0 0 0 0 0 0 0 0 0 0 0 0 0 0 0 0 0 0 0 0 0 0 0 0 0 0 0 0 0 0 0 0 0 0 0 0 0 0 0 0 0 0 1.02261242 -4.41546852 -4.55746095 -5.74460447 0.989803698 0.083638631 0.0153957774 -0.114263679
-0.257777778 -0.19132756 0.0147595173 0.0250054406 -0.16917552 0.98526868 -0.899311735 0.478342024 -0.987809933 0 0 0 0 0 0 0 0 0 0 0 0 0 0 0 0 0 0 0 0 0 0 0 0 0 0 0 0 0 0 0 0 0 0 0 0 0 0 0 0 0 0 0 0 0 1.03993915 -4.41546852 -4.55746095 -5.74460447 0.990657531 0.0830844208 0.0215090471 -0.10598111
-0.257777778 -0.174690381 0.0176439216 0.0365436799 -0.172818546 0.984275525 -0.889657525 0.547916746 -0.983787346 0 0 0 0 0 0 0 0 0 0 0 0 0 0 0 0 0 0 0 0 0 0 0 0 0 0 0 0 0 0 0 0 0 0 0 0 0 0 0 0 0 0 0 0 0 1.06121868 -4.41546852 -4.55746095 -5.74460447 0.991265529 0.0845354041 0.0267582298 -0.0976238415
-0.257777778 -0.158053202 0.0206169092 0.046251203 -0.179032346 0.982755435 -0.877909787 0.617491468 -0.978892455 0 0 0 0 0 0 0 0 0 0 0 0 0 0 0 0 0 0 0 0 0 0 0 0 0 0 0 0 0 0 0 0 0 0 0 0 0 0 0 0 0 0 0 0 0 1.08741338 -4.41546852 -4.55746095 -5.74460447 0.991675143 0.0874620901 0.0311875815 -0.0892083398
-0.257777778 -0.141416023 0.0237145099 0.054386823 -0.186731026 0.980904479 -0.863614536 0.68706619 -0.972936101 0 0 0 0 0 0 0 0 0 0 0 0 0 0 0 0 0 0 0 0 0 0 0 0 0 0 0 0 0 0 0 0 0 0 0 0 0 0 0 0 0 0 0 0 0 1.11975493 -4.41546852 -4.55746095 -5.74460447 0.991934749 0.0912887148 0.0348443823 -0.0807322362
-0.257777778 -0.124778844 0.0269535346 0.0611801513 -0.194784036 0.978936243 -0.846219341 0.756640912 -0.965688103 0 0 0 0 0 0 0 0 0 0 0 0 0 0 0 0 0 0 0 0 0 0 0 0 0 0 0 0 0 0 0 0 0 0 0 0 0 0 0 0 0 0 0 0 0 1.15984141 -4.41546852 -4.55746095 -5.74460447 0.992097937 0.0954194054 0.0377758576 -0.0721789736
-0.257777778 -0.108141664 0.0303309528 0.066820319 -0.202066397 0.977089666 -0.825051974 0.826215634 -0.956868366 0 0 0 0 0 0 0 0 0 0 0 0 0 0 0 0 0 0 0 0 0 0 0 0 0 0 0 0 0 0 0 0 0 0 0 0 0 0 0 0 0 0 0 0 0 1.20978386 -4.41546852 -4.55746095 -5.74460447 0.992224581 0.0992623657 0.040026861 -0.0635233287
-0.257777778 -0.0915044853 0.0338240053 0.0714478899 -0.207501058 0.975622114 -0.799294434 0.895790355 -0.946136058 0 0 0 0 0 0 0 0 0 0 0 0 0 0 0 0 0 0 0 0 0 0 0 0 0 0 0 0 0 0 0 0 0 0 0 0 0 0 0 0 0 0 0 0 0 1.27243798 -4.41546852 -4.55746095 -5.74460447 0.992378408 0.102250687 0.0416382022 -0.0547371176
-0.257777778 -0.0748673062 0.0373910458 0.0751493948 -0.210090678 0.974789452 -0.767951338 0.965365077 -0.933076435 0 0 0 0 0 0 0 0 0 0 0 0 0 0 0 0 0 0 0 0 0 0 0 0 0 0 0 0 0 0 0 0 0 0 0 0 0 0 0 0 0 0 0 0 0 1.35179168 -4.41546852 -4.55746095 -5.74460447 0.992621576 0.103858724 0.0426455097 -0.0457944735
-0.257777778 -0.058230127 0.040973083 0.0779542154 -0.208938488 0.974816828 -0.729811448 1.0349398 -0.917184814 0 0 0 0 0 0 0 0 0 0 0 0 0 0 0 0 0 0 0 0 0 0 0 0 0 0 0 0 0 0 0 0 0 0 0 0 0 0 0 0 0 0 0 0 0 1.45365945 -4.41546852 -4.55746095 -5.74460447 0.993007184 0.103613838 0.043078514 -0.0366762415
-0.257777778 -0.0415929479 0.0444959637 0.0798338003 -0.203260758 0.975864555 -0.683400871 1.10451452 -0.897847074 0 0 0 0 0 0 0 0 0 0 0 0 0 0 0 0 0 0 0 0 0 0 0 0 0 0 0 0 0 0 0 0 0 0 0 0 0 0 0 0 0 0 0 0 0 1.58704011 -4.41546852 -4.55746095 -5.74460447 0.993570825 0.101104425 0.0429606563 -0.0273732292
-0.257777778 -0.0249557687 0.0478731175 0.0807034615 -0.192395953 0.977993225 -0.626926098 1.17408924 -0.874315918 0 0 0 0 0 0 0 0 0 0 0 0 0 0 0 0 0 0 0 0 0 0 0 0 0 0 0 0 0 0 0 0 0 0 0 0 0 0 0 0 0 0 0 0 0 1.76709569 -4.41546852 -4.55746095 -5.74460447 0.994322193 0.0959861341 0.0423089765 -0.0178882455
-0.257777778 -0.00831858957 0.051008761 0.0804273497 -0.175817112 0.981131889 -0.558204694 1.24366396 -0.845682 0 0 0 0 0 0 0 0 0 0 0 0 0 0 0 0 0 0 0 0 0 0 0 0 0 0 0 0 0 0 0 0 0 0 0 0 0 0 0 0 0 0 0 0 0 2.02284671 -4.41546852 -4.55746095 -5.74460447 0.995237709 0.0879887606 0.0411343324 -0.00823700508
-0.257777778 0.00831858957 0.0538014427 0.0788276058 -0.153153779 0.985053363 -0.558204694 1.24366396 -0.845682 0 0 0 0 0 0 0 0 0 0 0 0 0 0 0 0 0 0 0 0 0 0 0 0 0 0 0 0 0 0 0 0 0 0 0 0 0 0 0 0 0 0 0 0 0 2.02284671 -4.41546852 -4.55746095 -5.74460447 0.996255125 0.0769261807 0.0394421229 0.00155195344
-0.257777778 0.0249557687 0.0561477984 0.0756989713 -0.124227703 0.989361988 -0.626926098 1.17408924 -0.874315918 0 0 0 0 0 0 0 0 0 0 0 0 0 0 0 0 0 0 0 0 0 0 0 0 0 0 0 0 0 0 0 0 0 0 0 0 0 0 0 0 0 0 0 0 0 1.76709569 -4.41546852 -4.55746095 -5.74460447 0.997271358 0.0627108541 0.0372337842 0.0114381962
-0.257777778 0.0415929479 0.0579463769 0.0708299977 -0.0891020138 0.993500852 -0.683400871 1.10451452 -0.897847074 0 0 0 0 0 0 0 0 0 0 0 0 0 0 0 0 0 0 0 0 0 0 0 0 0 0 0 0 0 0 0 0 0 0 0 0 0 0 0 0 0 0 0 0 0 1.58704011 -4.41546852 -4.55746095 -5.74460447 0.99814513 0.0453726704 0.0345093447 0.0213711132
-0.257777778 0.058230127 0.0591013946 0.0640310045 -0.0481367702 0.996786277 -0.729811448 1.0349398 -0.917184814 0 0 0 0 0 0 0 0 0 0 0 0 0 0 0 0 0 0 0 0 0 0 0 0 0 0 0 0 0 0 0 0 0 0 0 0 0 0 0 0 0 0 0 0 0 1.45365945 -4.41546852 -4.55746095 -5.74460447 0.998706123 0.0250793869 0.0312711672 0.0312924746
-0.257777778 0.0748673062 0.0595262811 0.0551668233 -0.00203567049 0.998475076 -0.767951338 0.965365077 -0.933076435 0 0 0 0 0 0 0 0 0 0 0 0 0 0 0 0 0 0 0 0 0 0 0 0 0 0 0 0 0 0 0 0 0 0 0 0 0 0 0 0 0 0 0 0 0 1.35179168 -4.41546852 -4.55746095 -5.74460447 0.998771768 0.00215300635 0.0275286487 0.0411399311
-0.257777778 0.0915044853 0.0591468833 0.0441893676 0.0481375835 0.997862753 -0.799294434 0.895790355 -0.946136058 0 0 0 0 0 0 0 0 0 0 0 0 0 0 0 0 0 0 0 0 0 0 0 0 0 0 0 0 0 0 0 0 0 0 0 0 0 0 0 0 0 0 0 0 0 1.27243798 -4.41546852 -4.55746095 -5.74460447 0.99817108 -0.0229257236 0.0233031101 0.0508514719
-0.257777778 0.108141664 0.0579042097 0.0311623288 0.100994543 0.994398819 -0.825051974 0.826215634 -0.956868366 0 0 0 0 0 0 0 0 0 0 0 0 0 0 0 0 0 0 0 0 0 0 0 0 0 0 0 0 0 0 0 0 0 0 0 0 0 0 0 0 0 0 0 0 0 1.20978386 -4.41546852 -4.55746095 -5.74460447 0.996772193 -0.049532352 0.0186315996 0.0603705636
-0.257777778 0.124778844 0.0557566143 0.0162697316 0.154919319 0.987793147 -0.846219341 0.756640912 -0.965688103 0 0 0 0 0 0 0 0 0 0 0 0 0 0 0 0 0 0 0 0 0 0 0 0 0 0 0 0 0 0 0 0 0 0 0 0 0 0 0 0 0 0 0 0 0 1.15984141 -4.41546852 -4.55746095 -5.74460447 0.994507555 -0.0769371937 0.0135681599 0.0696512499
-0.257777778 0.141416023 0.0526813376 -0.000196790572 0.20821809 0.978082404 -0.863614536 0.68706619 -0.972936101 0 0 0 0 0 0 0 0 0 0 0 0 0 0 0 0 0 0 0 0 0 0 0 0 0 0 0 0 0 0 0 0 0 0 0 0 0 0 0 0 0 0 0 0 0 1.11975493 -4.41546852 -4.55746095 -5.74460447 0.991389666 -0.104364076 0.00818155159 0.0786621344
-0.257777778 0.158053202 0.0486753492 -0.017870735 0.259289696 0.965634242 -0.877909787 0.617491468 -0.978892455 0 0 0 0 0 0 0 0 0 0 0 0 0 0 0 0 0 0 0 0 0 0 0 0 0 0 0 0 0 0 0 0 0 0 0 0 0 0 0 0 0 0 0 0 0 1.08741338 -4.41546852 -4.55746095 -5.74460447 0.987512242 -0.131058686 0.00254944937 0.0873881798
-0.257777778 0.174690381 0.0437554601 -0.036355449 0.30677611 0.951087115 -0.889657525 0.547916746 -0.983787346 0 0 0 0 0 0 0 0 0 0 0 0 0 0 0 0 0 0 0 0 0 0 0 0 0 0 0 0 0 0 0 0 0 0 0 0 0 0 0 0 0 0 0 0 0 1.06121868 -4.41546852 -4.55746095 -5.74460447 0.983036221 -0.15635179 -0.00324969453 0.0958297766
-0.257777778 0.19132756 0.0379577 -0.0552693077 0.349659045 0.935245345 -0.899311735 0.478342024 -0.987809933 0 0 0 0 0 0 0 0 0 0 0 0 0 0 0 0 0 0 0 0 0 0 0 0 0 0 0 0 0 0 0 0 0 0 0 0 0 0 0 0 0 0 0 0 0 1.03993915 -4.41546852 -4.55746095 -5.74460447 0.978165019 -0.17970446 -0.00914518953 0.103999363
-0.257777778 0.207964739 0.0313359845 -0.0742813107 0.387289748 0.918960793 -0.907245497 0.408767303 -0.991115668 0 0 0 0 0 0 0 0 0 0 0 0 0 0 0 0 0 0 0 0 0 0 0 0 0 0 0 0 0 0 0 0 0 0 0 0 0 0 0 0 0 0 0 0 0 1.02261242 -4.41546852 -4.55746095 -5.74460447 0.973116165 -0.200729076 -0.0150811789 0.111916604
-0.257777778 0.224601918 0.0239601185 -0.093132052 0.419361025 0.903029762 -0.913765408 0.339192581 -0.993832297 0 0 0 0 0 0 0 0 0 0 0 0 0 0 0 0 0 0 0 0 0 0 0 0 0 0 0 0 0 0 0 0 0 0 0 0 0 0 0 0 0 0 0 0 0 1.00847862 -4.41546852 -4.55746095 -5.74460447 0.968096021 -0.219187665 -0.0210210914 0.119603405
-0.257777778 0.241239098 0.0159132138 -0.111640448 0.445843757 0.888121475 -0.919123426 0.269617859 -0.996064804 0 0 0 0 0 0 0 0 0 0 0 0 0 0 0 0 0 0 0 0 0 0 0 0 0 0 0 0 0 0 0 0 0 0 0 0 0 0 0 0 0 0 0 0 0 0.996932798 -4.41546852 -4.55746095 -5.74460447 0.963281608 -0.234974468 -0.0269492434 0.127079821
-0.24 -0.245814486 0.0055251899 -0.0113485316 -0.164761946 0.986268073 -0.910261156 0.278488993 -1.00000359 0 0 0 0 0 0 0 0 0 0 0 0 0 0 0 0 0 0 0 0 0 0 0 0 0 0 0 0 0 0 0 0 0 0 0 0 0 0 0 0 0 0 0 0 0 0.996932798 -4.41546852 -4.53867236 -5.74460447 0.989049976 0.082739951 0.00447928586 -0.122123632
-0.24 -0.228861763 0.00827720278 0.0083580994 -0.156601361 0.987626527 -0.904903139 0.348063715 -0.997771084 0 0 0 0 0 0 0 0 0 0 0 0 0 0 0 0 0 0 0 0 0 0 0 0 0 0 0 0 0 0 0 0 0 0 0 0 0 0 0 0 0 0 0 0 0 1.00847862 -4.41546852 -4.53867236 -5.74460447 0.99029037 0.0775411245 0.0131951026 -0.114622187
-0.24 -0.21190904 0.0109318903 0.0254274967 -0.153574633 0.987809837 -0.898383228 0.417638437 -0.995054454 0 0 0 0 0 0 0 0 0 0 0 0 0 0 0 0 0 0 0 0 0 0 0 0 0 0 0 0 0 0 0 0 0 0 0 0 0 0 0 0 0 0 0 0 0 1.02261242 -4.41546852 -4.53867236 -5.74460447 0.991191605 0.0752092692 0.0209439072 -0.106977196
-0.24 -0.194956317 0.013574943 0.0400834672 -0.155028702 0.987096458 -0.890449465 0.487213159 -0.99174872 0 0 0 0 0 0 0 0 0 0 0 0 0 0 0 0 0 0 0 0 0 0 0 0 0 0 0 0 0 0 0 0 0 0 0 0 0 0 0 0 0 0 0 0 0 1.03993915 -4.41546852 -4.53867236 -5.74460447 0.991814799 0.0753769449 0.027750445 -0.0992553948
-0.24 -0.178003594 0.0162783322 0.0525812854 -0.16010341 0.985698791 -0.880795256 0.556787881 -0.987726132 0 0 0 0 0 0 0 0 0 0 0 0 0 0 0 0 0 0 0 0 0 0 0 0 0 0 0 0 0 0 0 0 0 0 0 0 0 0 0 0 0 0 0 0 0 1.06121868 -4.41546852 -4.53867236 -5.74460447 0.992208474 0.0775771832 0.0336509306 -0.0914972097
-0.24 -0.16105087 0.0190976465 0.0631821928 -0.167786002 0.98379666 -0.869047518 0.626362602 -0.982831241 0 0 0 0 0 0 0 0 0 0 0 0 0 0 0 0 0 0 0 0 0 0 0 0 0 0 0 0 0 0 0 0 0 0 0 0 0 0 0 0 0 0 0 0 0 1.08741338 -4.41546852 -4.53867236 -5.74460447 0.992416071 0.0812704511 0.0386882901 -0.0837178135
-0.24 -0.144098147 0.0220700336 0.0721346183 -0.176966701 0.981569857 -0.854752267 0.695937324 -0.976874887 0 0 0 0 0 0 0 0 0 0 0 0 0 0 0 0 0 0 0 0 0 0 0 0 0 0 0 0 0 0 0 0 0 0 0 0 0 0 0 0 0 0 0 0 0 1.11975493 -4.41546852 -4.53867236 -5.74460447 0.992483004 0.0858716447 0.0429084175 -0.0759105748
-0.24 -0.127145424 0.0252128262 0.079660527 -0.186493771 0.979221259 -0.837357072 0.765512046 -0.969626889 0 0 0 0 0 0 0 0 0 0 0 0 0 0 0 0 0 0 0 0 0 0 0 0 0 0 0 0 0 0 0 0 0 0 0 0 0 0 0 0 0 0 0 0 0 1.15984141 -4.41546852 -4.53867236 -5.74460447 0.992461348 0.0907765033 0.0463572762 -0.0680522058
-0.24 -0.110192701 0.0285228998 0.0859453454 -0.195224795 0.976985505 -0.816189704 0.835086768 -0.960807153 0 0 0 0 0 0 0 0 0 0 0 0 0 0 0 0 0 0 0 0 0 0 0 0 0 0 0 0 0 0 0 0 0 0 0 0 0 0 0 0 0 0 0 0 0 1.20978386 -4.41546852 -4.53867236 -5.74460447 0.992411042 0.0953862148 0.0490786869 -0.060108875
-0.24 -0.0932399776 0.0319767888 0.0911303594 -0.202070132 0.975122002 -0.790432165 0.90466149 -0.950074844 0 0 0 0 0 0 0 0 0 0 0 0 0 0 0 0 0 0 0 0 0 0 0 0 0 0 0 0 0 0 0 0 0 0 0 0 0 0 0 0 0 0 0 0 0 1.27243798 -4.41546852 -4.53867236 -5.74460447 0.992397387 0.0991286687 0.051112678 -0.0520425468
-0.24 -0.0762872544 0.0355315547 0.0953069943 -0.206025428 0.973894296 -0.759089068 0.974236212 -0.937015221 0 0 0 0 0 0 0 0 0 0 0 0 0 0 0 0 0 0 0 0 0 0 0 0 0 0 0 0 0 0 0 0 0 0 0 0 0 0 0 0 0 0 0 0 0 1.35179168 -4.41546852 -4.53867236 -5.74460447 0.992485379 0.101475124 0.0524942961 -0.043816889
-0.24 -0.0593345312 0.0391263755 0.0985128181 -0.206192473 0.973539875 -0.720949179 1.04381093 -0.9211236 0 0 0 0 0 0 0 0 0 0 0 0 0 0 0 0 0 0 0 0 0 0 0 0 0 0 0 0 0 0 0 0 0 0 0 0 0 0 0 0 0 0 0 0 0 1.45365945 -4.41546852 -4.53867236 -5.74460447 0.992731896 0.101951965 0.0532527857 -0.0354022593
-0.24 -0.042381808 0.0426847971 0.100729428 -0.20179081 0.974235111 -0.674538602 1.11338566 -0.90178586 0 0 0 0 0 0 0 0 0 0 0 0 0 0 0 0 0 0 0 0 0 0 0 0 0 0 0 0 0 0 0 0 0 0 0 0 0 0 0 0 0 0 0 0 0 1.58704011 -4.41546852 -4.53867236 -5.74460447 0.99317693 0.100148403 0.0534110651 -0.0267794961
-0.24 -0.0254290848 0.0461175625 0.101882658 -0.192165216 0.976059657 -0.618063829 1.18296038 -0.878254704 0 0 0 0 0 0 0 0 0 0 0 0 0 0 0 0 0 0 0 0 0 0 0 0 0 0 0 0 0 0 0 0 0 0 0 0 0 0 0 0 0 0 0 0 0 1.76709569 -4.41546852 -4.53867236 -5.74460447 0.993834944 0.0957220503 0.052985476 -0.0179424536
-0.24 -0.0084763616 0.049325916 0.101845875 -0.176795732 0.978964089 -0.549342425 1.2525351 -0.849620786 0 0 0 0 0 0 0 0 0 0 0 0 0 0 0 0 0 0 0 0 0 0 0 0 0 0 0 0 0 0 0 0 0 0 0 0 0 0 0 0 0 0 0 0 0 2.02284671 -4.41546852 -4.53867236 -5.74460447 0.99468731 0.0884048915 0.0519858711 -0.00889938068
-0.24 0.0084763616 0.0522052582 0.10044747 -0.155316812 0.982744623 -0.549342425 1.2525351 -0.849620786 0 0 0 0 0 0 0 0 0 0 0 0 0 0 0 0 0 0 0 0 0 0 0 0 0 0 0 0 0 0 0 0 0 0 0 0 0 0 0 0 0 0 0 0 0 2.02284671 -4.41546852 -4.53867236 -5.74460447 0.995676757 0.0780121415 0.050416211 0.000326684476
-0.24 0.0254290848 0.0546490173 0.0974839732 -0.127550108 0.98702981 -0.618063829 1.18296038 -0.878254704 0 0 0 0 0 0 0 0 0 0 0 0 0 0 0 0 0 0 0 0 0 0 0 0 0 0 0 0 0 0 0 0 0 0 0 0 0 0 0 0 0 0 0 0 0 1.76709569 -4.41546852 -4.53867236 -5.74460447 0.996704995 0.0644556329 0.0482759423 0.00969835763
-0.24 0.042381808 0.0565525937 0.0927400927 -0.0935510992 0.991285765 -0.674538602 1.11338566 -0.90178586 0 0 0 0 0 0 0 0 0 0 0 0 0 0 0 0 0 0 0 0 0 0 0 0 0 0 0 0 0 0 0 0 0 0 0 0 0 0 0 0 0 0 0 0 0 1.58704011 -4.41546852 -4.53867236 -5.74460447 0.997634993 0.0477617175 0.0455624413 0.0191651517
-0.24 0.0593345312 0.0578172318 0.0860160876 -0.0536631986 0.994847473 -0.720949179 1.04381093 -0.9211236 0 0 0 0 0 0 0 0 0 0 0 0 0 0 0 0 0 0 0 0 0 0 0 0 0 0 0 0 0 0 0 0 0 0 0 0 0 0 0 0 0 0 0 0 0 1.45365945 -4.41546852 -4.53867236 -5.74460447 0.998299563 0.0280911967 0.0422746775 0.0286656262
-0.24 0.0762872544 0.0583536747 0.0771608568 -0.00856502919 0.996981867 -0.759089068 0.974236212 -0.937015221 0 0 0 0 0 0 0 0 0 0 0 0 0 0 0 0 0 0 0 0 0 0 0 0 0 0 0 0 0 0 0 0 0 0 0 0 0 0 0 0 0 0 0 0 0 1.35179168 -4.41546852 -4.53867236 -5.74460447 0.998517394 0.00575594819 0.0384179089 0.0381306489
-0.24 0.0932399776 0.0580854681 0.0661060672 0.0407099238 0.99698179 -0.790432165 0.90466149 -0.950074844 0 0 0 0 0 0 0 0 0 0 0 0 0 0 0 0 0 0 0 0 0 0 0 0 0 0 0 0 0 0 0 0 0 0 0 0 0 0 0 0 0 0 0 0 0 1.27243798 -4.41546852 -4.53867236 -5.74460447 0.998116122 -0.0187753297 0.0340087032 0.0474879202
-0.24 0.110192701 0.0569517902 0.0528936548 0.0928025764 0.994278604 -0.816189704 0.835086768 -0.960807153 0 0 0 0 0 0 0 0 0 0 0 0 0 0 0 0 0 0 0 0 0 0 0 0 0 0 0 0 0 0 0 0 0 0 0 0 0 0 0 0 0 0 0 0 0 1.20978386 -4.41546852 -4.53867236 -5.74460447 0.99695942 -0.0448899394 0.0290790502 0.0566676094
-0.24 0.127145424 0.0549097024 0.0376879757 0.146118113 0.988548994 -0.837357072 0.765512046 -0.969626889 0 0 0 0 0 0 0 0 0 0 0 0 0 0 0 0 0 0 0 0 0 0 0 0 0 0 0 0 0 0 0 0 0 0 0 0 0 0 0 0 0 0 0 0 0 1.15984141 -4.41546852 -4.53867236 -5.74460447 0.994972376 -0.0718668925 0.0236781078 0.0656084485
-0.24 0.144098147 0.051935739 0.0207665194 0.198968925 0.979785751 -0.854752267 0.695937324 -0.976874887 0 0 0 0 0 0 0 0 0 0 0 0 0 0 0 0 0 0 0 0 0 0 0 0 0 0 0 0 0 0 0 0 0 0 0 0 0 0 0 0 0 0 0 0 0 1.11975493 -4.41546852 -4.53867236 -5.74460447 0.992158184 -0.0989331602 0.0178704836 0.0742631378
-0.24 0.16105087 0.0480267758 0.00248932821 0.249741935 0.968309232 -0.869047518 0.626362602 -0.982831241 0 0 0 0 0 0 0 0 0 0 0 0 0 0 0 0 0 0 0 0 0 0 0 0 0 0 0 0 0 0 0 0 0 0 0 0 0 0 0 0 0 0 0 0 0 1.08741338 -4.41546852 -4.53867236 -5.74460447 0.988600811 -0.12533064 0.0117309206 0.0826017765
-0.24 0.178003594 0.0432001451 -0.0167455695 0.297050235 0.954715006 -0.880795256 0.556787881 -0.987726132 0 0 0 0 0 0 0 0 0 0 0 0 0 0 0 0 0 0 0 0 0 0 0 0 0 0 0 0 0 0 0 0 0 0 0 0 0 0 0 0 0 0 0 0 0 1.06121868 -4.41546852 -4.53867236 -5.74460447 0.984452582 -0.150379583 0.005336446 0.0906124521
-0.24 0.194956317 0.037492995 -0.0365491322 0.339834604 0.939774762 -0.890449465 0.487213159 -0.99174872 0 0 0 0 0 0 0 0 0 0 0 0 0 0 0 0 0 0 0 0 0 0 0 0 0 0 0 0 0 0 0 0 0 0 0 0 0 0 0 0 0 0 0 0 0 1.03993915 -4.41546852 -4.53867236 -5.74460447 0.979910554 -0.173525434 -0.00124214899 0.0982989685
-0.24 0.21190904 0.0309609139 -0.0565798495 0.377399837 0.924320336 -0.898383228 0.417638437 -0.995054454 0 0 0 0 0 0 0 0 0 0 0 0 0 0 0 0 0 0 0 0 0 0 0 0 0 0 0 0 0 0 0 0 0 0 0 0 0 0 0 0 0 0 0 0 0 1.02261242 -4.41546852 -4.53867236 -5.74460447 0.975188512 -0.194362208 -0.00794758861 0.10567655
-0.24 0.228861763 0.023675873 -0.076567749 0.409392775 0.909139668 -0.904903139 0.348063715 -0.997771084 0 0 0 0 0 0 0 0 0 0 0 0 0 0 0 0 0 0 0 0 0 0 0 0 0 0 0 0 0 0 0 0 0 0 0 0 0 0 0 0 0 0 0 0 0 1.00847862 -4.41546852 -4.53867236 -5.74460447 0.970491361 -0.212633187 -0.0147408927 0.112766807
-0.24 0.245814486 0.015723563 -0.0963234054 0.435742957 0.894902161 -0.910261156 0.278488993 -1.00000359 0 0 0 0 0 0 0 0 0 0 0 0 0 0 0 0 0 0 0 0 0 0 0 0 0 0 0 0 0 0 0 0 0 0 0 0 0 0 0 0 0 0 0 0 0 0.996932798 -4.41546852 -4.53867236 -5.74460447 0.965996149 -0.228215285 -0.0216033145 0.119593147
-0.222222222 -0.250343792 0.00491654427 -0.00028553711 -0.145551847 0.989350584 -0.90147698 0.285676885 -1.00397492 0 0 0 0 0 0 0 0 0 0 0 0 0 0 0 0 0 0 0 0 0 0 0 0 0 0 0 0 0 0 0 0 0 0 0 0 0 0 0 0 0 0 0 0 0 0.996764974 -4.41546852 -4.5543159 -5.74460447 0.990823442 0.0725104309 0.00818201243 -0.113772573
-0.222222222 -0.233654206 0.00730574724 0.0198825983 -0.138711886 0.99013317 -0.89632505 0.353007261 -1.00182828 0 0 0 0 0 0 0 0 0 0 0 0 0 0 0 0 0 0 0 0 0 0 0 0 0 0 0 0 0 0 0 0 0 0 0 0 0 0 0 0 0 0 0 0 0 1.00786469 -4.41546852 -4.5543159 -5.74460447 0.991775763 0.068057654 0.0173657866 -0.106992626
-0.222222222 -0.21696462 0.00962139132 0.0375442864 -0.136811762 0.989885331 -0.890095484 0.420337636 -0.999232626 0 0 0 0 0 0 0 0 0 0 0 0 0 0 0 0 0 0 0 0 0 0 0 0 0 0 0 0 0 0 0 0 0 0 0 0 0 0 0 0 0 0 0 0 0 1.0213632 -4.41546852 -4.5543159 -5.74460447 0.99243207 0.0663445086 0.025607435 -0.100106199
-0.222222222 -0.200275034 0.0119440802 0.0528923955 -0.139245542 0.988844312 -0.88256287 0.487668012 -0.996094037 0 0 0 0 0 0 0 0 0 0 0 0 0 0 0 0 0 0 0 0 0 0 0 0 0 0 0 0 0 0 0 0 0 0 0 0 0 0 0 0 0 0 0 0 0 1.03780065 -4.41546852 -4.5543159 -5.74460447 0.992844226 0.0670342177 0.0329280673 -0.0931799308
-0.222222222 -0.183585448 0.0143422559 0.06614637 -0.145224742 0.987185105 -0.873454646 0.554998388 -0.992298944 0 0 0 0 0 0 0 0 0 0 0 0 0 0 0 0 0 0 0 0 0 0 0 0 0 0 0 0 0 0 0 0 0 0 0 0 0 0 0 0 0 0 0 0 0 1.05785014 -4.41546852 -4.5543159 -5.74460447 0.993052234 0.0697017816 0.0393587224 -0.0862543542
-0.222222222 -0.166895862 0.0168698255 0.0775317659 -0.153823649 0.985051831 -0.862441242 0.622328764 -0.987710025 0 0 0 0 0 0 0 0 0 0 0 0 0 0 0 0 0 0 0 0 0 0 0 0 0 0 0 0 0 0 0 0 0 0 0 0 0 0 0 0 0 0 0 0 0 1.0823568 -4.41546852 -4.5543159 -5.74460447 0.993091296 0.0738566038 0.0449364713 -0.0793447741
-0.222222222 -0.150206275 0.0195642927 0.0872655786 -0.164026085 0.982588501 -0.849124145 0.68965914 -0.982161235 0 0 0 0 0 0 0 0 0 0 0 0 0 0 0 0 0 0 0 0 0 0 0 0 0 0 0 0 0 0 0 0 0 0 0 0 0 0 0 0 0 0 0 0 0 1.11239182 -4.41546852 -4.5543159 -5.74460447 0.992998528 0.0789653366 0.0497013592 -0.0724442839
-0.222222222 -0.133516689 0.0224454571 0.0955457853 -0.174772727 0.979961987 -0.833021491 0.756989516 -0.975451795 0 0 0 0 0 0 0 0 0 0 0 0 0 0 0 0 0 0 0 0 0 0 0 0 0 0 0 0 0 0 0 0 0 0 0 0 0 0 0 0 0 0 0 0 0 1.14932971 -4.41546852 -4.5543159 -5.74460447 0.992817721 0.0844746025 0.0536940203 -0.065528361
-0.222222222 -0.116827103 0.0255147282 0.102543559 -0.185006438 0.977372721 -0.813550619 0.824319892 -0.967338932 0 0 0 0 0 0 0 0 0 0 0 0 0 0 0 0 0 0 0 0 0 0 0 0 0 0 0 0 0 0 0 0 0 0 0 0 0 0 0 0 0 0 0 0 0 1.1949624 -4.41546852 -4.5543159 -5.74460447 0.992601146 0.0898326374 0.0569538113 -0.0585604387
-0.222222222 -0.100137517 0.0287550761 0.108397038 -0.193712044 0.975051653 -0.790006994 0.891650268 -0.957529088 0 0 0 0 0 0 0 0 0 0 0 0 0 0 0 0 0 0 0 0 0 0 0 0 0 0 0 0 0 0 0 0 0 0 0 0 0 0 0 0 0 0 0 0 0 1.2516752 -4.41546852 -4.5543159 -5.74460447 0.992408082 0.0945085089 0.0595173524 -0.0514978253
-0.222222222 -0.0834479308 0.0321316222 0.113206048 -0.199947349 0.973244804 -0.761538711 0.958980644 -0.945667304 0 0 0 0 0 0 0 0 0 0 0 0 0 0 0 0 0 0 0 0 0 0 0 0 0 0 0 0 0 0 0 0 0 0 0 0 0 0 0 0 0 0 0 0 0 1.32273178 -4.41546852 -4.5543159 -5.74460447 0.99230043 0.0980076613 0.0614173947 -0.0442973868
-0.222222222 -0.0667583446 0.0355928484 0.11702767 -0.202863898 0.972188646 -0.727115673 1.02631102 -0.931324371 0 0 0 0 0 0 0 0 0 0 0 0 0 0 0 0 0 0 0 0 0 0 0 0 0 0 0 0 0 0 0 0 0 0 0 0 0 0 0 0 0 0 0 0 0 1.41276496 -4.41546852 -4.5543159 -5.74460447 0.992336232 0.0998831795 0.0626819549 -0.0369205285
-0.222222222 -0.0500687585 0.039072383 0.119872844 -0.201718514 0.972080317 -0.685492313 1.0936414 -0.913981305 0 0 0 0 0 0 0 0 0 0 0 0 0 0 0 0 0 0 0 0 0 0 0 0 0 0 0 0 0 0 0 0 0 0 0 0 0 0 0 0 0 0 0 0 0 1.52868808 -4.41546852 -4.5543159 -5.74460447 0.992562083 0.099743106 0.0633336751 -0.0293371911
-0.222222222 -0.0333791723 0.0424913023 0.12170446 -0.195879058 0.973046463 -0.635162529 1.16097177 -0.893010561 0 0 0 0 0 0 0 0 0 0 0 0 0 0 0 0 0 0 0 0 0 0 0 0 0 0 0 0 0 0 0 0 0 0 0 0 0 0 0 0 0 0 0 0 0 1.6815596 -4.41546852 -4.5543159 -5.74460447 0.99300541 0.0972550933 0.0633893946 -0.0215287611
-0.222222222 -0.0166895862 0.0457608663 0.122437604 -0.184829518 0.975113882 -0.574305185 1.22830215 -0.867653334 0 0 0 0 0 0 0 0 0 0 0 0 0 0 0 0 0 0 0 0 0 0 0 0 0 0 0 0 0 0 0 0 0 0 0 0 0 0 0 0 0 0 0 0 0 1.89093628 -4.41546852 -4.5543159 -5.74460447 0.99366743 0.092150329 0.0628599713 -0.013489958
-0.222222222 0 0.0487855958 0.121942817 -0.168180045 0.978184759 -0.500718213 1.29563252 -0.836992096 0 0 0 0 0 0 0 0 0 0 0 0 0 0 0 0 0 0 0 0 0 0 0 0 0 0 0 0 0 0 0 0 0 0 0 0 0 0 0 0 0 0 0 0 0 2.19722458 -4.41546852 -4.5543159 -5.74460447 0.994517485 0.0842288631 0.0617504599 -0.00522984373
-0.222222222 0.0166895862 0.0514665823 0.120053509 -0.145686623 0.982019635 -0.574305185 1.22830215 -0.867653334 0 0 0 0 0 0 0 0 0 0 0 0 0 0 0 0 0 0 0 0 0 0 0 0 0 0 0 0 0 0 0 0 0 0 0 0 0 0 0 0 0 0 0 0 0 1.89093628 -4.41546852 -4.5543159 -5.74460447 0.995489527 0.0733681059 0.0600608333 0.00322788993
-0.222222222 0.0333791723 0.0537049173 0.116578756 -0.117282658 0.986232311 -0.635162529 1.16097177 -0.893010561 0 0 0 0 0 0 0 0 0 0 0 0 0 0 0 0 0 0 0 0 0 0 0 0 0 0 0 0 0 0 0 0 0 0 0 0 0 0 0 0 0 0 0 0 0 1.6815596 -4.41546852 -4.5543159 -5.74460447 0.996481733 0.0595352989 0.0577874774 0.0118452779
-0.222222222 0.0500687585 0.0554051216 0.111322382 -0.0831206592 0.990302117 -0.685492313 1.0936414 -0.913981305 0 0 0 0 0 0 0 0 0 0 0 0 0 0 0 0 0 0 0 0 0 0 0 0 0 0 0 0 0 0 0 0 0 0 0 0 0 0 0 0 0 0 0 0 0 1.52868808 -4.41546852 -4.5543159 -5.74460447 0.99736046 0.0428031932 0.0549256593 0.0205711299
-0.222222222 0.0667583446 0.0564784552 0.104108261 -0.0436166186 0.993609109 -0.727115673 1.02631102 -0.931324371 0 0 0 0 0 0 0 0 0 0 0 0 0 0 0 0 0 0 0 0 0 0 0 0 0 0 0 0 0 0 0 0 0 0 0 0 0 0 0 0 0 0 0 0 0 1.41276496 -4.41546852 -4.5543159 -5.74460447 0.997969712 0.0233661194 0.0514730045 0.0293429562
-0.222222222 0.0834479308 0.0568459943 0.0948097871 0.000516188043 0.995495273 -0.761538711 0.958980644 -0.945667304 0 0 0 0 0 0 0 0 0 0 0 0 0 0 0 0 0 0 0 0 0 0 0 0 0 0 0 0 0 0 0 0 0 0 0 0 0 0 0 0 0 0 0 0 0 1.32273178 -4.41546852 -4.5543159 -5.74460447 0.998146676 0.00155153237 0.0474337057 0.0380900222
-0.222222222 0.100137517 0.0564413674 0.0833789694 0.0482610564 0.995348591 -0.790006994 0.891650268 -0.957529088 0 0 0 0 0 0 0 0 0 0 0 0 0 0 0 0 0 0 0 0 0 0 0 0 0 0 0 0 0 0 0 0 0 0 0 0 0 0 0 0 0 0 0 0 0 1.2516752 -4.41546852 -4.5543159 -5.74460447 0.997742394 -0.0221791632 0.0428227643 0.0467376836
-0.222222222 0.116827103 0.0552130563 0.0698684348 0.0983346974 0.992697683 -0.813550619 0.824319892 -0.967338932 0 0 0 0 0 0 0 0 0 0 0 0 0 0 0 0 0 0 0 0 0 0 0 0 0 0 0 0 0 0 0 0 0 0 0 0 0 0 0 0 0 0 0 0 0 1.1949624 -4.41546852 -4.5543159 -5.74460447 0.996644562 -0.0472460562 0.037669203 0.0552128403
-0.222222222 0.133516689 0.0531261823 0.0544393434 0.149272953 0.987296279 -0.833021491 0.756989516 -0.975451795 0 0 0 0 0 0 0 0 0 0 0 0 0 0 0 0 0 0 0 0 0 0 0 0 0 0 0 0 0 0 0 0 0 0 0 0 0 0 0 0 0 0 0 0 0 1.14932971 -4.41546852 -4.5543159 -5.74460447 0.994797594 -0.0729846908 0.0320171074 0.0634498786
-0.222222222 0.150206275 0.0501637157 0.0373509162 0.199555726 0.979174357 -0.849124145 0.68965914 -0.982161235 0 0 0 0 0 0 0 0 0 0 0 0 0 0 0 0 0 0 0 0 0 0 0 0 0 0 0 0 0 0 0 0 0 0 0 0 0 0 0 0 0 0 0 0 0 1.11239182 -4.41546852 -4.5543159 -5.74460447 0.992214585 -0.0986953943 0.0259237464 0.0713960487
-0.222222222 0.166895862 0.0463270658 0.0189325064 0.247746335 0.96863993 -0.862441242 0.622328764 -0.987710025 0 0 0 0 0 0 0 0 0 0 0 0 0 0 0 0 0 0 0 0 0 0 0 0 0 0 0 0 0 0 0 0 0 0 0 0 0 0 0 0 0 0 0 0 0 1.0823568 -4.41546852 -4.5543159 -5.74460447 0.98897754 -0.123699415 0.0194548184 0.0790151296
-0.222222222 0.183585448 0.0416360323 -0.000455325759 0.292613924 0.95623056 -0.873454646 0.554998388 -0.992298944 0 0 0 0 0 0 0 0 0 0 0 0 0 0 0 0 0 0 0 0 0 0 0 0 0 0 0 0 0 0 0 0 0 0 0 0 0 0 0 0 0 0 0 0 0 1.05785014 -4.41546852 -4.5543159 -5.74460447 0.985225638 -0.147390617 0.0126777721 0.0862885932
-0.222222222 0.200275034 0.0361281189 -0.0204612366 0.33321355 0.942629338 -0.88256287 0.487668012 -0.996094037 0 0 0 0 0 0 0 0 0 0 0 0 0 0 0 0 0 0 0 0 0 0 0 0 0 0 0 0 0 0 0 0 0 0 0 0 0 0 0 0 0 0 0 0 0 1.03780065 -4.41546852 -4.5543159 -5.74460447 0.981134946 -0.169273021 0.00565470612 0.0932141933
-0.222222222 0.21696462 0.0298572327 -0.0407763355 0.368913828 0.928568726 -0.890095484 0.420337636 -0.999232626 0 0 0 0 0 0 0 0 0 0 0 0 0 0 0 0 0 0 0 0 0 0 0 0 0 0 0 0 0 0 0 0 0 0 0 0 0 0 0 0 0 0 0 0 0 1.0213632 -4.41546852 -4.5543159 -5.74460447 0.97689498 -0.188979343 -0.00156366381 0.099802614
-0.222222222 0.233654206 0.0228918157 -0.0611552969 0.39937827 0.914744241 -0.89632505 0.353007261 -1.00182828 0 0 0 0 0 0 0 0 0 0 0 0 0 0 0 0 0 0 0 0 0 0 0 0 0 0 0 0 0 0 0 0 0 0 0 0 0 0 0 0 0 0 0 0 0 1.00786469 -4.41546852 -4.5543159 -5.74460447 0.972687306 -0.206271471 -0.00894200128 0.106073211
-0.222222222 0.250343792 0.0153124716 -0.0814248224 0.424516716 0.901751383 -0.90147698 0.285676885 -1.00397492 0 0 0 0 0 0 0 0 0 0 0 0 0 0 0 0 0 0 0 0 0 0 0 0 0 0 0 0 0 0 0 0 0 0 0 0 0 0 0 0 0 0 0 0 0 0.996764974 -4.41546852 -4.5543159 -5.74460447 0.968669459 -0.221027849 -0.0164620367 0.112049858
-0.204444444 -0.254274956 0.00428651913 0.0104960919 -0.124829816 0.992122648 -0.89261471 0.29341006 -1.0079137 0 0 0 0 0 0 0 0 0 0 0 0 0 0 0 0 0 0 0 0 0 0 0 0 0 0 0 0 0 0 0 0 0 0 0 0 0 0 0 0 0 0 0 0 0 0.996764974 -4.41546852 -4.53873486 -5.74460447 0.992474957 0.0616362097 0.0118175111 -0.105141732
-0.204444444 -0.237323292 0.00636439818 0.0316212316 -0.119323634 0.992351736 -0.887462781 0.360740436 -1.00576706 0 0 0 0 0 0 0 0 0 0 0 0 0 0 0 0 0 0 0 0 0 0 0 0 0 0 0 0 0 0 0 0 0 0 0 0 0 0 0 0 0 0 0 0 0 1.00786469 -4.41546852 -4.53873486 -5.74460447 0.993180711 0.0579138267 0.0216822652 -0.0988329053
-0.204444444 -0.220371628 0.00839251649 0.0502208257 -0.118853346 0.991640938 -0.881233215 0.428070812 -1.00317141 0 0 0 0 0 0 0 0 0 0 0 0 0 0 0 0 0 0 0 0 0 0 0 0 0 0 0 0 0 0 0 0 0 0 0 0 0 0 0 0 0 0 0 0 0 1.0213632 -4.41546852 -4.53873486 -5.74460447 0.993616156 0.0569638724 0.0305720135 -0.0924521717
-0.204444444 -0.203419964 0.0104535345 0.066479224 -0.12278703 0.990203948 -0.873700601 0.495401188 -1.00003282 0 0 0 0 0 0 0 0 0 0 0 0 0 0 0 0 0 0 0 0 0 0 0 0 0 0 0 0 0 0 0 0 0 0 0 0 0 0 0 0 0 0 0 0 0 1.03780065 -4.41546852 -4.53873486 -5.74460447 0.993827919 0.0584398967 0.0385072023 -0.0860699791
-0.204444444 -0.186468301 0.0126176406 0.0806039431 -0.130313408 0.988190984 -0.864592377 0.562731564 -0.99623773 0 0 0 0 0 0 0 0 0 0 0 0 0 0 0 0 0 0 0 0 0 0 0 0 0 0 0 0 0 0 0 0 0 0 0 0 0 0 0 0 0 0 0 0 0 1.05785014 -4.41546852 -4.53873486 -5.74460447 0.993850578 0.061908379 0.0455176975 -0.0797277933
-0.204444444 -0.169516637 0.0149401176 0.0928072186 -0.140485968 0.985723345 -0.853578972 0.63006194 -0.991648811 0 0 0 0 0 0 0 0 0 0 0 0 0 0 0 0 0 0 0 0 0 0 0 0 0 0 0 0 0 0 0 0 0 0 0 0 0 0 0 0 0 0 0 0 0 1.0823568 -4.41546852 -4.53873486 -5.74460447 0.993714425 0.0668709699 0.0516391411 -0.0734391926
-0.204444444 -0.152564973 0.017459426 0.103293447 -0.152269191 0.982926527 -0.840261876 0.697392316 -0.986100021 0 0 0 0 0 0 0 0 0 0 0 0 0 0 0 0 0 0 0 0 0 0 0 0 0 0 0 0 0 0 0 0 0 0 0 0 0 0 0 0 0 0 0 0 0 1.11239182 -4.41546852 -4.53873486 -5.74460447 0.993452736 0.0727871787 0.0569101321 -0.067193193
-0.204444444 -0.13561331 0.0201958708 0.1122506 -0.164586143 0.979954695 -0.824159222 0.764722692 -0.979390582 0 0 0 0 0 0 0 0 0 0 0 0 0 0 0 0 0 0 0 0 0 0 0 0 0 0 0 0 0 0 0 0 0 0 0 0 0 0 0 0 0 0 0 0 0 1.14932971 -4.41546852 -4.53873486 -5.74460447 0.993106902 0.0790972254 0.0613700365 -0.0609592431
-0.204444444 -0.118661646 0.0231508973 0.1198438 -0.176364753 0.977002015 -0.80468835 0.832053068 -0.971277718 0 0 0 0 0 0 0 0 0 0 0 0 0 0 0 0 0 0 0 0 0 0 0 0 0 0 0 0 0 0 0 0 0 0 0 0 0 0 0 0 0 0 0 0 0 1.1949624 -4.41546852 -4.53873486 -5.74460447 0.992728389 0.0852440447 0.0650572461 -0.054693265
-0.204444444 -0.101709982 0.0263070412 0.126209783 -0.18657878 0.974299466 -0.781144724 0.899383444 -0.961467875 0 0 0 0 0 0 0 0 0 0 0 0 0 0 0 0 0 0 0 0 0 0 0 0 0 0 0 0 0 0 0 0 0 0 0 0 0 0 0 0 0 0 0 0 0 1.2516752 -4.41546852 -4.53873486 -5.74460447 0.992377238 0.0906929481 0.0680077654 -0.0483440771
-0.204444444 -0.0847583185 0.0296285337 0.13145161 -0.19427982 0.972098671 -0.752676442 0.96671382 -0.94960609 0 0 0 0 0 0 0 0 0 0 0 0 0 0 0 0 0 0 0 0 0 0 0 0 0 0 0 0 0 0 0 0 0 0 0 0 0 0 0 0 0 0 0 0 0 1.32273178 -4.41546852 -4.53873486 -5.74460447 0.992117489 0.0949475304 0.0702540467 -0.0418595742
-0.204444444 -0.0678066548 0.0330625423 0.135633604 -0.19861849 0.97064629 -0.718253404 1.0340442 -0.935263158 0 0 0 0 0 0 0 0 0 0 0 0 0 0 0 0 0 0 0 0 0 0 0 0 0 0 0 0 0 0 0 0 0 0 0 0 0 0 0 0 0 0 0 0 0 1.41276496 -4.41546852 -4.53873486 -5.74460447 0.992010412 0.0975610744 0.0718240322 -0.0351921667
-0.204444444 -0.0508549911 0.0365410017 0.138776876 -0.198855633 0.970153295 -0.676630044 1.10137457 -0.917920091 0 0 0 0 0 0 0 0 0 0 0 0 0 0 0 0 0 0 0 0 0 0 0 0 0 0 0 0 0 0 0 0 0 0 0 0 0 0 0 0 0 0 0 0 0 1.52868808 -4.41546852 -4.53873486 -5.74460447 0.992106636 0.098143717 0.0727403826 -0.0283031725
-0.204444444 -0.0339033274 0.0399829741 0.140856079 -0.194366965 0.970763127 -0.62630026 1.16870495 -0.896949348 0 0 0 0 0 0 0 0 0 0 0 0 0 0 0 0 0 0 0 0 0 0 0 0 0 0 0 0 0 0 0 0 0 0 0 0 0 0 0 0 0 0 0 0 0 1.6815596 -4.41546852 -4.53873486 -5.74460447 0.99243819 0.0963666447 0.073019905 -0.0211660675
-0.204444444 -0.0169516637 0.0432974552 0.141798201 -0.184646377 0.972521972 -0.565442915 1.23603532 -0.871592121 0 0 0 0 0 0 0 0 0 0 0 0 0 0 0 0 0 0 0 0 0 0 0 0 0 0 0 0 0 0 0 0 0 0 0 0 0 0 0 0 0 0 0 0 0 1.89093628 -4.41546852 -4.53873486 -5.74460447 0.993011284 0.0919652939 0.0726732329 -0.0137686718
-0.204444444 0 0.0463865295 0.141484363 -0.169313627 0.975353818 -0.491855944 1.3033657 -0.840930883 0 0 0 0 0 0 0 0 0 0 0 0 0 0 0 0 0 0 0 0 0 0 0 0 0 0 0 0 0 0 0 0 0 0 0 0 0 0 0 0 0 0 0 0 0 2.19722458 -4.41546852 -4.53873486 -5.74460447 0.993800545 0.0847437431 0.0717048735 -0.00611444561
-0.204444444 0.0169516637 0.0491487646 0.139755824 -0.148131317 0.979043116 -0.565442915 1.23603532 -0.871592121 0 0 0 0 0 0 0 0 0 0 0 0 0 0 0 0 0 0 0 0 0 0 0 0 0 0 0 0 0 0 0 0 0 0 0 0 0 0 0 0 0 0 0 0 0 1.89093628 -4.41546852 -4.53873486 -5.74460447 0.994745395 0.0745821453 0.0701138052 0.00177692979
-0.204444444 0.0339033274 0.0514827282 0.136425456 -0.121033672 0.983228837 -0.62630026 1.16870495 -0.896949348 0 0 0 0 0 0 0 0 0 0 0 0 0 0 0 0 0 0 0 0 0 0 0 0 0 0 0 0 0 0 0 0 0 0 0 0 0 0 0 0 0 0 0 0 0 1.6815596 -4.41546852 -4.53873486 -5.74460447 0.995749471 0.0614481173 0.067894849 0.00986959361
-0.204444444 0.0508549911 0.0532905046 0.131295712 -0.0881657629 0.987414925 -0.676630044 1.10137457 -0.917920091 0 0 0 0 0 0 0 0 0 0 0 0 0 0 0 0 0 0 0 0 0 0 0 0 0 0 0 0 0 0 0 0 0 0 0 0 0 0 0 0 0 0 0 0 0 1.52868808 -4.41546852 -4.53873486 -5.74460447 0.996684208 0.0454114945 0.065041015 0.0181122326
-0.204444444 0.0678066548 0.0544810896 0.124183185 -0.0499264505 0.991002465 -0.718253404 1.0340442 -0.935263158 0 0 0 0 0 0 0 0 0 0 0 0 0 0 0 0 0 0 0 0 0 0 0 0 0 0 0 0 0 0 0 0 0 0 0 0 0 0 0 0 0 0 0 0 0 1.41276496 -4.41546852 -4.53873486 -5.74460447 0.997397701 0.0266598842 0.0615468762 0.0264397172
-0.204444444 0.0847583185 0.0549735454 0.114948005 -0.00700260756 0.993346827 -0.752676442 0.96671382 -0.94960609 0 0 0 0 0 0 0 0 0 0 0 0 0 0 0 0 0 0 0 0 0 0 0 0 0 0 0 0 0 0 0 0 0 0 0 0 0 0 0 0 0 0 0 0 0 1.32273178 -4.41546852 -4.53873486 -5.74460447 0.997729445 0.00551039874 0.0574127317 0.0347759677
-0.204444444 0.101709982 0.0546998068 0.103523819 0.0396217451 0.99383748 -0.781144724 0.899383444 -0.961467875 0 0 0 0 0 0 0 0 0 0 0 0 0 0 0 0 0 0 0 0 0 0 0 0 0 0 0 0 0 0 0 0 0 0 0 0 0 0 0 0 0 0 0 0 0 1.2516752 -4.41546852 -4.53873486 -5.74460447 0.997530172 -0.0175883931 0.0526489176 0.0430382978
-0.204444444 0.118661646 0.053607041 0.0899417829 0.0886966888 0.991989603 -0.80468835 0.832053068 -0.971277718 0 0 0 0 0 0 0 0 0 0 0 0 0 0 0 0 0 0 0 0 0 0 0 0 0 0 0 0 0 0 0 0 0 0 0 0 0 0 0 0 0 0 0 0 0 1.1949624 -4.41546852 -4.53873486 -5.74460447 0.996684091 -0.0420698333 0.0472792499 0.0511431735
-0.204444444 0.13561331 0.0516594796 0.074341356 0.138784942 0.987528279 -0.824159222 0.764722692 -0.979390582 0 0 0 0 0 0 0 0 0 0 0 0 0 0 0 0 0 0 0 0 0 0 0 0 0 0 0 0 0 0 0 0 0 0 0 0 0 0 0 0 0 0 0 0 0 1.14932971 -4.41546852 -4.53873486 -5.74460447 0.99512895 -0.0672804619 0.041342469 0.059012819
-0.204444444 0.152564973 0.048839658 0.0569629517 0.188380031 0.980442852 -0.840261876 0.697392316 -0.986100021 0 0 0 0 0 0 0 0 0 0 0 0 0 0 0 0 0 0 0 0 0 0 0 0 0 0 0 0 0 0 0 0 0 0 0 0 0 0 0 0 0 0 0 0 0 1.11239182 -4.41546852 -4.53873486 -5.74460447 0.992868731 -0.0925267587 0.0348908717 0.0665815999
-0.204444444 0.169516637 0.0451490217 0.0381224854 0.236041512 0.970994892 -0.853578972 0.63006194 -0.991648811 0 0 0 0 0 0 0 0 0 0 0 0 0 0 0 0 0 0 0 0 0 0 0 0 0 0 0 0 0 0 0 0 0 0 0 0 0 0 0 0 0 0 0 0 0 1.0823568 -4.41546852 -4.53873486 -5.74460447 0.989975188 -0.117129561 0.0279860656 0.0738009071
-0.204444444 0.186468301 0.0406078755 0.0181735288 0.280517181 0.959676942 -0.864592377 0.562731564 -0.99623773 0 0 0 0 0 0 0 0 0 0 0 0 0 0 0 0 0 0 0 0 0 0 0 0 0 0 0 0 0 0 0 0 0 0 0 0 0 0 0 0 0 0 0 0 0 1.05785014 -4.41546852 -4.53873486 -5.74460447 0.986577626 -0.140475416 0.0206926633 0.0806415425
-0.204444444 0.203419964 0.0352546801 -0.00253365179 0.320826659 0.947134539 -0.873700601 0.495401188 -1.00003282 0 0 0 0 0 0 0 0 0 0 0 0 0 0 0 0 0 0 0 0 0 0 0 0 0 0 0 0 0 0 0 0 0 0 0 0 0 0 0 0 0 0 0 0 0 1.03780065 -4.41546852 -4.53873486 -5.74460447 0.982843847 -0.162055146 0.0130713455 0.0870932999
-0.204444444 0.220371628 0.0291447182 -0.0236871052 0.356294655 0.934073359 -0.881233215 0.428070812 -1.00317141 0 0 0 0 0 0 0 0 0 0 0 0 0 0 0 0 0 0 0 0 0 0 0 0 0 0 0 0 0 0 0 0 0 0 0 0 0 0 0 0 0 0 0 0 0 1.0213632 -4.41546852 -4.53873486 -5.74460447 0.978957344 -0.181484333 0.00517277945 0.0931622183
-0.204444444 0.237323292 0.0223481782 -0.0450365637 0.386538147 0.921173148 -0.887462781 0.360740436 -1.00576706 0 0 0 0 0 0 0 0 0 0 0 0 0 0 0 0 0 0 0 0 0 0 0 0 0 0 0 0 0 0 0 0 0 0 0 0 0 0 0 0 0 0 0 0 0 1.00786469 -4.41546852 -4.53873486 -5.74460447 0.975095888 -0.198505983 -0.00296657101 0.0988664943
-0.204444444 0.254274956 0.0149477205 -0.0664039071 0.41142247 0.909022592 -0.89261471 0.29341006 -1.0079137 0 0 0 0 0 0 0 0 0 0 0 0 0 0 0 0 0 0 0 0 0 0 0 0 0 0 0 0 0 0 0 0 0 0 0 0 0 0 0 0 0 0 0 0 0 0.996764974 -4.41546852 -4.53873486 -5.74460447 0.971414927 -0.212979852 -0.0113263762 0.104232125
-0.186666667 -0.258149736 0.00356564772 0.0201596358 -0.102976929 0.994479432 -0.883825429 0.299499589 -1.0118829 0 0 0 0 0 0 0 0 0 0 0 0 0 0 0 0 0 0 0 0 0 0 0 0 0 0 0 0 0 0 0 0 0 0 0 0 0 0 0 0 0 0 0 0 0 0.996608133 -4.41546852 -4.55640108 -5.74460447 0.993950997 0.0503438523 0.0150259906 -0.09644237
-0.186666667 -0.241494915 0.00524888751 0.0415722343 -0.0988747717 0.994231124 -0.878864492 0.364725891 -1.00981584 0 0 0 0 0 0 0 0 0 0 0 0 0 0 0 0 0 0 0 0 0 0 0 0 0 0 0 0 0 0 0 0 0 0 0 0 0 0 0 0 0 0 0 0 0 1.00729456 -4.41546852 -4.55640108 -5.74460447 0.994421065 0.0474112202 0.0252312101 -0.0907871538
-0.186666667 -0.224840093 0.00690567911 0.0605986604 -0.0996029256 0.993180275 -0.872901367 0.429952192 -1.00733121 0 0 0 0 0 0 0 0 0 0 0 0 0 0 0 0 0 0 0 0 0 0 0 0 0 0 0 0 0 0 0 0 0 0 0 0 0 0 0 0 0 0 0 0 0 1.02021053 -4.41546852 -4.55640108 -5.74460447 0.994660153 0.0471178463 0.0344930548 -0.0850959308
-0.186666667 -0.208185271 0.008613561 0.0773959493 -0.104576202 0.991500724 -0.865733597 0.495178494 -1.00434464 0 0 0 0 0 0 0 0 0 0 0 0 0 0 0 0 0 0 0 0 0 0 0 0 0 0 0 0 0 0 0 0 0 0 0 0 0 0 0 0 0 0 0 0 0 1.0358403 -4.41546852 -4.55640108 -5.74460447 0.994706038 0.0491460864 0.0428287331 -0.0794371445
-0.186666667 -0.19153045 0.0104390194 0.0921395819 -0.113051458 0.98930767 -0.857117824 0.560404796 -1.00075473 0 0 0 0 0 0 0 0 0 0 0 0 0 0 0 0 0 0 0 0 0 0 0 0 0 0 0 0 0 0 0 0 0 0 0 0 0 0 0 0 0 0 0 0 0 1.0547829 -4.41546852 -4.55640108 -5.74460447 0.994585246 0.0531012274 0.0502635534 -0.0738513559
-0.186666667 -0.174875628 0.0124353247 0.105009116 -0.124163707 0.986689647 -0.846761528 0.625631097 -0.996439608 0 0 0 0 0 0 0 0 0 0 0 0 0 0 0 0 0 0 0 0 0 0 0 0 0 0 0 0 0 0 0 0 0 0 0 0 0 0 0 0 0 0 0 0 0 1.07778441 -4.41546852 -4.55640108 -5.74460447 0.994320273 0.0585299729 0.0568279752 -0.0683521599
-0.186666667 -0.158220806 0.0146407976 0.116178919 -0.136964627 0.983739371 -0.834313097 0.690857399 -0.991252762 0 0 0 0 0 0 0 0 0 0 0 0 0 0 0 0 0 0 0 0 0 0 0 0 0 0 0 0 0 0 0 0 0 0 0 0 0 0 0 0 0 0 0 0 0 1.10578211 -4.41546852 -4.55640108 -5.74460447 0.993936426 0.0649395295 0.062555352 -0.0629290588
-0.186666667 -0.141565984 0.0170775625 0.125812222 -0.150463235 0.980577432 -0.819349885 0.756083701 -0.98501809 0 0 0 0 0 0 0 0 0 0 0 0 0 0 0 0 0 0 0 0 0 0 0 0 0 0 0 0 0 0 0 0 0 0 0 0 0 0 0 0 0 0 0 0 0 1.13996655 -4.41546852 -4.55640108 -5.74460447 0.993466909 0.0718171964 0.067480178 -0.0575518558
-0.186666667 -0.124911163 0.0197508272 0.134056757 -0.163666666 0.977364829 -0.801363869 0.821310003 -0.977523917 0 0 0 0 0 0 0 0 0 0 0 0 0 0 0 0 0 0 0 0 0 0 0 0 0 0 0 0 0 0 0 0 0 0 0 0 0 0 0 0 0 0 0 0 0 1.18187151 -4.41546852 -4.55640108 -5.74460447 0.992955222 0.0786496829 0.0716366737 -0.0521760626
-0.186666667 -0.108256341 0.0226487135 0.141040721 -0.175617597 0.974302815 -0.779744392 0.886536304 -0.968515801 0 0 0 0 0 0 0 0 0 0 0 0 0 0 0 0 0 0 0 0 0 0 0 0 0 0 0 0 0 0 0 0 0 0 0 0 0 0 0 0 0 0 0 0 0 1.23350964 -4.41546852 -4.55640108 -5.74460447 0.992454513 0.0849408689 0.0750575878 -0.0467487701
-0.186666667 -0.0916015194 0.0257426438 0.146868392 -0.185424799 0.971620975 -0.753757438 0.951762606 -0.957687904 0 0 0 0 0 0 0 0 0 0 0 0 0 0 0 0 0 0 0 0 0 0 0 0 0 0 0 0 0 0 0 0 0 0 0 0 0 0 0 0 0 0 0 0 0 1.29758599 -4.41546852 -4.55640108 -5.74460447 0.992024122 0.0902266603 0.0777731459 -0.0412144326
-0.186666667 -0.0749466977 0.0289882709 0.151615323 -0.192284493 0.969556325 -0.722520709 1.01698891 -0.9446726 0 0 0 0 0 0 0 0 0 0 0 0 0 0 0 0 0 0 0 0 0 0 0 0 0 0 0 0 0 0 0 0 0 0 0 0 0 0 0 0 0 0 0 0 0 1.37785328 -4.41546852 -4.55640108 -5.74460447 0.991723996 0.0940860396 0.0798101158 -0.0355201009
-0.186666667 -0.058291876 0.0323269214 0.155323471 -0.195492348 0.968327094 -0.684973667 1.08221521 -0.929027999 0 0 0 0 0 0 0 0 0 0 0 0 0 0 0 0 0 0 0 0 0 0 0 0 0 0 0 0 0 0 0 0 0 0 0 0 0 0 0 0 0 0 0 0 0 1.4797429 -4.41546852 -4.55640108 -5.74460447 0.991607894 0.0961481995 0.0811909889 -0.0296197928
-0.186666667 -0.0416370543 0.0356875051 0.15799689 -0.194448208 0.968104786 -0.639841528 1.14744151 -0.910222941 0 0 0 0 0 0 0 0 0 0 0 0 0 0 0 0 0 0 0 0 0 0 0 0 0 0 0 0 0 0 0 0 0 0 0 0 0 0 0 0 0 0 0 0 0 1.61158305 -4.41546852 -4.55640108 -5.74460447 0.991716281 0.0960965212 0.0819332987 -0.0234778677
-0.186666667 -0.0249822326 0.0389888283 0.159598709 -0.18865741 0.968987427 -0.585591982 1.21266781 -0.887618964 0 0 0 0 0 0 0 0 0 0 0 0 0 0 0 0 0 0 0 0 0 0 0 0 0 0 0 0 0 0 0 0 0 0 0 0 0 0 0 0 0 0 0 0 0 1.78722184 -4.41546852 -4.55640108 -5.74460447 0.992069695 0.093670847 0.0820491251 -0.0170714381
-0.186666667 -0.00832741085 0.0421422363 0.160050256 -0.177733379 0.97097619 -0.52038317 1.27789411 -0.860448626 0 0 0 0 0 0 0 0 0 0 0 0 0 0 0 0 0 0 0 0 0 0 0 0 0 0 0 0 0 0 0 0 0 0 0 0 0 0 0 0 0 0 0 0 0 2.03261292 -4.41546852 -4.55640108 -5.74460447 0.992663136 0.0886698372 0.081544865 -0.0103919595
-0.186666667 0.00832741085 0.045054498 0.159233237 -0.161405963 0.973957336 -0.52038317 1.27789411 -0.860448626 0 0 0 0 0 0 0 0 0 0 0 0 0 0 0 0 0 0 0 0 0 0 0 0 0 0 0 0 0 0 0 0 0 0 0 0 0 0 0 0 0 0 0 0 0 2.03261292 -4.41546852 -4.55640108 -5.74460447 0.993462023 0.0809551182 0.0804213969 -0.00344617016
-0.186666667 0.0249822326 0.0476308405 0.156996006 -0.139538706 0.977691773 -0.585591982 1.21266781 -0.887618964 0 0 0 0 0 0 0 0 0 0 0 0 0 0 0 0 0 0 0 0 0 0 0 0 0 0 0 0 0 0 0 0 0 0 0 0 0 0 0 0 0 0 0 0 0 1.78722184 -4.41546852 -4.55640108 -5.74460447 0.994400258 0.0704584204 0.0786748015 0.00374348795
-0.186666667 0.0416370543 0.049778033 0.153164932 -0.112155857 0.981815445 -0.639841528 1.14744151 -0.910222941 0 0 0 0 0 0 0 0 0 0 0 0 0 0 0 0 0 0 0 0 0 0 0 0 0 0 0 0 0 0 0 0 0 0 0 0 0 0 0 0 0 0 0 0 0 1.61158305 -4.41546852 -4.55640108 -5.74460447 0.995381156 0.0571919667 0.0762978149 0.0111389513
-0.186666667 0.058291876 0.0514074205 0.147561465 -0.0794764048 0.98585451 -0.684973667 1.08221521 -0.929027999 0 0 0 0 0 0 0 0 0 0 0 0 0 0 0 0 0 0 0 0 0 0 0 0 0 0 0 0 0 0 0 0 0 0 0 0 0 0 0 0 0 0 0 0 0 1.4797429 -4.41546852 -4.55640108 -5.74460447 0.99628211 0.0412610477 0.073282132 0.0186872465
-0.186666667 0.0749466977 0.0524378095 0.140024577 -0.0419482271 0.989259048 -0.722520709 1.01698891 -0.9446726 0 0 0 0 0 0 0 0 0 0 0 0 0 0 0 0 0 0 0 0 0 0 0 0 0 0 0 0 0 0 0 0 0 0 0 0 0 0 0 0 0 0 0 0 0 1.37785328 -4.41546852 -4.55640108 -5.74460447 0.996963726 0.0228761563 0.0696215302 0.0263220945
-0.186666667 0.0916015194 0.0527981097 0.130436568 -0.000271320267 0.991456619 -0.753757438 0.951762606 -0.957687904 0 0 0 0 0 0 0 0 0 0 0 0 0 0 0 0 0 0 0 0 0 0 0 0 0 0 0 0 0 0 0 0 0 0 0 0 0 0 0 0 0 0 0 0 0 1.29758599 -4.41546852 -4.55640108 -5.74460447 0.997283597 0.00236062645 0.0653155244 0.0339667166
-0.186666667 0.108256341 0.0524296476 0.118748258 0.0446028271 0.991922093 -0.779744392 0.886536304 -0.968515801 0 0 0 0 0 0 0 0 0 0 0 0 0 0 0 0 0 0 0 0 0 0 0 0 0 0 0 0 0 0 0 0 0 0 0 0 0 0 0 0 0 0 0 0 0 1.23350964 -4.41546852 -4.55640108 -5.74460447 0.997113653 -0.0198509359 0.0603729553 0.0415380415
-0.186666667 0.124911163 0.0512880762 0.104997977 0.0915063783 0.990253507 -0.801363869 0.821310003 -0.977523917 0 0 0 0 0 0 0 0 0 0 0 0 0 0 0 0 0 0 0 0 0 0 0 0 0 0 0 0 0 0 0 0 0 0 0 0 0 0 0 0 0 0 0 0 0 1.18187151 -4.41546852 -4.55640108 -5.74460447 0.996358588 -0.0432272992 0.054814663 0.0489522011
-0.186666667 0.141565984 0.0493448179 0.0893187012 0.139127778 0.986238121 -0.819349885 0.756083701 -0.98501809 0 0 0 0 0 0 0 0 0 0 0 0 0 0 0 0 0 0 0 0 0 0 0 0 0 0 0 0 0 0 0 0 0 0 0 0 0 0 0 0 0 0 0 0 0 1.13996655 -4.41546852 -4.55640108 -5.74460447 0.994971556 -0.0671695168 0.048674383 0.05613076
-0.186666667 0.158220806 0.0465879943 0.0719298917 0.186113425 0.979891772 -0.834313097 0.690857399 -0.991252762 0 0 0 0 0 0 0 0 0 0 0 0 0 0 0 0 0 0 0 0 0 0 0 0 0 0 0 0 0 0 0 0 0 0 0 0 0 0 0 0 0 0 0 0 0 1.10578211 -4.41546852 -4.55640108 -5.74460447 0.992963262 -0.0910513036 0.0419973136 0.0630067164
-0.186666667 0.174875628 0.0430228134 0.0531146778 0.231179438 0.971460189 -0.846761528 0.625631097 -0.996439608 0 0 0 0 0 0 0 0 0 0 0 0 0 0 0 0 0 0 0 0 0 0 0 0 0 0 0 0 0 0 0 0 0 0 0 0 0 0 0 0 0 0 0 0 0 1.07778441 -4.41546852 -4.55640108 -5.74460447 0.990401832 -0.1142643 0.0348364072 0.0695291758
-0.186666667 0.19153045 0.0386713994 0.0331873197 0.273210251 0.961381694 -0.857117824 0.560404796 -1.00075473 0 0 0 0 0 0 0 0 0 0 0 0 0 0 0 0 0 0 0 0 0 0 0 0 0 0 0 0 0 0 0 0 0 0 0 0 0 0 0 0 0 0 0 0 0 1.0547829 -4.41546852 -4.55640108 -5.74460447 0.987403426 -0.136259858 0.027247098 0.0756658505
-0.186666667 0.208185271 0.0335720732 0.0124584492 0.311325157 0.950221781 -0.865733597 0.495178494 -1.00434464 0 0 0 0 0 0 0 0 0 0 0 0 0 0 0 0 0 0 0 0 0 0 0 0 0 0 0 0 0 0 0 0 0 0 0 0 0 0 0 0 0 0 0 0 0 1.0358403 -4.41546852 -4.55640108 -5.74460447 0.984116062 -0.156580105 0.0192815997 0.0814031092
-0.186666667 0.224840093 0.027778105 -0.00879472505 0.34490469 0.93859651 -0.872901367 0.429952192 -1.00733121 0 0 0 0 0 0 0 0 0 0 0 0 0 0 0 0 0 0 0 0 0 0 0 0 0 0 0 0 0 0 0 0 0 0 0 0 0 0 0 0 0 0 0 0 0 1.02021053 -4.41546852 -4.55640108 -5.74460447 0.98070064 -0.174874523 0.0109839239 0.0867439323
-0.186666667 0.241494915 0.0213559812 -0.0303486796 0.373580484 0.92710117 -0.878864492 0.364725891 -1.00981584 0 0 0 0 0 0 0 0 0 0 0 0 0 0 0 0 0 0 0 0 0 0 0 0 0 0 0 0 0 0 0 0 0 0 0 0 0 0 0 0 0 0 0 0 0 1.00729456 -4.41546852 -4.55640108 -5.74460447 0.977313082 -0.190902383 0.00238641918 0.091704557
-0.186666667 0.258149736 0.0143832402 -0.0520431319 0.397200198 0.916255158 -0.883825429 0.299499589 -1.0118829 0 0 0 0 0 0 0 0 0 0 0 0 0 0 0 0 0 0 0 0 0 0 0 0 0 0 0 0 0 0 0 0 0 0 0 0 0 0 0 0 0 0 0 0 0 0.996608133 -4.41546852 -4.55640108 -5.74460447 0.974090258 -0.204524513 -0.0064918716 0.0963106903
-0.168888889 -0.261433875 0.00282011475 0.0292960768 -0.0798664561 0.996374974 -0.874963159 0.306035951 -1.01582169 0 0 0 0 0 0 0 0 0 0 0 0 0 0 0 0 0 0 0 0 0 0 0 0 0 0 0 0 0 0 0 0 0 0 0 0 0 0 0 0 0 0 0 0 0 0.996608133 -4.41546852 -4.54375949 -5.74460447 0.995255071 0.0385320029 0.018105184 -0.0874918895
-0.168888889 -0.244567173 0.0041430692 0.051515511 -0.0772508511 0.995679897 -0.870002222 0.371262253 -1.01375463 0 0 0 0 0 0 0 0 0 0 0 0 0 0 0 0 0 0 0 0 0 0 0 0 0 0 0 0 0 0 0 0 0 0 0 0 0 0 0 0 0 0 0 0 0 1.00729456 -4.41546852 -4.54375949 -5.74460447 0.995524286 0.0364116414 0.0288832765 -0.0822881803
-0.168888889 -0.227700471 0.00546535776 0.0713504276 -0.079533802 0.99427536 -0.864039098 0.436488555 -1.01126999 0 0 0 0 0 0 0 0 0 0 0 0 0 0 0 0 0 0 0 0 0 0 0 0 0 0 0 0 0 0 0 0 0 0 0 0 0 0 0 0 0 0 0 0 0 1.02021053 -4.41546852 -4.54375949 -5.74460447 0.995587965 0.0369471354 0.0386940481 -0.077086213
-0.168888889 -0.21083377 0.00686611305 0.0889476805 -0.0861108914 0.992307021 -0.856871328 0.501714856 -1.00828342 0 0 0 0 0 0 0 0 0 0 0 0 0 0 0 0 0 0 0 0 0 0 0 0 0 0 0 0 0 0 0 0 0 0 0 0 0 0 0 0 0 0 0 0 0 1.0358403 -4.41546852 -4.54375949 -5.74460447 0.99547768 0.039813708 0.0475537382 -0.0719562381
-0.168888889 -0.193967068 0.00841318816 0.104468926 -0.096222612 0.98986234 -0.848255554 0.566941158 -1.00469352 0 0 0 0 0 0 0 0 0 0 0 0 0 0 0 0 0 0 0 0 0 0 0 0 0 0 0 0 0 0 0 0 0 0 0 0 0 0 0 0 0 0 0 0 0 1.0547829 -4.41546852 -4.54375949 -5.74460447 0.995213749 0.0446106599 0.0554862048 -0.06693851
-0.168888889 -0.177100367 0.0101609486 0.118078326 -0.108988811 0.98700504 -0.837899259 0.63216746 -1.00037839 0 0 0 0 0 0 0 0 0 0 0 0 0 0 0 0 0 0 0 0 0 0 0 0 0 0 0 0 0 0 0 0 0 0 0 0 0 0 0 0 0 0 0 0 0 1.07778441 -4.41546852 -4.54375949 -5.74460447 0.994813056 0.0508792854 0.0625202251 -0.0620443723
-0.168888889 -0.160233665 0.0121485031 0.129935396 -0.123446354 0.983807802 -0.825450828 0.697393761 -0.995191548 0 0 0 0 0 0 0 0 0 0 0 0 0 0 0 0 0 0 0 0 0 0 0 0 0 0 0 0 0 0 0 0 0 0 0 0 0 0 0 0 0 0 0 0 0 1.10578211 -4.41546852 -4.54375949 -5.74460447 0.994296368 0.058121681 0.0686874761 -0.057259354
-0.168888889 -0.143366963 0.0143984307 0.140190939 -0.138589922 0.980377139 -0.810487616 0.762620063 -0.988956877 0 0 0 0 0 0 0 0 0 0 0 0 0 0 0 0 0 0 0 0 0 0 0 0 0 0 0 0 0 0 0 0 0 0 0 0 0 0 0 0 0 0 0 0 0 1.13996655 -4.41546852 -4.54375949 -5.74460447 0.993693762 0.0658203969 0.0740209834 -0.0525478479
-0.168888889 -0.126500262 0.0169160463 0.148984121 -0.153413691 0.976866404 -0.792501599 0.827846365 -0.981462703 0 0 0 0 0 0 0 0 0 0 0 0 0 0 0 0 0 0 0 0 0 0 0 0 0 0 0 0 0 0 0 0 0 0 0 0 0 0 0 0 0 0 0 0 0 1.18187151 -4.41546852 -4.54375949 -5.74460447 0.993047195 0.073458087 0.0785538505 -0.0478588639
-0.168888889 -0.10963356 0.0196892276 0.156439269 -0.166950054 0.973475441 -0.770882122 0.893072667 -0.972454587 0 0 0 0 0 0 0 0 0 0 0 0 0 0 0 0 0 0 0 0 0 0 0 0 0 0 0 0 0 0 0 0 0 0 0 0 0 0 0 0 0 0 0 0 0 1.23350964 -4.41546852 -4.54375949 -5.74460447 0.992409858 0.0805357361 0.0823181308 -0.0431322803
-0.168888889 -0.0927668587 0.0226888094 0.162661666 -0.178301425 0.970437934 -0.744895169 0.958298968 -0.96162669 0 0 0 0 0 0 0 0 0 0 0 0 0 0 0 0 0 0 0 0 0 0 0 0 0 0 0 0 0 0 0 0 0 0 0 0 0 0 0 0 0 0 0 0 0 1.29758599 -4.41546852 -4.54375949 -5.74460447 0.991842575 0.086587953 0.0853437709 -0.0383050114
-0.168888889 -0.0759001571 0.0258695327 0.167732329 -0.186662395 0.967999492 -0.71365844 1.02352527 -0.948611387 0 0 0 0 0 0 0 0 0 0 0 0 0 0 0 0 0 0 0 0 0 0 0 0 0 0 0 0 0 0 0 0 0 0 0 0 0 0 0 0 0 0 0 0 0 1.37785328 -4.41546852 -4.54375949 -5.74460447 0.991407964 0.0911942897 0.0876576044 -0.0333165912
-0.168888889 -0.0590334555 0.0291715181 0.171702281 -0.191331877 0.966390418 -0.676111398 1.08875157 -0.932966786 0 0 0 0 0 0 0 0 0 0 0 0 0 0 0 0 0 0 0 0 0 0 0 0 0 0 0 0 0 0 0 0 0 0 0 0 0 0 0 0 0 0 0 0 0 1.4797429 -4.41546852 -4.54375949 -5.74460447 0.991163367 0.0939863901 0.0892824149 -0.0281138395
-0.168888889 -0.042166754 0.0325222136 0.174587115 -0.191717241 0.965796997 -0.630979258 1.15397787 -0.914161728 0 0 0 0 0 0 0 0 0 0 0 0 0 0 0 0 0 0 0 0 0 0 0 0 0 0 0 0 0 0 0 0 0 0 0 0 0 0 0 0 0 0 0 0 0 1.61158305 -4.41546852 -4.54375949 -5.74460447 0.991153506 0.0946517051 0.0902361147 -0.0226544693
-0.168888889 -0.0253000524 0.0358387563 0.176362731 -0.18733439 0.966334318 -0.576729713 1.21920418 -0.89155775 0 0 0 0 0 0 0 0 0 0 0 0 0 0 0 0 0 0 0 0 0 0 0 0 0 0 0 0 0 0 0 0 0 0 0 0 0 0 0 0 0 0 0 0 0 1.78722184 -4.41546852 -4.54375949 -5.74460447 0.991403662 0.0929352458 0.090531107 -0.0169096803
-0.168888889 -0.00843335079 0.0390306689 0.176963216 -0.177808544 0.9680228 -0.511520901 1.28443048 -0.864387412 0 0 0 0 0 0 0 0 0 0 0 0 0 0 0 0 0 0 0 0 0 0 0 0 0 0 0 0 0 0 0 0 0 0 0 0 0 0 0 0 0 0 0 0 0 2.03261292 -4.41546852 -4.54375949 -5.74460447 0.991913974 0.0886412063 0.0901739233 -0.0108658996
-0.168888889 0.00843335079 0.0420028035 0.176281802 -0.162880358 0.970770166 -0.511520901 1.28443048 -0.864387412 0 0 0 0 0 0 0 0 0 0 0 0 0 0 0 0 0 0 0 0 0 0 0 0 0 0 0 0 0 0 0 0 0 0 0 0 0 0 0 0 0 0 0 0 0 2.03261292 -4.41546852 -4.54375949 -5.74460447 0.992655328 0.0816362202 0.0891652651 -0.00452586681
-0.168888889 0.0253000524 0.044658439 0.174175957 -0.142420689 0.974360859 -0.576729713 1.21920418 -0.89155775 0 0 0 0 0 0 0 0 0 0 0 0 0 0 0 0 0 0 0 0 0 0 0 0 0 0 0 0 0 0 0 0 0 0 0 0 0 0 0 0 0 0 0 0 0 1.78722184 -4.41546852 -4.54375949 -5.74460447 0.993567339 0.0718555116 0.0875006057 0.00209078701
-0.168888889 0.042166754 0.0469024275 0.170477606 -0.116455038 0.978455727 -0.630979258 1.15397787 -0.914161728 0 0 0 0 0 0 0 0 0 0 0 0 0 0 0 0 0 0 0 0 0 0 0 0 0 0 0 0 0 0 0 0 0 0 0 0 0 0 0 0 0 0 0 0 0 1.61158305 -4.41546852 -4.54375949 -5.74460447 0.994559102 0.0593122983 0.0851715196 0.00894743912
-0.168888889 0.0590334555 0.0486442917 0.165009126 -0.0851953821 0.982605585 -0.676111398 1.08875157 -0.932966786 0 0 0 0 0 0 0 0 0 0 0 0 0 0 0 0 0 0 0 0 0 0 0 0 0 0 0 0 0 0 0 0 0 0 0 0 0 0 0 0 0 0 0 0 0 1.4797429 -4.41546852 -4.54375949 -5.74460447 0.995513476 0.0441095346 0.0821678563 0.0159909861
-0.168888889 0.0759001571 0.0498011687 0.157604926 -0.049073029 0.986282173 -0.71365844 1.02352527 -0.948611387 0 0 0 0 0 0 0 0 0 0 0 0 0 0 0 0 0 0 0 0 0 0 0 0 0 0 0 0 0 0 0 0 0 0 0 0 0 0 0 0 0 0 0 0 0 1.37785328 -4.41546852 -4.54375949 -5.74460447 0.996295646 0.0264515848 0.0784807431 0.0231532505
-0.168888889 0.0927668587 0.0503005065 0.148136849 -0.00876224269 0.988928055 -0.744895169 0.958298968 -0.96162669 0 0 0 0 0 0 0 0 0 0 0 0 0 0 0 0 0 0 0 0 0 0 0 0 0 0 0 0 0 0 0 0 0 0 0 0 0 0 0 0 0 0 0 0 0 1.29758599 -4.41546852 -4.54375949 -5.74460447 0.996766113 0.00665202473 0.0741061624 0.0303536361
-0.168888889 0.10963356 0.0500824256 0.136539704 0.0348177427 0.990022542 -0.770882122 0.893072667 -0.972454587 0 0 0 0 0 0 0 0 0 0 0 0 0 0 0 0 0 0 0 0 0 0 0 0 0 0 0 0 0 0 0 0 0 0 0 0 0 0 0 0 0 0 0 0 0 1.23350964 -4.41546852 -4.54375949 -5.74460447 0.996797258 -0.0148669379 0.069048556 0.0375032957
-0.168888889 0.126500262 0.0491016672 0.122831527 0.0805329121 0.989154622 -0.792501599 0.827846365 -0.981462703 0 0 0 0 0 0 0 0 0 0 0 0 0 0 0 0 0 0 0 0 0 0 0 0 0 0 0 0 0 0 0 0 0 0 0 0 0 0 0 0 0 0 0 0 0 1.18187151 -4.41546852 -4.54375949 -5.74460447 0.996291173 -0.0375872758 0.0633236586 0.0445107725
-0.168888889 0.143366963 0.047329066 0.1071229 0.127100645 0.986088287 -0.810487616 0.762620063 -0.988956877 0 0 0 0 0 0 0 0 0 0 0 0 0 0 0 0 0 0 0 0 0 0 0 0 0 0 0 0 0 0 0 0 0 0 0 0 0 0 0 0 0 0 0 0 0 1.13996655 -4.41546852 -4.54375949 -5.74460447 0.995195268 -0.0609216494 0.0569597134 0.0512886208
-0.168888889 0.160233665 0.0447524997 0.0896114747 0.173185059 0.980804119 -0.825450828 0.697393761 -0.995191548 0 0 0 0 0 0 0 0 0 0 0 0 0 0 0 0 0 0 0 0 0 0 0 0 0 0 0 0 0 0 0 0 0 0 0 0 0 0 0 0 0 0 0 0 0 1.10578211 -4.41546852 -4.54375949 -5.74460447 0.993511869 -0.0842513633 0.049996485 0.0577600618
-0.168888889 0.177100367 0.0413772832 0.0705616592 0.217504425 0.973505458 -0.837899259 0.63216746 -1.00037839 0 0 0 0 0 0 0 0 0 0 0 0 0 0 0 0 0 0 0 0 0 0 0 0 0 0 0 0 0 0 0 0 0 0 0 0 0 0 0 0 0 0 0 0 0 1.07778441 -4.41546852 -4.54375949 -5.74460447 0.991299174 -0.106969844 0.0424820356 0.063864515
-0.168888889 0.193967068 0.0372259955 0.0502737364 0.258928632 0.964587225 -0.848255554 0.566941158 -1.00469352 0 0 0 0 0 0 0 0 0 0 0 0 0 0 0 0 0 0 0 0 0 0 0 0 0 0 0 0 0 0 0 0 0 0 0 0 0 0 0 0 0 0 0 0 0 1.0547829 -4.41546852 -4.54375949 -5.74460447 0.988663176 -0.128523747 0.034467869 0.0695610335
-0.168888889 0.21083377 0.0323377453 0.029049534 0.2965479 0.954576067 -0.856871328 0.501714856 -1.00828342 0 0 0 0 0 0 0 0 0 0 0 0 0 0 0 0 0 0 0 0 0 0 0 0 0 0 0 0 0 0 0 0 0 0 0 0 0 0 0 0 0 0 0 0 0 1.0358403 -4.41546852 -4.54375949 -5.74460447 0.985742676 -0.148444551 0.026003495 0.074829205
-0.168888889 0.227700471 0.0267668983 0.00716191967 0.329703564 0.944057343 -0.864039098 0.436488555 -1.01126999 0 0 0 0 0 0 0 0 0 0 0 0 0 0 0 0 0 0 0 0 0 0 0 0 0 0 0 0 0 0 0 0 0 0 0 0 0 0 0 0 0 0 0 0 0 1.02021053 -4.41546852 -4.54375949 -5.74460447 0.982691062 -0.16636658 0.0171315373 0.079667736
-0.168888889 0.244567173 0.0205813074 -0.0151668578 0.357983089 0.933604881 -0.870002222 0.371262253 -1.01375463 0 0 0 0 0 0 0 0 0 0 0 0 0 0 0 0 0 0 0 0 0 0 0 0 0 0 0 0 0 0 0 0 0 0 0 0 0 0 0 0 0 0 0 0 0 1.00729456 -4.41546852 -4.54375949 -5.74460447 0.979658651 -0.182031312 0.00788422025 0.0840914309
-0.168888889 0.261433875 0.0138601053 -0.0377762259 0.381189595 0.923724769 -0.874963159 0.306035951 -1.01582169 0 0 0 0 0 0 0 0 0 0 0 0 0 0 0 0 0 0 0 0 0 0 0 0 0 0 0 0 0 0 0 0 0 0 0 0 0 0 0 0 0 0 0 0 0 0.996608133 -4.41546852 -4.54375949 -5.74460447 0.976778346 -0.195280983 -0.00171840282 0.088127446
-0.151111111 -0.264650179 0.0020071682 0.037069213 -0.0558055211 0.997753285 -0.866169257 0.31096639 -1.01978896 0 0 0 0 0 0 0 0 0 0 0 0 0 0 0 0 0 0 0 0 0 0 0 0 0 0 0 0 0 0 0 0 0 0 0 0 0 0 0 0 0 0 0 0 0 0.99646123 -4.41546852 -4.56328069 -5.74460447 0.99635301 0.0263762447 0.0206797324 -0.0784686045
-0.151111111 -0.248109543 0.00291628242 0.0594059207 -0.0546419531 0.996737274 -0.861385802 0.374216137 -1.01779585 0 0 0 0 0 0 0 0 0 0 0 0 0 0 0 0 0 0 0 0 0 0 0 0 0 0 0 0 0 0 0 0 0 0 0 0 0 0 0 0 0 0 0 0 0 1.00676372 -4.41546852 -4.56328069 -5.74460447 0.996450407 0.0250710527 0.0316671009 -0.07385949
-0.151111111 -0.231568907 0.00384683328 0.0795071627 -0.0581607629 0.99513614 -0.855667984 0.437465884 -1.01541343 0 0 0 0 0 0 0 0 0 0 0 0 0 0 0 0 0 0 0 0 0 0 0 0 0 0 0 0 0 0 0 0 0 0 0 0 0 0 0 0 0 0 0 0 0 1.01914374 -4.41546852 -4.56328069 -5.74460447 0.996377192 0.0262845812 0.0417259019 -0.0692860824
-0.151111111 -0.21502827 0.00487287043 0.0974951393 -0.0658053997 0.993058078 -0.848833291 0.500715631 -1.01256564 0 0 0 0 0 0 0 0 0 0 0 0 0 0 0 0 0 0 0 0 0 0 0 0 0 0 0 0 0 0 0 0 0 0 0 0 0 0 0 0 0 0 0 0 0 1.03403711 -4.41546852 -4.56328069 -5.74460447 0.996156646 0.0297198288 0.0508693675 -0.0648149379
-0.151111111 -0.198487634 0.00605845011 0.113502619 -0.0768823154 0.990558562 -0.840663562 0.563965379 -1.00916159 0 0 0 0 0 0 0 0 0 0 0 0 0 0 0 0 0 0 0 0 0 0 0 0 0 0 0 0 0 0 0 0 0 0 0 0 0 0 0 0 0 0 0 0 0 1.05197921 -4.41546852 -4.56328069 -5.74460447 0.995801643 0.0350124803 0.0591172152 -0.0604844502
-0.151111111 -0.181946998 0.00745567474 0.127663834 -0.0905885617 0.987671837 -0.830898021 0.627215126 -1.00509261 0 0 0 0 0 0 0 0 0 0 0 0 0 0 0 0 0 0 0 0 0 0 0 0 0 0 0 0 0 0 0 0 0 0 0 0 0 0 0 0 0 0 0 0 0 1.07363193 -4.41546852 -4.56328069 -5.74460447 0.995321849 0.0417456077 0.0664935007 -0.0563057342
-0.151111111 -0.165406362 0.00910309826 0.140109848 -0.106042796 0.984441037 -0.819224953 0.690464873 -1.00022883 0 0 0 0 0 0 0 0 0 0 0 0 0 0 0 0 0 0 0 0 0 0 0 0 0 0 0 0 0 0 0 0 0 0 0 0 0 0 0 0 0 0 0 0 0 1.09981991 -4.41546852 -4.56328069 -5.74460447 0.994730548 0.0494653813 0.0730250467 -0.052265251
-0.151111111 -0.148865726 0.0110245462 0.150966552 -0.12231996 0.980941857 -0.805271759 0.75371462 -0.994415001 0 0 0 0 0 0 0 0 0 0 0 0 0 0 0 0 0 0 0 0 0 0 0 0 0 0 0 0 0 0 0 0 0 0 0 0 0 0 0 0 0 0 0 0 0 1.13158099 -4.41546852 -4.56328069 -5.74460447 0.994049924 0.0576978606 0.078740258 -0.0483288501
-0.151111111 -0.132325089 0.0132283866 0.160353491 -0.138487909 0.977296197 -0.788593054 0.816964367 -0.987465541 0 0 0 0 0 0 0 0 0 0 0 0 0 0 0 0 0 0 0 0 0 0 0 0 0 0 0 0 0 0 0 0 0 0 0 0 0 0 0 0 0 0 0 0 0 1.17023787 -4.41546852 -4.56328069 -5.74460447 0.993313937 0.0659662244 0.0836681458 -0.0444468343
-0.151111111 -0.115784453 0.0157072736 0.168382129 -0.15364274 0.973674159 -0.768656459 0.880214114 -0.979158626 0 0 0 0 0 0 0 0 0 0 0 0 0 0 0 0 0 0 0 0 0 0 0 0 0 0 0 0 0 0 0 0 0 0 0 0 0 0 0 0 0 0 0 0 0 1.21750413 -4.41546852 -4.56328069 -5.74460447 0.992568386 0.0738072281 0.087837428 -0.0405595736
-0.151111111 -0.0992438171 0.0184383726 0.175152789 -0.166939094 0.970284927 -0.744825603 0.943463861 -0.969229103 0 0 0 0 0 0 0 0 0 0 0 0 0 0 0 0 0 0 0 0 0 0 0 0 0 0 0 0 0 0 0 0 0 0 0 0 0 0 0 0 0 0 0 0 0 1.27564686 -4.41546852 -4.56328069 -5.74460447 0.991868273 0.0807854954 0.0912756279 -0.0366031676
-0.151111111 -0.0827031809 0.021384059 0.180750155 -0.17761253 0.967358863 -0.71633981 1.00671361 -0.957360022 0 0 0 0 0 0 0 0 0 0 0 0 0 0 0 0 0 0 0 0 0 0 0 0 0 0 0 0 0 0 0 0 0 0 0 0 0 0 0 0 0 0 0 0 0 1.3477492 -4.41546852 -4.56328069 -5.74460447 0.991273033 0.0865045407 0.0940081526 -0.0325146985
-0.151111111 -0.0661625447 0.0244930696 0.185237768 -0.184992861 0.965124143 -0.682289821 1.06996336 -0.943172527 0 0 0 0 0 0 0 0 0 0 0 0 0 0 0 0 0 0 0 0 0 0 0 0 0 0 0 0 0 0 0 0 0 0 0 0 0 0 0 0 0 0 0 0 0 1.43815895 -4.41546852 -4.56328069 -5.74460447 0.99084043 0.0906140695 0.096057374 -0.0282367376
-0.151111111 -0.0496219085 0.0277020716 0.188652255 -0.18850943 0.963781366 -0.641588768 1.1332131 -0.926213755 0 0 0 0 0 0 0 0 0 0 0 0 0 0 0 0 0 0 0 0 0 0 0 0 0 0 0 0 0 0 0 0 0 0 0 0 0 0 0 0 0 0 0 0 0 1.55331306 -4.41546852 -4.56328069 -5.74460447 0.990620008 0.0928138987 0.0974417629 -0.0237209349
-0.151111111 -0.0330812724 0.030937601 0.190998155 -0.187691111 0.963478984 -0.592937484 1.19646285 -0.905942387 0 0 0 0 0 0 0 0 0 0 0 0 0 0 0 0 0 0 0 0 0 0 0 0 0 0 0 0 0 0 0 0 0 0 0 0 0 0 0 0 0 0 0 0 0 1.70339895 -4.41546852 -4.56328069 -5.74460447 0.990646819 0.0928555274 0.0981751459 -0.0189306858
-0.151111111 -0.0165406362 0.034118311 0.19224419 -0.18216485 0.964291522 -0.534783032 1.2597126 -0.881711365 0 0 0 0 0 0 0 0 0 0 0 0 0 0 0 0 0 0 0 0 0 0 0 0 0 0 0 0 0 0 0 0 0 0 0 0 0 0 0 0 0 0 0 0 0 1.90614765 -4.41546852 -4.56328069 -5.74460447 0.990935988 0.0905428084 0.0982661641 -0.0138429908
-0.151111111 0 0.0371574614 0.192321812 -0.171656734 0.96620199 -0.465269136 1.32296234 -0.852747242 0 0 0 0 0 0 0 0 0 0 0 0 0 0 0 0 0 0 0 0 0 0 0 0 0 0 0 0 0 0 0 0 0 0 0 0 0 0 0 0 0 0 0 0 0 2.19722458 -4.41546852 -4.56328069 -5.74460447 0.991478491 0.0857332566 0.0977180306 -0.00844968909
-0.151111111 0.0165406362 0.0399655736 0.191126821 -0.155998953 0.96908971 -0.534783032 1.2597126 -0.881711365 0 0 0 0 0 0 0 0 0 0 0 0 0 0 0 0 0 0 0 0 0 0 0 0 0 0 0 0 0 0 0 0 0 0 0 0 0 0 0 0 0 0 0 0 0 1.90614765 -4.41546852 -4.56328069 -5.74460447 0.992238503 0.0783412736 0.0965287008 -0.00275822801
-0.151111111 0.0330812724 0.042453169 0.188524893 -0.135144554 0.9727252 -0.592937484 1.19646285 -0.905942387 0 0 0 0 0 0 0 0 0 0 0 0 0 0 0 0 0 0 0 0 0 0 0 0 0 0 0 0 0 0 0 0 0 0 0 0 0 0 0 0 0 0 0 0 0 1.70339895 -4.41546852 -4.56328069 -5.74460447 0.993152712 0.0683440133 0.0946915833 0.00320794211
-0.151111111 0.0496219085 0.0445335074 0.184361709 -0.109189779 0.976774463 -0.641588768 1.1332131 -0.926213755 0 0 0 0 0 0 0 0 0 0 0 0 0 0 0 0 0 0 0 0 0 0 0 0 0 0 0 0 0 0 0 0 0 0 0 0 0 0 0 0 0 0 0 0 0 1.55331306 -4.41546852 -4.56328069 -5.74460447 0.994132132 0.0557897725 0.0921969066 0.00940938379
-0.151111111 0.0661625447 0.046125242 0.178477999 -0.0784009579 0.980815423 -0.682289821 1.06996336 -0.943172527 0 0 0 0 0 0 0 0 0 0 0 0 0 0 0 0 0 0 0 0 0 0 0 0 0 0 0 0 0 0 0 0 0 0 0 0 0 0 0 0 0 0 0 0 0 1.43815895 -4.41546852 -4.56328069 -5.74460447 0.995067006 0.0408077404 0.0890337966 0.0157912738
-0.151111111 0.0827031809 0.0471549088 0.170728958 -0.0432398517 0.984368802 -0.71633981 1.00671361 -0.957360022 0 0 0 0 0 0 0 0 0 0 0 0 0 0 0 0 0 0 0 0 0 0 0 0 0 0 0 0 0 0 0 0 0 0 0 0 0 0 0 0 0 0 0 0 0 1.3477492 -4.41546852 -4.56328069 -5.74460447 0.99583522 0.0236167999 0.0851929916 0.0222848764
-0.151111111 0.0992438171 0.0475591749 0.161006199 -0.00437871228 0.986943682 -0.744825603 0.943463861 -0.969229103 0 0 0 0 0 0 0 0 0 0 0 0 0 0 0 0 0 0 0 0 0 0 0 0 0 0 0 0 0 0 0 0 0 0 0 0 0 0 0 0 0 0 0 0 0 1.27564686 -4.41546852 -4.56328069 -5.74460447 0.996314114 0.0045301702 0.0806699245 0.0288101964
-0.151111111 0.115784453 0.0472867773 0.149258885 0.0373044465 0.988094208 -0.768656459 0.880214114 -0.979158626 0 0 0 0 0 0 0 0 0 0 0 0 0 0 0 0 0 0 0 0 0 0 0 0 0 0 0 0 0 0 0 0 0 0 0 0 0 0 0 0 0 0 0 0 0 1.21750413 -4.41546852 -4.56328069 -5.74460447 0.996394714 -0.0160475793 0.0754676838 0.0352800023
-0.151111111 0.132325089 0.0463000913 0.135509591 0.0807575267 0.987479302 -0.788593054 0.816964367 -0.987465541 0 0 0 0 0 0 0 0 0 0 0 0 0 0 0 0 0 0 0 0 0 0 0 0 0 0 0 0 0 0 0 0 0 0 0 0 0 0 0 0 0 0 0 0 0 1.17023787 -4.41546852 -4.56328069 -5.74460447 0.995996318 -0.0376337534 0.0695992058 0.0416051232
-0.151111111 0.148865726 0.0445762822 0.119860533 0.124814195 0.984913635 -0.805271759 0.75371462 -0.994415001 0 0 0 0 0 0 0 0 0 0 0 0 0 0 0 0 0 0 0 0 0 0 0 0 0 0 0 0 0 0 0 0 0 0 0 0 0 0 0 0 0 0 0 0 0 1.13158099 -4.41546852 -4.56328069 -5.74460447 0.995078628 -0.0596915269 0.0630880644 0.0477005399
-0.151111111 0.165406362 0.0421080043 0.102487518 0.168275001 0.980397793 -0.819224953 0.690464873 -1.00022883 0 0 0 0 0 0 0 0 0 0 0 0 0 0 0 0 0 0 0 0 0 0 0 0 0 0 0 0 0 0 0 0 0 0 0 0 0 0 0 0 0 0 0 0 0 1.09981991 -4.41546852 -4.56328069 -5.74460447 0.993648611 -0.0816623895 0.055967469 0.05349144
-0.151111111 0.181946998 0.0389036256 0.0836220304 0.209995697 0.974119686 -0.830898021 0.627215126 -1.00509261 0 0 0 0 0 0 0 0 0 0 0 0 0 0 0 0 0 0 0 0 0 0 0 0 0 0 0 0 0 0 0 0 0 0 0 0 0 0 0 0 0 0 0 0 0 1.07363193 -4.41546852 -4.56328069 -5.74460447 0.991760294 -0.103002128 0.0482775146 0.0589182672
-0.151111111 0.198487634 0.0349869715 0.0635250783 0.248965869 0.966426697 -0.840663562 0.563965379 -1.00916159 0 0 0 0 0 0 0 0 0 0 0 0 0 0 0 0 0 0 0 0 0 0 0 0 0 0 0 0 0 0 0 0 0 0 0 0 0 0 0 0 0 0 0 0 0 1.05197921 -4.41546852 -4.56328069 -5.74460447 0.989507468 -0.123214252 0.0400611982 0.0639399708
-0.151111111 0.21502827 0.0303965962 0.0424584819 0.284363991 0.957775756 -0.848833291 0.500715631 -1.01256564 0 0 0 0 0 0 0 0 0 0 0 0 0 0 0 0 0 0 0 0 0 0 0 0 0 0 0 0 0 0 0 0 0 0 0 0 0 0 0 0 0 0 0 0 0 1.03403711 -4.41546852 -4.56328069 -5.74460447 0.987011053 -0.141875547 0.0313600285 0.0685350933
-0.151111111 0.231568907 0.0251846018 0.0206592997 0.315582411 0.94867325 -0.855667984 0.437465884 -1.01541343 0 0 0 0 0 0 0 0 0 0 0 0 0 0 0 0 0 0 0 0 0 0 0 0 0 0 0 0 0 0 0 0 0 0 0 0 0 0 0 0 0 0 0 0 0 1.01914374 -4.41546852 -4.56328069 -5.74460447 0.984403988 -0.158650833 0.0222100896 0.0727008529
-0.151111111 0.248109543 0.0194150448 -0.0016786105 0.342224094 0.939616864 -0.861385802 0.374216137 -1.01779585 0 0 0 0 0 0 0 0 0 0 0 0 0 0 0 0 0 0 0 0 0 0 0 0 0 0 0 0 0 0 0 0 0 0 0 0 0 0 0 0 0 0 0 0 0 1.00676372 -4.41546852 -4.56328069 -5.74460447 0.981816537 -0.173296908 0.0126392015 0.0764507711
-0.151111111 0.264650179 0.0131619747 -0.0244143635 0.364078979 0.931048031 -0.866169257 0.31096639 -1.01978896 0 0 0 0 0 0 0 0 0 0 0 0 0 0 0 0 0 0 0 0 0 0 0 0 0 0 0 0 0 0 0 0 0 0 0 0 0 0 0 0 0 0 0 0 0 0.99646123 -4.41546852 -4.56328069 -5.74460447 0.979364147 -0.185657965 0.00266547205 0.0798115478
-0.133333333 -0.267283776 0.00116761008 0.0440936213 -0.0307899097 0.99855282 -0.857306988 0.316256194 -1.02372775 0 0 0 0 0 0 0 0 0 0 0 0 0 0 0 0 0 0 0 0 0 0 0 0 0 0 0 0 0 0 0 0 0 0 0 0 0 0 0 0 0 0 0 0 0 0.99646123 -4.41546852 -4.55337864 -5.74460447 0.997237674 0.0138360384 0.0230684659 -0.0692346051
-0.133333333 -0.25057854 0.00167970517 0.0670837788 -0.0312212006 0.997258744 -0.852523533 0.379505941 -1.02173464 0 0 0 0 0 0 0 0 0 0 0 0 0 0 0 0 0 0 0 0 0 0 0 0 0 0 0 0 0 0 0 0 0 0 0 0 0 0 0 0 0 0 0 0 0 1.00676372 -4.41546852 -4.55337864 -5.74460447 0.99719427 0.0134028962 0.0345107256 -0.0650611954
-0.133333333 -0.233873304 0.00224013334 0.0878625467 -0.0363768897 0.995468179 -0.846805715 0.442755688 -1.01935221 0 0 0 0 0 0 0 0 0 0 0 0 0 0 0 0 0 0 0 0 0 0 0 0 0 0 0 0 0 0 0 0 0 0 0 0 0 0 0 0 0 0 0 0 0 1.01914374 -4.41546852 -4.55337864 -5.74460447 0.997004322 0.0154908828 0.0450104788 -0.0609628643
-0.133333333 -0.217168068 0.00292412982 0.106539978 -0.0456891866 0.993258139 -0.839971022 0.506005435 -1.01650443 0 0 0 0 0 0 0 0 0 0 0 0 0 0 0 0 0 0 0 0 0 0 0 0 0 0 0 0 0 0 0 0 0 0 0 0 0 0 0 0 0 0 0 0 0 1.03403711 -4.41546852 -4.55337864 -5.74460447 0.99668419 0.0197988714 0.0545796209 -0.0570060979
-0.133333333 -0.200462832 0.00379677647 0.123233075 -0.0584551857 0.990654632 -0.831801293 0.569255182 -1.01310037 0 0 0 0 0 0 0 0 0 0 0 0 0 0 0 0 0 0 0 0 0 0 0 0 0 0 0 0 0 0 0 0 0 0 0 0 0 0 0 0 0 0 0 0 0 1.05197921 -4.41546852 -4.55337864 -5.74460447 0.996239986 0.025959279 0.0632360633 -0.0532278722
-0.133333333 -0.183757596 0.00491100991 0.138058693 -0.0738625436 0.987665997 -0.822035751 0.632504929 -1.0090314 0 0 0 0 0 0 0 0 0 0 0 0 0 0 0 0 0 0 0 0 0 0 0 0 0 0 0 0 0 0 0 0 0 0 0 0 0 0 0 0 0 0 0 0 0 1.07363193 -4.41546852 -4.55337864 -5.74460447 0.99567525 0.0335520848 0.0710018241 -0.0496366314
-0.133333333 -0.16705236 0.00630600136 0.151130904 -0.0910195049 0.984314431 -0.810362684 0.695754676 -1.00416762 0 0 0 0 0 0 0 0 0 0 0 0 0 0 0 0 0 0 0 0 0 0 0 0 0 0 0 0 0 0 0 0 0 0 0 0 0 0 0 0 0 0 0 0 0 1.09981991 -4.41546852 -4.55337864 -5.74460447 0.994998184 0.0421202011 0.0779016881 -0.04621503
-0.133333333 -0.150347124 0.00800595785 0.162560816 -0.108989622 0.980660616 -0.796409489 0.759004423 -0.998353787 0 0 0 0 0 0 0 0 0 0 0 0 0 0 0 0 0 0 0 0 0 0 0 0 0 0 0 0 0 0 0 0 0 0 0 0 0 0 0 0 0 0 0 0 0 1.13158099 -4.41546852 -4.55337864 -5.74460447 0.994227251 0.0511862901 0.0839622286 -0.0429241411
-0.133333333 -0.133641888 0.0100193813 0.172456854 -0.126829296 0.976817774 -0.779730785 0.82225417 -0.991404327 0 0 0 0 0 0 0 0 0 0 0 0 0 0 0 0 0 0 0 0 0 0 0 0 0 0 0 0 0 0 0 0 0 0 0 0 0 0 0 0 0 0 0 0 0 1.17023787 -4.41546852 -4.55337864 -5.74460447 0.993394233 0.0602703233 0.0892109928 -0.0397087424
-0.133333333 -0.116936652 0.0123388083 0.180923951 -0.14362452 0.972953504 -0.75979419 0.885503918 -0.983097413 0 0 0 0 0 0 0 0 0 0 0 0 0 0 0 0 0 0 0 0 0 0 0 0 0 0 0 0 0 0 0 0 0 0 0 0 0 0 0 0 0 0 0 0 0 1.21750413 -4.41546852 -4.55337864 -5.74460447 0.992544341 0.0689065412 0.0936756985 -0.0365031956
-0.133333333 -0.100231416 0.0149410387 0.18806083 -0.158522669 0.969279984 -0.735963333 0.948753665 -0.973167889 0 0 0 0 0 0 0 0 0 0 0 0 0 0 0 0 0 0 0 0 0 0 0 0 0 0 0 0 0 0 0 0 0 0 0 0 0 0 0 0 0 0 0 0 0 1.27564686 -4.41546852 -4.55337864 -5.74460447 0.991733466 0.076658264 0.0973833586 -0.0332373907
-0.133333333 -0.0835261799 0.0177878454 0.193955285 -0.170756042 0.966035052 -0.70747754 1.01200341 -0.961298809 0 0 0 0 0 0 0 0 0 0 0 0 0 0 0 0 0 0 0 0 0 0 0 0 0 0 0 0 0 0 0 0 0 0 0 0 0 0 0 0 0 0 0 0 0 1.3477492 -4.41546852 -4.55337864 -5.74460447 0.991023191 0.0831293073 0.100359316 -0.0298422659
-0.133333333 -0.0668209439 0.0208271445 0.198678004 -0.17965576 0.963457762 -0.673427551 1.07525316 -0.947111313 0 0 0 0 0 0 0 0 0 0 0 0 0 0 0 0 0 0 0 0 0 0 0 0 0 0 0 0 0 0 0 0 0 0 0 0 0 0 0 0 0 0 0 0 0 1.43815895 -4.41546852 -4.55337864 -5.74460447 0.990474422 0.0879714547 0.102626226 -0.026254538
-0.133333333 -0.0501157079 0.0239945892 0.202275858 -0.184656939 0.961762077 -0.632726499 1.13850291 -0.930152541 0 0 0 0 0 0 0 0 0 0 0 0 0 0 0 0 0 0 0 0 0 0 0 0 0 0 0 0 0 0 0 0 0 0 0 0 0 0 0 0 0 0 0 0 0 1.55331306 -4.41546852 -4.55337864 -5.74460447 0.990140577 0.0908882948 0.104203068 -0.0224204603
-0.133333333 -0.033410472 0.0272155392 0.204765648 -0.185297917 0.961111706 -0.584075215 1.20175265 -0.909881173 0 0 0 0 0 0 0 0 0 0 0 0 0 0 0 0 0 0 0 0 0 0 0 0 0 0 0 0 0 0 0 0 0 0 0 0 0 0 0 0 0 0 0 0 0 1.70339895 -4.41546852 -4.55337864 -5.74460447 0.990061116 0.0916364615 0.105104262 -0.0182986015
-0.133333333 -0.016705236 0.0304073453 0.206129306 -0.181217486 0.961598114 -0.525920763 1.2650024 -0.885650151 0 0 0 0 0 0 0 0 0 0 0 0 0 0 0 0 0 0 0 0 0 0 0 0 0 0 0 0 0 0 0 0 0 0 0 0 0 0 0 0 0 0 0 0 0 1.90614765 -4.41546852 -4.55337864 -5.74460447 0.990255981 0.0900257698 0.105338995 -0.0138617792
-0.133333333 0 0.0334818786 0.206311399 -0.172154233 0.963222989 -0.456406867 1.32825215 -0.856686028 0 0 0 0 0 0 0 0 0 0 0 0 0 0 0 0 0 0 0 0 0 0 0 0 0 0 0 0 0 0 0 0 0 0 0 0 0 0 0 0 0 0 0 0 0 2.19722458 -4.41546852 -4.55337864 -5.74460447 0.99072131 0.0859198249 0.104910863 -0.00909834369
-0.133333333 0.016705236 0.0363482277 0.205219767 -0.15795145 0.965886218 -0.525920763 1.2650024 -0.885650151 0 0 0 0 0 0 0 0 0 0 0 0 0 0 0 0 0 0 0 0 0 0 0 0 0 0 0 0 0 0 0 0 0 0 0 0 0 0 0 0 0 0 0 0 0 1.90614765 -4.41546852 -4.55337864 -5.74460447 0.991426752 0.0792384348 0.103817924 -0.00401299755
-0.133333333 0.033410472 0.0389154815 0.202730065 -0.138569651 0.969380716 -0.584075215 1.20175265 -0.909881173 0 0 0 0 0 0 0 0 0 0 0 0 0 0 0 0 0 0 0 0 0 0 0 0 0 0 0 0 0 0 0 0 0 0 0 0 0 0 0 0 0 0 0 0 0 1.70339895 -4.41546852 -4.55337864 -5.74460447 0.992314705 0.0699626018 0.102053301 0.00137274456
-0.133333333 0.0501157079 0.041095511 0.198694889 -0.114106674 0.973396121 -0.632726499 1.13850291 -0.930152541 0 0 0 0 0 0 0 0 0 0 0 0 0 0 0 0 0 0 0 0 0 0 0 0 0 0 0 0 0 0 0 0 0 0 0 0 0 0 0 0 0 0 0 0 0 1.55331306 -4.41546852 -4.55337864 -5.74460447 0.993301955 0.0581420605 0.0996064274 0.00702048298
-0.133333333 0.0668209439 0.0428056669 0.19295781 -0.0848226892 0.977533833 -0.673427551 1.07525316 -0.947111313 0 0 0 0 0 0 0 0 0 0 0 0 0 0 0 0 0 0 0 0 0 0 0 0 0 0 0 0 0 0 0 0 0 0 0 0 0 0 0 0 0 0 0 0 0 1.43815895 -4.41546852 -4.55337864 -5.74460447 0.994284235 0.0439043186 0.0964649899 0.0128754202
-0.133333333 0.0835261799 0.043971309 0.185371882 -0.0511644839 0.98133555 -0.70747754 1.01200341 -0.961298809 0 0 0 0 0 0 0 0 0 0 0 0 0 0 0 0 0 0 0 0 0 0 0 0 0 0 0 0 0 0 0 0 0 0 0 0 0 0 0 0 0 0 0 0 0 1.3477492 -4.41546852 -4.55337864 -5.74460447 0.995144102 0.0274630798 0.092617517 0.0188677045
-0.133333333 0.100231416 0.0445280905 0.175820971 -0.0137808996 0.984325694 -0.735963333 0.948753665 -0.973167889 0 0 0 0 0 0 0 0 0 0 0 0 0 0 0 0 0 0 0 0 0 0 0 0 0 0 0 0 0 0 0 0 0 0 0 0 0 0 0 0 0 0 0 0 0 1.27564686 -4.41546852 -4.55337864 -5.74460447 0.995762066 0.00912303359 0.0880563627 0.0249149626
-0.133333333 0.116936652 0.0444239274 0.164240828 0.0264796421 0.986064795 -0.75979419 0.885503918 -0.983097413 0 0 0 0 0 0 0 0 0 0 0 0 0 0 0 0 0 0 0 0 0 0 0 0 0 0 0 0 0 0 0 0 0 0 0 0 0 0 0 0 0 0 0 0 0 1.21750413 -4.41546852 -4.55337864 -5.74460447 0.996030102 -0.0107222923 0.082780645 0.0309262525
-0.133333333 0.133641888 0.0436205928 0.150635669 0.068596638 0.986206569 -0.779730785 0.82225417 -0.991404327 0 0 0 0 0 0 0 0 0 0 0 0 0 0 0 0 0 0 0 0 0 0 0 0 0 0 0 0 0 0 0 0 0 0 0 0 0 0 0 0 0 0 0 0 0 1.17023787 -4.41546852 -4.55337864 -5.74460447 0.995865704 -0.0316022179 0.0767985375 0.0368073948
-0.133333333 0.150347124 0.0420948864 0.135085961 0.111431875 0.984547978 -0.796409489 0.759004423 -0.998353787 0 0 0 0 0 0 0 0 0 0 0 0 0 0 0 0 0 0 0 0 0 0 0 0 0 0 0 0 0 0 0 0 0 0 0 0 0 0 0 0 0 0 0 0 0 1.13158099 -4.41546852 -4.55337864 -5.74460447 0.995223855 -0.0529908729 0.0701283005 0.0424672586
-0.133333333 0.16705236 0.0398393448 0.117744544 0.153805011 0.981060773 -0.810362684 0.695754676 -1.00416762 0 0 0 0 0 0 0 0 0 0 0 0 0 0 0 0 0 0 0 0 0 0 0 0 0 0 0 0 0 0 0 0 0 0 0 0 0 0 0 0 0 0 0 0 0 1.09981991 -4.41546852 -4.55337864 -5.74460447 0.994104236 -0.0743375349 0.0627976455 0.047824204
-0.133333333 0.183757596 0.0368624699 0.098821014 0.194577764 0.97589646 -0.822035751 0.632504929 -1.0090314 0 0 0 0 0 0 0 0 0 0 0 0 0 0 0 0 0 0 0 0 0 0 0 0 0 0 0 0 0 0 0 0 0 0 0 0 0 0 0 0 0 0 0 0 0 1.07363193 -4.41546852 -4.55337864 -5.74460447 0.99255184 -0.0951009406 0.0548414171 0.0528117008
-0.133333333 0.200462832 0.0331884688 0.0785574548 0.232730875 0.969363227 -0.831801293 0.569255182 -1.01310037 0 0 0 0 0 0 0 0 0 0 0 0 0 0 0 0 0 0 0 0 0 0 0 0 0 0 0 0 0 0 0 0 0 0 0 0 0 0 0 0 0 0 0 0 0 1.05197921 -4.41546852 -4.55337864 -5.74460447 0.99065074 -0.114781878 0.0462980234 0.0573822621
-0.133333333 0.217168068 0.0288565127 0.0572007715 0.267420225 0.961880707 -0.839971022 0.506005435 -1.01650443 0 0 0 0 0 0 0 0 0 0 0 0 0 0 0 0 0 0 0 0 0 0 0 0 0 0 0 0 0 0 0 0 0 0 0 0 0 0 0 0 0 0 0 0 0 1.03403711 -4.41546852 -4.55337864 -5.74460447 0.988512503 -0.132948889 0.0372053655 0.061509226
-0.133333333 0.233873304 0.0239195382 0.034977241 0.298004971 0.953923283 -0.846805715 0.442755688 -1.01935221 0 0 0 0 0 0 0 0 0 0 0 0 0 0 0 0 0 0 0 0 0 0 0 0 0 0 0 0 0 0 0 0 0 0 0 0 0 0 0 0 0 0 0 0 0 1.01914374 -4.41546852 -4.55337864 -5.74460447 0.986261816 -0.149254008 0.0275970911 0.0651864348
-0.133333333 0.25057854 0.0184426272 0.0120734899 0.32404847 0.945963435 -0.852523533 0.379505941 -1.02173464 0 0 0 0 0 0 0 0 0 0 0 0 0 0 0 0 0 0 0 0 0 0 0 0 0 0 0 0 0 0 0 0 0 0 0 0 0 0 0 0 0 0 0 0 0 1.00676372 -4.41546852 -4.55337864 -5.74460447 0.984022135 -0.16343818 0.0174998215 0.0684262807
-0.133333333 0.267283776 0.0125010148 -0.0113741683 0.345298786 0.938423879 -0.857306988 0.316256194 -1.02372775 0 0 0 0 0 0 0 0 0 0 0 0 0 0 0 0 0 0 0 0 0 0 0 0 0 0 0 0 0 0 0 0 0 0 0 0 0 0 0 0 0 0 0 0 0 0.99646123 -4.41546852 -4.55337864 -5.74460447 0.981903462 -0.175328298 0.00693168692 0.0712567889
-0.115555556 -0.26958966 0.000286825604 0.0499164397 -0.00504241544 0.998740669 -0.848444719 0.320907015 -1.02766653 0 0 0 0 0 0 0 0 0 0 0 0 0 0 0 0 0 0 0 0 0 0 0 0 0 0 0 0 0 0 0 0 0 0 0 0 0 0 0 0 0 0 0 0 0 0.99646123 -4.41546852 -4.54478854 -5.74460447 0.99788992 0.00102194383 0.0250723221 -0.0598835746
-0.115555556 -0.252740306 0.000382510955 0.0734930644 -0.00712580487 0.99727027 -0.843661264 0.384156762 -1.02567343 0 0 0 0 0 0 0 0 0 0 0 0 0 0 0 0 0 0 0 0 0 0 0 0 0 0 0 0 0 0 0 0 0 0 0 0 0 0 0 0 0 0 0 0 0 1.00676372 -4.41546852 -4.54478854 -5.74460447 0.997738794 0.00149369421 0.0369138678 -0.056146535
-0.115555556 -0.235890953 0.000554521933 0.0948945583 -0.0139648326 0.995389374 -0.837943446 0.447406509 -1.023291 0 0 0 0 0 0 0 0 0 0 0 0 0 0 0 0 0 0 0 0 0 0 0 0 0 0 0 0 0 0 0 0 0 0 0 0 0 0 0 0 0 0 0 0 0 1.01914374 -4.41546852 -4.54478854 -5.74460447 0.997464683 0.00448287159 0.0478039409 -0.0525251713
-0.115555556 -0.219041599 0.00087913616 0.114217139 -0.0249844099 0.993141593 -0.831108753 0.510656256 -1.02044321 0 0 0 0 0 0 0 0 0 0 0 0 0 0 0 0 0 0 0 0 0 0 0 0 0 0 0 0 0 0 0 0 0 0 0 0 0 0 0 0 0 0 0 0 0 1.03403711 -4.41546852 -4.54478854 -5.74460447 0.997076455 0.0096857223 0.0577528364 -0.0490850229
-0.115555556 -0.202192245 0.00142233719 0.131560296 -0.0394755467 0.990521867 -0.822939024 0.573906003 -1.01703916 0 0 0 0 0 0 0 0 0 0 0 0 0 0 0 0 0 0 0 0 0 0 0 0 0 0 0 0 0 0 0 0 0 0 0 0 0 0 0 0 0 0 0 0 0 1.05197921 -4.41546852 -4.54478854 -5.74460447 0.996572975 0.0167326803 0.0667763712 -0.0458610772
-0.115555556 -0.185342891 0.00223779509 0.147021762 -0.0566189494 0.987511466 -0.813173482 0.637155751 -1.01297018 0 0 0 0 0 0 0 0 0 0 0 0 0 0 0 0 0 0 0 0 0 0 0 0 0 0 0 0 0 0 0 0 0 0 0 0 0 0 0 0 0 0 0 0 0 1.07363193 -4.41546852 -4.54478854 -5.74460447 0.995951232 0.0252016336 0.0748942222 -0.0428588017
-0.115555556 -0.168493538 0.0033652238 0.160696942 -0.0755140224 0.98411083 -0.801500415 0.700405498 -1.0081064 0 0 0 0 0 0 0 0 0 0 0 0 0 0 0 0 0 0 0 0 0 0 0 0 0 0 0 0 0 0 0 0 0 0 0 0 0 0 0 0 0 0 0 0 0 1.09981991 -4.41546852 -4.54478854 -5.74460447 0.995213975 0.0346329343 0.0821288314 -0.0400569563
-0.115555556 -0.151644184 0.00482916572 0.172680613 -0.0952136942 0.980365115 -0.78754722 0.763655245 -1.00229257 0 0 0 0 0 0 0 0 0 0 0 0 0 0 0 0 0 0 0 0 0 0 0 0 0 0 0 0 0 0 0 0 0 0 0 0 0 0 0 0 0 0 0 0 0 1.13158099 -4.41546852 -4.54478854 -5.74460447 0.994375636 0.0445462626 0.08850465 -0.0374119202
-0.115555556 -0.13479483 0.00663824059 0.183068719 -0.114763011 0.976378664 -0.770868515 0.826904992 -0.995343113 0 0 0 0 0 0 0 0 0 0 0 0 0 0 0 0 0 0 0 0 0 0 0 0 0 0 0 0 0 0 0 0 0 0 0 0 0 0 0 0 0 0 0 0 0 1.17023787 -4.41546852 -4.54478854 -5.74460447 0.993465597 0.0544585671 0.0940475015 -0.0348631568
-0.115555556 -0.117945476 0.00878488163 0.191958552 -0.133237503 0.972316657 -0.75093192 0.890154739 -0.987036199 0 0 0 0 0 0 0 0 0 0 0 0 0 0 0 0 0 0 0 0 0 0 0 0 0 0 0 0 0 0 0 0 0 0 0 0 0 0 0 0 0 0 0 0 0 1.21750413 -4.41546852 -4.54478854 -5.74460447 0.992528335 0.0639015988 0.0987838906 -0.0323393241
-0.115555556 -0.101096123 0.0112455672 0.199446402 -0.149776683 0.968394588 -0.727101064 0.953404486 -0.977106675 0 0 0 0 0 0 0 0 0 0 0 0 0 0 0 0 0 0 0 0 0 0 0 0 0 0 0 0 0 0 0 0 0 0 0 0 0 0 0 0 0 0 0 0 0 1.27564686 -4.41546852 -4.54478854 -5.74460447 0.991620578 0.0724373175 0.102740163 -0.0297644748
-0.115555556 -0.0842467688 0.0139815405 0.205622629 -0.163608949 0.964858252 -0.698615271 1.01665423 -0.965237595 0 0 0 0 0 0 0 0 0 0 0 0 0 0 0 0 0 0 0 0 0 0 0 0 0 0 0 0 0 0 0 0 0 0 0 0 0 0 0 0 0 0 0 0 0 1.3477492 -4.41546852 -4.54478854 -5.74460447 0.990806074 0.0796697706 0.105941501 -0.0270638204
-0.115555556 -0.0673974151 0.0169399961 0.210564812 -0.174066221 0.961958113 -0.664565282 1.07990398 -0.9510501 0 0 0 0 0 0 0 0 0 0 0 0 0 0 0 0 0 0 0 0 0 0 0 0 0 0 0 0 0 0 0 0 0 0 0 0 0 0 0 0 0 0 0 0 0 1.43815895 -4.41546852 -4.54478854 -5.74460447 0.990148944 0.0852527955 0.108410813 -0.0241686669
-0.115555556 -0.0505480613 0.0200556956 0.214330065 -0.180589098 0.959921976 -0.62386423 1.14315373 -0.934091328 0 0 0 0 0 0 0 0 0 0 0 0 0 0 0 0 0 0 0 0 0 0 0 0 0 0 0 0 0 0 0 0 0 0 0 0 0 0 0 0 0 0 0 0 0 1.55331306 -4.41546852 -4.54478854 -5.74460447 0.98970659 0.088893811 0.110167609 -0.0210203202
-0.115555556 -0.0336987075 0.0232529647 0.216947703 -0.182725388 0.958929156 -0.575212946 1.20640347 -0.913819959 0 0 0 0 0 0 0 0 0 0 0 0 0 0 0 0 0 0 0 0 0 0 0 0 0 0 0 0 0 0 0 0 0 0 0 0 0 0 0 0 0 0 0 0 0 1.70339895 -4.41546852 -4.54478854 -5.74460447 0.989523001 0.0903547538 0.111226977 -0.0175729567
-0.115555556 -0.0168493538 0.026448009 0.218413356 -0.180126061 0.959088217 -0.517058494 1.26965322 -0.889588938 0 0 0 0 0 0 0 0 0 0 0 0 0 0 0 0 0 0 0 0 0 0 0 0 0 0 0 0 0 0 0 0 0 0 0 0 0 0 0 0 0 0 0 0 0 1.90614765 -4.41546852 -4.54478854 -5.74460447 0.989623054 0.0894516936 0.111598773 -0.0137956032
-0.115555556 0 0.0295514785 0.218685453 -0.172542885 0.960419505 -0.447544597 1.33290297 -0.860624814 0 0 0 0 0 0 0 0 0 0 0 0 0 0 0 0 0 0 0 0 0 0 0 0 0 0 0 0 0 0 0 0 0 0 0 0 0 0 0 0 0 0 0 0 0 2.19722458 -4.41546852 -4.54478854 -5.74460447 0.99000817 0.0860547573 0.111287134 -0.00967344272
-0.115555556 0.0168493538 0.0324712023 0.217684886 -0.159831302 0.962843313 -0.517058494 1.26965322 -0.889588938 0 0 0 0 0 0 0 0 0 0 0 0 0 0 0 0 0 0 0 0 0 0 0 0 0 0 0 0 0 0 0 0 0 0 0 0 0 0 0 0 0 0 0 0 0 1.90614765 -4.41546852 -4.54478854 -5.74460447 0.990653585 0.0800897388 0.110290423 -0.00520865078
-0.115555556 0.0336987075 0.0351150098 0.215298601 -0.141960724 0.966174759 -0.575212946 1.20640347 -0.913819959 0 0 0 0 0 0 0 0 0 0 0 0 0 0 0 0 0 0 0 0 0 0 0 0 0 0 0 0 0 0 0 0 0 0 0 0 0 0 0 0 0 0 0 0 0 1.70339895 -4.41546852 -4.54478854 -5.74460447 0.99150754 0.0715422225 0.108601707 -0.000420883974
-0.115555556 0.0505480613 0.0373935508 0.211387718 -0.119032379 0.970127067 -0.62386423 1.14315373 -0.934091328 0 0 0 0 0 0 0 0 0 0 0 0 0 0 0 0 0 0 0 0 0 0 0 0 0 0 0 0 0 0 0 0 0 0 0 0 0 0 0 0 0 0 0 0 0 1.55331306 -4.41546852 -4.54478854 -5.74460447 0.992492764 0.0604642605 0.106209886 0.00465259411
-0.115555556 0.0673974151 0.0392230311 0.205800525 -0.0913023571 0.97432542 -0.664565282 1.07990398 -0.9510501 0 0 0 0 0 0 0 0 0 0 0 0 0 0 0 0 0 0 0 0 0 0 0 0 0 0 0 0 0 0 0 0 0 0 0 0 0 0 0 0 0 0 0 0 0 1.43815895 -4.41546852 -4.54478854 -5.74460447 0.993510725 0.0469826764 0.103101495 0.00995731806
-0.115555556 0.0842467688 0.0405277761 0.198389971 -0.0592046638 0.978333393 -0.698615271 1.01665423 -0.965237595 0 0 0 0 0 0 0 0 0 0 0 0 0 0 0 0 0 0 0 0 0 0 0 0 0 0 0 0 0 0 0 0 0 0 0 0 0 0 0 0 0 0 0 0 0 1.3477492 -4.41546852 -4.54478854 -5.74460447 0.994449009 0.0313070383 0.0992631504 0.0154228565
-0.115555556 0.101096123 0.0412425477 0.189034193 -0.0233667389 0.981692452 -0.727101064 0.953404486 -0.977106675 0 0 0 0 0 0 0 0 0 0 0 0 0 0 0 0 0 0 0 0 0 0 0 0 0 0 0 0 0 0 0 0 0 0 0 0 0 0 0 0 0 0 0 0 0 1.27564686 -4.41546852 -4.54478854 -5.74460447 0.995191783 0.0137344882 0.0946844131 0.0209652283
-0.115555556 0.117945476 0.0413145403 0.177657257 0.0153911465 0.983972058 -0.75093192 0.890154739 -0.987036199 0 0 0 0 0 0 0 0 0 0 0 0 0 0 0 0 0 0 0 0 0 0 0 0 0 0 0 0 0 0 0 0 0 0 0 0 0 0 0 0 0 0 0 0 0 1.21750413 -4.41546852 -4.54478854 -5.74460447 0.995632597 -0.00535171407 0.0893606736 0.0264907614
-0.115555556 0.13479483 0.0407049972 0.164246145 0.0560796069 0.984823985 -0.770868515 0.826904992 -0.995343113 0 0 0 0 0 0 0 0 0 0 0 0 0 0 0 0 0 0 0 0 0 0 0 0 0 0 0 0 0 0 0 0 0 0 0 0 0 0 0 0 0 0 0 0 0 1.17023787 -4.41546852 -4.54478854 -5.74460447 0.995687849 -0.0254924875 0.0832955012 0.0319014035
-0.115555556 0.151644184 0.0393903967 0.148859795 0.097589305 0.984031041 -0.78754722 0.763655245 -1.00229257 0 0 0 0 0 0 0 0 0 0 0 0 0 0 0 0 0 0 0 0 0 0 0 0 0 0 0 0 0 0 0 0 0 0 0 0 0 0 0 0 0 0 0 0 0 1.13158099 -4.41546852 -4.54478854 -5.74460447 0.995308509 -0.0461729676 0.0765018739 0.0371011177
-0.115555556 0.168493538 0.037363172 0.13162721 0.138761011 0.981539433 -0.801500415 0.700405498 -1.0081064 0 0 0 0 0 0 0 0 0 0 0 0 0 0 0 0 0 0 0 0 0 0 0 0 0 0 0 0 0 0 0 0 0 0 0 0 0 0 0 0 0 0 0 0 0 1.09981991 -4.41546852 -4.54478854 -5.74460447 0.994487555 -0.0668507577 0.0690018802 0.0420026081
-0.115555556 0.185342891 0.0346319428 0.112734144 0.178465352 0.97746669 -0.813173482 0.637155751 -1.01297018 0 0 0 0 0 0 0 0 0 0 0 0 0 0 0 0 0 0 0 0 0 0 0 0 0 0 0 0 0 0 0 0 0 0 0 0 0 0 0 0 0 0 0 0 0 1.07363193 -4.41546852 -4.54478854 -5.74460447 0.993261289 -0.0869884799 0.0608248235 0.0465334069
-0.115555556 0.202192245 0.0312212517 0.0924009163 0.215677573 0.972082947 -0.822939024 0.573906003 -1.01703916 0 0 0 0 0 0 0 0 0 0 0 0 0 0 0 0 0 0 0 0 0 0 0 0 0 0 0 0 0 0 0 0 0 0 0 0 0 0 0 0 0 0 0 0 0 1.05197921 -4.41546852 -4.54478854 -5.74460447 0.9917041 -0.106085352 0.0520040852 0.0506404165
-0.115555556 0.219041599 0.0271708124 0.0708561452 0.249534085 0.965770235 -0.831108753 0.510656256 -1.02044321 0 0 0 0 0 0 0 0 0 0 0 0 0 0 0 0 0 0 0 0 0 0 0 0 0 0 0 0 0 0 0 0 0 0 0 0 0 0 0 0 0 0 0 0 0 1.03403711 -4.41546852 -4.54478854 -5.74460447 0.989917905 -0.123702815 0.0425734189 0.054292354
-0.115555556 0.235890953 0.0225342951 0.0483118366 0.279363246 0.958969313 -0.837943446 0.447406509 -1.023291 0 0 0 0 0 0 0 0 0 0 0 0 0 0 0 0 0 0 0 0 0 0 0 0 0 0 0 0 0 0 0 0 0 0 0 0 0 0 0 0 0 0 0 0 0 1.01914374 -4.41546852 -4.54478854 -5.74460447 0.988018573 -0.139481056 0.0325634521 0.0574800434
-0.115555556 0.252740306 0.0173776834 0.0249441491 0.304690188 0.952124823 -0.843661264 0.384156762 -1.02567343 0 0 0 0 0 0 0 0 0 0 0 0 0 0 0 0 0 0 0 0 0 0 0 0 0 0 0 0 0 0 0 0 0 0 0 0 0 0 0 0 0 0 0 0 0 1.00676372 -4.41546852 -4.54478854 -5.74460447 0.986121987 -0.153145782 0.0219990412 0.0602149371
-0.115555556 0.26958966 0.0117772548 0.000882119023 0.325221463 0.945637468 -0.848444719 0.320907015 -1.02766653 0 0 0 0 0 0 0 0 0 0 0 0 0 0 0 0 0 0 0 0 0 0 0 0 0 0 0 0 0 0 0 0 0 0 0 0 0 0 0 0 0 0 0 0 0 0.99646123 -4.41546852 -4.54478854 -5.74460447 0.984331841 -0.164506847 0.010897844 0.0625264877
-0.0977777778 -0.271567289 -0.000628929996 0.0544539977 0.0212857553 0.998289376 -0.839582449 0.324910001 -1.03160532 0 0 0 0 0 0 0 0 0 0 0 0 0 0 0 0 0 0 0 0 0 0 0 0 0 0 0 0 0 0 0 0 0 0 0 0 0 0 0 0 0 0 0 0 0 0.99646123 -4.41546852 -4.53747962 -5.74460447 0.99829913 -0.0120081981 0.0266667404 -0.0504334643
-0.0977777778 -0.254594334 -0.00096609052 0.078548726 0.0175099282 0.99675649 -0.834798995 0.388159748 -1.02961221 0 0 0 0 0 0 0 0 0 0 0 0 0 0 0 0 0 0 0 0 0 0 0 0 0 0 0 0 0 0 0 0 0 0 0 0 0 0 0 0 0 0 0 0 0 1.00676372 -4.41546852 -4.53747962 -5.74460447 0.998076455 -0.0106064915 0.0388491623 -0.0471342299
-0.0977777778 -0.237621378 -0.00119802952 0.100517244 0.00895691446 0.994894998 -0.829081177 0.451409495 -1.02722979 0 0 0 0 0 0 0 0 0 0 0 0 0 0 0 0 0 0 0 0 0 0 0 0 0 0 0 0 0 0 0 0 0 0 0 0 0 0 0 0 0 0 0 0 0 1.01914374 -4.41546852 -4.53747962 -5.74460447 0.997753585 -0.00669645917 0.0500765248 -0.0439918489
-0.0977777778 -0.220648423 -0.00124757218 0.120440259 -0.00379516794 0.992713323 -0.822246484 0.514659242 -1.024382 0 0 0 0 0 0 0 0 0 0 0 0 0 0 0 0 0 0 0 0 0 0 0 0 0 0 0 0 0 0 0 0 0 0 0 0 0 0 0 0 0 0 0 0 0 1.03403711 -4.41546852 -4.53747962 -5.74460447 0.997331393 -0.000582851283 0.0603572613 -0.0410701181
-0.0977777778 -0.203675467 -0.00104795883 0.13839804 -0.0200346985 0.990174022 -0.814076754 0.57790899 -1.02097794 0 0 0 0 0 0 0 0 0 0 0 0 0 0 0 0 0 0 0 0 0 0 0 0 0 0 0 0 0 0 0 0 0 0 0 0 0 0 0 0 0 0 0 0 0 1.05197921 -4.41546852 -4.53747962 -5.74460447 0.996801049 0.00736413379 0.0697047964 -0.0384015607
-0.0977777778 -0.186702511 -0.000544888167 0.154467491 -0.0389379442 0.987230283 -0.804311213 0.641158737 -1.01690897 0 0 0 0 0 0 0 0 0 0 0 0 0 0 0 0 0 0 0 0 0 0 0 0 0 0 0 0 0 0 0 0 0 0 0 0 0 0 0 0 0 0 0 0 0 1.07363193 -4.41546852 -4.53747962 -5.74460447 0.996152585 0.0167213063 0.0781361417 -0.0359884624
-0.0977777778 -0.169729556 0.000301820903 0.168723679 -0.059597012 0.983860008 -0.792638146 0.704408484 -1.01204519 0 0 0 0 0 0 0 0 0 0 0 0 0 0 0 0 0 0 0 0 0 0 0 0 0 0 0 0 0 0 0 0 0 0 0 0 0 0 0 0 0 0 0 0 0 1.09981991 -4.41546852 -4.53747962 -5.74460447 0.995382931 0.027027122 0.0856710595 -0.0338056994
-0.0977777778 -0.1527566 0.00151699945 0.18124347 -0.0810548524 0.9800923 -0.778684951 0.767658231 -1.00623136 0 0 0 0 0 0 0 0 0 0 0 0 0 0 0 0 0 0 0 0 0 0 0 0 0 0 0 0 0 0 0 0 0 0 0 0 0 0 0 0 0 0 0 0 0 1.13158099 -4.41546852 -4.53747962 -5.74460447 0.994502179 0.0377986195 0.0923315472 -0.0318051287
-0.0977777778 -0.135783645 0.00310936858 0.192108897 -0.102345066 0.976022366 -0.762006246 0.830907978 -0.9992819 0 0 0 0 0 0 0 0 0 0 0 0 0 0 0 0 0 0 0 0 0 0 0 0 0 0 0 0 0 0 0 0 0 0 0 0 0 0 0 0 0 0 0 0 0 1.17023787 -4.41546852 -4.53747962 -5.74460447 0.993537068 0.0485498003 0.0981413974 -0.0299211858
-0.0977777778 -0.118810689 0.00507127252 0.201408395 -0.122532111 0.971813017 -0.742069651 0.894157725 -0.990974985 0 0 0 0 0 0 0 0 0 0 0 0 0 0 0 0 0 0 0 0 0 0 0 0 0 0 0 0 0 0 0 0 0 0 0 0 0 0 0 0 0 0 0 0 0 1.21750413 -4.41546852 -4.53747962 -5.74460447 0.992531199 0.0588098164 0.103125637 -0.0280771885
-0.0977777778 -0.101837734 0.00737891293 0.209234868 -0.140746753 0.967683379 -0.718238795 0.957407472 -0.981045462 0 0 0 0 0 0 0 0 0 0 0 0 0 0 0 0 0 0 0 0 0 0 0 0 0 0 0 0 0 0 0 0 0 0 0 0 0 0 0 0 0 0 0 0 0 1.27564686 -4.41546852 -4.53747962 -5.74460447 0.991542072 0.0681390603 0.107309734 -0.0261917642
-0.0977777778 -0.0848647779 0.00999307726 0.21568057 -0.156212559 0.963887716 -0.689753002 1.02065722 -0.969176381 0 0 0 0 0 0 0 0 0 0 0 0 0 0 0 0 0 0 0 0 0 0 0 0 0 0 0 0 0 0 0 0 0 0 0 0 0 0 0 0 0 0 0 0 0 1.3477492 -4.41546852 -4.53747962 -5.74460447 0.99063563 0.0761415867 0.110718567 -0.0241848387
-0.0977777778 -0.0678918223 0.0128603388 0.220829574 -0.168261444 0.960688496 -0.655703013 1.08390697 -0.954988886 0 0 0 0 0 0 0 0 0 0 0 0 0 0 0 0 0 0 0 0 0 0 0 0 0 0 0 0 0 0 0 0 0 0 0 0 0 0 0 0 0 0 0 0 0 1.43815895 -4.41546852 -4.53747962 -5.74460447 0.989879289 0.0824731086 0.113375211 -0.0219827591
-0.0977777778 -0.0509188668 0.015914692 0.224749103 -0.176338935 0.95832793 -0.61500196 1.14715671 -0.938030114 0 0 0 0 0 0 0 0 0 0 0 0 0 0 0 0 0 0 0 0 0 0 0 0 0 0 0 0 0 0 0 0 0 0 0 0 0 0 0 0 0 0 0 0 0 1.55331306 -4.41546852 -4.53747962 -5.74460447 0.989334546 0.086844788 0.115299688 -0.0195223319
-0.0977777778 -0.0339459112 0.0190795724 0.227481095 -0.180002068 0.957001362 -0.566350677 1.21040646 -0.917758746 0 0 0 0 0 0 0 0 0 0 0 0 0 0 0 0 0 0 0 0 0 0 0 0 0 0 0 0 0 0 0 0 0 0 0 0 0 0 0 0 0 0 0 0 0 1.70339895 -4.41546852 -4.53747962 -5.74460447 0.989050045 0.0890238972 0.116507788 -0.0167537672
-0.0977777778 -0.0169729556 0.0222701999 0.229035224 -0.178914102 0.956834683 -0.508196224 1.27365621 -0.893527724 0 0 0 0 0 0 0 0 0 0 0 0 0 0 0 0 0 0 0 0 0 0 0 0 0 0 0 0 0 0 0 0 0 0 0 0 0 0 0 0 0 0 0 0 0 1.90614765 -4.41546852 -4.53747962 -5.74460447 0.989055721 0.0888329312 0.117010123 -0.0136426851
-0.0977777778 0 0.0253961737 0.229384367 -0.172840468 0.957866893 -0.438682328 1.33690595 -0.864563601 0 0 0 0 0 0 0 0 0 0 0 0 0 0 0 0 0 0 0 0 0 0 0 0 0 0 0 0 0 0 0 0 0 0 0 0 0 0 0 0 0 0 0 0 0 2.19722458 -4.41546852 -4.53747962 -5.74460447 0.989358372 0.0861488594 0.116811504 -0.0101714183
-0.0977777778 0.0169729556 0.0283642388 0.228463323 -0.16164964 0.960038491 -0.508196224 1.27365621 -0.893527724 0 0 0 0 0 0 0 0 0 0 0 0 0 0 0 0 0 0 0 0 0 0 0 0 0 0 0 0 0 0 0 0 0 0 0 0 0 0 0 0 0 0 0 0 0 1.90614765 -4.41546852 -4.53747962 -5.74460447 0.989938913 0.0809039461 0.115910768 -0.006339838
-0.0977777778 0.0339459112 0.0310811402 0.226171461 -0.145321222 0.963186489 -0.566350677 1.21040646 -0.917758746 0 0 0 0 0 0 0 0 0 0 0 0 0 0 0 0 0 0 0 0 0 0 0 0 0 0 0 0 0 0 0 0 0 0 0 0 0 0 0 0 0 0 0 0 0 1.70339895 -4.41546852 -4.53747962 -5.74460447 0.99075151 0.073089016 0.114301142 -0.00216583919
-0.0977777778 0.0509188668 0.0334564771 0.222379865 -0.123961553 0.967047428 -0.61500196 1.14715671 -0.938030114 0 0 0 0 0 0 0 0 0 0 0 0 0 0 0 0 0 0 0 0 0 0 0 0 0 0 0 0 0 0 0 0 0 0 0 0 0 0 0 0 0 0 0 0 0 1.55331306 -4.41546852 -4.53747962 -5.74460447 0.99172494 0.0627592723 0.111971244 0.00231451308
-0.0977777778 0.0678918223 0.0354054695 0.21694327 -0.0978247349 0.971270271 -0.655703013 1.08390697 -0.954988886 0 0 0 0 0 0 0 0 0 0 0 0 0 0 0 0 0 0 0 0 0 0 0 0 0 0 0 0 0 0 0 0 0 0 0 0 0 0 0 0 0 0 0 0 0 1.43815895 -4.41546852 -4.53747962 -5.74460447 0.992766574 0.0500418441 0.108906742 0.0070473383
-0.0977777778 0.0848647779 0.0368515528 0.209716469 -0.067334325 0.975440973 -0.689753002 1.02065722 -0.969176381 0 0 0 0 0 0 0 0 0 0 0 0 0 0 0 0 0 0 0 0 0 0 0 0 0 0 0 0 0 0 0 0 0 0 0 0 0 0 0 0 0 0 0 0 0 1.3477492 -4.41546852 -4.53747962 -5.74460447 0.993769286 0.0351432581 0.10509265 0.0119620932
-0.0977777778 0.101837734 0.0377287214 0.200573897 -0.0330986797 0.979119293 -0.718238795 0.957407472 -0.981045462 0 0 0 0 0 0 0 0 0 0 0 0 0 0 0 0 0 0 0 0 0 0 0 0 0 0 0 0 0 0 0 0 0 0 0 0 0 0 0 0 0 0 0 0 0 1.27564686 -4.41546852 -4.53747962 -5.74460447 0.994621302 0.0183542091 0.100516052 0.0169738811
-0.0977777778 0.118810689 0.0379835488 0.189429816 0.00408814656 0.981885753 -0.742069651 0.894157725 -0.990974985 0 0 0 0 0 0 0 0 0 0 0 0 0 0 0 0 0 0 0 0 0 0 0 0 0 0 0 0 0 0 0 0 0 0 0 0 0 0 0 0 0 0 0 0 0 1.21750413 -4.41546852 -4.53747962 -5.74460447 0.995218287 4.86577226e-05 0.0951689085 0.0219872054
-0.0977777778 0.135783645 0.0375768222 0.176255403 0.0432667537 0.983393116 -0.762006246 0.830907978 -0.9992819 0 0 0 0 0 0 0 0 0 0 0 0 0 0 0 0 0 0 0 0 0 0 0 0 0 0 0 0 0 0 0 0 0 0 0 0 0 0 0 0 0 0 0 0 0 1.17023787 -4.41546852 -4.53747962 -5.74460447 0.995476209 -0.0193252354 0.0890504194 0.0269012188
-0.0977777778 0.1527566 0.0364847435 0.161088757 0.0833566932 0.983413481 -0.778684951 0.767658231 -1.00623136 0 0 0 0 0 0 0 0 0 0 0 0 0 0 0 0 0 0 0 0 0 0 0 0 0 0 0 0 0 0 0 0 0 0 0 0 0 0 0 0 0 0 0 0 0 1.13158099 -4.41546852 -4.53747962 -5.74460447 0.995342734 -0.039263357 0.0821684151 0.0316161574
-0.0977777778 0.169729556 0.0346996568 0.144034753 0.123221133 0.98187094 -0.792638146 0.704408484 -1.01204519 0 0 0 0 0 0 0 0 0 0 0 0 0 0 0 0 0 0 0 0 0 0 0 0 0 0 0 0 0 0 0 0 0 0 0 0 0 0 0 0 0 0 0 0 0 1.09981991 -4.41546852 -4.53747962 -5.74460447 0.99480479 -0.0592318706 0.0745393562 0.0360402588
-0.0977777778 0.186702511 0.0322302832 0.125253961 0.161741999 0.978851864 -0.804311213 0.641158737 -1.01690897 0 0 0 0 0 0 0 0 0 0 0 0 0 0 0 0 0 0 0 0 0 0 0 0 0 0 0 0 0 0 0 0 0 0 0 0 0 0 0 0 0 0 0 0 0 1.07363193 -4.41546852 -4.53747962 -5.74460447 0.993890449 -0.0786979663 0.0661868434 0.0400962191
-0.0977777778 0.203675467 0.0291014539 0.104942652 0.197892094 0.974590047 -0.814076754 0.57790899 -1.02097794 0 0 0 0 0 0 0 0 0 0 0 0 0 0 0 0 0 0 0 0 0 0 0 0 0 0 0 0 0 0 0 0 0 0 0 0 0 0 0 0 0 0 0 0 0 1.05197921 -4.41546852 -4.53747962 -5.74460447 0.992664615 -0.0971602836 0.0571389181 0.0437262624
-0.0977777778 0.220648423 0.0253533498 0.0833082218 0.230791494 0.969430259 -0.822246484 0.514659242 -1.024382 0 0 0 0 0 0 0 0 0 0 0 0 0 0 0 0 0 0 0 0 0 0 0 0 0 0 0 0 0 0 0 0 0 0 0 0 0 0 0 0 0 0 0 0 0 1.03403711 -4.41546852 -4.53747962 -5.74460447 0.991219435 -0.114174268 0.0474247525 0.0468952032
-0.0977777778 0.237621378 0.0210402723 0.0605451829 0.259740454 0.963778594 -0.829081177 0.451409495 -1.02722979 0 0 0 0 0 0 0 0 0 0 0 0 0 0 0 0 0 0 0 0 0 0 0 0 0 0 0 0 0 0 0 0 0 0 0 0 0 0 0 0 0 0 0 0 0 1.01914374 -4.41546852 -4.53747962 -5.74460447 0.989661556 -0.129369281 0.0370714496 0.0495913486
-0.0977777778 0.254594334 0.016228981 0.0368160988 0.284227782 0.958049656 -0.834798995 0.388159748 -1.02961221 0 0 0 0 0 0 0 0 0 0 0 0 0 0 0 0 0 0 0 0 0 0 0 0 0 0 0 0 0 0 0 0 0 0 0 0 0 0 0 0 0 0 0 0 0 1.00676372 -4.41546852 -4.53747962 -5.74460447 0.98809865 -0.142456588 0.0261015823 0.0518255347
-0.0977777778 0.271567289 0.0109966509 0.0122400064 0.303919538 0.952619072 -0.839582449 0.324910001 -1.03160532 0 0 0 0 0 0 0 0 0 0 0 0 0 0 0 0 0 0 0 0 0 0 0 0 0 0 0 0 0 0 0 0 0 0 0 0 0 0 0 0 0 0 0 0 0 0.99646123 -4.41546852 -4.53747962 -5.74460447 0.986627327 -0.153229531 0.0145318566 0.0536288506
-0.08 -0.273467278 -0.0015609705 0.0572611503 0.0480797813 0.99720083 -0.830784352 0.327327389 -1.03557084 0 0 0 0 0 0 0 0 0 0 0 0 0 0 0 0 0 0 0 0 0 0 0 0 0 0 0 0 0 0 0 0 0 0 0 0 0 0 0 0 0 0 0 0 0 0.996323352 -4.41546852 -4.56127925 -5.74460447 0.998460671 -0.0252105218 0.0276408141 -0.0409475596
-0.08 -0.256893503 -0.00232408386 0.081142027 0.0428941788 0.995779123 -0.826166242 0.388716849 -1.03364663 0 0 0 0 0 0 0 0 0 0 0 0 0 0 0 0 0 0 0 0 0 0 0 0 0 0 0 0 0 0 0 0 0 0 0 0 0 0 0 0 0 0 0 0 0 1.00626827 -4.41546852 -4.56127925 -5.74460447 0.998214799 -0.0230058581 0.0397639187 -0.0381677325
-0.08 -0.240319729 -0.00296358866 0.103075523 0.0331742175 0.994120168 -0.820674959 0.45010631 -1.0313586 0 0 0 0 0 0 0 0 0 0 0 0 0 0 0 0 0 0 0 0 0 0 0 0 0 0 0 0 0 0 0 0 0 0 0 0 0 0 0 0 0 0 0 0 0 1.01815368 -4.41546852 -4.56127925 -5.74460447 0.99789517 -0.0184396685 0.0509891632 -0.0355712338
-0.08 -0.223745954 -0.00340771911 0.123119944 0.0194396106 0.992201381 -0.814145407 0.51149577 -1.02863795 0 0 0 0 0 0 0 0 0 0 0 0 0 0 0 0 0 0 0 0 0 0 0 0 0 0 0 0 0 0 0 0 0 0 0 0 0 0 0 0 0 0 0 0 0 1.0323732 -4.41546852 -4.56127925 -5.74460447 0.997495562 -0.0117861892 0.0613220607 -0.0332158792
-0.08 -0.20717218 -0.00359389816 0.141330102 0.0023300843 0.989959783 -0.806381273 0.57288523 -1.02540289 0 0 0 0 0 0 0 0 0 0 0 0 0 0 0 0 0 0 0 0 0 0 0 0 0 0 0 0 0 0 0 0 0 0 0 0 0 0 0 0 0 0 0 0 0 1.04940728 -4.41546852 -4.56127925 -5.74460447 0.997000868 -0.00337840755 0.0707721317 -0.0311313655
-0.08 -0.190598406 -0.00347054203 0.157756193 -0.017410529 0.987324596 -0.797149128 0.634274691 -1.02155617 0 0 0 0 0 0 0 0 0 0 0 0 0 0 0 0 0 0 0 0 0 0 0 0 0 0 0 0 0 0 0 0 0 0 0 0 0 0 0 0 0 0 0 0 0 1.06984571 -4.41546852 -4.56127925 -5.74460447 0.99639482 0.00640174877 0.0793518735 -0.0293199779
-0.08 -0.174024631 -0.00299854761 0.172446612 -0.0389565726 0.984248216 -0.786171408 0.695664151 -1.01698212 0 0 0 0 0 0 0 0 0 0 0 0 0 0 0 0 0 0 0 0 0 0 0 0 0 0 0 0 0 0 0 0 0 0 0 0 0 0 0 0 0 0 0 0 0 1.09441781 -4.41546852 -4.56127925 -5.74460447 0.995667393 0.0171353947 0.0870762311 -0.02775881
-0.08 -0.157450857 -0.00215242005 0.185452704 -0.0614299628 0.980731183 -0.773118065 0.757053612 -1.01154322 0 0 0 0 0 0 0 0 0 0 0 0 0 0 0 0 0 0 0 0 0 0 0 0 0 0 0 0 0 0 0 0 0 0 0 0 0 0 0 0 0 0 0 0 0 1.12403354 -4.41546852 -4.56127925 -5.74460447 0.994820815 0.0283810498 0.0939623558 -0.0264033638
-0.08 -0.140877082 -0.000921007925 0.196833355 -0.083935065 0.976837517 -0.757596648 0.818443072 -1.00507597 0 0 0 0 0 0 0 0 0 0 0 0 0 0 0 0 0 0 0 0 0 0 0 0 0 0 0 0 0 0 0 0 0 0 0 0 0 0 0 0 0 0 0 0 0 1.15984141 -4.41546852 -4.56127925 -5.74460447 0.993873286 0.0396907372 0.100029429 -0.0251922769
-0.08 -0.124303308 0.0006921752 0.206657603 -0.105595378 0.972698438 -0.739140506 0.879832533 -0.997385907 0 0 0 0 0 0 0 0 0 0 0 0 0 0 0 0 0 0 0 0 0 0 0 0 0 0 0 0 0 0 0 0 0 0 0 0 0 0 0 0 0 0 0 0 0 1.20331213 -4.41546852 -4.56127925 -5.74460447 0.99285985 0.0506264495 0.105298355 -0.0240527955
-0.08 -0.107729534 0.0026690521 0.215004215 -0.125587391 0.968504515 -0.717194751 0.941221993 -0.988241842 0 0 0 0 0 0 0 0 0 0 0 0 0 0 0 0 0 0 0 0 0 0 0 0 0 0 0 0 0 0 0 0 0 0 0 0 0 0 0 0 0 0 0 0 0 1.25636451 -4.41546852 -4.56127925 -5.74460447 0.991830404 0.0607752723 0.109791206 -0.0229065016
-0.08 -0.0911557592 0.00497750316 0.221957943 -0.143167445 0.964488338 -0.691099583 1.00261145 -0.977368855 0 0 0 0 0 0 0 0 0 0 0 0 0 0 0 0 0 0 0 0 0 0 0 0 0 0 0 0 0 0 0 0 0 0 0 0 0 0 0 0 0 0 0 0 0 1.32156287 -4.41546852 -4.56127925 -5.74460447 0.990845282 0.0697616223 0.113530379 -0.021674798
-0.08 -0.0745819848 0.00757229256 0.22760308 -0.157689098 0.960901132 -0.660070447 1.06400091 -0.964440049 0 0 0 0 0 0 0 0 0 0 0 0 0 0 0 0 0 0 0 0 0 0 0 0 0 0 0 0 0 0 0 0 0 0 0 0 0 0 0 0 0 0 0 0 0 1.40244349 -4.41546852 -4.56127925 -5.74460447 0.98996926 0.0772556645 0.116537531 -0.0202837315
-0.08 -0.0580082104 0.0103963727 0.232015366 -0.168610758 0.957987099 -0.623174448 1.12539037 -0.949066716 0 0 0 0 0 0 0 0 0 0 0 0 0 0 0 0 0 0 0 0 0 0 0 0 0 0 0 0 0 0 0 0 0 0 0 0 0 0 0 0 0 0 0 0 0 1.50408938 -4.41546852 -4.56127925 -5.74460447 0.989264908 0.0829778019 0.118832381 -0.0186679036
-0.08 -0.041434436 0.0133825291 0.235253566 -0.175495439 0.955958739 -0.579302304 1.18677983 -0.930786656 0 0 0 0 0 0 0 0 0 0 0 0 0 0 0 0 0 0 0 0 0 0 0 0 0 0 0 0 0 0 0 0 0 0 0 0 0 0 0 0 0 0 0 0 0 1.63422614 -4.41546852 -4.56127925 -5.74460447 0.988786136 0.0866999143 0.120431538 -0.0167733984
-0.08 -0.0248606616 0.0164553189 0.237351884 -0.178005908 0.954975382 -0.527134994 1.2481693 -0.909050276 0 0 0 0 0 0 0 0 0 0 0 0 0 0 0 0 0 0 0 0 0 0 0 0 0 0 0 0 0 0 0 0 0 0 0 0 0 0 0 0 0 0 0 0 0 1.80553973 -4.41546852 -4.56127925 -5.74460447 0.988572558 0.0882445664 0.121347458 -0.0145598197
-0.08 -0.0082868872 0.0195332458 0.238314187 -0.175898986 0.955126115 -0.465104101 1.30955876 -0.883204071 0 0 0 0 0 0 0 0 0 0 0 0 0 0 0 0 0 0 0 0 0 0 0 0 0 0 0 0 0 0 0 0 0 0 0 0 0 0 0 0 0 0 0 0 0 2.04134185 -4.41546852 -4.56127925 -5.74460447 0.988645042 0.0874836163 0.121587662 -0.0120016254
-0.08 0.0082868872 0.0225311105 0.238110748 -0.169022467 0.956417627 -0.465104101 1.30955876 -0.883204071 0 0 0 0 0 0 0 0 0 0 0 0 0 0 0 0 0 0 0 0 0 0 0 0 0 0 0 0 0 0 0 0 0 0 0 0 0 0 0 0 0 0 0 0 0 2.04134185 -4.41546852 -4.56127925 -5.74460447 0.989002631 0.0843375571 0.121154294 -0.00908897088
-0.08 0.0248606616 0.0253624675 0.236678074 -0.157317183 0.95876733 -0.527134994 1.2481693 -0.909050276 0 0 0 0 0 0 0 0 0 0 0 0 0 0 0 0 0 0 0 0 0 0 0 0 0 0 0 0 0 0 0 0 0 0 0 0 0 0 0 0 0 0 0 0 0 1.80553973 -4.41546852 -4.56127925 -5.74460447 0.989620986 0.0787765701 0.120044104 -0.00582822691
-0.08 0.041434436 0.0279421173 0.233922275 -0.140825383 0.962002381 -0.579302304 1.18677983 -0.930786656 0 0 0 0 0 0 0 0 0 0 0 0 0 0 0 0 0 0 0 0 0 0 0 0 0 0 0 0 0 0 0 0 0 0 0 0 0 0 0 0 0 0 0 0 0 1.63422614 -4.41546852 -4.56127925 -5.74460447 0.990452504 0.0708237379 0.118248923 -0.00224224357
-0.08 0.0580082104 0.0301885639 0.229726285 -0.1197049 0.965865711 -0.623174448 1.12539037 -0.949066716 0 0 0 0 0 0 0 0 0 0 0 0 0 0 0 0 0 0 0 0 0 0 0 0 0 0 0 0 0 0 0 0 0 0 0 0 0 0 0 0 0 0 0 0 0 1.50408938 -4.41546852 -4.56127925 -5.74460447 0.991428363 0.0605601984 0.115756672 0.00162969561
-0.08 0.0745819848 0.0320263642 0.22396098 -0.0942466207 0.97003044 -0.660070447 1.06400091 -0.964440049 0 0 0 0 0 0 0 0 0 0 0 0 0 0 0 0 0 0 0 0 0 0 0 0 0 0 0 0 0 0 0 0 0 0 0 0 0 0 0 0 0 0 0 0 0 1.40244349 -4.41546852 -4.56127925 -5.74460447 0.992462775 0.0481312861 0.112552918 0.00573240977
-0.08 0.0911557592 0.0333883038 0.216499697 -0.0648908797 0.974123737 -0.691099583 1.00261145 -0.977368855 0 0 0 0 0 0 0 0 0 0 0 0 0 0 0 0 0 0 0 0 0 0 0 0 0 0 0 0 0 0 0 0 0 0 0 0 0 0 0 0 0 0 0 0 0 1.32156287 -4.41546852 -4.56127925 -5.74460447 0.993459585 0.0337519995 0.108622898 0.00999612015
-0.08 0.107729534 0.0342173352 0.20723481 -0.0322369472 0.977759946 -0.717194751 0.941221993 -0.988241842 0 0 0 0 0 0 0 0 0 0 0 0 0 0 0 0 0 0 0 0 0 0 0 0 0 0 0 0 0 0 0 0 0 0 0 0 0 0 0 0 0 0 0 0 0 1.25636451 -4.41546852 -4.56127925 -5.74460447 0.994321061 0.0177096188 0.103953818 0.0143388035
-0.08 0.124303308 0.0344682224 0.196094125 0.00296052116 0.980580608 -0.739140506 0.879832533 -0.997385907 0 0 0 0 0 0 0 0 0 0 0 0 0 0 0 0 0 0 0 0 0 0 0 0 0 0 0 0 0 0 0 0 0 0 0 0 0 0 0 0 0 0 0 0 0 1.20331213 -4.41546852 -4.56127925 -5.74460447 0.994958161 0.000361228838 0.0985371267 0.0186697971
-0.08 0.140877082 0.0341088459 0.18305411 0.0398126406 0.982296364 -0.757596648 0.818443072 -1.00507597 0 0 0 0 0 0 0 0 0 0 0 0 0 0 0 0 0 0 0 0 0 0 0 0 0 0 0 0 0 0 0 0 0 0 0 0 0 0 0 0 0 0 0 0 0 1.15984141 -4.41546852 -4.56127925 -5.74460447 0.995300968 -0.017875532 0.09237036 0.0228946388
-0.08 0.157450857 0.0331211285 0.168146963 0.0773361178 0.982723625 -0.773118065 0.757053612 -1.01154322 0 0 0 0 0 0 0 0 0 0 0 0 0 0 0 0 0 0 0 0 0 0 0 0 0 0 0 0 0 0 0 0 0 0 0 0 0 0 0 0 0 0 0 0 0 1.12403354 -4.41546852 -4.56127925 -5.74460447 0.995307531 -0.0365389125 0.0854581489 0.0269208283
-0.08 0.174024631 0.0315015565 0.151459423 0.114508015 0.981808514 -0.786171408 0.695664151 -1.01698212 0 0 0 0 0 0 0 0 0 0 0 0 0 0 0 0 0 0 0 0 0 0 0 0 0 0 0 0 0 0 0 0 0 0 0 0 0 0 0 0 0 0 0 0 0 1.09441781 -4.41546852 -4.56127925 -5.74460447 0.994969337 -0.0551454015 0.0778121317 0.0306639081
-0.08 0.190598406 0.0292612814 0.133123018 0.150327339 0.97963256 -0.797149128 0.634274691 -1.02155617 0 0 0 0 0 0 0 0 0 0 0 0 0 0 0 0 0 0 0 0 0 0 0 0 0 0 0 0 0 0 0 0 0 0 0 0 0 0 0 0 0 0 0 0 0 1.06984571 -4.41546852 -4.56127925 -5.74460447 0.994312158 -0.0732151272 0.0694497298 0.0340530948
-0.08 0.20717218 0.0264257981 0.113297529 0.18387311 0.976398663 -0.806381273 0.57288523 -1.02540289 0 0 0 0 0 0 0 0 0 0 0 0 0 0 0 0 0 0 0 0 0 0 0 0 0 0 0 0 0 0 0 0 0 0 0 0 0 0 0 0 0 0 0 0 0 1.04940728 -4.41546852 -4.56127925 -5.74460447 0.99339201 -0.0902965701 0.0603920343 0.037035737
-0.08 0.223745954 0.0230342097 0.0921510755 0.214349575 0.972400349 -0.814145407 0.51149577 -1.02863795 0 0 0 0 0 0 0 0 0 0 0 0 0 0 0 0 0 0 0 0 0 0 0 0 0 0 0 0 0 0 0 0 0 0 0 0 0 0 0 0 0 0 0 0 0 1.0323732 -4.41546852 -4.56127925 -5.74460447 0.99228705 -0.105987082 0.0506612666 0.0395801162
-0.08 0.240319729 0.0191380999 0.0698407862 0.24111298 0.967980782 -0.820674959 0.45010631 -1.0313586 0 0 0 0 0 0 0 0 0 0 0 0 0 0 0 0 0 0 0 0 0 0 0 0 0 0 0 0 0 0 0 0 0 0 0 0 0 0 0 0 0 0 0 0 0 1.01815368 -4.41546852 -4.56127925 -5.74460447 0.991087011 -0.119946916 0.0402783575 0.0416764686
-0.08 0.256893503 0.0148000457 0.0464974169 0.263679297 0.963489086 -0.826166242 0.388716849 -1.03364663 0 0 0 0 0 0 0 0 0 0 0 0 0 0 0 0 0 0 0 0 0 0 0 0 0 0 0 0 0 0 0 0 0 0 0 0 0 0 0 0 0 0 0 0 0 1.00626827 -4.41546852 -4.56127925 -5.74460447 0.989882062 -0.131906195 0.0292611151 0.0433364373
-0.08 0.273467278 0.0100918131 0.0222159893 0.281716586 0.959240436 -0.830784352 0.327327389 -1.03557084 0 0 0 0 0 0 0 0 0 0 0 0 0 0 0 0 0 0 0 0 0 0 0 0 0 0 0 0 0 0 0 0 0 0 0 0 0 0 0 0 0 0 0 0 0 0.996323352 -4.41546852 -4.56127925 -5.74460447 0.988752663 -0.14166581 0.0176232813 0.0445913637
-0.0622222222 -0.274788157 -0.00251970689 0.0590342483 0.07511788 0.995425669 -0.821922083 0.330013092 -1.03950963 0 0 0 0 0 0 0 0 0 0 0 0 0 0 0 0 0 0 0 0 0 0 0 0 0 0 0 0 0 0 0 0 0 0 0 0 0 0 0 0 0 0 0 0 0 0.996323352 -4.41546852 -4.55646076 -5.74460447 0.998363496 -0.0385110782 0.0283559972 -0.031355437
-0.0622222222 -0.258134329 -0.00372650991 0.0832784178 0.0682672491 0.994185238 -0.817303973 0.391402553 -1.03758542 0 0 0 0 0 0 0 0 0 0 0 0 0 0 0 0 0 0 0 0 0 0 0 0 0 0 0 0 0 0 0 0 0 0 0 0 0 0 0 0 0 0 0 0 0 1.00626827 -4.41546852 -4.55646076 -5.74460447 0.998123928 -0.0353801634 0.0406893714 -0.0290042108
-0.0622222222 -0.241480502 -0.00478138738 0.105646376 0.0568761368 0.99277588 -0.81181269 0.452792013 -1.03529738 0 0 0 0 0 0 0 0 0 0 0 0 0 0 0 0 0 0 0 0 0 0 0 0 0 0 0 0 0 0 0 0 0 0 0 0 0 0 0 0 0 0 0 0 0 1.01815368 -4.41546852 -4.55646076 -5.74460447 0.997830505 -0.0299039692 0.0521326434 -0.0268742225
-0.0622222222 -0.224826674 -0.0056120191 0.126179788 0.0414587158 0.991140674 -0.805283137 0.514181474 -1.03257673 0 0 0 0 0 0 0 0 0 0 0 0 0 0 0 0 0 0 0 0 0 0 0 0 0 0 0 0 0 0 0 0 0 0 0 0 0 0 0 0 0 0 0 0 0 1.0323732 -4.41546852 -4.55646076 -5.74460447 0.997468951 -0.0223544591 0.0626892419 -0.0250205772
-0.0622222222 -0.208172846 -0.00615534467 0.144913367 0.0226503123 0.989185058 -0.797519004 0.575570934 -1.02934168 0 0 0 0 0 0 0 0 0 0 0 0 0 0 0 0 0 0 0 0 0 0 0 0 0 0 0 0 0 0 0 0 0 0 0 0 0 0 0 0 0 0 0 0 0 1.04940728 -4.41546852 -4.55646076 -5.74460447 0.997016388 -0.013062575 0.0723660144 -0.0234702051
-0.0622222222 -0.191519019 -0.00635938182 0.161875521 0.00119366054 0.986810464 -0.788286859 0.636960395 -1.02549495 0 0 0 0 0 0 0 0 0 0 0 0 0 0 0 0 0 0 0 0 0 0 0 0 0 0 0 0 0 0 0 0 0 0 0 0 0 0 0 0 0 0 0 0 0 1.06984571 -4.41546852 -4.55646076 -5.74460447 0.996449393 -0.00240923674 0.0811724326 -0.0222224733
-0.0622222222 -0.174865191 -0.00618472539 0.177092973 -0.0220822958 0.983946366 -0.777309139 0.698349855 -1.0209209 0 0 0 0 0 0 0 0 0 0 0 0 0 0 0 0 0 0 0 0 0 0 0 0 0 0 0 0 0 0 0 0 0 0 0 0 0 0 0 0 0 0 0 0 0 1.09441781 -4.41546852 -4.55646076 -5.74460447 0.995751759 0.0091862505 0.0891203111 -0.0212513039
-0.0622222222 -0.158211363 -0.00560568358 0.190597276 -0.0462918943 0.980576228 -0.764255795 0.759739315 -1.01548201 0 0 0 0 0 0 0 0 0 0 0 0 0 0 0 0 0 0 0 0 0 0 0 0 0 0 0 0 0 0 0 0 0 0 0 0 0 0 0 0 0 0 0 0 0 1.12403354 -4.41546852 -4.55646076 -5.74460447 0.994920854 0.0212806079 0.0962238108 -0.0205087136
-0.0622222222 -0.141557535 -0.00461101885 0.202430933 -0.0705287889 0.976753504 -0.748734379 0.821128776 -1.00901475 0 0 0 0 0 0 0 0 0 0 0 0 0 0 0 0 0 0 0 0 0 0 0 0 0 0 0 0 0 0 0 0 0 0 0 0 0 0 0 0 0 0 0 0 0 1.15984141 -4.41546852 -4.55646076 -5.74460447 0.993971612 0.0334231134 0.102499481 -0.0199295499
-0.0622222222 -0.124903708 -0.00320427188 0.212651169 -0.0939045325 0.97260548 -0.730278237 0.882518236 -1.00132469 0 0 0 0 0 0 0 0 0 0 0 0 0 0 0 0 0 0 0 0 0 0 0 0 0 0 0 0 0 0 0 0 0 0 0 0 0 0 0 0 0 0 0 0 0 1.20331213 -4.41546852 -4.55646076 -5.74460447 0.992937531 0.0451727551 0.107966116 -0.0194370454
-0.0622222222 -0.10824988 -0.00140365954 0.221330114 -0.115584603 0.968324935 -0.708332482 0.943907697 -0.992180629 0 0 0 0 0 0 0 0 0 0 0 0 0 0 0 0 0 0 0 0 0 0 0 0 0 0 0 0 0 0 0 0 0 0 0 0 0 0 0 0 0 0 0 0 0 1.25636451 -4.41546852 -4.55646076 -5.74460447 0.991868648 0.0561141243 0.112644296 -0.0189486834
-0.0622222222 -0.0915960523 0.000758450431 0.228551125 -0.134817219 0.964151804 -0.682237314 1.00529716 -0.981307642 0 0 0 0 0 0 0 0 0 0 0 0 0 0 0 0 0 0 0 0 0 0 0 0 0 0 0 0 0 0 0 0 0 0 0 0 0 0 0 0 0 0 0 0 0 1.32156287 -4.41546852 -4.55646076 -5.74460447 0.990826932 0.0658703366 0.116555552 -0.0183818423
-0.0622222222 -0.0749422246 0.00323647278 0.234401885 -0.150952068 0.960348494 -0.651208178 1.06668662 -0.968378835 0 0 0 0 0 0 0 0 0 0 0 0 0 0 0 0 0 0 0 0 0 0 0 0 0 0 0 0 0 0 0 0 0 0 0 0 0 0 0 0 0 0 0 0 0 1.40244349 -4.41546852 -4.55646076 -5.74460447 0.98988 0.0741119165 0.119721247 -0.0176587696
-0.0622222222 -0.0582883969 0.00597291923 0.238965531 -0.163448543 0.957172946 -0.614312179 1.12807608 -0.953005502 0 0 0 0 0 0 0 0 0 0 0 0 0 0 0 0 0 0 0 0 0 0 0 0 0 0 0 0 0 0 0 0 0 0 0 0 0 0 0 0 0 0 0 0 0 1.50408938 -4.41546852 -4.55646076 -5.74460447 0.989094146 0.0805614746 0.122161269 -0.0167106045
-0.0622222222 -0.0416345692 0.00890005616 0.242311265 -0.171875336 0.954852931 -0.570440035 1.18946554 -0.934725442 0 0 0 0 0 0 0 0 0 0 0 0 0 0 0 0 0 0 0 0 0 0 0 0 0 0 0 0 0 0 0 0 0 0 0 0 0 0 0 0 0 0 0 0 0 1.63422614 -4.41546852 -4.55646076 -5.74460447 0.988527604 0.0849948572 0.123892731 -0.0154803698
-0.0622222222 -0.0249807415 0.0119418578 0.244485789 -0.175904776 0.953563951 -0.518272724 1.250855 -0.912989063 0 0 0 0 0 0 0 0 0 0 0 0 0 0 0 0 0 0 0 0 0 0 0 0 0 0 0 0 0 0 0 0 0 0 0 0 0 0 0 0 0 0 0 0 0 1.80553973 -4.41546852 -4.55646076 -5.74460447 0.988224706 0.0872400285 0.124928787 -0.0139250254
-0.0622222222 -0.00832691385 0.0150161985 0.24550661 -0.175305865 0.953411956 -0.456241832 1.31224446 -0.887142858 0 0 0 0 0 0 0 0 0 0 0 0 0 0 0 0 0 0 0 0 0 0 0 0 0 0 0 0 0 0 0 0 0 0 0 0 0 0 0 0 0 0 0 0 0 2.04134185 -4.41546852 -4.55646076 -5.74460447 0.988211301 0.0871751789 0.125277732 -0.0120167842
-0.0622222222 0.00832691385 0.0180372207 0.245357956 -0.169939596 0.954421294 -0.456241832 1.31224446 -0.887142858 0 0 0 0 0 0 0 0 0 0 0 0 0 0 0 0 0 0 0 0 0 0 0 0 0 0 0 0 0 0 0 0 0 0 0 0 0 0 0 0 0 0 0 0 0 2.04134185 -4.41546852 -4.55646076 -5.74460447 0.98849163 0.0847274443 0.124942439 -0.00974391408
-0.0622222222 0.0249807415 0.0209178111 0.243989841 -0.15975923 0.956528069 -0.518272724 1.250855 -0.912989063 0 0 0 0 0 0 0 0 0 0 0 0 0 0 0 0 0 0 0 0 0 0 0 0 0 0 0 0 0 0 0 0 0 0 0 0 0 0 0 0 0 0 0 0 0 1.80553973 -4.41546852 -4.55646076 -5.74460447 0.989046746 0.0798732642 0.123920246 -0.00711121137
-0.0622222222 0.0416345692 0.0235721122 0.241320649 -0.144816781 0.959579306 -0.570440035 1.18946554 -0.934725442 0 0 0 0 0 0 0 0 0 0 0 0 0 0 0 0 0 0 0 0 0 0 0 0 0 0 0 0 0 0 0 0 0 0 0 0 0 0 0 0 0 0 0 0 0 1.63422614 -4.41546852 -4.55646076 -5.74460447 0.989834588 0.0726408656 0.122203321 -0.00414022598
-0.0622222222 0.0582883969 0.0259179984 0.237243517 -0.125275315 0.963338782 -0.614312179 1.12807608 -0.953005502 0 0 0 0 0 0 0 0 0 0 0 0 0 0 0 0 0 0 0 0 0 0 0 0 0 0 0 0 0 0 0 0 0 0 0 0 0 0 0 0 0 0 0 0 0 1.50408938 -4.41546852 -4.55646076 -5.74460447 0.990791923 0.0631147106 0.119779557 -0.000869197313
-0.0622222222 0.0749422246 0.0278794438 0.231636519 -0.101424813 0.967500662 -0.651208178 1.06668662 -0.968378835 0 0 0 0 0 0 0 0 0 0 0 0 0 0 0 0 0 0 0 0 0 0 0 0 0 0 0 0 0 0 0 0 0 0 0 0 0 0 0 0 0 0 0 0 0 1.40244349 -4.41546852 -4.55646076 -5.74460447 0.991838355 0.0514410354 0.116633996 0.00264747205
-0.0622222222 0.0915960523 0.0293887148 0.224376182 -0.0736975348 0.971711893 -0.682237314 1.00529716 -0.981307642 0 0 0 0 0 0 0 0 0 0 0 0 0 0 0 0 0 0 0 0 0 0 0 0 0 0 0 0 0 0 0 0 0 0 0 0 0 0 0 0 0 0 0 0 0 1.32156287 -4.41546852 -4.55646076 -5.74460447 0.992882543 0.0378329344 0.112750711 0.00634047191
-0.0622222222 0.10824988 0.0303883232 0.215353145 -0.0426774298 0.975603229 -0.708332482 0.943907697 -0.992180629 0 0 0 0 0 0 0 0 0 0 0 0 0 0 0 0 0 0 0 0 0 0 0 0 0 0 0 0 0 0 0 0 0 0 0 0 0 0 0 0 0 0 0 0 0 1.25636451 -4.41546852 -4.55646076 -5.74460447 0.993830489 0.0225729525 0.108114973 0.0101278616
-0.0622222222 0.124903708 0.0308326837 0.20448791 -0.00909782846 0.97882681 -0.730278237 0.882518236 -1.00132469 0 0 0 0 0 0 0 0 0 0 0 0 0 0 0 0 0 0 0 0 0 0 0 0 0 0 0 0 0 0 0 0 0 0 0 0 0 0 0 0 0 0 0 0 0 1.20331213 -4.41546852 -4.55646076 -5.74460447 0.994595233 0.0060110557 0.102715442 0.0139185801
-0.0622222222 0.141557535 0.0306894286 0.191743943 0.0261770633 0.981095827 -0.748734379 0.821128776 -1.00901475 0 0 0 0 0 0 0 0 0 0 0 0 0 0 0 0 0 0 0 0 0 0 0 0 0 0 0 0 0 0 0 0 0 0 0 0 0 0 0 0 0 0 0 0 0 1.15984141 -4.41546852 -4.55646076 -5.74460447 0.995106802 -0.0114436574 0.0965459951 0.0176172023
-0.0622222222 0.158211363 0.029940341 0.177135294 0.0621881855 0.982219791 -0.764255795 0.759739315 -1.01548201 0 0 0 0 0 0 0 0 0 0 0 0 0 0 0 0 0 0 0 0 0 0 0 0 0 0 0 0 0 0 0 0 0 0 0 0 0 0 0 0 0 0 0 0 0 1.12403354 -4.41546852 -4.55646076 -5.74460447 0.995320769 -0.0293380091 0.0896068404 0.0211296703
-0.0622222222 0.174865191 0.0285818802 0.160726651 0.0979321361 0.982128424 -0.777309139 0.698349855 -1.0209209 0 0 0 0 0 0 0 0 0 0 0 0 0 0 0 0 0 0 0 0 0 0 0 0 0 0 0 0 0 0 0 0 0 0 0 0 0 0 0 0 0 0 0 0 0 1.09441781 -4.41546852 -4.55646076 -5.74460447 0.995223765 -0.047195514 0.0819046501 0.0243694463
-0.0622222222 0.191519019 0.0266252837 0.142625335 0.132418991 0.980878802 -0.788286859 0.636960395 -1.02549495 0 0 0 0 0 0 0 0 0 0 0 0 0 0 0 0 0 0 0 0 0 0 0 0 0 0 0 0 0 0 0 0 0 0 0 0 0 0 0 0 0 0 0 0 0 1.06984571 -4.41546852 -4.55646076 -5.74460447 0.994834715 -0.0645403264 0.0734516518 0.0272633491
-0.0622222222 0.208172846 0.0240962435 0.122966661 0.16472796 0.978643908 -0.797519004 0.575570934 -1.02934168 0 0 0 0 0 0 0 0 0 0 0 0 0 0 0 0 0 0 0 0 0 0 0 0 0 0 0 0 0 0 0 0 0 0 0 0 0 0 0 0 0 0 0 0 0 1.04940728 -4.41546852 -4.55646076 -5.74460447 0.994201445 -0.0809209458 0.0642638804 0.029756353
-0.0622222222 0.224826674 0.0210341645 0.10189571 0.194052019 0.975684928 -0.805283137 0.514181474 -1.03257673 0 0 0 0 0 0 0 0 0 0 0 0 0 0 0 0 0 0 0 0 0 0 0 0 0 0 0 0 0 0 0 0 0 0 0 0 0 0 0 0 0 0 0 0 0 1.0323732 -4.41546852 -4.55646076 -5.74460447 0.993393316 -0.0959303688 0.0543589964 0.031814832
-0.0622222222 0.241480502 0.0174910291 0.0795492056 0.219725889 0.972312942 -0.81181269 0.452792013 -1.03529738 0 0 0 0 0 0 0 0 0 0 0 0 0 0 0 0 0 0 0 0 0 0 0 0 0 0 0 0 0 0 0 0 0 0 0 0 0 0 0 0 0 0 0 0 0 1.01815368 -4.41546852 -4.55646076 -5.74460447 0.992491328 -0.109220428 0.0437541661 0.0334280654
-0.0622222222 0.258134329 0.0135298977 0.0560408156 0.241236295 0.968846983 -0.817303973 0.391402553 -1.03758542 0 0 0 0 0 0 0 0 0 0 0 0 0 0 0 0 0 0 0 0 0 0 0 0 0 0 0 0 0 0 0 0 0 0 0 0 0 0 0 0 0 0 0 0 0 1.00626827 -4.41546852 -4.55646076 -5.74460447 0.991577414 -0.120509616 0.0324644562 0.0346081406
-0.0622222222 0.274788157 0.00922309051 0.0314520721 0.258217559 0.965574678 -0.821922083 0.330013092 -1.03950963 0 0 0 0 0 0 0 0 0 0 0 0 0 0 0 0 0 0 0 0 0 0 0 0 0 0 0 0 0 0 0 0 0 0 0 0 0 0 0 0 0 0 0 0 0 0.996323352 -4.41546852 -4.55646076 -5.74460447 0.990724475 -0.129585212 0.0205020426 0.035388601
-0.0444444444 -0.275779157 -0.00349277513 0.0593681088 0.102253555 0.992985215 -0.813059813 0.332031856 -1.04344842 0 0 0 0 0 0 0 0 0 0 0 0 0 0 0 0 0 0 0 0 0 0 0 0 0 0 0 0 0 0 0 0 0 0 0 0 0 0 0 0 0 0 0 0 0 0.996323352 -4.41546852 -4.55286084 -5.74460447 0.998008232 -0.0518518329 0.028614327 -0.0217296172
-0.0444444444 -0.259065269 -0.00514981654 0.0839035328 0.0937561368 0.992053418 -0.808441704 0.393421317 -1.0415242 0 0 0 0 0 0 0 0 0 0 0 0 0 0 0 0 0 0 0 0 0 0 0 0 0 0 0 0 0 0 0 0 0 0 0 0 0 0 0 0 0 0 0 0 0 1.00626827 -4.41546852 -4.55286084 -5.74460447 0.997814741 -0.0477966192 0.0410946984 -0.0198104096
-0.0444444444 -0.24235138 -0.00662635171 0.106646006 0.0807167815 0.991015353 -0.80295042 0.454810777 -1.03923617 0 0 0 0 0 0 0 0 0 0 0 0 0 0 0 0 0 0 0 0 0 0 0 0 0 0 0 0 0 0 0 0 0 0 0 0 0 0 0 0 0 0 0 0 0 1.01815368 -4.41546852 -4.55286084 -5.74460447 0.997586237 -0.0414147686 0.0526985793 -0.0181487328
-0.0444444444 -0.225637492 -0.00784964376 0.127619541 0.0636398737 0.989779379 -0.796420868 0.516200238 -1.03651552 0 0 0 0 0 0 0 0 0 0 0 0 0 0 0 0 0 0 0 0 0 0 0 0 0 0 0 0 0 0 0 0 0 0 0 0 0 0 0 0 0 0 0 0 0 1.0323732 -4.41546852 -4.55286084 -5.74460447 0.997300137 -0.0329743243 0.0634271583 -0.016796611
-0.0444444444 -0.208923604 -0.00875626891 0.146837722 0.0431529531 0.988218855 -0.788656734 0.577589698 -1.03328047 0 0 0 0 0 0 0 0 0 0 0 0 0 0 0 0 0 0 0 0 0 0 0 0 0 0 0 0 0 0 0 0 0 0 0 0 0 0 0 0 0 0 0 0 0 1.04940728 -4.41546852 -4.55286084 -5.74460447 0.996925513 -0.0228028738 0.0732843865 -0.0157781237
-0.0444444444 -0.192209716 -0.0092939454 0.164306044 0.0199952084 0.986206731 -0.77942459 0.638979158 -1.02943374 0 0 0 0 0 0 0 0 0 0 0 0 0 0 0 0 0 0 0 0 0 0 0 0 0 0 0 0 0 0 0 0 0 0 0 0 0 0 0 0 0 0 0 0 0 1.06984571 -4.41546852 -4.55286084 -5.74460447 0.996431463 -0.0112793953 0.0822764238 -0.0150898652
-0.0444444444 -0.175495827 -0.009423041 0.180028307 -0.00500259238 0.983648709 -0.768446869 0.700368619 -1.02485969 0 0 0 0 0 0 0 0 0 0 0 0 0 0 0 0 0 0 0 0 0 0 0 0 0 0 0 0 0 0 0 0 0 0 0 0 0 0 0 0 0 0 0 0 0 1.09441781 -4.41546852 -4.55286084 -5.74460447 0.99579525 0.00117693166 0.0904116161 -0.0147029031
-0.0444444444 -0.158781939 -0.0091177159 0.194014901 -0.0309477016 0.980510305 -0.755393526 0.761758079 -1.0194208 0 0 0 0 0 0 0 0 0 0 0 0 0 0 0 0 0 0 0 0 0 0 0 0 0 0 0 0 0 0 0 0 0 0 0 0 0 0 0 0 0 0 0 0 0 1.12403354 -4.41546852 -4.55286084 -5.74460447 0.995009034 0.0141212005 0.0977007637 -0.014566198
-0.0444444444 -0.142068051 -0.00836666779 0.206290525 -0.0569226889 0.976833674 -0.73987211 0.82314754 -1.01295354 0 0 0 0 0 0 0 0 0 0 0 0 0 0 0 0 0 0 0 0 0 0 0 0 0 0 0 0 0 0 0 0 0 0 0 0 0 0 0 0 0 0 0 0 0 1.15984141 -4.41546852 -4.55286084 -5.74460447 0.994084175 0.0270997872 0.104157403 -0.0146112978
-0.0444444444 -0.125354162 -0.00717345776 0.216899199 -0.0820261109 0.97274172 -0.721415967 0.884537 -1.00526348 0 0 0 0 0 0 0 0 0 0 0 0 0 0 0 0 0 0 0 0 0 0 0 0 0 0 0 0 0 0 0 0 0 0 0 0 0 0 0 0 0 0 0 0 0 1.20331213 -4.41546852 -4.55286084 -5.74460447 0.993052397 0.0396682656 0.109797853 -0.0147579313
-0.0444444444 -0.108640274 -0.00555640766 0.225905149 -0.105410954 0.968429344 -0.699470213 0.945926461 -0.996119415 0 0 0 0 0 0 0 0 0 0 0 0 0 0 0 0 0 0 0 0 0 0 0 0 0 0 0 0 0 0 0 0 0 0 0 0 0 0 0 0 0 0 0 0 0 1.25636451 -4.41546852 -4.55286084 -5.74460447 0.991963742 0.0514081664 0.114640867 -0.014919983
-0.0444444444 -0.0919263857 -0.0035480717 0.233389254 -0.126315662 0.964144081 -0.673375045 1.00731592 -0.985246428 0 0 0 0 0 0 0 0 0 0 0 0 0 0 0 0 0 0 0 0 0 0 0 0 0 0 0 0 0 0 0 0 0 0 0 0 0 0 0 0 0 0 0 0 0 1.32156287 -4.41546852 -4.55286084 -5.74460447 0.99088178 0.0619406782 0.118706831 -0.0150112804
-0.0444444444 -0.0752124974 -0.0011942978 0.239441741 -0.144084467 0.960160049 -0.642345908 1.06870538 -0.972317621 0 0 0 0 0 0 0 0 0 0 0 0 0 0 0 0 0 0 0 0 0 0 0 0 0 0 0 0 0 0 0 0 0 0 0 0 0 0 0 0 0 0 0 0 0 1.40244349 -4.41546852 -4.55286084 -5.74460447 0.989877013 0.0709360841 0.122016587 -0.0149507072
-0.0444444444 -0.0584986091 0.00144709451 0.244152534 -0.158176385 0.956749587 -0.605449909 1.13009484 -0.956944288 0 0 0 0 0 0 0 0 0 0 0 0 0 0 0 0 0 0 0 0 0 0 0 0 0 0 0 0 0 0 0 0 0 0 0 0 0 0 0 0 0 0 0 0 0 1.50408938 -4.41546852 -4.55286084 -5.74460447 0.989019561 0.0781186909 0.124590035 -0.0146663349
-0.0444444444 -0.0417847208 0.00430798135 0.247600898 -0.168164752 0.954156387 -0.561577765 1.1914843 -0.938664228 0 0 0 0 0 0 0 0 0 0 0 0 0 0 0 0 0 0 0 0 0 0 0 0 0 0 0 0 0 0 0 0 0 0 0 0 0 0 0 0 0 0 0 0 0 1.63422614 -4.41546852 -4.55286084 -5.74460447 0.988372109 0.0832679291 0.126444685 -0.0140984756
-0.0444444444 -0.0250708325 0.00731189889 0.249845872 -0.173730804 0.952572647 -0.509410455 1.25287376 -0.916927849 0 0 0 0 0 0 0 0 0 0 0 0 0 0 0 0 0 0 0 0 0 0 0 0 0 0 0 0 0 0 0 0 0 0 0 0 0 0 0 0 0 0 0 0 0 1.80553973 -4.41546852 -4.55286084 -5.74460447 0.987983824 0.0862169313 0.127594346 -0.0132017492
-0.0444444444 -0.00835694415 0.0103762482 0.250918646 -0.174655452 0.952121476 -0.447379563 1.31426322 -0.891081644 0 0 0 0 0 0 0 0 0 0 0 0 0 0 0 0 0 0 0 0 0 0 0 0 0 0 0 0 0 0 0 0 0 0 0 0 0 0 0 0 0 0 0 0 0 2.04134185 -4.41546852 -4.55286084 -5.74460447 0.987885632 0.0868501505 0.128048089 -0.0119463736
-0.0444444444 0.00835694415 0.0134146773 0.250817654 -0.170813021 0.952844907 -0.447379563 1.31426322 -0.891081644 0 0 0 0 0 0 0 0 0 0 0 0 0 0 0 0 0 0 0 0 0 0 0 0 0 0 0 0 0 0 0 0 0 0 0 0 0 0 0 0 0 0 0 0 0 2.04134185 -4.41546852 -4.55286084 -5.74460447 0.988087027 0.0851014655 0.127809574 -0.0103189191
-0.0444444444 0.0250708325 0.0163395706 0.24950687 -0.162169741 0.95469749 -0.509410455 1.25287376 -0.916927849 0 0 0 0 0 0 0 0 0 0 0 0 0 0 0 0 0 0 0 0 0 0 0 0 0 0 0 0 0 0 0 0 0 0 0 0 0 0 0 0 0 0 0 0 0 1.80553973 -4.41546852 -4.55286084 -5.74460447 0.988574467 0.0809538506 0.126876827 -0.0083227228
-0.0444444444 0.0417847208 0.0190645761 0.246917643 -0.14878836 0.957545666 -0.561577765 1.1914843 -0.938664228 0 0 0 0 0 0 0 0 0 0 0 0 0 0 0 0 0 0 0 0 0 0 0 0 0 0 0 0 0 0 0 0 0 0 0 0 0 0 0 0 0 0 0 0 0 1.63422614 -4.41546852 -4.55286084 -5.74460447 0.989311425 0.0744411424 0.125242499 -0.00597806103
-0.0444444444 0.0584986091 0.0215070949 0.242954259 -0.130838605 0.961173495 -0.605449909 1.13009484 -0.956944288 0 0 0 0 0 0 0 0 0 0 0 0 0 0 0 0 0 0 0 0 0 0 0 0 0 0 0 0 0 0 0 0 0 0 0 0 0 0 0 0 0 0 0 0 0 1.50408938 -4.41546852 -4.55286084 -5.74460447 0.990240229 0.0656517872 0.122894652 -0.00332204813
-0.0444444444 0.0752124974 0.0235906632 0.237503196 -0.108611429 0.9652957 -0.642345908 1.06870538 -0.972317621 0 0 0 0 0 0 0 0 0 0 0 0 0 0 0 0 0 0 0 0 0 0 0 0 0 0 0 0 0 0 0 0 0 0 0 0 0 0 0 0 0 0 0 0 0 1.40244349 -4.41546852 -4.55286084 -5.74460447 0.991285874 0.0547337736 0.119818045 -0.000408100419
-0.0444444444 0.0919263857 0.025247157 0.230445635 -0.0825332633 0.96957881 -0.673375045 1.00731592 -0.985246428 0 0 0 0 0 0 0 0 0 0 0 0 0 0 0 0 0 0 0 0 0 0 0 0 0 0 0 0 0 0 0 0 0 0 0 0 0 0 0 0 0 0 0 0 0 1.32156287 -4.41546852 -4.55286084 -5.74460447 0.9923619 0.0418993057 0.115995875 0.00269529385
-0.0444444444 0.108640274 0.0264187569 0.221672141 -0.0531752047 0.973670303 -0.699470213 0.945926461 -0.996119415 0 0 0 0 0 0 0 0 0 0 0 0 0 0 0 0 0 0 0 0 0 0 0 0 0 0 0 0 0 0 0 0 0 0 0 0 0 0 0 0 0 0 0 0 0 1.25636451 -4.41546852 -4.55286084 -5.74460447 0.993378207 0.0274273063 0.111411809 0.00590678844
-0.0444444444 0.125354162 0.0270596149 0.21109765 -0.0212516641 0.977233928 -0.721415967 0.884537 -1.00526348 0 0 0 0 0 0 0 0 0 0 0 0 0 0 0 0 0 0 0 0 0 0 0 0 0 0 0 0 0 0 0 0 0 0 0 0 0 0 0 0 0 0 0 0 0 1.20331213 -4.41546852 -4.55286084 -5.74460447 0.994250222 0.0116617333 0.106052064 0.00913559701
-0.0444444444 0.142068051 0.0271371769 0.198674267 0.0123958306 0.979987183 -0.73987211 0.82314754 -1.01295354 0 0 0 0 0 0 0 0 0 0 0 0 0 0 0 0 0 0 0 0 0 0 0 0 0 0 0 0 0 0 0 0 0 0 0 0 0 0 0 0 0 0 0 0 0 1.15984141 -4.41546852 -4.55286084 -5.74460447 0.994908359 -0.00499587736 0.099907205 0.0122861524
-0.0444444444 0.158781939 0.0266331209 0.184399216 0.0468312106 0.98173508 -0.755393526 0.761758079 -1.0194208 0 0 0 0 0 0 0 0 0 0 0 0 0 0 0 0 0 0 0 0 0 0 0 0 0 0 0 0 0 0 0 0 0 0 0 0 0 0 0 0 0 0 0 0 0 1.12403354 -4.41546852 -4.55286084 -5.74460447 0.995306263 -0.0221002137 0.0929733333 0.0152637768
-0.0444444444 0.175495827 0.0255438858 0.168315928 0.0810703824 0.98239368 -0.768446869 0.700368619 -1.02485969 0 0 0 0 0 0 0 0 0 0 0 0 0 0 0 0 0 0 0 0 0 0 0 0 0 0 0 0 0 0 0 0 0 0 0 0 0 0 0 0 0 0 0 0 0 1.09441781 -4.41546852 -4.55286084 -5.74460447 0.995426305 -0.0391814844 0.085252399 0.0179808546
-0.0444444444 0.192209716 0.0238807741 0.150507615 0.114135351 0.981998258 -0.77942459 0.638979158 -1.02943374 0 0 0 0 0 0 0 0 0 0 0 0 0 0 0 0 0 0 0 0 0 0 0 0 0 0 0 0 0 0 0 0 0 0 0 0 0 0 0 0 0 0 0 0 0 1.06984571 -4.41546852 -4.55286084 -5.74460447 0.995281109 -0.0557679604 0.0767515823 0.0203628108
-0.0444444444 0.208923604 0.0216696255 0.131084497 0.14510732 0.980693999 -0.788656734 0.577589698 -1.03328047 0 0 0 0 0 0 0 0 0 0 0 0 0 0 0 0 0 0 0 0 0 0 0 0 0 0 0 0 0 0 0 0 0 0 0 0 0 0 0 0 0 0 0 0 0 1.04940728 -4.41546852 -4.55286084 -5.74460447 0.994910717 -0.0714086436 0.0674818937 0.0223531852
-0.0444444444 0.225637492 0.0189500721 0.110167332 0.173170433 0.978710969 -0.796420868 0.516200238 -1.03651552 0 0 0 0 0 0 0 0 0 0 0 0 0 0 0 0 0 0 0 0 0 0 0 0 0 0 0 0 0 0 0 0 0 0 0 0 0 0 0 0 0 0 0 0 0 1.0323732 -4.41546852 -4.55286084 -5.74460447 0.994375909 -0.085692963 0.0574563471 0.0239172639
-0.0444444444 0.24235138 0.0157743959 0.0878706964 0.197640592 0.976328294 -0.80295042 0.454810777 -1.03923617 0 0 0 0 0 0 0 0 0 0 0 0 0 0 0 0 0 0 0 0 0 0 0 0 0 0 0 0 0 0 0 0 0 0 0 0 0 0 0 0 0 0 0 0 0 1.01815368 -4.41546852 -4.55286084 -5.74460447 0.993748934 -0.0982652993 0.0466881583 0.0250440326
-0.0444444444 0.259065269 0.0122060206 0.0642892266 0.217977935 0.973833926 -0.808441704 0.393421317 -1.0415242 0 0 0 0 0 0 0 0 0 0 0 0 0 0 0 0 0 0 0 0 0 0 0 0 0 0 0 0 0 0 0 0 0 0 0 0 0 0 0 0 0 0 0 0 0 1.00626827 -4.41546852 -4.55286084 -5.74460447 0.993103257 -0.10883356 0.0351893907 0.0257465183
-0.0444444444 0.275779157 0.00831768295 0.0394891021 0.23378547 0.971485957 -0.813059813 0.332031856 -1.04344842 0 0 0 0 0 0 0 0 0 0 0 0 0 0 0 0 0 0 0 0 0 0 0 0 0 0 0 0 0 0 0 0 0 0 0 0 0 0 0 0 0 0 0 0 0 0.996323352 -4.41546852 -4.55286084 -5.74460447 0.99250381 -0.117172456 0.0229703492 0.0260608009
-0.0266666667 -0.276439988 -0.00447296266 0.0582460644 0.129322936 0.989890385 -0.804197544 0.333379838 -1.0473872 0 0 0 0 0 0 0 0 0 0 0 0 0 0 0 0 0 0 0 0 0 0 0 0 0 0 0 0 0 0 0 0 0 0 0 0 0 0 0 0 0 0 0 0 0 0.996323352 -4.41546852 -4.55046747 -5.74460447 0.997396071 -0.0651747596 0.0284087707 -0.0120941893
-0.0266666667 -0.25968605 -0.00658345525 0.0829979911 0.119216839 0.989393086 -0.799579434 0.394769298 -1.04546299 0 0 0 0 0 0 0 0 0 0 0 0 0 0 0 0 0 0 0 0 0 0 0 0 0 0 0 0 0 0 0 0 0 0 0 0 0 0 0 0 0 0 0 0 0 1.00626827 -4.41546852 -4.55046747 -5.74460447 0.997288298 -0.0602064291 0.0409712445 -0.0106110402
-0.0266666667 -0.242932111 -0.00848480657 0.106051897 0.10457034 0.988846823 -0.794088151 0.456158758 -1.04317495 0 0 0 0 0 0 0 0 0 0 0 0 0 0 0 0 0 0 0 0 0 0 0 0 0 0 0 0 0 0 0 0 0 0 0 0 0 0 0 0 0 0 0 0 0 1.01815368 -4.41546852 -4.55046747 -5.74460447 0.997163321 -0.0529314988 0.0526767976 -0.00941931112
-0.0266666667 -0.226178172 -0.0101040015 0.127413459 0.0858738705 0.988125239 -0.787558599 0.517548219 -1.04045431 0 0 0 0 0 0 0 0 0 0 0 0 0 0 0 0 0 0 0 0 0 0 0 0 0 0 0 0 0 0 0 0 0 0 0 0 0 0 0 0 0 0 0 0 0 1.0323732 -4.41546852 -4.55046747 -5.74460447 0.996990077 -0.0436124641 0.0635242731 -0.00856772753
-0.0266666667 -0.209424234 -0.0113773737 0.147074415 0.0637438347 0.987069319 -0.779794465 0.578937679 -1.03721925 0 0 0 0 0 0 0 0 0 0 0 0 0 0 0 0 0 0 0 0 0 0 0 0 0 0 0 0 0 0 0 0 0 0 0 0 0 0 0 0 0 0 0 0 0 1.04940728 -4.41546852 -4.55046747 -5.74460447 0.996729358 -0.0325722687 0.0735145423 -0.00807757262
-0.0266666667 -0.192670295 -0.0122524413 0.165016489 0.0389134249 0.985522858 -0.770562321 0.64032714 -1.03337252 0 0 0 0 0 0 0 0 0 0 0 0 0 0 0 0 0 0 0 0 0 0 0 0 0 0 0 0 0 0 0 0 0 0 0 0 0 0 0 0 0 0 0 0 0 1.06984571 -4.41546852 -4.55046747 -5.74460447 0.996342481 -0.0201870326 0.0826501946 -0.00794294135
-0.0266666667 -0.175916356 -0.0126894205 0.181219501 0.0122137562 0.983366827 -0.7595846 0.7017166 -1.02879847 0 0 0 0 0 0 0 0 0 0 0 0 0 0 0 0 0 0 0 0 0 0 0 0 0 0 0 0 0 0 0 0 0 0 0 0 0 0 0 0 0 0 0 0 0 1.09441781 -4.41546852 -4.55046747 -5.74460447 0.995799817 -0.00687528893 0.0909357844 -0.00813247923
-0.0266666667 -0.159162418 -0.0126623727 0.195671419 -0.015455825 0.980547711 -0.746531257 0.763106061 -1.02335958 0 0 0 0 0 0 0 0 0 0 0 0 0 0 0 0 0 0 0 0 0 0 0 0 0 0 0 0 0 0 0 0 0 0 0 0 0 0 0 0 0 0 0 0 0 1.12403354 -4.41546852 -4.55046747 -5.74460447 0.995087947 0.00691655857 0.0983783807 -0.00859262377
-0.0266666667 -0.142408479 -0.0121599524 0.208377741 -0.0431663718 0.97709538 -0.731009841 0.824495521 -1.01689232 0 0 0 0 0 0 0 0 0 0 0 0 0 0 0 0 0 0 0 0 0 0 0 0 0 0 0 0 0 0 0 0 0 0 0 0 0 0 0 0 0 0 0 0 0 1.15984141 -4.41546852 -4.55046747 -5.74460447 0.994214306 0.0207317624 0.104988114 -0.00925220084
-0.0266666667 -0.12565454 -0.0111857342 0.219367839 -0.07000227 0.973127655 -0.712553698 0.885884981 -1.00920227 0 0 0 0 0 0 0 0 0 0 0 0 0 0 0 0 0 0 0 0 0 0 0 0 0 0 0 0 0 0 0 0 0 0 0 0 0 0 0 0 0 0 0 0 0 1.20331213 -4.41546852 -4.55046747 -5.74460447 0.993208572 0.0341219841 0.110778439 -0.0100280159
-0.0266666667 -0.108900602 -0.00975811004 0.228696662 -0.0951023492 0.968841256 -0.690607944 0.947274442 -1.0000582 0 0 0 0 0 0 0 0 0 0 0 0 0 0 0 0 0 0 0 0 0 0 0 0 0 0 0 0 0 0 0 0 0 0 0 0 0 0 0 0 0 0 0 0 0 1.25636451 -4.41546852 -4.55046747 -5.74460447 0.992120617 0.0466650164 0.11576592 -0.0108309056
-0.0266666667 -0.0921466628 -0.00790975872 0.2364414 -0.117693405 0.964491434 -0.664512775 1.0086639 -0.989185214 0 0 0 0 0 0 0 0 0 0 0 0 0 0 0 0 0 0 0 0 0 0 0 0 0 0 0 0 0 0 0 0 0 0 0 0 0 0 0 0 0 0 0 0 0 1.32156287 -4.41546852 -4.55046747 -5.74460447 0.991015547 0.0579793706 0.119969477 -0.0115716488
-0.0266666667 -0.0753927241 -0.00568670353 0.242693826 -0.137112375 0.960364464 -0.633483639 1.07005336 -0.976256408 0 0 0 0 0 0 0 0 0 0 0 0 0 0 0 0 0 0 0 0 0 0 0 0 0 0 0 0 0 0 0 0 0 0 0 0 0 0 0 0 0 0 0 0 0 1.40244349 -4.41546852 -4.55046747 -5.74460447 0.989966775 0.0677343594 0.123409176 -0.0121662131
-0.0266666667 -0.0586387854 -0.00314698516 0.2475499 -0.152816301 0.956747733 -0.59658764 1.13144282 -0.960883075 0 0 0 0 0 0 0 0 0 0 0 0 0 0 0 0 0 0 0 0 0 0 0 0 0 0 0 0 0 0 0 0 0 0 0 0 0 0 0 0 0 0 0 0 0 1.50408938 -4.41546852 -4.55046747 -5.74460447 0.989048338 0.07565535 0.126104724 -0.0125399913
-0.0266666667 -0.0418848467 -0.00035898809 0.251098431 -0.164381901 0.953901551 -0.552715496 1.19283228 -0.942603015 0 0 0 0 0 0 0 0 0 0 0 0 0 0 0 0 0 0 0 0 0 0 0 0 0 0 0 0 0 0 0 0 0 0 0 0 0 0 0 0 0 0 0 0 0 1.63422614 -4.41546852 -4.55046747 -5.74460447 0.988327494 0.0815248591 0.128073893 -0.0126309168
-0.0266666667 -0.025130908 0.00260053134 0.253410506 -0.171498459 0.952035395 -0.500548186 1.25422174 -0.920866635 0 0 0 0 0 0 0 0 0 0 0 0 0 0 0 0 0 0 0 0 0 0 0 0 0 0 0 0 0 0 0 0 0 0 0 0 0 0 0 0 0 0 0 0 0 1.80553973 -4.41546852 -4.55046747 -5.74460447 0.987858364 0.0851808529 0.129331066 -0.0123915449
-0.0266666667 -0.00837696935 0.00564865829 0.254530915 -0.17395835 0.951289917 -0.438517293 1.3156112 -0.89502043 0 0 0 0 0 0 0 0 0 0 0 0 0 0 0 0 0 0 0 0 0 0 0 0 0 0 0 0 0 0 0 0 0 0 0 0 0 0 0 0 0 0 0 0 0 2.04134185 -4.41546852 -4.55046747 -5.74460447 0.987677046 0.0865138838 0.129886063 -0.011790317
-0.0266666667 0.00837696935 0.0086987103 0.254472411 -0.171649194 0.951724932 -0.438517293 1.3156112 -0.89502043 0 0 0 0 0 0 0 0 0 0 0 0 0 0 0 0 0 0 0 0 0 0 0 0 0 0 0 0 0 0 0 0 0 0 0 0 0 0 0 0 0 0 0 0 0 2.04134185 -4.41546852 -4.55046747 -5.74460447 0.98779834 0.0854645874 0.129743355 -0.0108122623
-0.0266666667 0.025130908 0.0116627368 0.253213253 -0.164550574 0.953313253 -0.500548186 1.25422174 -0.920866635 0 0 0 0 0 0 0 0 0 0 0 0 0 0 0 0 0 0 0 0 0 0 0 0 0 0 0 0 0 0 0 0 0 0 0 0 0 0 0 0 0 0 0 0 0 1.80553973 -4.41546852 -4.55046747 -5.74460447 0.98821412 0.0820226701 0.128901727 -0.00945934642
-0.0266666667 0.0418848467 0.0144540554 0.250698296 -0.152736798 0.955940288 -0.552715496 1.19283228 -0.942603015 0 0 0 0 0 0 0 0 0 0 0 0 0 0 0 0 0 0 0 0 0 0 0 0 0 0 0 0 0 0 0 0 0 0 0 0 0 0 0 0 0 0 0 0 0 1.63422614 -4.41546852 -4.55046747 -5.74460447 0.988893358 0.0762279652 0.127354439 -0.00775057981
-0.0266666667 0.0586387854 0.0169897512 0.246843757 -0.136385539 0.95940979 -0.59658764 1.13144282 -0.960883075 0 0 0 0 0 0 0 0 0 0 0 0 0 0 0 0 0 0 0 0 0 0 0 0 0 0 0 0 0 0 0 0 0 0 0 0 0 0 0 0 0 0 0 0 0 1.50408938 -4.41546852 -4.55046747 -5.74460447 0.989783893 0.0681734899 0.12508989 -0.00572186484
-0.0266666667 0.0753927241 0.0191930679 0.241545561 -0.115790466 0.963456439 -0.633483639 1.07005336 -0.976256408 0 0 0 0 0 0 0 0 0 0 0 0 0 0 0 0 0 0 0 0 0 0 0 0 0 0 0 0 0 0 0 0 0 0 0 0 0 0 0 0 0 0 0 0 0 1.40244349 -4.41546852 -4.55046747 -5.74460447 0.990816071 0.0580097698 0.12209278 -0.00342543392
-0.0266666667 0.0921466628 0.020995621 0.234690845 -0.091374347 0.967765951 -0.664512775 1.0086639 -0.989185214 0 0 0 0 0 0 0 0 0 0 0 0 0 0 0 0 0 0 0 0 0 0 0 0 0 0 0 0 0 0 0 0 0 0 0 0 0 0 0 0 0 0 0 0 0 1.32156287 -4.41546852 -4.55046747 -5.74460447 0.991908319 0.0459490796 0.118345708 -0.000928628471
-0.0266666667 0.108900602 0.0223393698 0.22617163 -0.0636978636 0.97200256 -0.690607944 0.947274442 -1.0000582 0 0 0 0 0 0 0 0 0 0 0 0 0 0 0 0 0 0 0 0 0 0 0 0 0 0 0 0 0 0 0 0 0 0 0 0 0 0 0 0 0 0 0 0 0 1.25636451 -4.41546852 -4.55046747 -5.74460447 0.992974536 0.0322678051 0.113831054 0.00168826531
-0.0266666667 0.12565454 0.023178291 0.215898957 -0.0334589868 0.97584227 -0.712553698 0.885884981 -1.00920227 0 0 0 0 0 0 0 0 0 0 0 0 0 0 0 0 0 0 0 0 0 0 0 0 0 0 0 0 0 0 0 0 0 0 0 0 0 0 0 0 0 0 0 0 0 1.20331213 -4.41546852 -4.55046747 -5.74460447 0.993932764 0.0173050151 0.10853295 0.00433534795
-0.0266666667 0.142408479 0.0234797059 0.203815234 -0.00147875907 0.979008255 -0.731009841 0.824495521 -1.01689232 0 0 0 0 0 0 0 0 0 0 0 0 0 0 0 0 0 0 0 0 0 0 0 0 0 0 0 0 0 0 0 0 0 0 0 0 0 0 0 0 0 0 0 0 0 1.15984141 -4.41546852 -4.55046747 -5.74460447 0.994714167 0.00145571276 0.102439022 0.00691766241
-0.0266666667 0.159162418 0.0232252225 0.189902327 0.031328189 0.981303037 -0.746531257 0.763106061 -1.02335958 0 0 0 0 0 0 0 0 0 0 0 0 0 0 0 0 0 0 0 0 0 0 0 0 0 0 0 0 0 0 0 0 0 0 0 0 0 0 0 0 0 0 0 0 0 1.12403354 -4.41546852 -4.55046747 -5.74460447 0.995270952 -0.0148418492 0.0955416188 0.00934077928
-0.0266666667 0.175916356 0.022411266 0.174183468 0.0639964459 0.982631454 -0.7595846 0.7017166 -1.02879847 0 0 0 0 0 0 0 0 0 0 0 0 0 0 0 0 0 0 0 0 0 0 0 0 0 0 0 0 0 0 0 0 0 0 0 0 0 0 0 0 0 0 0 0 0 1.09441781 -4.41546852 -4.55046747 -5.74460447 0.995581783 -0.0311241071 0.0878382776 0.0115169487
-0.0266666667 0.192670295 0.0210491822 0.156718259 0.0955603824 0.983009461 -0.770562321 0.64032714 -1.03337252 0 0 0 0 0 0 0 0 0 0 0 0 0 0 0 0 0 0 0 0 0 0 0 0 0 0 0 0 0 0 0 0 0 0 0 0 0 0 0 0 0 0 0 0 0 1.06984571 -4.41546852 -4.55046747 -5.74460447 0.995653525 -0.0469233899 0.0793313618 0.0133711644
-0.0266666667 0.209424234 0.0191649095 0.137591662 0.125104637 0.982556545 -0.779794465 0.578937679 -1.03721925 0 0 0 0 0 0 0 0 0 0 0 0 0 0 0 0 0 0 0 0 0 0 0 0 0 0 0 0 0 0 0 0 0 0 0 0 0 0 0 0 0 0 0 0 0 1.04940728 -4.41546852 -4.55046747 -5.74460447 0.995518888 -0.0617895523 0.0700269853 0.0148464504
-0.0266666667 0.226178172 0.0167982319 0.116899333 0.151806736 0.981473006 -0.787558599 0.517548219 -1.04045431 0 0 0 0 0 0 0 0 0 0 0 0 0 0 0 0 0 0 0 0 0 0 0 0 0 0 0 0 0 0 0 0 0 0 0 0 0 0 0 0 0 0 0 0 0 1.0323732 -4.41546852 -4.55046747 -5.74460447 0.995230347 -0.0753091543 0.0599335331 0.0159078224
-0.0266666667 0.242932111 0.0140016311 0.0947324488 0.174966438 0.980006382 -0.794088151 0.456158758 -1.04317495 0 0 0 0 0 0 0 0 0 0 0 0 0 0 0 0 0 0 0 0 0 0 0 0 0 0 0 0 0 0 0 0 0 0 0 0 0 0 0 0 0 0 0 0 0 1.01815368 -4.41546852 -4.55046747 -5.74460447 0.994851479 -0.0871200752 0.0490601823 0.0165446431
-0.0266666667 0.25968605 0.0108387735 0.0711651174 0.194020141 0.978412853 -0.799579434 0.394769298 -1.04546299 0 0 0 0 0 0 0 0 0 0 0 0 0 0 0 0 0 0 0 0 0 0 0 0 0 0 0 0 0 0 0 0 0 0 0 0 0 0 0 0 0 0 0 0 0 1.00626827 -4.41546852 -4.55046747 -5.74460447 0.994447157 -0.0969207414 0.0374158172 0.0167713776
-0.0266666667 0.276439988 0.00738267422 0.0462466793 0.208542383 0.9769193 -0.804197544 0.333379838 -1.0473872 0 0 0 0 0 0 0 0 0 0 0 0 0 0 0 0 0 0 0 0 0 0 0 0 0 0 0 0 0 0 0 0 0 0 0 0 0 0 0 0 0 0 0 0 0 0.996323352 -4.41546852 -4.55046747 -5.74460447 0.994074039 -0.104474486 0.025008633 0.0166269608
-0.00888888889 -0.276770454 -0.00545293858 0.0556695082 0.15616451 0.986161017 -0.795335275 0.33405447 -1.05132599 0 0 0 0 0 0 0 0 0 0 0 0 0 0 0 0 0 0 0 0 0 0 0 0 0 0 0 0 0 0 0 0 0 0 0 0 0 0 0 0 0 0 0 0 0 0.996323352 -4.41546852 -4.54927275 -5.74460447 0.996531179 -0.0784228993 0.0277369846 -0.00247356557
-0.00888888889 -0.259996487 -0.00801670463 0.0805599349 0.144506822 0.986218979 -0.790717165 0.395443931 -1.04940178 0 0 0 0 0 0 0 0 0 0 0 0 0 0 0 0 0 0 0 0 0 0 0 0 0 0 0 0 0 0 0 0 0 0 0 0 0 0 0 0 0 0 0 0 0 1.00626827 -4.41546852 -4.54927275 -5.74460447 0.996547762 -0.0725616076 0.0403153 -0.00143113489
-0.00888888889 -0.24322252 -0.0103428525 0.103858277 0.128311743 0.986280667 -0.785225882 0.456833391 -1.04711374 0 0 0 0 0 0 0 0 0 0 0 0 0 0 0 0 0 0 0 0 0 0 0 0 0 0 0 0 0 0 0 0 0 0 0 0 0 0 0 0 0 0 0 0 0 1.01815368 -4.41546852 -4.54927275 -5.74460447 0.996564011 -0.0644142059 0.052062236 -0.000710836635
-0.00888888889 -0.226448553 -0.0123582278 0.125551581 0.108051749 0.986185388 -0.778696329 0.518222852 -1.04439309 0 0 0 0 0 0 0 0 0 0 0 0 0 0 0 0 0 0 0 0 0 0 0 0 0 0 0 0 0 0 0 0 0 0 0 0 0 0 0 0 0 0 0 0 0 1.0323732 -4.41546852 -4.54927275 -5.74460447 0.996540298 -0.0542360616 0.0629742443 -0.000358028221
-0.00888888889 -0.209674586 -0.0139990428 0.145609395 0.0843288177 0.985741627 -0.770932196 0.579612312 -1.04115804 0 0 0 0 0 0 0 0 0 0 0 0 0 0 0 0 0 0 0 0 0 0 0 0 0 0 0 0 0 0 0 0 0 0 0 0 0 0 0 0 0 0 0 0 0 1.04940728 -4.41546852 -4.54927275 -5.74460447 0.996428954 -0.0423442121 0.0730489861 -0.00039138355
-0.00888888889 -0.19290062 -0.0152127156 0.163989147 0.0578676789 0.984763368 -0.761700051 0.641001772 -1.03731131 0 0 0 0 0 0 0 0 0 0 0 0 0 0 0 0 0 0 0 0 0 0 0 0 0 0 0 0 0 0 0 0 0 0 0 0 0 0 0 0 0 0 0 0 0 1.06984571 -4.41546852 -4.54927275 -5.74460447 0.996183236 -0.0291110155 0.0822852637 -0.00080289198
-0.00888888889 -0.176126653 -0.0159593865 0.180645867 0.0294982599 0.983105754 -0.750722331 0.702391233 -1.03273726 0 0 0 0 0 0 0 0 0 0 0 0 0 0 0 0 0 0 0 0 0 0 0 0 0 0 0 0 0 0 0 0 0 0 0 0 0 0 0 0 0 0 0 0 0 1.09441781 -4.41546852 -4.54927275 -5.74460447 0.99576626 -0.0149538453 0.0906835463 -0.00155931985
-0.00888888889 -0.159352686 -0.0162130674 0.195544002 0.000125968658 0.980694921 -0.737668988 0.763780693 -1.02729837 0 0 0 0 0 0 0 0 0 0 0 0 0 0 0 0 0 0 0 0 0 0 0 0 0 0 0 0 0 0 0 0 0 0 0 0 0 0 0 0 0 0 0 0 0 1.12403354 -4.41546852 -4.54927275 -5.74460447 0.995158617 -0.000320489925 0.0982468166 -0.002605214
-0.00888888889 -0.142578719 -0.015962391 0.208668514 -0.0293083058 0.977547172 -0.722147571 0.825170154 -1.02083111 0 0 0 0 0 0 0 0 0 0 0 0 0 0 0 0 0 0 0 0 0 0 0 0 0 0 0 0 0 0 0 0 0 0 0 0 0 0 0 0 0 0 0 0 0 1.15984141 -4.41546852 -4.54927275 -5.74460447 0.994363429 0.0143289196 0.104981407 -0.00386734458
-0.00888888889 -0.125804752 -0.015210939 0.220032666 -0.0578735411 0.973774245 -0.703691429 0.886559614 -1.01314105 0 0 0 0 0 0 0 0 0 0 0 0 0 0 0 0 0 0 0 0 0 0 0 0 0 0 0 0 0 0 0 0 0 0 0 0 0 0 0 0 0 0 0 0 0 1.20331213 -4.41546852 -4.54927275 -5.74460447 0.993407999 0.0285415684 0.110897505 -0.00526024632
-0.00888888889 -0.109030785 -0.0139771382 0.22968067 -0.0846926112 0.969574108 -0.681745674 0.947949075 -1.00399699 0 0 0 0 0 0 0 0 0 0 0 0 0 0 0 0 0 0 0 0 0 0 0 0 0 0 0 0 0 0 0 0 0 0 0 0 0 0 0 0 0 0 0 0 0 1.25636451 -4.41546852 -4.54927275 -5.74460447 0.99234181 0.0418907437 0.116009101 -0.00669231336
-0.00888888889 -0.092256818 -0.0122937299 0.23768468 -0.108978597 0.965209645 -0.655650506 1.00933854 -0.993124001 0 0 0 0 0 0 0 0 0 0 0 0 0 0 0 0 0 0 0 0 0 0 0 0 0 0 0 0 0 0 0 0 0 0 0 0 0 0 0 0 0 0 0 0 0 1.32156287 -4.41546852 -4.54927275 -5.74460447 0.99123139 0.05399142 0.120333304 -0.00807181532
-0.00888888889 -0.0754828511 -0.010206825 0.244136874 -0.13005909 0.960979615 -0.62462137 1.070728 -0.980195194 0 0 0 0 0 0 0 0 0 0 0 0 0 0 0 0 0 0 0 0 0 0 0 0 0 0 0 0 0 0 0 0 0 0 0 0 0 0 0 0 0 0 0 0 0 1.40244349 -4.41546852 -4.54927275 -5.74460447 0.990153063 0.0645110933 0.12388911 -0.0093122665
-0.00888888889 -0.0587088842 -0.00777457501 0.249138336 -0.14738732 0.95718706 -0.587725371 1.13211746 -0.964821861 0 0 0 0 0 0 0 0 0 0 0 0 0 0 0 0 0 0 0 0 0 0 0 0 0 0 0 0 0 0 0 0 0 0 0 0 0 0 0 0 0 0 0 0 0 1.50408938 -4.41546852 -4.54927275 -5.74460447 0.989184857 0.0731754376 0.126695799 -0.010336769
-0.00888888889 -0.0419349173 -0.00506549478 0.252786762 -0.160541918 0.954109609 -0.543853227 1.19350692 -0.946541801 0 0 0 0 0 0 0 0 0 0 0 0 0 0 0 0 0 0 0 0 0 0 0 0 0 0 0 0 0 0 0 0 0 0 0 0 0 0 0 0 0 0 0 0 0 1.63422614 -4.41546852 -4.54927275 -5.74460447 0.988398711 0.0797694487 0.128771234 -0.0110811937
-0.00888888889 -0.0251609504 -0.00215648703 0.255164854 -0.169219159 0.951974671 -0.491685917 1.25489638 -0.924805422 0 0 0 0 0 0 0 0 0 0 0 0 0 0 0 0 0 0 0 0 0 0 0 0 0 0 0 0 0 0 0 0 0 0 0 0 0 0 0 0 0 0 0 0 0 1.80553973 -4.41546852 -4.54927275 -5.74460447 0.987853821 0.0841354905 0.130130258 -0.01149628
-0.00888888889 -0.00838698346 0.000869375245 0.256330793 -0.173222255 0.950940889 -0.429655024 1.31628584 -0.898959217 0 0 0 0 0 0 0 0 0 0 0 0 0 0 0 0 0 0 0 0 0 0 0 0 0 0 0 0 0 0 0 0 0 0 0 0 0 0 0 0 0 0 0 0 0 2.04134185 -4.41546852 -4.54927275 -5.74460447 0.987591549 0.0861699619 0.130783382 -0.0115488781
-0.00888888889 0.00838698346 0.00392524427 0.256311642 -0.172451925 0.95108605 -0.429655024 1.31628584 -0.898959217 0 0 0 0 0 0 0 0 0 0 0 0 0 0 0 0 0 0 0 0 0 0 0 0 0 0 0 0 0 0 0 0 0 0 0 0 0 0 0 0 0 0 0 0 0 2.04134185 -4.41546852 -4.54927275 -5.74460447 0.987632056 0.0858201858 0.130735881 -0.0112225971
-0.00888888889 0.0251609504 0.00692300178 0.255100133 -0.166901339 0.952401105 -0.491685917 1.25489638 -0.924805422 0 0 0 0 0 0 0 0 0 0 0 0 0 0 0 0 0 0 0 0 0 0 0 0 0 0 0 0 0 0 0 0 0 0 0 0 0 0 0 0 0 0 0 0 0 1.80553973 -4.41546852 -4.54927275 -5.74460447 0.987972632 0.083082718 0.129987343 -0.010518086
-0.00888888889 0.0419349173 0.00977579998 0.252655028 -0.156657034 0.954790035 -0.543853227 1.19350692 -0.946541801 0 0 0 0 0 0 0 0 0 0 0 0 0 0 0 0 0 0 0 0 0 0 0 0 0 0 0 0 0 0 0 0 0 0 0 0 0 0 0 0 0 0 0 0 0 1.63422614 -4.41546852 -4.54927275 -5.74460447 0.988587708 0.0780036985 0.12853173 -0.00945307046
-0.00888888889 0.0587088842 0.0124005659 0.248905105 -0.141905756 0.958075678 -0.587725371 1.13211746 -0.964821861 0 0 0 0 0 0 0 0 0 0 0 0 0 0 0 0 0 0 0 0 0 0 0 0 0 0 0 0 0 0 0 0 0 0 0 0 0 0 0 0 0 0 0 0 0 1.50408938 -4.41546852 -4.54927275 -5.74460447 0.989430564 0.0706812234 0.126357926 -0.00806213911
-0.00888888889 0.0754828511 0.0147203968 0.243756613 -0.122945488 0.962012017 -0.62462137 1.070728 -0.980195194 0 0 0 0 0 0 0 0 0 0 0 0 0 0 0 0 0 0 0 0 0 0 0 0 0 0 0 0 0 0 0 0 0 0 0 0 0 0 0 0 0 0 0 0 0 1.40244349 -4.41546852 -4.54927275 -5.74460447 0.990436822 0.0612690623 0.123450774 -0.00639614234
-0.00888888889 0.092256818 0.0166667778 0.237103787 -0.100197366 0.966303411 -0.655650506 1.00933854 -0.993124001 0 0 0 0 0 0 0 0 0 0 0 0 0 0 0 0 0 0 0 0 0 0 0 0 0 0 0 0 0 0 0 0 0 0 0 0 0 0 0 0 0 0 0 0 0 1.32156287 -4.41546852 -4.54927275 -5.74460447 0.991529761 0.0499804515 0.119792525 -0.00452096654
-0.00888888889 0.109030785 0.0181815575 0.228841482 -0.0742140086 0.970630649 -0.681745674 0.947949075 -1.00399699 0 0 0 0 0 0 0 0 0 0 0 0 0 0 0 0 0 0 0 0 0 0 0 0 0 0 0 0 0 0 0 0 0 0 0 0 0 0 0 0 0 0 0 0 0 1.25636451 -4.41546852 -4.54927275 -5.74460447 0.99262732 0.0370902701 0.115364584 -0.00251540717
-0.00888888889 0.125804752 0.0192186249 0.218878411 -0.045679413 0.974682324 -0.703691429 0.886559614 -1.01314105 0 0 0 0 0 0 0 0 0 0 0 0 0 0 0 0 0 0 0 0 0 0 0 0 0 0 0 0 0 0 0 0 0 0 0 0 0 0 0 0 0 0 0 0 0 1.20331213 -4.41546852 -4.54927275 -5.74460447 0.993650312 0.0229337882 0.11014935 -0.000467916268
-0.00888888889 0.142578719 0.0197452388 0.207148919 -0.0153964191 0.978188262 -0.722147571 0.825170154 -1.02083111 0 0 0 0 0 0 0 0 0 0 0 0 0 0 0 0 0 0 0 0 0 0 0 0 0 0 0 0 0 0 0 0 0 0 0 0 0 0 0 0 0 0 0 0 0 1.15984141 -4.41546852 -4.54927275 -5.74460447 0.994530943 0.00790051553 0.104131892 0.00152784717
-0.00888888889 0.159352686 0.0197429722 0.193621056 0.015740024 0.98095012 -0.737668988 0.763780693 -1.02729837 0 0 0 0 0 0 0 0 0 0 0 0 0 0 0 0 0 0 0 0 0 0 0 0 0 0 0 0 0 0 0 0 0 0 0 0 0 0 0 0 0 0 0 0 0 1.12403354 -4.41546852 -4.54927275 -5.74460447 0.995220401 -0.00757749728 0.0973011894 0.00337850048
-0.00888888889 0.176126653 0.0192082436 0.178299115 0.046782261 0.982863595 -0.750722331 0.702391233 -1.03273726 0 0 0 0 0 0 0 0 0 0 0 0 0 0 0 0 0 0 0 0 0 0 0 0 0 0 0 0 0 0 0 0 0 0 0 0 0 0 0 0 0 0 0 0 0 1.09441781 -4.41546852 -4.54927275 -5.74460447 0.995694143 -0.0230423598 0.089650724 0.00499703493
-0.00888888889 0.19290062 0.0181524203 0.16121989 0.0767771187 0.983927549 -0.761700051 0.641001772 -1.03731131 0 0 0 0 0 0 0 0 0 0 0 0 0 0 0 0 0 0 0 0 0 0 0 0 0 0 0 0 0 0 0 0 0 0 0 0 0 0 0 0 0 0 0 0 0 1.06984571 -4.41546852 -4.54927275 -5.74460447 0.9959538 -0.0380302901 0.0811783387 0.00630891654
-0.00888888889 0.209674586 0.0166014902 0.14244334 0.104813786 0.984237758 -0.770932196 0.579612312 -1.04115804 0 0 0 0 0 0 0 0 0 0 0 0 0 0 0 0 0 0 0 0 0 0 0 0 0 0 0 0 0 0 0 0 0 0 0 0 0 0 0 0 0 0 0 0 0 1.04940728 -4.41546852 -4.54927275 -5.74460447 0.996025204 -0.0520922382 0.071885461 0.00725752705
-0.00888888889 0.226448553 0.0145953132 0.122039716 0.130065164 0.983966138 -0.778696329 0.518222852 -1.04439309 0 0 0 0 0 0 0 0 0 0 0 0 0 0 0 0 0 0 0 0 0 0 0 0 0 0 0 0 0 0 0 0 0 0 0 0 0 0 0 0 0 0 0 0 0 1.0323732 -4.41546852 -4.54927275 -5.74460447 0.995952859 -0.0648125162 0.0617759557 0.00780839547
-0.00888888889 0.24322252 0.012186471 0.100076037 0.15181749 0.98332916 -0.785225882 0.456833391 -1.04711374 0 0 0 0 0 0 0 0 0 0 0 0 0 0 0 0 0 0 0 0 0 0 0 0 0 0 0 0 0 0 0 0 0 0 0 0 0 0 0 0 0 0 0 0 0 1.01815368 -4.41546852 -4.54927275 -5.74460447 0.995791819 -0.0758234297 0.050854966 0.00795190531
-0.00888888889 0.259996487 0.00943875159 0.0766048541 0.169486417 0.982550788 -0.790717165 0.395443931 -1.04940178 0 0 0 0 0 0 0 0 0 0 0 0 0 0 0 0 0 0 0 0 0 0 0 0 0 0 0 0 0 0 0 0 0 0 0 0 0 0 0 0 0 0 0 0 0 1.00626827 -4.41546852 -4.54927275 -5.74460447 0.995598331 -0.0848150766 0.0391281075 0.00770442613
-0.00888888889 0.276770454 0.00642530921 0.0516576151 0.182621216 0.981825332 -0.795335275 0.33405447 -1.05132599 0 0 0 0 0 0 0 0 0 0 0 0 0 0 0 0 0 0 0 0 0 0 0 0 0 0 0 0 0 0 0 0 0 0 0 0 0 0 0 0 0 0 0 0 0 0.996323352 -4.41546852 -4.54927275 -5.74460447 0.995420586 -0.0915407285 0.0266012987 0.00710801362
0.00888888889 -0.276770454 -0.00642530921 0.0516576151 0.182621216 0.981825332 -0.786473006 0.33405447 -1.05526477 0 0 0 0 0 0 0 0 0 0 0 0 0 0 0 0 0 0 0 0 0 0 0 0 0 0 0 0 0 0 0 0 0 0 0 0 0 0 0 0 0 0 0 0 0 0.996323352 -4.41546852 -4.54927275 -5.74460447 0.995420586 -0.0915407285 0.0266012987 0.00710801362
0.00888888889 -0.259996487 -0.00943875159 0.0766048541 0.169486417 0.982550788 -0.781854896 0.395443931 -1.05334056 0 0 0 0 0 0 0 0 0 0 0 0 0 0 0 0 0 0 0 0 0 0 0 0 0 0 0 0 0 0 0 0 0 0 0 0 0 0 0 0 0 0 0 0 0 1.00626827 -4.41546852 -4.54927275 -5.74460447 0.995598331 -0.0848150766 0.0391281075 0.00770442613
0.00888888889 -0.24322252 -0.012186471 0.100076037 0.15181749 0.98332916 -0.776363613 0.456833391 -1.05105253 0 0 0 0 0 0 0 0 0 0 0 0 0 0 0 0 0 0 0 0 0 0 0 0 0 0 0 0 0 0 0 0 0 0 0 0 0 0 0 0 0 0 0 0 0 1.01815368 -4.41546852 -4.54927275 -5.74460447 0.995791819 -0.0758234297 0.050854966 0.00795190531
0.00888888889 -0.226448553 -0.0145953132 0.122039716 0.130065164 0.983966138 -0.76983406 0.518222852 -1.04833188 0 0 0 0 0 0 0 0 0 0 0 0 0 0 0 0 0 0 0 0 0 0 0 0 0 0 0 0 0 0 0 0 0 0 0 0 0 0 0 0 0 0 0 0 0 1.0323732 -4.41546852 -4.54927275 -5.74460447 0.995952859 -0.0648125162 0.0617759557 0.00780839547
0.00888888889 -0.209674586 -0.0166014902 0.14244334 0.104813786 0.984237758 -0.762069927 0.579612312 -1.04509682 0 0 0 0 0 0 0 0 0 0 0 0 0 0 0 0 0 0 0 0 0 0 0 0 0 0 0 0 0 0 0 0 0 0 0 0 0 0 0 0 0 0 0 0 0 1.04940728 -4.41546852 -4.54927275 -5.74460447 0.996025204 -0.0520922382 0.071885461 0.00725752705
0.00888888889 -0.19290062 -0.0181524203 0.16121989 0.0767771187 0.983927549 -0.752837782 0.641001772 -1.0412501 0 0 0 0 0 0 0 0 0 0 0 0 0 0 0 0 0 0 0 0 0 0 0 0 0 0 0 0 0 0 0 0 0 0 0 0 0 0 0 0 0 0 0 0 0 1.06984571 -4.41546852 -4.54927275 -5.74460447 0.9959538 -0.0380302901 0.0811783387 0.00630891654
0.00888888889 -0.176126653 -0.0192082436 0.178299115 0.046782261 0.982863595 -0.741860062 0.702391233 -1.03667605 0 0 0 0 0 0 0 0 0 0 0 0 0 0 0 0 0 0 0 0 0 0 0 0 0 0 0 0 0 0 0 0 0 0 0 0 0 0 0 0 0 0 0 0 0 1.09441781 -4.41546852 -4.54927275 -5.74460447 0.995694143 -0.0230423598 0.089650724 0.00499703493
0.00888888889 -0.159352686 -0.0197429722 0.193621056 0.015740024 0.98095012 -0.728806718 0.763780693 -1.03123715 0 0 0 0 0 0 0 0 0 0 0 0 0 0 0 0 0 0 0 0 0 0 0 0 0 0 0 0 0 0 0 0 0 0 0 0 0 0 0 0 0 0 0 0 0 1.12403354 -4.41546852 -4.54927275 -5.74460447 0.995220401 -0.00757749728 0.0973011894 0.00337850048
0.00888888889 -0.142578719 -0.0197452388 0.207148919 -0.0153964191 0.978188262 -0.713285302 0.825170154 -1.0247699 0 0 0 0 0 0 0 0 0 0 0 0 0 0 0 0 0 0 0 0 0 0 0 0 0 0 0 0 0 0 0 0 0 0 0 0 0 0 0 0 0 0 0 0 0 1.15984141 -4.41546852 -4.54927275 -5.74460447 0.994530943 0.00790051553 0.104131892 0.00152784717
0.00888888889 -0.125804752 -0.0192186249 0.218878411 -0.045679413 0.974682324 -0.69482916 0.886559614 -1.01707984 0 0 0 0 0 0 0 0 0 0 0 0 0 0 0 0 0 0 0 0 0 0 0 0 0 0 0 0 0 0 0 0 0 0 0 0 0 0 0 0 0 0 0 0 0 1.20331213 -4.41546852 -4.54927275 -5.74460447 0.993650312 0.0229337882 0.11014935 -0.000467916268
0.00888888889 -0.109030785 -0.0181815575 0.228841482 -0.0742140086 0.970630649 -0.672883405 0.947949075 -1.00793577 0 0 0 0 0 0 0 0 0 0 0 0 0 0 0 0 0 0 0 0 0 0 0 0 0 0 0 0 0 0 0 0 0 0 0 0 0 0 0 0 0 0 0 0 0 1.25636451 -4.41546852 -4.54927275 -5.74460447 0.99262732 0.0370902701 0.115364584 -0.00251540717
0.00888888889 -0.092256818 -0.0166667778 0.237103787 -0.100197366 0.966303411 -0.646788237 1.00933854 -0.997062787 0 0 0 0 0 0 0 0 0 0 0 0 0 0 0 0 0 0 0 0 0 0 0 0 0 0 0 0 0 0 0 0 0 0 0 0 0 0 0 0 0 0 0 0 0 1.32156287 -4.41546852 -4.54927275 -5.74460447 0.991529761 0.0499804515 0.119792525 -0.00452096654
0.00888888889 -0.0754828511 -0.0147203968 0.243756613 -0.122945488 0.962012017 -0.615759101 1.070728 -0.98413398 0 0 0 0 0 0 0 0 0 0 0 0 0 0 0 0 0 0 0 0 0 0 0 0 0 0 0 0 0 0 0 0 0 0 0 0 0 0 0 0 0 0 0 0 0 1.40244349 -4.41546852 -4.54927275 -5.74460447 0.990436822 0.0612690623 0.123450774 -0.00639614234
0.00888888889 -0.0587088842 -0.0124005659 0.248905105 -0.141905756 0.958075678 -0.578863102 1.13211746 -0.968760647 0 0 0 0 0 0 0 0 0 0 0 0 0 0 0 0 0 0 0 0 0 0 0 0 0 0 0 0 0 0 0 0 0 0 0 0 0 0 0 0 0 0 0 0 0 1.50408938 -4.41546852 -4.54927275 -5.74460447 0.989430564 0.0706812234 0.126357926 -0.00806213911
0.00888888889 -0.0419349173 -0.00977579998 0.252655028 -0.156657034 0.954790035 -0.534990958 1.19350692 -0.950480587 0 0 0 0 0 0 0 0 0 0 0 0 0 0 0 0 0 0 0 0 0 0 0 0 0 0 0 0 0 0 0 0 0 0 0 0 0 0 0 0 0 0 0 0 0 1.63422614 -4.41546852 -4.54927275 -5.74460447 0.988587708 0.0780036985 0.12853173 -0.00945307046
0.00888888889 -0.0251609504 -0.00692300178 0.255100133 -0.166901339 0.952401105 -0.482823647 1.25489638 -0.928744208 0 0 0 0 0 0 0 0 0 0 0 0 0 0 0 0 0 0 0 0 0 0 0 0 0 0 0 0 0 0 0 0 0 0 0 0 0 0 0 0 0 0 0 0 0 1.80553973 -4.41546852 -4.54927275 -5.74460447 0.987972632 0.083082718 0.129987343 -0.010518086
0.00888888889 -0.00838698346 -0.00392524427 0.256311642 -0.172451925 0.95108605 -0.420792755 1.31628584 -0.902898003 0 0 0 0 0 0 0 0 0 0 0 0 0 0 0 0 0 0 0 0 0 0 0 0 0 0 0 0 0 0 0 0 0 0 0 0 0 0 0 0 0 0 0 0 0 2.04134185 -4.41546852 -4.54927275 -5.74460447 0.987632056 0.0858201858 0.130735881 -0.0112225971
0.00888888889 0.00838698346 -0.000869375245 0.256330793 -0.173222255 0.950940889 -0.420792755 1.31628584 -0.902898003 0 0 0 0 0 0 0 0 0 0 0 0 0 0 0 0 0 0 0 0 0 0 0 0 0 0 0 0 0 0 0 0 0 0 0 0 0 0 0 0 0 0 0 0 0 2.04134185 -4.41546852 -4.54927275 -5.74460447 0.987591549 0.0861699619 0.130783382 -0.0115488781
0.00888888889 0.0251609504 0.00215648703 0.255164854 -0.169219159 0.951974671 -0.482823647 1.25489638 -0.928744208 0 0 0 0 0 0 0 0 0 0 0 0 0 0 0 0 0 0 0 0 0 0 0 0 0 0 0 0 0 0 0 0 0 0 0 0 0 0 0 0 0 0 0 0 0 1.80553973 -4.41546852 -4.54927275 -5.74460447 0.987853821 0.0841354905 0.130130258 -0.01149628
0.00888888889 0.0419349173 0.00506549478 0.252786762 -0.160541918 0.954109609 -0.534990958 1.19350692 -0.950480587 0 0 0 0 0 0 0 0 0 0 0 0 0 0 0 0 0 0 0 0 0 0 0 0 0 0 0 0 0 0 0 0 0 0 0 0 0 0 0 0 0 0 0 0 0 1.63422614 -4.41546852 -4.54927275 -5.74460447 0.988398711 0.0797694487 0.128771234 -0.0110811937
0.00888888889 0.0587088842 0.00777457501 0.249138336 -0.14738732 0.95718706 -0.578863102 1.13211746 -0.968760647 0 0 0 0 0 0 0 0 0 0 0 0 0 0 0 0 0 0 0 0 0 0 0 0 0 0 0 0 0 0 0 0 0 0 0 0 0 0 0 0 0 0 0 0 0 1.50408938 -4.41546852 -4.54927275 -5.74460447 0.989184857 0.0731754376 0.126695799 -0.010336769
0.00888888889 0.0754828511 0.010206825 0.244136874 -0.13005909 0.960979615 -0.615759101 1.070728 -0.98413398 0 0 0 0 0 0 0 0 0 0 0 0 0 0 0 0 0 0 0 0 0 0 0 0 0 0 0 0 0 0 0 0 0 0 0 0 0 0 0 0 0 0 0 0 0 1.40244349 -4.41546852 -4.54927275 -5.74460447 0.990153063 0.0645110933 0.12388911 -0.0093122665
0.00888888889 0.092256818 0.0122937299 0.23768468 -0.108978597 0.965209645 -0.646788237 1.00933854 -0.997062787 0 0 0 0 0 0 0 0 0 0 0 0 0 0 0 0 0 0 0 0 0 0 0 0 0 0 0 0 0 0 0 0 0 0 0 0 0 0 0 0 0 0 0 0 0 1.32156287 -4.41546852 -4.54927275 -5.74460447 0.99123139 0.05399142 0.120333304 -0.00807181532
0.00888888889 0.109030785 0.0139771382 0.22968067 -0.0846926112 0.969574108 -0.672883405 0.947949075 -1.00793577 0 0 0 0 0 0 0 0 0 0 0 0 0 0 0 0 0 0 0 0 0 0 0 0 0 0 0 0 0 0 0 0 0 0 0 0 0 0 0 0 0 0 0 0 0 1.25636451 -4.41546852 -4.54927275 -5.74460447 0.99234181 0.0418907437 0.116009101 -0.00669231336
0.00888888889 0.125804752 0.015210939 0.220032666 -0.0578735411 0.973774245 -0.69482916 0.886559614 -1.01707984 0 0 0 0 0 0 0 0 0 0 0 0 0 0 0 0 0 0 0 0 0 0 0 0 0 0 0 0 0 0 0 0 0 0 0 0 0 0 0 0 0 0 0 0 0 1.20331213 -4.41546852 -4.54927275 -5.74460447 0.993407999 0.0285415684 0.110897505 -0.00526024632
0.00888888889 0.142578719 0.015962391 0.208668514 -0.0293083058 0.977547172 -0.713285302 0.825170154 -1.0247699 0 0 0 0 0 0 0 0 0 0 0 0 0 0 0 0 0 0 0 0 0 0 0 0 0 0 0 0 0 0 0 0 0 0 0 0 0 0 0 0 0 0 0 0 0 1.15984141 -4.41546852 -4.54927275 -5.74460447 0.994363429 0.0143289196 0.104981407 -0.00386734458
0.00888888889 0.159352686 0.0162130674 0.195544002 0.000125968658 0.980694921 -0.728806718 0.763780693 -1.03123715 0 0 0 0 0 0 0 0 0 0 0 0 0 0 0 0 0 0 0 0 0 0 0 0 0 0 0 0 0 0 0 0 0 0 0 0 0 0 0 0 0 0 0 0 0 1.12403354 -4.41546852 -4.54927275 -5.74460447 0.995158617 -0.000320489925 0.0982468166 -0.002605214
0.00888888889 0.176126653 0.0159593865 0.180645867 0.0294982599 0.983105754 -0.741860062 0.702391233 -1.03667605 0 0 0 0 0 0 0 0 0 0 0 0 0 0 0 0 0 0 0 0 0 0 0 0 0 0 0 0 0 0 0 0 0 0 0 0 0 0 0 0 0 0 0 0 0 1.09441781 -4.41546852 -4.54927275 -5.74460447 0.99576626 -0.0149538453 0.0906835463 -0.00155931985
0.00888888889 0.19290062 0.0152127156 0.163989147 0.0578676789 0.984763368 -0.752837782 0.641001772 -1.0412501 0 0 0 0 0 0 0 0 0 0 0 0 0 0 0 0 0 0 0 0 0 0 0 0 0 0 0 0 0 0 0 0 0 0 0 0 0 0 0 0 0 0 0 0 0 1.06984571 -4.41546852 -4.54927275 -5.74460447 0.996183236 -0.0291110155 0.0822852637 -0.00080289198
0.00888888889 0.209674586 0.0139990428 0.145609395 0.0843288177 0.985741627 -0.762069927 0.579612312 -1.04509682 0 0 0 0 0 0 0 0 0 0 0 0 0 0 0 0 0 0 0 0 0 0 0 0 0 0 0 0 0 0 0 0 0 0 0 0 0 0 0 0 0 0 0 0 0 1.04940728 -4.41546852 -4.54927275 -5.74460447 0.996428954 -0.0423442121 0.0730489861 -0.00039138355
0.00888888889 0.226448553 0.0123582278 0.125551581 0.108051749 0.986185388 -0.76983406 0.518222852 -1.04833188 0 0 0 0 0 0 0 0 0 0 0 0 0 0 0 0 0 0 0 0 0 0 0 0 0 0 0 0 0 0 0 0 0 0 0 0 0 0 0 0 0 0 0 0 0 1.0323732 -4.41546852 -4.54927275 -5.74460447 0.996540298 -0.0542360616 0.0629742443 -0.000358028221
0.00888888889 0.24322252 0.0103428525 0.103858277 0.128311743 0.986280667 -0.776363613 0.456833391 -1.05105253 0 0 0 0 0 0 0 0 0 0 0 0 0 0 0 0 0 0 0 0 0 0 0 0 0 0 0 0 0 0 0 0 0 0 0 0 0 0 0 0 0 0 0 0 0 1.01815368 -4.41546852 -4.54927275 -5.74460447 0.996564011 -0.0644142059 0.052062236 -0.000710836635
0.00888888889 0.259996487 0.00801670463 0.0805599349 0.144506822 0.986218979 -0.781854896 0.395443931 -1.05334056 0 0 0 0 0 0 0 0 0 0 0 0 0 0 0 0 0 0 0 0 0 0 0 0 0 0 0 0 0 0 0 0 0 0 0 0 0 0 0 0 0 0 0 0 0 1.00626827 -4.41546852 -4.54927275 -5.74460447 0.996547762 -0.0725616076 0.0403153 -0.00143113489
0.00888888889 0.276770454 0.00545293858 0.0556695082 0.15616451 0.986161017 -0.786473006 0.33405447 -1.05526477 0 0 0 0 0 0 0 0 0 0 0 0 0 0 0 0 0 0 0 0 0 0 0 0 0 0 0 0 0 0 0 0 0 0 0 0 0 0 0 0 0 0 0 0 0 0.996323352 -4.41546852 -4.54927275 -5.74460447 0.996531179 -0.0784228993 0.0277369846 -0.00247356557
0.0266666667 -0.276439988 -0.00738267422 0.0462466793 0.208542383 0.9769193 -0.777610736 0.333379838 -1.05920356 0 0 0 0 0 0 0 0 0 0 0 0 0 0 0 0 0 0 0 0 0 0 0 0 0 0 0 0 0 0 0 0 0 0 0 0 0 0 0 0 0 0 0 0 0 0.996323352 -4.41546852 -4.55046747 -5.74460447 0.994074039 -0.104474486 0.025008633 0.0166269608
0.0266666667 -0.25968605 -0.0108387735 0.0711651174 0.194020141 0.978412853 -0.772992627 0.394769298 -1.05727935 0 0 0 0 0 0 0 0 0 0 0 0 0 0 0 0 0 0 0 0 0 0 0 0 0 0 0 0 0 0 0 0 0 0 0 0 0 0 0 0 0 0 0 0 0 1.00626827 -4.41546852 -4.55046747 -5.74460447 0.994447157 -0.0969207414 0.0374158172 0.0167713776
0.0266666667 -0.242932111 -0.0140016311 0.0947324488 0.174966438 0.980006382 -0.767501343 0.456158758 -1.05499131 0 0 0 0 0 0 0 0 0 0 0 0 0 0 0 0 0 0 0 0 0 0 0 0 0 0 0 0 0 0 0 0 0 0 0 0 0 0 0 0 0 0 0 0 0 1.01815368 -4.41546852 -4.55046747 -5.74460447 0.994851479 -0.0871200752 0.0490601823 0.0165446431
0.0266666667 -0.226178172 -0.0167982319 0.116899333 0.151806736 0.981473006 -0.760971791 0.517548219 -1.05227067 0 0 0 0 0 0 0 0 0 0 0 0 0 0 0 0 0 0 0 0 0 0 0 0 0 0 0 0 0 0 0 0 0 0 0 0 0 0 0 0 0 0 0 0 0 1.0323732 -4.41546852 -4.55046747 -5.74460447 0.995230347 -0.0753091543 0.0599335331 0.0159078224
0.0266666667 -0.209424234 -0.0191649095 0.137591662 0.125104637 0.982556545 -0.753207657 0.578937679 -1.04903561 0 0 0 0 0 0 0 0 0 0 0 0 0 0 0 0 0 0 0 0 0 0 0 0 0 0 0 0 0 0 0 0 0 0 0 0 0 0 0 0 0 0 0 0 0 1.04940728 -4.41546852 -4.55046747 -5.74460447 0.995518888 -0.0617895523 0.0700269853 0.0148464504
0.0266666667 -0.192670295 -0.0210491822 0.156718259 0.0955603824 0.983009461 -0.743975513 0.64032714 -1.04518888 0 0 0 0 0 0 0 0 0 0 0 0 0 0 0 0 0 0 0 0 0 0 0 0 0 0 0 0 0 0 0 0 0 0 0 0 0 0 0 0 0 0 0 0 0 1.06984571 -4.41546852 -4.55046747 -5.74460447 0.995653525 -0.0469233899 0.0793313618 0.0133711644
0.0266666667 -0.175916356 -0.022411266 0.174183468 0.0639964459 0.982631454 -0.732997792 0.7017166 -1.04061483 0 0 0 0 0 0 0 0 0 0 0 0 0 0 0 0 0 0 0 0 0 0 0 0 0 0 0 0 0 0 0 0 0 0 0 0 0 0 0 0 0 0 0 0 0 1.09441781 -4.41546852 -4.55046747 -5.74460447 0.995581783 -0.0311241071 0.0878382776 0.0115169487
0.0266666667 -0.159162418 -0.0232252225 0.189902327 0.031328189 0.981303037 -0.719944449 0.763106061 -1.03517594 0 0 0 0 0 0 0 0 0 0 0 0 0 0 0 0 0 0 0 0 0 0 0 0 0 0 0 0 0 0 0 0 0 0 0 0 0 0 0 0 0 0 0 0 0 1.12403354 -4.41546852 -4.55046747 -5.74460447 0.995270952 -0.0148418492 0.0955416188 0.00934077928
0.0266666667 -0.142408479 -0.0234797059 0.203815234 -0.00147875907 0.979008255 -0.704423033 0.824495521 -1.02870868 0 0 0 0 0 0 0 0 0 0 0 0 0 0 0 0 0 0 0 0 0 0 0 0 0 0 0 0 0 0 0 0 0 0 0 0 0 0 0 0 0 0 0 0 0 1.15984141 -4.41546852 -4.55046747 -5.74460447 0.994714167 0.00145571276 0.102439022 0.00691766241
0.0266666667 -0.12565454 -0.023178291 0.215898957 -0.0334589868 0.97584227 -0.68596689 0.885884981 -1.02101862 0 0 0 0 0 0 0 0 0 0 0 0 0 0 0 0 0 0 0 0 0 0 0 0 0 0 0 0 0 0 0 0 0 0 0 0 0 0 0 0 0 0 0 0 0 1.20331213 -4.41546852 -4.55046747 -5.74460447 0.993932764 0.0173050151 0.10853295 0.00433534795
0.0266666667 -0.108900602 -0.0223393698 0.22617163 -0.0636978636 0.97200256 -0.664021136 0.947274442 -1.01187456 0 0 0 0 0 0 0 0 0 0 0 0 0 0 0 0 0 0 0 0 0 0 0 0 0 0 0 0 0 0 0 0 0 0 0 0 0 0 0 0 0 0 0 0 0 1.25636451 -4.41546852 -4.55046747 -5.74460447 0.992974536 0.0322678051 0.113831054 0.00168826531
0.0266666667 -0.0921466628 -0.020995621 0.234690845 -0.091374347 0.967765951 -0.637925968 1.0086639 -1.00100157 0 0 0 0 0 0 0 0 0 0 0 0 0 0 0 0 0 0 0 0 0 0 0 0 0 0 0 0 0 0 0 0 0 0 0 0 0 0 0 0 0 0 0 0 0 1.32156287 -4.41546852 -4.55046747 -5.74460447 0.991908319 0.0459490796 0.118345708 -0.000928628471
0.0266666667 -0.0753927241 -0.0191930679 0.241545561 -0.115790466 0.963456439 -0.606896831 1.07005336 -0.988072767 0 0 0 0 0 0 0 0 0 0 0 0 0 0 0 0 0 0 0 0 0 0 0 0 0 0 0 0 0 0 0 0 0 0 0 0 0 0 0 0 0 0 0 0 0 1.40244349 -4.41546852 -4.55046747 -5.74460447 0.990816071 0.0580097698 0.12209278 -0.00342543392
0.0266666667 -0.0586387854 -0.0169897512 0.246843757 -0.136385539 0.95940979 -0.570000832 1.13144282 -0.972699434 0 0 0 0 0 0 0 0 0 0 0 0 0 0 0 0 0 0 0 0 0 0 0 0 0 0 0 0 0 0 0 0 0 0 0 0 0 0 0 0 0 0 0 0 0 1.50408938 -4.41546852 -4.55046747 -5.74460447 0.989783893 0.0681734899 0.12508989 -0.00572186484
0.0266666667 -0.0418848467 -0.0144540554 0.250698296 -0.152736798 0.955940288 -0.526128688 1.19283228 -0.954419374 0 0 0 0 0 0 0 0 0 0 0 0 0 0 0 0 0 0 0 0 0 0 0 0 0 0 0 0 0 0 0 0 0 0 0 0 0 0 0 0 0 0 0 0 0 1.63422614 -4.41546852 -4.55046747 -5.74460447 0.988893358 0.0762279652 0.127354439 -0.00775057981
0.0266666667 -0.025130908 -0.0116627368 0.253213253 -0.164550574 0.953313253 -0.473961378 1.25422174 -0.932682994 0 0 0 0 0 0 0 0 0 0 0 0 0 0 0 0 0 0 0 0 0 0 0 0 0 0 0 0 0 0 0 0 0 0 0 0 0 0 0 0 0 0 0 0 0 1.80553973 -4.41546852 -4.55046747 -5.74460447 0.98821412 0.0820226701 0.128901727 -0.00945934642
0.0266666667 -0.00837696935 -0.0086987103 0.254472411 -0.171649194 0.951724932 -0.411930486 1.3156112 -0.906836789 0 0 0 0 0 0 0 0 0 0 0 0 0 0 0 0 0 0 0 0 0 0 0 0 0 0 0 0 0 0 0 0 0 0 0 0 0 0 0 0 0 0 0 0 0 2.04134185 -4.41546852 -4.55046747 -5.74460447 0.98779834 0.0854645874 0.129743355 -0.0108122623
0.0266666667 0.00837696935 -0.00564865829 0.254530915 -0.17395835 0.951289917 -0.411930486 1.3156112 -0.906836789 0 0 0 0 0 0 0 0 0 0 0 0 0 0 0 0 0 0 0 0 0 0 0 0 0 0 0 0 0 0 0 0 0 0 0 0 0 0 0 0 0 0 0 0 0 2.04134185 -4.41546852 -4.55046747 -5.74460447 0.987677046 0.0865138838 0.129886063 -0.011790317
0.0266666667 0.025130908 -0.00260053134 0.253410506 -0.171498459 0.952035395 -0.473961378 1.25422174 -0.932682994 0 0 0 0 0 0 0 0 0 0 0 0 0 0 0 0 0 0 0 0 0 0 0 0 0 0 0 0 0 0 0 0 0 0 0 0 0 0 0 0 0 0 0 0 0 1.80553973 -4.41546852 -4.55046747 -5.74460447 0.987858364 0.0851808529 0.129331066 -0.0123915449
0.0266666667 0.0418848467 0.00035898809 0.251098431 -0.164381901 0.953901551 -0.526128688 1.19283228 -0.954419374 0 0 0 0 0 0 0 0 0 0 0 0 0 0 0 0 0 0 0 0 0 0 0 0 0 0 0 0 0 0 0 0 0 0 0 0 0 0 0 0 0 0 0 0 0 1.63422614 -4.41546852 -4.55046747 -5.74460447 0.988327494 0.0815248591 0.128073893 -0.0126309168
0.0266666667 0.0586387854 0.00314698516 0.2475499 -0.152816301 0.956747733 -0.570000832 1.13144282 -0.972699434 0 0 0 0 0 0 0 0 0 0 0 0 0 0 0 0 0 0 0 0 0 0 0 0 0 0 0 0 0 0 0 0 0 0 0 0 0 0 0 0 0 0 0 0 0 1.50408938 -4.41546852 -4.55046747 -5.74460447 0.989048338 0.07565535 0.126104724 -0.0125399913
0.0266666667 0.0753927241 0.00568670353 0.242693826 -0.137112375 0.960364464 -0.606896831 1.07005336 -0.988072767 0 0 0 0 0 0 0 0 0 0 0 0 0 0 0 0 0 0 0 0 0 0 0 0 0 0 0 0 0 0 0 0 0 0 0 0 0 0 0 0 0 0 0 0 0 1.40244349 -4.41546852 -4.55046747 -5.74460447 0.989966775 0.0677343594 0.123409176 -0.0121662131
0.0266666667 0.0921466628 0.00790975872 0.2364414 -0.117693405 0.964491434 -0.637925968 1.0086639 -1.00100157 0 0 0 0 0 0 0 0 0 0 0 0 0 0 0 0 0 0 0 0 0 0 0 0 0 0 0 0 0 0 0 0 0 0 0 0 0 0 0 0 0 0 0 0 0 1.32156287 -4.41546852 -4.55046747 -5.74460447 0.991015547 0.0579793706 0.119969477 -0.0115716488
0.0266666667 0.108900602 0.00975811004 0.228696662 -0.0951023492 0.968841256 -0.664021136 0.947274442 -1.01187456 0 0 0 0 0 0 0 0 0 0 0 0 0 0 0 0 0 0 0 0 0 0 0 0 0 0 0 0 0 0 0 0 0 0 0 0 0 0 0 0 0 0 0 0 0 1.25636451 -4.41546852 -4.55046747 -5.74460447 0.992120617 0.0466650164 0.11576592 -0.0108309056
0.0266666667 0.12565454 0.0111857342 0.219367839 -0.07000227 0.973127655 -0.68596689 0.885884981 -1.02101862 0 0 0 0 0 0 0 0 0 0 0 0 0 0 0 0 0 0 0 0 0 0 0 0 0 0 0 0 0 0 0 0 0 0 0 0 0 0 0 0 0 0 0 0 0 1.20331213 -4.41546852 -4.55046747 -5.74460447 0.993208572 0.0341219841 0.110778439 -0.0100280159
0.0266666667 0.142408479 0.0121599524 0.208377741 -0.0431663718 0.97709538 -0.704423033 0.824495521 -1.02870868 0 0 0 0 0 0 0 0 0 0 0 0 0 0 0 0 0 0 0 0 0 0 0 0 0 0 0 0 0 0 0 0 0 0 0 0 0 0 0 0 0 0 0 0 0 1.15984141 -4.41546852 -4.55046747 -5.74460447 0.994214306 0.0207317624 0.104988114 -0.00925220084
0.0266666667 0.159162418 0.0126623727 0.195671419 -0.015455825 0.980547711 -0.719944449 0.763106061 -1.03517594 0 0 0 0 0 0 0 0 0 0 0 0 0 0 0 0 0 0 0 0 0 0 0 0 0 0 0 0 0 0 0 0 0 0 0 0 0 0 0 0 0 0 0 0 0 1.12403354 -4.41546852 -4.55046747 -5.74460447 0.995087947 0.00691655857 0.0983783807 -0.00859262377
0.0266666667 0.175916356 0.0126894205 0.181219501 0.0122137562 0.983366827 -0.732997792 0.7017166 -1.04061483 0 0 0 0 0 0 0 0 0 0 0 0 0 0 0 0 0 0 0 0 0 0 0 0 0 0 0 0 0 0 0 0 0 0 0 0 0 0 0 0 0 0 0 0 0 1.09441781 -4.41546852 -4.55046747 -5.74460447 0.995799817 -0.00687528893 0.0909357844 -0.00813247923
0.0266666667 0.192670295 0.0122524413 0.165016489 0.0389134249 0.985522858 -0.743975513 0.64032714 -1.04518888 0 0 0 0 0 0 0 0 0 0 0 0 0 0 0 0 0 0 0 0 0 0 0 0 0 0 0 0 0 0 0 0 0 0 0 0 0 0 0 0 0 0 0 0 0 1.06984571 -4.41546852 -4.55046747 -5.74460447 0.996342481 -0.0201870326 0.0826501946 -0.00794294135
0.0266666667 0.209424234 0.0113773737 0.147074415 0.0637438347 0.987069319 -0.753207657 0.578937679 -1.04903561 0 0 0 0 0 0 0 0 0 0 0 0 0 0 0 0 0 0 0 0 0 0 0 0 0 0 0 0 0 0 0 0 0 0 0 0 0 0 0 0 0 0 0 0 0 1.04940728 -4.41546852 -4.55046747 -5.74460447 0.996729358 -0.0325722687 0.0735145423 -0.00807757262
0.0266666667 0.226178172 0.0101040015 0.127413459 0.0858738705 0.988125239 -0.760971791 0.517548219 -1.05227067 0 0 0 0 0 0 0 0 0 0 0 0 0 0 0 0 0 0 0 0 0 0 0 0 0 0 0 0 0 0 0 0 0 0 0 0 0 0 0 0 0 0 0 0 0 1.0323732 -4.41546852 -4.55046747 -5.74460447 0.996990077 -0.0436124641 0.0635242731 -0.00856772753
0.0266666667 0.242932111 0.00848480657 0.106051897 0.10457034 0.988846823 -0.767501343 0.456158758 -1.05499131 0 0 0 0 0 0 0 0 0 0 0 0 0 0 0 0 0 0 0 0 0 0 0 0 0 0 0 0 0 0 0 0 0 0 0 0 0 0 0 0 0 0 0 0 0 1.01815368 -4.41546852 -4.55046747 -5.74460447 0.997163321 -0.0529314988 0.0526767976 -0.00941931112
0.0266666667 0.25968605 0.00658345525 0.0829979911 0.119216839 0.989393086 -0.772992627 0.394769298 -1.05727935 0 0 0 0 0 0 0 0 0 0 0 0 0 0 0 0 0 0 0 0 0 0 0 0 0 0 0 0 0 0 0 0 0 0 0 0 0 0 0 0 0 0 0 0 0 1.00626827 -4.41546852 -4.55046747 -5.74460447 0.997288298 -0.0602064291 0.0409712445 -0.0106110402
0.0266666667 0.276439988 0.00447296266 0.0582460644 0.129322936 0.989890385 -0.777610736 0.333379838 -1.05920356 0 0 0 0 0 0 0 0 0 0 0 0 0 0 0 0 0 0 0 0 0 0 0 0 0 0 0 0 0 0 0 0 0 0 0 0 0 0 0 0 0 0 0 0 0 0.996323352 -4.41546852 -4.55046747 -5.74460447 0.997396071 -0.0651747596 0.0284087707 -0.0120941893
0.0444444444 -0.275779157 -0.00831768295 0.0394891021 0.23378547 0.971485957 -0.768748467 0.332031856 -1.06314235 0 0 0 0 0 0 0 0 0 0 0 0 0 0 0 0 0 0 0 0 0 0 0 0 0 0 0 0 0 0 0 0 0 0 0 0 0 0 0 0 0 0 0 0 0 0.996323352 -4.41546852 -4.55286084 -5.74460447 0.99250381 -0.117172456 0.0229703492 0.0260608009
0.0444444444 -0.259065269 -0.0122060206 0.0642892266 0.217977935 0.973833926 -0.764130357 0.393421317 -1.06121813 0 0 0 0 0 0 0 0 0 0 0 0 0 0 0 0 0 0 0 0 0 0 0 0 0 0 0 0 0 0 0 0 0 0 0 0 0 0 0 0 0 0 0 0 0 1.00626827 -4.41546852 -4.55286084 -5.74460447 0.993103257 -0.10883356 0.0351893907 0.0257465183
0.0444444444 -0.24235138 -0.0157743959 0.0878706964 0.197640592 0.976328294 -0.758639074 0.454810777 -1.0589301 0 0 0 0 0 0 0 0 0 0 0 0 0 0 0 0 0 0 0 0 0 0 0 0 0 0 0 0 0 0 0 0 0 0 0 0 0 0 0 0 0 0 0 0 0 1.01815368 -4.41546852 -4.55286084 -5.74460447 0.993748934 -0.0982652993 0.0466881583 0.0250440326
0.0444444444 -0.225637492 -0.0189500721 0.110167332 0.173170433 0.978710969 -0.752109522 0.516200238 -1.05620945 0 0 0 0 0 0 0 0 0 0 0 0 0 0 0 0 0 0 0 0 0 0 0 0 0 0 0 0 0 0 0 0 0 0 0 0 0 0 0 0 0 0 0 0 0 1.0323732 -4.41546852 -4.55286084 -5.74460447 0.994375909 -0.085692963 0.0574563471 0.0239172639
0.0444444444 -0.208923604 -0.0216696255 0.131084497 0.14510732 0.980693999 -0.744345388 0.577589698 -1.0529744 0 0 0 0 0 0 0 0 0 0 0 0 0 0 0 0 0 0 0 0 0 0 0 0 0 0 0 0 0 0 0 0 0 0 0 0 0 0 0 0 0 0 0 0 0 1.04940728 -4.41546852 -4.55286084 -5.74460447 0.994910717 -0.0714086436 0.0674818937 0.0223531852
0.0444444444 -0.192209716 -0.0238807741 0.150507615 0.114135351 0.981998258 -0.735113244 0.638979158 -1.04912767 0 0 0 0 0 0 0 0 0 0 0 0 0 0 0 0 0 0 0 0 0 0 0 0 0 0 0 0 0 0 0 0 0 0 0 0 0 0 0 0 0 0 0 0 0 1.06984571 -4.41546852 -4.55286084 -5.74460447 0.995281109 -0.0557679604 0.0767515823 0.0203628108
0.0444444444 -0.175495827 -0.0255438858 0.168315928 0.0810703824 0.98239368 -0.724135523 0.700368619 -1.04455362 0 0 0 0 0 0 0 0 0 0 0 0 0 0 0 0 0 0 0 0 0 0 0 0 0 0 0 0 0 0 0 0 0 0 0 0 0 0 0 0 0 0 0 0 0 1.09441781 -4.41546852 -4.55286084 -5.74460447 0.995426305 -0.0391814844 0.085252399 0.0179808546
0.0444444444 -0.158781939 -0.0266331209 0.184399216 0.0468312106 0.98173508 -0.71108218 0.761758079 -1.03911473 0 0 0 0 0 0 0 0 0 0 0 0 0 0 0 0 0 0 0 0 0 0 0 0 0 0 0 0 0 0 0 0 0 0 0 0 0 0 0 0 0 0 0 0 0 1.12403354 -4.41546852 -4.55286084 -5.74460447 0.995306263 -0.0221002137 0.0929733333 0.0152637768
0.0444444444 -0.142068051 -0.0271371769 0.198674267 0.0123958306 0.979987183 -0.695560764 0.82314754 -1.03264747 0 0 0 0 0 0 0 0 0 0 0 0 0 0 0 0 0 0 0 0 0 0 0 0 0 0 0 0 0 0 0 0 0 0 0 0 0 0 0 0 0 0 0 0 0 1.15984141 -4.41546852 -4.55286084 -5.74460447 0.994908359 -0.00499587736 0.099907205 0.0122861524
0.0444444444 -0.125354162 -0.0270596149 0.21109765 -0.0212516641 0.977233928 -0.677104621 0.884537 -1.02495741 0 0 0 0 0 0 0 0 0 0 0 0 0 0 0 0 0 0 0 0 0 0 0 0 0 0 0 0 0 0 0 0 0 0 0 0 0 0 0 0 0 0 0 0 0 1.20331213 -4.41546852 -4.55286084 -5.74460447 0.994250222 0.0116617333 0.106052064 0.00913559701
0.0444444444 -0.108640274 -0.0264187569 0.221672141 -0.0531752047 0.973670303 -0.655158867 0.945926461 -1.01581335 0 0 0 0 0 0 0 0 0 0 0 0 0 0 0 0 0 0 0 0 0 0 0 0 0 0 0 0 0 0 0 0 0 0 0 0 0 0 0 0 0 0 0 0 0 1.25636451 -4.41546852 -4.55286084 -5.74460447 0.993378207 0.0274273063 0.111411809 0.00590678844
0.0444444444 -0.0919263857 -0.025247157 0.230445635 -0.0825332633 0.96957881 -0.629063698 1.00731592 -1.00494036 0 0 0 0 0 0 0 0 0 0 0 0 0 0 0 0 0 0 0 0 0 0 0 0 0 0 0 0 0 0 0 0 0 0 0 0 0 0 0 0 0 0 0 0 0 1.32156287 -4.41546852 -4.55286084 -5.74460447 0.9923619 0.0418993057 0.115995875 0.00269529385
0.0444444444 -0.0752124974 -0.0235906632 0.237503196 -0.108611429 0.9652957 -0.598034562 1.06870538 -0.992011553 0 0 0 0 0 0 0 0 0 0 0 0 0 0 0 0 0 0 0 0 0 0 0 0 0 0 0 0 0 0 0 0 0 0 0 0 0 0 0 0 0 0 0 0 0 1.40244349 -4.41546852 -4.55286084 -5.74460447 0.991285874 0.0547337736 0.119818045 -0.000408100419
0.0444444444 -0.0584986091 -0.0215070949 0.242954259 -0.130838605 0.961173495 -0.561138563 1.13009484 -0.97663822 0 0 0 0 0 0 0 0 0 0 0 0 0 0 0 0 0 0 0 0 0 0 0 0 0 0 0 0 0 0 0 0 0 0 0 0 0 0 0 0 0 0 0 0 0 1.50408938 -4.41546852 -4.55286084 -5.74460447 0.990240229 0.0656517872 0.122894652 -0.00332204813
0.0444444444 -0.0417847208 -0.0190645761 0.246917643 -0.14878836 0.957545666 -0.517266419 1.1914843 -0.95835816 0 0 0 0 0 0 0 0 0 0 0 0 0 0 0 0 0 0 0 0 0 0 0 0 0 0 0 0 0 0 0 0 0 0 0 0 0 0 0 0 0 0 0 0 0 1.63422614 -4.41546852 -4.55286084 -5.74460447 0.989311425 0.0744411424 0.125242499 -0.00597806103
0.0444444444 -0.0250708325 -0.0163395706 0.24950687 -0.162169741 0.95469749 -0.465099109 1.25287376 -0.936621781 0 0 0 0 0 0 0 0 0 0 0 0 0 0 0 0 0 0 0 0 0 0 0 0 0 0 0 0 0 0 0 0 0 0 0 0 0 0 0 0 0 0 0 0 0 1.80553973 -4.41546852 -4.55286084 -5.74460447 0.988574467 0.0809538506 0.126876827 -0.0083227228
0.0444444444 -0.00835694415 -0.0134146773 0.250817654 -0.170813021 0.952844907 -0.403068216 1.31426322 -0.910775576 0 0 0 0 0 0 0 0 0 0 0 0 0 0 0 0 0 0 0 0 0 0 0 0 0 0 0 0 0 0 0 0 0 0 0 0 0 0 0 0 0 0 0 0 0 2.04134185 -4.41546852 -4.55286084 -5.74460447 0.988087027 0.0851014655 0.127809574 -0.0103189191
0.0444444444 0.00835694415 -0.0103762482 0.250918646 -0.174655452 0.952121476 -0.403068216 1.31426322 -0.910775576 0 0 0 0 0 0 0 0 0 0 0 0 0 0 0 0 0 0 0 0 0 0 0 0 0 0 0 0 0 0 0 0 0 0 0 0 0 0 0 0 0 0 0 0 0 2.04134185 -4.41546852 -4.55286084 -5.74460447 0.987885632 0.0868501505 0.128048089 -0.0119463736
0.0444444444 0.0250708325 -0.00731189889 0.249845872 -0.173730804 0.952572647 -0.465099109 1.25287376 -0.936621781 0 0 0 0 0 0 0 0 0 0 0 0 0 0 0 0 0 0 0 0 0 0 0 0 0 0 0 0 0 0 0 0 0 0 0 0 0 0 0 0 0 0 0 0 0 1.80553973 -4.41546852 -4.55286084 -5.74460447 0.987983824 0.0862169313 0.127594346 -0.0132017492
0.0444444444 0.0417847208 -0.00430798135 0.247600898 -0.168164752 0.954156387 -0.517266419 1.1914843 -0.95835816 0 0 0 0 0 0 0 0 0 0 0 0 0 0 0 0 0 0 0 0 0 0 0 0 0 0 0 0 0 0 0 0 0 0 0 0 0 0 0 0 0 0 0 0 0 1.63422614 -4.41546852 -4.55286084 -5.74460447 0.988372109 0.0832679291 0.126444685 -0.0140984756
0.0444444444 0.0584986091 -0.00144709451 0.244152534 -0.158176385 0.956749587 -0.561138563 1.13009484 -0.97663822 0 0 0 0 0 0 0 0 0 0 0 0 0 0 0 0 0 0 0 0 0 0 0 0 0 0 0 0 0 0 0 0 0 0 0 0 0 0 0 0 0 0 0 0 0 1.50408938 -4.41546852 -4.55286084 -5.74460447 0.989019561 0.0781186909 0.124590035 -0.0146663349
0.0444444444 0.0752124974 0.0011942978 0.239441741 -0.144084467 0.960160049 -0.598034562 1.06870538 -0.992011553 0 0 0 0 0 0 0 0 0 0 0 0 0 0 0 0 0 0 0 0 0 0 0 0 0 0 0 0 0 0 0 0 0 0 0 0 0 0 0 0 0 0 0 0 0 1.40244349 -4.41546852 -4.55286084 -5.74460447 0.989877013 0.0709360841 0.122016587 -0.0149507072
0.0444444444 0.0919263857 0.0035480717 0.233389254 -0.126315662 0.964144081 -0.629063698 1.00731592 -1.00494036 0 0 0 0 0 0 0 0 0 0 0 0 0 0 0 0 0 0 0 0 0 0 0 0 0 0 0 0 0 0 0 0 0 0 0 0 0 0 0 0 0 0 0 0 0 1.32156287 -4.41546852 -4.55286084 -5.74460447 0.99088178 0.0619406782 0.118706831 -0.0150112804
0.0444444444 0.108640274 0.00555640766 0.225905149 -0.105410954 0.968429344 -0.655158867 0.945926461 -1.01581335 0 0 0 0 0 0 0 0 0 0 0 0 0 0 0 0 0 0 0 0 0 0 0 0 0 0 0 0 0 0 0 0 0 0 0 0 0 0 0 0 0 0 0 0 0 1.25636451 -4.41546852 -4.55286084 -5.74460447 0.991963742 0.0514081664 0.114640867 -0.014919983
0.0444444444 0.125354162 0.00717345776 0.216899199 -0.0820261109 0.97274172 -0.677104621 0.884537 -1.02495741 0 0 0 0 0 0 0 0 0 0 0 0 0 0 0 0 0 0 0 0 0 0 0 0 0 0 0 0 0 0 0 0 0 0 0 0 0 0 0 0 0 0 0 0 0 1.20331213 -4.41546852 -4.55286084 -5.74460447 0.993052397 0.0396682656 0.109797853 -0.0147579313
0.0444444444 0.142068051 0.00836666779 0.206290525 -0.0569226889 0.976833674 -0.695560764 0.82314754 -1.03264747 0 0 0 0 0 0 0 0 0 0 0 0 0 0 0 0 0 0 0 0 0 0 0 0 0 0 0 0 0 0 0 0 0 0 0 0 0 0 0 0 0 0 0 0 0 1.15984141 -4.41546852 -4.55286084 -5.74460447 0.994084175 0.0270997872 0.104157403 -0.0146112978
0.0444444444 0.158781939 0.0091177159 0.194014901 -0.0309477016 0.980510305 -0.71108218 0.761758079 -1.03911473 0 0 0 0 0 0 0 0 0 0 0 0 0 0 0 0 0 0 0 0 0 0 0 0 0 0 0 0 0 0 0 0 0 0 0 0 0 0 0 0 0 0 0 0 0 1.12403354 -4.41546852 -4.55286084 -5.74460447 0.995009034 0.0141212005 0.0977007637 -0.014566198
0.0444444444 0.175495827 0.009423041 0.180028307 -0.00500259238 0.983648709 -0.724135523 0.700368619 -1.04455362 0 0 0 0 0 0 0 0 0 0 0 0 0 0 0 0 0 0 0 0 0 0 0 0 0 0 0 0 0 0 0 0 0 0 0 0 0 0 0 0 0 0 0 0 0 1.09441781 -4.41546852 -4.55286084 -5.74460447 0.99579525 0.00117693166 0.0904116161 -0.0147029031
0.0444444444 0.192209716 0.0092939454 0.164306044 0.0199952084 0.986206731 -0.735113244 0.638979158 -1.04912767 0 0 0 0 0 0 0 0 0 0 0 0 0 0 0 0 0 0 0 0 0 0 0 0 0 0 0 0 0 0 0 0 0 0 0 0 0 0 0 0 0 0 0 0 0 1.06984571 -4.41546852 -4.55286084 -5.74460447 0.996431463 -0.0112793953 0.0822764238 -0.0150898652
0.0444444444 0.208923604 0.00875626891 0.146837722 0.0431529531 0.988218855 -0.744345388 0.577589698 -1.0529744 0 0 0 0 0 0 0 0 0 0 0 0 0 0 0 0 0 0 0 0 0 0 0 0 0 0 0 0 0 0 0 0 0 0 0 0 0 0 0 0 0 0 0 0 0 1.04940728 -4.41546852 -4.55286084 -5.74460447 0.996925513 -0.0228028738 0.0732843865 -0.0157781237
0.0444444444 0.225637492 0.00784964376 0.127619541 0.0636398737 0.989779379 -0.752109522 0.516200238 -1.05620945 0 0 0 0 0 0 0 0 0 0 0 0 0 0 0 0 0 0 0 0 0 0 0 0 0 0 0 0 0 0 0 0 0 0 0 0 0 0 0 0 0 0 0 0 0 1.0323732 -4.41546852 -4.55286084 -5.74460447 0.997300137 -0.0329743243 0.0634271583 -0.016796611
0.0444444444 0.24235138 0.00662635171 0.106646006 0.0807167815 0.991015353 -0.758639074 0.454810777 -1.0589301 0 0 0 0 0 0 0 0 0 0 0 0 0 0 0 0 0 0 0 0 0 0 0 0 0 0 0 0 0 0 0 0 0 0 0 0 0 0 0 0 0 0 0 0 0 1.01815368 -4.41546852 -4.55286084 -5.74460447 0.997586237 -0.0414147686 0.0526985793 -0.0181487328
0.0444444444 0.259065269 0.00514981654 0.0839035328 0.0937561368 0.992053418 -0.764130357 0.393421317 -1.06121813 0 0 0 0 0 0 0 0 0 0 0 0 0 0 0 0 0 0 0 0 0 0 0 0 0 0 0 0 0 0 0 0 0 0 0 0 0 0 0 0 0 0 0 0 0 1.00626827 -4.41546852 -4.55286084 -5.74460447 0.997814741 -0.0477966192 0.0410946984 -0.0198104096
0.0444444444 0.275779157 0.00349277513 0.0593681088 0.102253555 0.992985215 -0.768748467 0.332031856 -1.06314235 0 0 0 0 0 0 0 0 0 0 0 0 0 0 0 0 0 0 0 0 0 0 0 0 0 0 0 0 0 0 0 0 0 0 0 0 0 0 0 0 0 0 0 0 0 0.996323352 -4.41546852 -4.55286084 -5.74460447 0.998008232 -0.0518518329 0.028614327 -0.0217296172
0.0622222222 -0.274788157 -0.00922309051 0.0314520721 0.258217559 0.965574678 -0.759886198 0.330013092 -1.06708113 0 0 0 0 0 0 0 0 0 0 0 0 0 0 0 0 0 0 0 0 0 0 0 0 0 0 0 0 0 0 0 0 0 0 0 0 0 0 0 0 0 0 0 0 0 0.996323352 -4.41546852 -4.55646076 -5.74460447 0.990724475 -0.129585212 0.0205020426 0.035388601
0.0622222222 -0.258134329 -0.0135298977 0.0560408156 0.241236295 0.968846983 -0.755268088 0.391402553 -1.06515692 0 0 0 0 0 0 0 0 0 0 0 0 0 0 0 0 0 0 0 0 0 0 0 0 0 0 0 0 0 0 0 0 0 0 0 0 0 0 0 0 0 0 0 0 0 1.00626827 -4.41546852 -4.55646076 -5.74460447 0.991577414 -0.120509616 0.0324644562 0.0346081406
0.0622222222 -0.241480502 -0.0174910291 0.0795492056 0.219725889 0.972312942 -0.749776805 0.452792013 -1.06286889 0 0 0 0 0 0 0 0 0 0 0 0 0 0 0 0 0 0 0 0 0 0 0 0 0 0 0 0 0 0 0 0 0 0 0 0 0 0 0 0 0 0 0 0 0 1.01815368 -4.41546852 -4.55646076 -5.74460447 0.992491328 -0.109220428 0.0437541661 0.0334280654
0.0622222222 -0.224826674 -0.0210341645 0.10189571 0.194052019 0.975684928 -0.743247252 0.514181474 -1.06014824 0 0 0 0 0 0 0 0 0 0 0 0 0 0 0 0 0 0 0 0 0 0 0 0 0 0 0 0 0 0 0 0 0 0 0 0 0 0 0 0 0 0 0 0 0 1.0323732 -4.41546852 -4.55646076 -5.74460447 0.993393316 -0.0959303688 0.0543589964 0.031814832
0.0622222222 -0.208172846 -0.0240962435 0.122966661 0.16472796 0.978643908 -0.735483119 0.575570934 -1.05691318 0 0 0 0 0 0 0 0 0 0 0 0 0 0 0 0 0 0 0 0 0 0 0 0 0 0 0 0 0 0 0 0 0 0 0 0 0 0 0 0 0 0 0 0 0 1.04940728 -4.41546852 -4.55646076 -5.74460447 0.994201445 -0.0809209458 0.0642638804 0.029756353
0.0622222222 -0.191519019 -0.0266252837 0.142625335 0.132418991 0.980878802 -0.726250974 0.636960395 -1.05306646 0 0 0 0 0 0 0 0 0 0 0 0 0 0 0 0 0 0 0 0 0 0 0 0 0 0 0 0 0 0 0 0 0 0 0 0 0 0 0 0 0 0 0 0 0 1.06984571 -4.41546852 -4.55646076 -5.74460447 0.994834715 -0.0645403264 0.0734516518 0.0272633491
0.0622222222 -0.174865191 -0.0285818802 0.160726651 0.0979321361 0.982128424 -0.715273254 0.698349855 -1.04849241 0 0 0 0 0 0 0 0 0 0 0 0 0 0 0 0 0 0 0 0 0 0 0 0 0 0 0 0 0 0 0 0 0 0 0 0 0 0 0 0 0 0 0 0 0 1.09441781 -4.41546852 -4.55646076 -5.74460447 0.995223765 -0.047195514 0.0819046501 0.0243694463
0.0622222222 -0.158211363 -0.029940341 0.177135294 0.0621881855 0.982219791 -0.70221991 0.759739315 -1.04305351 0 0 0 0 0 0 0 0 0 0 0 0 0 0 0 0 0 0 0 0 0 0 0 0 0 0 0 0 0 0 0 0 0 0 0 0 0 0 0 0 0 0 0 0 0 1.12403354 -4.41546852 -4.55646076 -5.74460447 0.995320769 -0.0293380091 0.0896068404 0.0211296703
0.0622222222 -0.141557535 -0.0306894286 0.191743943 0.0261770633 0.981095827 -0.686698494 0.821128776 -1.03658626 0 0 0 0 0 0 0 0 0 0 0 0 0 0 0 0 0 0 0 0 0 0 0 0 0 0 0 0 0 0 0 0 0 0 0 0 0 0 0 0 0 0 0 0 0 1.15984141 -4.41546852 -4.55646076 -5.74460447 0.995106802 -0.0114436574 0.0965459951 0.0176172023
0.0622222222 -0.124903708 -0.0308326837 0.20448791 -0.00909782846 0.97882681 -0.668242352 0.882518236 -1.0288962 0 0 0 0 0 0 0 0 0 0 0 0 0 0 0 0 0 0 0 0 0 0 0 0 0 0 0 0 0 0 0 0 0 0 0 0 0 0 0 0 0 0 0 0 0 1.20331213 -4.41546852 -4.55646076 -5.74460447 0.994595233 0.0060110557 0.102715442 0.0139185801
0.0622222222 -0.10824988 -0.0303883232 0.215353145 -0.0426774298 0.975603229 -0.646296597 0.943907697 -1.01975213 0 0 0 0 0 0 0 0 0 0 0 0 0 0 0 0 0 0 0 0 0 0 0 0 0 0 0 0 0 0 0 0 0 0 0 0 0 0 0 0 0 0 0 0 0 1.25636451 -4.41546852 -4.55646076 -5.74460447 0.993830489 0.0225729525 0.108114973 0.0101278616
0.0622222222 -0.0915960523 -0.0293887148 0.224376182 -0.0736975348 0.971711893 -0.620201429 1.00529716 -1.00887915 0 0 0 0 0 0 0 0 0 0 0 0 0 0 0 0 0 0 0 0 0 0 0 0 0 0 0 0 0 0 0 0 0 0 0 0 0 0 0 0 0 0 0 0 0 1.32156287 -4.41546852 -4.55646076 -5.74460447 0.992882543 0.0378329344 0.112750711 0.00634047191
0.0622222222 -0.0749422246 -0.0278794438 0.231636519 -0.101424813 0.967500662 -0.589172293 1.06668662 -0.995950339 0 0 0 0 0 0 0 0 0 0 0 0 0 0 0 0 0 0 0 0 0 0 0 0 0 0 0 0 0 0 0 0 0 0 0 0 0 0 0 0 0 0 0 0 0 1.40244349 -4.41546852 -4.55646076 -5.74460447 0.991838355 0.0514410354 0.116633996 0.00264747205
0.0622222222 -0.0582883969 -0.0259179984 0.237243517 -0.125275315 0.963338782 -0.552276294 1.12807608 -0.980577006 0 0 0 0 0 0 0 0 0 0 0 0 0 0 0 0 0 0 0 0 0 0 0 0 0 0 0 0 0 0 0 0 0 0 0 0 0 0 0 0 0 0 0 0 0 1.50408938 -4.41546852 -4.55646076 -5.74460447 0.990791923 0.0631147106 0.119779557 -0.000869197313
0.0622222222 -0.0416345692 -0.0235721122 0.241320649 -0.144816781 0.959579306 -0.50840415 1.18946554 -0.962296946 0 0 0 0 0 0 0 0 0 0 0 0 0 0 0 0 0 0 0 0 0 0 0 0 0 0 0 0 0 0 0 0 0 0 0 0 0 0 0 0 0 0 0 0 0 1.63422614 -4.41546852 -4.55646076 -5.74460447 0.989834588 0.0726408656 0.122203321 -0.00414022598
0.0622222222 -0.0249807415 -0.0209178111 0.243989841 -0.15975923 0.956528069 -0.45623684 1.250855 -0.940560567 0 0 0 0 0 0 0 0 0 0 0 0 0 0 0 0 0 0 0 0 0 0 0 0 0 0 0 0 0 0 0 0 0 0 0 0 0 0 0 0 0 0 0 0 0 1.80553973 -4.41546852 -4.55646076 -5.74460447 0.989046746 0.0798732642 0.123920246 -0.00711121137
0.0622222222 -0.00832691385 -0.0180372207 0.245357956 -0.169939596 0.954421294 -0.394205947 1.31224446 -0.914714362 0 0 0 0 0 0 0 0 0 0 0 0 0 0 0 0 0 0 0 0 0 0 0 0 0 0 0 0 0 0 0 0 0 0 0 0 0 0 0 0 0 0 0 0 0 2.04134185 -4.41546852 -4.55646076 -5.74460447 0.98849163 0.0847274443 0.124942439 -0.00974391408
0.0622222222 0.00832691385 -0.0150161985 0.24550661 -0.175305865 0.953411956 -0.394205947 1.31224446 -0.914714362 0 0 0 0 0 0 0 0 0 0 0 0 0 0 0 0 0 0 0 0 0 0 0 0 0 0 0 0 0 0 0 0 0 0 0 0 0 0 0 0 0 0 0 0 0 2.04134185 -4.41546852 -4.55646076 -5.74460447 0.988211301 0.0871751789 0.125277732 -0.0120167842
0.0622222222 0.0249807415 -0.0119418578 0.244485789 -0.175904776 0.953563951 -0.45623684 1.250855 -0.940560567 0 0 0 0 0 0 0 0 0 0 0 0 0 0 0 0 0 0 0 0 0 0 0 0 0 0 0 0 0 0 0 0 0 0 0 0 0 0 0 0 0 0 0 0 0 1.80553973 -4.41546852 -4.55646076 -5.74460447 0.988224706 0.0872400285 0.124928787 -0.0139250254
0.0622222222 0.0416345692 -0.00890005616 0.242311265 -0.171875336 0.954852931 -0.50840415 1.18946554 -0.962296946 0 0 0 0 0 0 0 0 0 0 0 0 0 0 0 0 0 0 0 0 0 0 0 0 0 0 0 0 0 0 0 0 0 0 0 0 0 0 0 0 0 0 0 0 0 1.63422614 -4.41546852 -4.55646076 -5.74460447 0.988527604 0.0849948572 0.123892731 -0.0154803698
0.0622222222 0.0582883969 -0.00597291923 0.238965531 -0.163448543 0.957172946 -0.552276294 1.12807608 -0.980577006 0 0 0 0 0 0 0 0 0 0 0 0 0 0 0 0 0 0 0 0 0 0 0 0 0 0 0 0 0 0 0 0 0 0 0 0 0 0 0 0 0 0 0 0 0 1.50408938 -4.41546852 -4.55646076 -5.74460447 0.989094146 0.0805614746 0.122161269 -0.0167106045
0.0622222222 0.0749422246 -0.00323647278 0.234401885 -0.150952068 0.960348494 -0.589172293 1.06668662 -0.995950339 0 0 0 0 0 0 0 0 0 0 0 0 0 0 0 0 0 0 0 0 0 0 0 0 0 0 0 0 0 0 0 0 0 0 0 0 0 0 0 0 0 0 0 0 0 1.40244349 -4.41546852 -4.55646076 -5.74460447 0.98988 0.0741119165 0.119721247 -0.0176587696
0.0622222222 0.0915960523 -0.000758450431 0.228551125 -0.134817219 0.964151804 -0.620201429 1.00529716 -1.00887915 0 0 0 0 0 0 0 0 0 0 0 0 0 0 0 0 0 0 0 0 0 0 0 0 0 0 0 0 0 0 0 0 0 0 0 0 0 0 0 0 0 0 0 0 0 1.32156287 -4.41546852 -4.55646076 -5.74460447 0.990826932 0.0658703366 0.116555552 -0.0183818423
0.0622222222 0.10824988 0.00140365954 0.221330114 -0.115584603 0.968324935 -0.646296597 0.943907697 -1.01975213 0 0 0 0 0 0 0 0 0 0 0 0 0 0 0 0 0 0 0 0 0 0 0 0 0 0 0 0 0 0 0 0 0 0 0 0 0 0 0 0 0 0 0 0 0 1.25636451 -4.41546852 -4.55646076 -5.74460447 0.991868648 0.0561141243 0.112644296 -0.0189486834
0.0622222222 0.124903708 0.00320427188 0.212651169 -0.0939045325 0.97260548 -0.668242352 0.882518236 -1.0288962 0 0 0 0 0 0 0 0 0 0 0 0 0 0 0 0 0 0 0 0 0 0 0 0 0 0 0 0 0 0 0 0 0 0 0 0 0 0 0 0 0 0 0 0 0 1.20331213 -4.41546852 -4.55646076 -5.74460447 0.992937531 0.0451727551 0.107966116 -0.0194370454
0.0622222222 0.141557535 0.00461101885 0.202430933 -0.0705287889 0.976753504 -0.686698494 0.821128776 -1.03658626 0 0 0 0 0 0 0 0 0 0 0 0 0 0 0 0 0 0 0 0 0 0 0 0 0 0 0 0 0 0 0 0 0 0 0 0 0 0 0 0 0 0 0 0 0 1.15984141 -4.41546852 -4.55646076 -5.74460447 0.993971612 0.0334231134 0.102499481 -0.0199295499
0.0622222222 0.158211363 0.00560568358 0.190597276 -0.0462918943 0.980576228 -0.70221991 0.759739315 -1.04305351 0 0 0 0 0 0 0 0 0 0 0 0 0 0 0 0 0 0 0 0 0 0 0 0 0 0 0 0 0 0 0 0 0 0 0 0 0 0 0 0 0 0 0 0 0 1.12403354 -4.41546852 -4.55646076 -5.74460447 0.994920854 0.0212806079 0.0962238108 -0.0205087136
0.0622222222 0.174865191 0.00618472539 0.177092973 -0.0220822958 0.983946366 -0.715273254 0.698349855 -1.04849241 0 0 0 0 0 0 0 0 0 0 0 0 0 0 0 0 0 0 0 0 0 0 0 0 0 0 0 0 0 0 0 0 0 0 0 0 0 0 0 0 0 0 0 0 0 1.09441781 -4.41546852 -4.55646076 -5.74460447 0.995751759 0.0091862505 0.0891203111 -0.0212513039
0.0622222222 0.191519019 0.00635938182 0.161875521 0.00119366054 0.986810464 -0.726250974 0.636960395 -1.05306646 0 0 0 0 0 0 0 0 0 0 0 0 0 0 0 0 0 0 0 0 0 0 0 0 0 0 0 0 0 0 0 0 0 0 0 0 0 0 0 0 0 0 0 0 0 1.06984571 -4.41546852 -4.55646076 -5.74460447 0.996449393 -0.00240923674 0.0811724326 -0.0222224733
0.0622222222 0.208172846 0.00615534467 0.144913367 0.0226503123 0.989185058 -0.735483119 0.575570934 -1.05691318 0 0 0 0 0 0 0 0 0 0 0 0 0 0 0 0 0 0 0 0 0 0 0 0 0 0 0 0 0 0 0 0 0 0 0 0 0 0 0 0 0 0 0 0 0 1.04940728 -4.41546852 -4.55646076 -5.74460447 0.997016388 -0.013062575 0.0723660144 -0.0234702051
0.0622222222 0.224826674 0.0056120191 0.126179788 0.0414587158 0.991140674 -0.743247252 0.514181474 -1.06014824 0 0 0 0 0 0 0 0 0 0 0 0 0 0 0 0 0 0 0 0 0 0 0 0 0 0 0 0 0 0 0 0 0 0 0 0 0 0 0 0 0 0 0 0 0 1.0323732 -4.41546852 -4.55646076 -5.74460447 0.997468951 -0.0223544591 0.0626892419 -0.0250205772
0.0622222222 0.241480502 0.00478138738 0.105646376 0.0568761368 0.99277588 -0.749776805 0.452792013 -1.06286889 0 0 0 0 0 0 0 0 0 0 0 0 0 0 0 0 0 0 0 0 0 0 0 0 0 0 0 0 0 0 0 0 0 0 0 0 0 0 0 0 0 0 0 0 0 1.01815368 -4.41546852 -4.55646076 -5.74460447 0.997830505 -0.0299039692 0.0521326434 -0.0268742225
0.0622222222 0.258134329 0.00372650991 0.0832784178 0.0682672491 0.994185238 -0.755268088 0.391402553 -1.06515692 0 0 0 0 0 0 0 0 0 0 0 0 0 0 0 0 0 0 0 0 0 0 0 0 0 0 0 0 0 0 0 0 0 0 0 0 0 0 0 0 0 0 0 0 0 1.00626827 -4.41546852 -4.55646076 -5.74460447 0.998123928 -0.0353801634 0.0406893714 -0.0290042108
0.0622222222 0.274788157 0.00251970689 0.0590342483 0.07511788 0.995425669 -0.759886198 0.330013092 -1.06708113 0 0 0 0 0 0 0 0 0 0 0 0 0 0 0 0 0 0 0 0 0 0 0 0 0 0 0 0 0 0 0 0 0 0 0 0 0 0 0 0 0 0 0 0 0 0.996323352 -4.41546852 -4.55646076 -5.74460447 0.998363496 -0.0385110782 0.0283559972 -0.031355437
0.08 -0.273467278 -0.0100918131 0.0222159893 0.281716586 0.959240436 -0.751023928 0.327327389 -1.07101992 0 0 0 0 0 0 0 0 0 0 0 0 0 0 0 0 0 0 0 0 0 0 0 0 0 0 0 0 0 0 0 0 0 0 0 0 0 0 0 0 0 0 0 0 0 0.996323352 -4.41546852 -4.56127925 -5.74460447 0.988752663 -0.14166581 0.0176232813 0.0445913637
0.08 -0.256893503 -0.0148000457 0.0464974169 0.263679297 0.963489086 -0.746405819 0.388716849 -1.06909571 0 0 0 0 0 0 0 0 0 0 0 0 0 0 0 0 0 0 0 0 0 0 0 0 0 0 0 0 0 0 0 0 0 0 0 0 0 0 0 0 0 0 0 0 0 1.00626827 -4.41546852 -4.56127925 -5.74460447 0.989882062 -0.131906195 0.0292611151 0.0433364373
0.08 -0.240319729 -0.0191380999 0.0698407862 0.24111298 0.967980782 -0.740914536 0.45010631 -1.06680767 0 0 0 0 0 0 0 0 0 0 0 0 0 0 0 0 0 0 0 0 0 0 0 0 0 0 0 0 0 0 0 0 0 0 0 0 0 0 0 0 0 0 0 0 0 1.01815368 -4.41546852 -4.56127925 -5.74460447 0.991087011 -0.119946916 0.0402783575 0.0416764686
0.08 -0.223745954 -0.0230342097 0.0921510755 0.214349575 0.972400349 -0.734384983 0.51149577 -1.06408703 0 0 0 0 0 0 0 0 0 0 0 0 0 0 0 0 0 0 0 0 0 0 0 0 0 0 0 0 0 0 0 0 0 0 0 0 0 0 0 0 0 0 0 0 0 1.0323732 -4.41546852 -4.56127925 -5.74460447 0.99228705 -0.105987082 0.0506612666 0.0395801162
0.08 -0.20717218 -0.0264257981 0.113297529 0.18387311 0.976398663 -0.72662085 0.57288523 -1.06085197 0 0 0 0 0 0 0 0 0 0 0 0 0 0 0 0 0 0 0 0 0 0 0 0 0 0 0 0 0 0 0 0 0 0 0 0 0 0 0 0 0 0 0 0 0 1.04940728 -4.41546852 -4.56127925 -5.74460447 0.99339201 -0.0902965701 0.0603920343 0.037035737
0.08 -0.190598406 -0.0292612814 0.133123018 0.150327339 0.97963256 -0.717388705 0.634274691 -1.05700524 0 0 0 0 0 0 0 0 0 0 0 0 0 0 0 0 0 0 0 0 0 0 0 0 0 0 0 0 0 0 0 0 0 0 0 0 0 0 0 0 0 0 0 0 0 1.06984571 -4.41546852 -4.56127925 -5.74460447 0.994312158 -0.0732151272 0.0694497298 0.0340530948
0.08 -0.174024631 -0.0315015565 0.151459423 0.114508015 0.981808514 -0.706410985 0.695664151 -1.05243119 0 0 0 0 0 0 0 0 0 0 0 0 0 0 0 0 0 0 0 0 0 0 0 0 0 0 0 0 0 0 0 0 0 0 0 0 0 0 0 0 0 0 0 0 0 1.09441781 -4.41546852 -4.56127925 -5.74460447 0.994969337 -0.0551454015 0.0778121317 0.0306639081
0.08 -0.157450857 -0.0331211285 0.168146963 0.0773361178 0.982723625 -0.693357641 0.757053612 -1.0469923 0 0 0 0 0 0 0 0 0 0 0 0 0 0 0 0 0 0 0 0 0 0 0 0 0 0 0 0 0 0 0 0 0 0 0 0 0 0 0 0 0 0 0 0 0 1.12403354 -4.41546852 -4.56127925 -5.74460447 0.995307531 -0.0365389125 0.0854581489 0.0269208283
0.08 -0.140877082 -0.0341088459 0.18305411 0.0398126406 0.982296364 -0.677836225 0.818443072 -1.04052504 0 0 0 0 0 0 0 0 0 0 0 0 0 0 0 0 0 0 0 0 0 0 0 0 0 0 0 0 0 0 0 0 0 0 0 0 0 0 0 0 0 0 0 0 0 1.15984141 -4.41546852 -4.56127925 -5.74460447 0.995300968 -0.017875532 0.09237036 0.0228946388
0.08 -0.124303308 -0.0344682224 0.196094125 0.00296052116 0.980580608 -0.659380083 0.879832533 -1.03283498 0 0 0 0 0 0 0 0 0 0 0 0 0 0 0 0 0 0 0 0 0 0 0 0 0 0 0 0 0 0 0 0 0 0 0 0 0 0 0 0 0 0 0 0 0 1.20331213 -4.41546852 -4.56127925 -5.74460447 0.994958161 0.000361228838 0.0985371267 0.0186697971
0.08 -0.107729534 -0.0342173352 0.20723481 -0.0322369472 0.977759946 -0.637434328 0.941221993 -1.02369092 0 0 0 0 0 0 0 0 0 0 0 0 0 0 0 0 0 0 0 0 0 0 0 0 0 0 0 0 0 0 0 0 0 0 0 0 0 0 0 0 0 0 0 0 0 1.25636451 -4.41546852 -4.56127925 -5.74460447 0.994321061 0.0177096188 0.103953818 0.0143388035
0.08 -0.0911557592 -0.0333883038 0.216499697 -0.0648908797 0.974123737 -0.61133916 1.00261145 -1.01281793 0 0 0 0 0 0 0 0 0 0 0 0 0 0 0 0 0 0 0 0 0 0 0 0 0 0 0 0 0 0 0 0 0 0 0 0 0 0 0 0 0 0 0 0 0 1.32156287 -4.41546852 -4.56127925 -5.74460447 0.993459585 0.0337519995 0.108622898 0.00999612015
0.08 -0.0745819848 -0.0320263642 0.22396098 -0.0942466207 0.97003044 -0.580310024 1.06400091 -0.999889126 0 0 0 0 0 0 0 0 0 0 0 0 0 0 0 0 0 0 0 0 0 0 0 0 0 0 0 0 0 0 0 0 0 0 0 0 0 0 0 0 0 0 0 0 0 1.40244349 -4.41546852 -4.56127925 -5.74460447 0.992462775 0.0481312861 0.112552918 0.00573240977
0.08 -0.0580082104 -0.0301885639 0.229726285 -0.1197049 0.965865711 -0.543414025 1.12539037 -0.984515793 0 0 0 0 0 0 0 0 0 0 0 0 0 0 0 0 0 0 0 0 0 0 0 0 0 0 0 0 0 0 0 0 0 0 0 0 0 0 0 0 0 0 0 0 0 1.50408938 -4.41546852 -4.56127925 -5.74460447 0.991428363 0.0605601984 0.115756672 0.00162969561
0.08 -0.041434436 -0.0279421173 0.233922275 -0.140825383 0.962002381 -0.499541881 1.18677983 -0.966235733 0 0 0 0 0 0 0 0 0 0 0 0 0 0 0 0 0 0 0 0 0 0 0 0 0 0 0 0 0 0 0 0 0 0 0 0 0 0 0 0 0 0 0 0 0 1.63422614 -4.41546852 -4.56127925 -5.74460447 0.990452504 0.0708237379 0.118248923 -0.00224224357
0.08 -0.0248606616 -0.0253624675 0.236678074 -0.157317183 0.95876733 -0.44737457 1.2481693 -0.944499353 0 0 0 0 0 0 0 0 0 0 0 0 0 0 0 0 0 0 0 0 0 0 0 0 0 0 0 0 0 0 0 0 0 0 0 0 0 0 0 0 0 0 0 0 0 1.80553973 -4.41546852 -4.56127925 -5.74460447 0.989620986 0.0787765701 0.120044104 -0.00582822691
0.08 -0.0082868872 -0.0225311105 0.238110748 -0.169022467 0.956417627 -0.385343678 1.30955876 -0.918653148 0 0 0 0 0 0 0 0 0 0 0 0 0 0 0 0 0 0 0 0 0 0 0 0 0 0 0 0 0 0 0 0 0 0 0 0 0 0 0 0 0 0 0 0 0 2.04134185 -4.41546852 -4.56127925 -5.74460447 0.989002631 0.0843375571 0.121154294 -0.00908897088
0.08 0.0082868872 -0.0195332458 0.238314187 -0.175898986 0.955126115 -0.385343678 1.30955876 -0.918653148 0 0 0 0 0 0 0 0 0 0 0 0 0 0 0 0 0 0 0 0 0 0 0 0 0 0 0 0 0 0 0 0 0 0 0 0 0 0 0 0 0 0 0 0 0 2.04134185 -4.41546852 -4.56127925 -5.74460447 0.988645042 0.0874836163 0.121587662 -0.0120016254
0.08 0.0248606616 -0.0164553189 0.237351884 -0.178005908 0.954975382 -0.44737457 1.2481693 -0.944499353 0 0 0 0 0 0 0 0 0 0 0 0 0 0 0 0 0 0 0 0 0 0 0 0 0 0 0 0 0 0 0 0 0 0 0 0 0 0 0 0 0 0 0 0 0 1.80553973 -4.41546852 -4.56127925 -5.74460447 0.988572558 0.0882445664 0.121347458 -0.0145598197
0.08 0.041434436 -0.0133825291 0.235253566 -0.175495439 0.955958739 -0.499541881 1.18677983 -0.966235733 0 0 0 0 0 0 0 0 0 0 0 0 0 0 0 0 0 0 0 0 0 0 0 0 0 0 0 0 0 0 0 0 0 0 0 0 0 0 0 0 0 0 0 0 0 1.63422614 -4.41546852 -4.56127925 -5.74460447 0.988786136 0.0866999143 0.120431538 -0.0167733984
0.08 0.0580082104 -0.0103963727 0.232015366 -0.168610758 0.957987099 -0.543414025 1.12539037 -0.984515793 0 0 0 0 0 0 0 0 0 0 0 0 0 0 0 0 0 0 0 0 0 0 0 0 0 0 0 0 0 0 0 0 0 0 0 0 0 0 0 0 0 0 0 0 0 1.50408938 -4.41546852 -4.56127925 -5.74460447 0.989264908 0.0829778019 0.118832381 -0.0186679036
0.08 0.0745819848 -0.00757229256 0.22760308 -0.157689098 0.960901132 -0.580310024 1.06400091 -0.999889126 0 0 0 0 0 0 0 0 0 0 0 0 0 0 0 0 0 0 0 0 0 0 0 0 0 0 0 0 0 0 0 0 0 0 0 0 0 0 0 0 0 0 0 0 0 1.40244349 -4.41546852 -4.56127925 -5.74460447 0.98996926 0.0772556645 0.116537531 -0.0202837315
0.08 0.0911557592 -0.00497750316 0.221957943 -0.143167445 0.964488338 -0.61133916 1.00261145 -1.01281793 0 0 0 0 0 0 0 0 0 0 0 0 0 0 0 0 0 0 0 0 0 0 0 0 0 0 0 0 0 0 0 0 0 0 0 0 0 0 0 0 0 0 0 0 0 1.32156287 -4.41546852 -4.56127925 -5.74460447 0.990845282 0.0697616223 0.113530379 -0.021674798
0.08 0.107729534 -0.0026690521 0.215004215 -0.125587391 0.968504515 -0.637434328 0.941221993 -1.02369092 0 0 0 0 0 0 0 0 0 0 0 0 0 0 0 0 0 0 0 0 0 0 0 0 0 0 0 0 0 0 0 0 0 0 0 0 0 0 0 0 0 0 0 0 0 1.25636451 -4.41546852 -4.56127925 -5.74460447 0.991830404 0.0607752723 0.109791206 -0.0229065016
0.08 0.124303308 -0.0006921752 0.206657603 -0.105595378 0.972698438 -0.659380083 0.879832533 -1.03283498 0 0 0 0 0 0 0 0 0 0 0 0 0 0 0 0 0 0 0 0 0 0 0 0 0 0 0 0 0 0 0 0 0 0 0 0 0 0 0 0 0 0 0 0 0 1.20331213 -4.41546852 -4.56127925 -5.74460447 0.99285985 0.0506264495 0.105298355 -0.0240527955
0.08 0.140877082 0.000921007925 0.196833355 -0.083935065 0.976837517 -0.677836225 0.818443072 -1.04052504 0 0 0 0 0 0 0 0 0 0 0 0 0 0 0 0 0 0 0 0 0 0 0 0 0 0 0 0 0 0 0 0 0 0 0 0 0 0 0 0 0 0 0 0 0 1.15984141 -4.41546852 -4.56127925 -5.74460447 0.993873286 0.0396907372 0.100029429 -0.0251922769
0.08 0.157450857 0.00215242005 0.185452704 -0.0614299628 0.980731183 -0.693357641 0.757053612 -1.0469923 0 0 0 0 0 0 0 0 0 0 0 0 0 0 0 0 0 0 0 0 0 0 0 0 0 0 0 0 0 0 0 0 0 0 0 0 0 0 0 0 0 0 0 0 0 1.12403354 -4.41546852 -4.56127925 -5.74460447 0.994820815 0.0283810498 0.0939623558 -0.0264033638
0.08 0.174024631 0.00299854761 0.172446612 -0.0389565726 0.984248216 -0.706410985 0.695664151 -1.05243119 0 0 0 0 0 0 0 0 0 0 0 0 0 0 0 0 0 0 0 0 0 0 0 0 0 0 0 0 0 0 0 0 0 0 0 0 0 0 0 0 0 0 0 0 0 1.09441781 -4.41546852 -4.56127925 -5.74460447 0.995667393 0.0171353947 0.0870762311 -0.02775881
0.08 0.190598406 0.00347054203 0.157756193 -0.017410529 0.987324596 -0.717388705 0.634274691 -1.05700524 0 0 0 0 0 0 0 0 0 0 0 0 0 0 0 0 0 0 0 0 0 0 0 0 0 0 0 0 0 0 0 0 0 0 0 0 0 0 0 0 0 0 0 0 0 1.06984571 -4.41546852 -4.56127925 -5.74460447 0.99639482 0.00640174877 0.0793518735 -0.0293199779
0.08 0.20717218 0.00359389816 0.141330102 0.0023300843 0.989959783 -0.72662085 0.57288523 -1.06085197 0 0 0 0 0 0 0 0 0 0 0 0 0 0 0 0 0 0 0 0 0 0 0 0 0 0 0 0 0 0 0 0 0 0 0 0 0 0 0 0 0 0 0 0 0 1.04940728 -4.41546852 -4.56127925 -5.74460447 0.997000868 -0.00337840755 0.0707721317 -0.0311313655
0.08 0.223745954 0.00340771911 0.123119944 0.0194396106 0.992201381 -0.734384983 0.51149577 -1.06408703 0 0 0 0 0 0 0 0 0 0 0 0 0 0 0 0 0 0 0 0 0 0 0 0 0 0 0 0 0 0 0 0 0 0 0 0 0 0 0 0 0 0 0 0 0 1.0323732 -4.41546852 -4.56127925 -5.74460447 0.997495562 -0.0117861892 0.0613220607 -0.0332158792
0.08 0.240319729 0.00296358866 0.103075523 0.0331742175 0.994120168 -0.740914536 0.45010631 -1.06680767 0 0 0 0 0 0 0 0 0 0 0 0 0 0 0 0 0 0 0 0 0 0 0 0 0 0 0 0 0 0 0 0 0 0 0 0 0 0 0 0 0 0 0 0 0 1.01815368 -4.41546852 -4.56127925 -5.74460447 0.99789517 -0.0184396685 0.0509891632 -0.0355712338
0.08 0.256893503 0.00232408386 0.081142027 0.0428941788 0.995779123 -0.746405819 0.388716849 -1.06909571 0 0 0 0 0 0 0 0 0 0 0 0 0 0 0 0 0 0 0 0 0 0 0 0 0 0 0 0 0 0 0 0 0 0 0 0 0 0 0 0 0 0 0 0 0 1.00626827 -4.41546852 -4.56127925 -5.74460447 0.998214799 -0.0230058581 0.0397639187 -0.0381677325
0.08 0.273467278 0.0015609705 0.0572611503 0.0480797813 0.99720083 -0.751023928 0.327327389 -1.07101992 0 0 0 0 0 0 0 0 0 0 0 0 0 0 0 0 0 0 0 0 0 0 0 0 0 0 0 0 0 0 0 0 0 0 0 0 0 0 0 0 0 0 0 0 0 0.996323352 -4.41546852 -4.56127925 -5.74460447 0.998460671 -0.0252105218 0.0276408141 -0.0409475596
0.0977777778 -0.271567289 -0.0109966509 0.0122400064 0.303919538 0.952619072 -0.742097488 0.324910001 -1.07493197 0 0 0 0 0 0 0 0 0 0 0 0 0 0 0 0 0 0 0 0 0 0 0 0 0 0 0 0 0 0 0 0 0 0 0 0 0 0 0 0 0 0 0 0 0 0.99646123 -4.41546852 -4.53747962 -5.74460447 0.986627327 -0.153229531 0.0145318566 0.0536288506
0.0977777778 -0.254594334 -0.016228981 0.0368160988 0.284227782 0.958049656 -0.737314033 0.388159748 -1.07293886 0 0 0 0 0 0 0 0 0 0 0 0 0 0 0 0 0 0 0 0 0 0 0 0 0 0 0 0 0 0 0 0 0 0 0 0 0 0 0 0 0 0 0 0 0 1.00676372 -4.41546852 -4.53747962 -5.74460447 0.98809865 -0.142456588 0.0261015823 0.0518255347
0.0977777778 -0.237621378 -0.0210402723 0.0605451829 0.259740454 0.963778594 -0.731596215 0.451409495 -1.07055644 0 0 0 0 0 0 0 0 0 0 0 0 0 0 0 0 0 0 0 0 0 0 0 0 0 0 0 0 0 0 0 0 0 0 0 0 0 0 0 0 0 0 0 0 0 1.01914374 -4.41546852 -4.53747962 -5.74460447 0.989661556 -0.129369281 0.0370714496 0.0495913486
0.0977777778 -0.220648423 -0.0253533498 0.0833082218 0.230791494 0.969430259 -0.724761522 0.514659242 -1.06770865 0 0 0 0 0 0 0 0 0 0 0 0 0 0 0 0 0 0 0 0 0 0 0 0 0 0 0 0 0 0 0 0 0 0 0 0 0 0 0 0 0 0 0 0 0 1.03403711 -4.41546852 -4.53747962 -5.74460447 0.991219435 -0.114174268 0.0474247525 0.0468952032
0.0977777778 -0.203675467 -0.0291014539 0.104942652 0.197892094 0.974590047 -0.716591793 0.57790899 -1.06430459 0 0 0 0 0 0 0 0 0 0 0 0 0 0 0 0 0 0 0 0 0 0 0 0 0 0 0 0 0 0 0 0 0 0 0 0 0 0 0 0 0 0 0 0 0 1.05197921 -4.41546852 -4.53747962 -5.74460447 0.992664615 -0.0971602836 0.0571389181 0.0437262624
0.0977777778 -0.186702511 -0.0322302832 0.125253961 0.161741999 0.978851864 -0.706826251 0.641158737 -1.06023562 0 0 0 0 0 0 0 0 0 0 0 0 0 0 0 0 0 0 0 0 0 0 0 0 0 0 0 0 0 0 0 0 0 0 0 0 0 0 0 0 0 0 0 0 0 1.07363193 -4.41546852 -4.53747962 -5.74460447 0.993890449 -0.0786979663 0.0661868434 0.0400962191
0.0977777778 -0.169729556 -0.0346996568 0.144034753 0.123221133 0.98187094 -0.695153184 0.704408484 -1.05537184 0 0 0 0 0 0 0 0 0 0 0 0 0 0 0 0 0 0 0 0 0 0 0 0 0 0 0 0 0 0 0 0 0 0 0 0 0 0 0 0 0 0 0 0 0 1.09981991 -4.41546852 -4.53747962 -5.74460447 0.99480479 -0.0592318706 0.0745393562 0.0360402588
0.0977777778 -0.1527566 -0.0364847435 0.161088757 0.0833566932 0.983413481 -0.681199989 0.767658231 -1.04955801 0 0 0 0 0 0 0 0 0 0 0 0 0 0 0 0 0 0 0 0 0 0 0 0 0 0 0 0 0 0 0 0 0 0 0 0 0 0 0 0 0 0 0 0 0 1.13158099 -4.41546852 -4.53747962 -5.74460447 0.995342734 -0.039263357 0.0821684151 0.0316161574
0.0977777778 -0.135783645 -0.0375768222 0.176255403 0.0432667537 0.983393116 -0.664521284 0.830907978 -1.04260855 0 0 0 0 0 0 0 0 0 0 0 0 0 0 0 0 0 0 0 0 0 0 0 0 0 0 0 0 0 0 0 0 0 0 0 0 0 0 0 0 0 0 0 0 0 1.17023787 -4.41546852 -4.53747962 -5.74460447 0.995476209 -0.0193252354 0.0890504194 0.0269012188
0.0977777778 -0.118810689 -0.0379835488 0.189429816 0.00408814656 0.981885753 -0.644584689 0.894157725 -1.03430163 0 0 0 0 0 0 0 0 0 0 0 0 0 0 0 0 0 0 0 0 0 0 0 0 0 0 0 0 0 0 0 0 0 0 0 0 0 0 0 0 0 0 0 0 0 1.21750413 -4.41546852 -4.53747962 -5.74460447 0.995218287 4.86577226e-05 0.0951689085 0.0219872054
0.0977777778 -0.101837734 -0.0377287214 0.200573897 -0.0330986797 0.979119293 -0.620753833 0.957407472 -1.02437211 0 0 0 0 0 0 0 0 0 0 0 0 0 0 0 0 0 0 0 0 0 0 0 0 0 0 0 0 0 0 0 0 0 0 0 0 0 0 0 0 0 0 0 0 0 1.27564686 -4.41546852 -4.53747962 -5.74460447 0.994621302 0.0183542091 0.100516052 0.0169738811
0.0977777778 -0.0848647779 -0.0368515528 0.209716469 -0.067334325 0.975440973 -0.59226804 1.02065722 -1.01250303 0 0 0 0 0 0 0 0 0 0 0 0 0 0 0 0 0 0 0 0 0 0 0 0 0 0 0 0 0 0 0 0 0 0 0 0 0 0 0 0 0 0 0 0 0 1.3477492 -4.41546852 -4.53747962 -5.74460447 0.993769286 0.0351432581 0.10509265 0.0119620932
0.0977777778 -0.0678918223 -0.0354054695 0.21694327 -0.0978247349 0.971270271 -0.558218051 1.08390697 -0.998315536 0 0 0 0 0 0 0 0 0 0 0 0 0 0 0 0 0 0 0 0 0 0 0 0 0 0 0 0 0 0 0 0 0 0 0 0 0 0 0 0 0 0 0 0 0 1.43815895 -4.41546852 -4.53747962 -5.74460447 0.992766574 0.0500418441 0.108906742 0.0070473383
0.0977777778 -0.0509188668 -0.0334564771 0.222379865 -0.123961553 0.967047428 -0.517516998 1.14715671 -0.981356764 0 0 0 0 0 0 0 0 0 0 0 0 0 0 0 0 0 0 0 0 0 0 0 0 0 0 0 0 0 0 0 0 0 0 0 0 0 0 0 0 0 0 0 0 0 1.55331306 -4.41546852 -4.53747962 -5.74460447 0.99172494 0.0627592723 0.111971244 0.00231451308
0.0977777778 -0.0339459112 -0.0310811402 0.226171461 -0.145321222 0.963186489 -0.468865715 1.21040646 -0.961085395 0 0 0 0 0 0 0 0 0 0 0 0 0 0 0 0 0 0 0 0 0 0 0 0 0 0 0 0 0 0 0 0 0 0 0 0 0 0 0 0 0 0 0 0 0 1.70339895 -4.41546852 -4.53747962 -5.74460447 0.99075151 0.073089016 0.114301142 -0.00216583919
0.0977777778 -0.0169729556 -0.0283642388 0.228463323 -0.16164964 0.960038491 -0.410711263 1.27365621 -0.936854374 0 0 0 0 0 0 0 0 0 0 0 0 0 0 0 0 0 0 0 0 0 0 0 0 0 0 0 0 0 0 0 0 0 0 0 0 0 0 0 0 0 0 0 0 0 1.90614765 -4.41546852 -4.53747962 -5.74460447 0.989938913 0.0809039461 0.115910768 -0.006339838
0.0977777778 0 -0.0253961737 0.229384367 -0.172840468 0.957866893 -0.341197366 1.33690595 -0.90789025 0 0 0 0 0 0 0 0 0 0 0 0 0 0 0 0 0 0 0 0 0 0 0 0 0 0 0 0 0 0 0 0 0 0 0 0 0 0 0 0 0 0 0 0 0 2.19722458 -4.41546852 -4.53747962 -5.74460447 0.989358372 0.0861488594 0.116811504 -0.0101714183
0.0977777778 0.0169729556 -0.0222701999 0.229035224 -0.178914102 0.956834683 -0.410711263 1.27365621 -0.936854374 0 0 0 0 0 0 0 0 0 0 0 0 0 0 0 0 0 0 0 0 0 0 0 0 0 0 0 0 0 0 0 0 0 0 0 0 0 0 0 0 0 0 0 0 0 1.90614765 -4.41546852 -4.53747962 -5.74460447 0.989055721 0.0888329312 0.117010123 -0.0136426851
0.0977777778 0.0339459112 -0.0190795724 0.227481095 -0.180002068 0.957001362 -0.468865715 1.21040646 -0.961085395 0 0 0 0 0 0 0 0 0 0 0 0 0 0 0 0 0 0 0 0 0 0 0 0 0 0 0 0 0 0 0 0 0 0 0 0 0 0 0 0 0 0 0 0 0 1.70339895 -4.41546852 -4.53747962 -5.74460447 0.989050045 0.0890238972 0.116507788 -0.0167537672
0.0977777778 0.0509188668 -0.015914692 0.224749103 -0.176338935 0.95832793 -0.517516998 1.14715671 -0.981356764 0 0 0 0 0 0 0 0 0 0 0 0 0 0 0 0 0 0 0 0 0 0 0 0 0 0 0 0 0 0 0 0 0 0 0 0 0 0 0 0 0 0 0 0 0 1.55331306 -4.41546852 -4.53747962 -5.74460447 0.989334546 0.086844788 0.115299688 -0.0195223319
0.0977777778 0.0678918223 -0.0128603388 0.220829574 -0.168261444 0.960688496 -0.558218051 1.08390697 -0.998315536 0 0 0 0 0 0 0 0 0 0 0 0 0 0 0 0 0 0 0 0 0 0 0 0 0 0 0 0 0 0 0 0 0 0 0 0 0 0 0 0 0 0 0 0 0 1.43815895 -4.41546852 -4.53747962 -5.74460447 0.989879289 0.0824731086 0.113375211 -0.0219827591
0.0977777778 0.0848647779 -0.00999307726 0.21568057 -0.156212559 0.963887716 -0.59226804 1.02065722 -1.01250303 0 0 0 0 0 0 0 0 0 0 0 0 0 0 0 0 0 0 0 0 0 0 0 0 0 0 0 0 0 0 0 0 0 0 0 0 0 0 0 0 0 0 0 0 0 1.3477492 -4.41546852 -4.53747962 -5.74460447 0.99063563 0.0761415867 0.110718567 -0.0241848387
0.0977777778 0.101837734 -0.00737891293 0.209234868 -0.140746753 0.967683379 -0.620753833 0.957407472 -1.02437211 0 0 0 0 0 0 0 0 0 0 0 0 0 0 0 0 0 0 0 0 0 0 0 0 0 0 0 0 0 0 0 0 0 0 0 0 0 0 0 0 0 0 0 0 0 1.27564686 -4.41546852 -4.53747962 -5.74460447 0.991542072 0.0681390603 0.107309734 -0.0261917642
0.0977777778 0.118810689 -0.00507127252 0.201408395 -0.122532111 0.971813017 -0.644584689 0.894157725 -1.03430163 0 0 0 0 0 0 0 0 0 0 0 0 0 0 0 0 0 0 0 0 0 0 0 0 0 0 0 0 0 0 0 0 0 0 0 0 0 0 0 0 0 0 0 0 0 1.21750413 -4.41546852 -4.53747962 -5.74460447 0.992531199 0.0588098164 0.103125637 -0.0280771885
0.0977777778 0.135783645 -0.00310936858 0.192108897 -0.102345066 0.976022366 -0.664521284 0.830907978 -1.04260855 0 0 0 0 0 0 0 0 0 0 0 0 0 0 0 0 0 0 0 0 0 0 0 0 0 0 0 0 0 0 0 0 0 0 0 0 0 0 0 0 0 0 0 0 0 1.17023787 -4.41546852 -4.53747962 -5.74460447 0.993537068 0.0485498003 0.0981413974 -0.0299211858
0.0977777778 0.1527566 -0.00151699945 0.18124347 -0.0810548524 0.9800923 -0.681199989 0.767658231 -1.04955801 0 0 0 0 0 0 0 0 0 0 0 0 0 0 0 0 0 0 0 0 0 0 0 0 0 0 0 0 0 0 0 0 0 0 0 0 0 0 0 0 0 0 0 0 0 1.13158099 -4.41546852 -4.53747962 -5.74460447 0.994502179 0.0377986195 0.0923315472 -0.0318051287
0.0977777778 0.169729556 -0.000301820903 0.168723679 -0.059597012 0.983860008 -0.695153184 0.704408484 -1.05537184 0 0 0 0 0 0 0 0 0 0 0 0 0 0 0 0 0 0 0 0 0 0 0 0 0 0 0 0 0 0 0 0 0 0 0 0 0 0 0 0 0 0 0 0 0 1.09981991 -4.41546852 -4.53747962 -5.74460447 0.995382931 0.027027122 0.0856710595 -0.0338056994
0.0977777778 0.186702511 0.000544888167 0.154467491 -0.0389379442 0.987230283 -0.706826251 0.641158737 -1.06023562 0 0 0 0 0 0 0 0 0 0 0 0 0 0 0 0 0 0 0 0 0 0 0 0 0 0 0 0 0 0 0 0 0 0 0 0 0 0 0 0 0 0 0 0 0 1.07363193 -4.41546852 -4.53747962 -5.74460447 0.996152585 0.0167213063 0.0781361417 -0.0359884624
0.0977777778 0.203675467 0.00104795883 0.13839804 -0.0200346985 0.990174022 -0.716591793 0.57790899 -1.06430459 0 0 0 0 0 0 0 0 0 0 0 0 0 0 0 0 0 0 0 0 0 0 0 0 0 0 0 0 0 0 0 0 0 0 0 0 0 0 0 0 0 0 0 0 0 1.05197921 -4.41546852 -4.53747962 -5.74460447 0.996801049 0.00736413379 0.0697047964 -0.0384015607
0.0977777778 0.220648423 0.00124757218 0.120440259 -0.00379516794 0.992713323 -0.724761522 0.514659242 -1.06770865 0 0 0 0 0 0 0 0 0 0 0 0 0 0 0 0 0 0 0 0 0 0 0 0 0 0 0 0 0 0 0 0 0 0 0 0 0 0 0 0 0 0 0 0 0 1.03403711 -4.41546852 -4.53747962 -5.74460447 0.997331393 -0.000582851283 0.0603572613 -0.0410701181
0.0977777778 0.237621378 0.00119802952 0.100517244 0.00895691446 0.994894998 -0.731596215 0.451409495 -1.07055644 0 0 0 0 0 0 0 0 0 0 0 0 0 0 0 0 0 0 0 0 0 0 0 0 0 0 0 0 0 0 0 0 0 0 0 0 0 0 0 0 0 0 0 0 0 1.01914374 -4.41546852 -4.53747962 -5.74460447 0.997753585 -0.00669645917 0.0500765248 -0.0439918489
0.0977777778 0.254594334 0.00096609052 0.078548726 0.0175099282 0.99675649 -0.737314033 0.388159748 -1.07293886 0 0 0 0 0 0 0 0 0 0 0 0 0 0 0 0 0 0 0 0 0 0 0 0 0 0 0 0 0 0 0 0 0 0 0 0 0 0 0 0 0 0 0 0 0 1.00676372 -4.41546852 -4.53747962 -5.74460447 0.998076455 -0.0106064915 0.0388491623 -0.0471342299
0.0977777778 0.271567289 0.000628929996 0.0544539977 0.0212857553 0.998289376 -0.742097488 0.324910001 -1.07493197 0 0 0 0 0 0 0 0 0 0 0 0 0 0 0 0 0 0 0 0 0 0 0 0 0 0 0 0 0 0 0 0 0 0 0 0 0 0 0 0 0 0 0 0 0 0.99646123 -4.41546852 -4.53747962 -5.74460447 0.99829913 -0.0120081981 0.0266667404 -0.0504334643
0.115555556 -0.26958966 -0.0117772548 0.000882119023 0.325221463 0.945637468 -0.733235218 0.320907015 -1.07887075 0 0 0 0 0 0 0 0 0 0 0 0 0 0 0 0 0 0 0 0 0 0 0 0 0 0 0 0 0 0 0 0 0 0 0 0 0 0 0 0 0 0 0 0 0 0.99646123 -4.41546852 -4.54478854 -5.74460447 0.984331841 -0.164506847 0.010897844 0.0625264877
0.115555556 -0.252740306 -0.0173776834 0.0249441491 0.304690188 0.952124823 -0.728451764 0.384156762 -1.07687765 0 0 0 0 0 0 0 0 0 0 0 0 0 0 0 0 0 0 0 0 0 0 0 0 0 0 0 0 0 0 0 0 0 0 0 0 0 0 0 0 0 0 0 0 0 1.00676372 -4.41546852 -4.54478854 -5.74460447 0.986121987 -0.153145782 0.0219990412 0.0602149371
0.115555556 -0.235890953 -0.0225342951 0.0483118366 0.279363246 0.958969313 -0.722733945 0.447406509 -1.07449522 0 0 0 0 0 0 0 0 0 0 0 0 0 0 0 0 0 0 0 0 0 0 0 0 0 0 0 0 0 0 0 0 0 0 0 0 0 0 0 0 0 0 0 0 0 1.01914374 -4.41546852 -4.54478854 -5.74460447 0.988018573 -0.139481056 0.0325634521 0.0574800434
0.115555556 -0.219041599 -0.0271708124 0.0708561452 0.249534085 0.965770235 -0.715899253 0.510656256 -1.07164743 0 0 0 0 0 0 0 0 0 0 0 0 0 0 0 0 0 0 0 0 0 0 0 0 0 0 0 0 0 0 0 0 0 0 0 0 0 0 0 0 0 0 0 0 0 1.03403711 -4.41546852 -4.54478854 -5.74460447 0.989917905 -0.123702815 0.0425734189 0.054292354
0.115555556 -0.202192245 -0.0312212517 0.0924009163 0.215677573 0.972082947 -0.707729523 0.573906003 -1.06824338 0 0 0 0 0 0 0 0 0 0 0 0 0 0 0 0 0 0 0 0 0 0 0 0 0 0 0 0 0 0 0 0 0 0 0 0 0 0 0 0 0 0 0 0 0 1.05197921 -4.41546852 -4.54478854 -5.74460447 0.9917041 -0.106085352 0.0520040852 0.0506404165
0.115555556 -0.185342891 -0.0346319428 0.112734144 0.178465352 0.97746669 -0.697963982 0.637155751 -1.06417441 0 0 0 0 0 0 0 0 0 0 0 0 0 0 0 0 0 0 0 0 0 0 0 0 0 0 0 0 0 0 0 0 0 0 0 0 0 0 0 0 0 0 0 0 0 1.07363193 -4.41546852 -4.54478854 -5.74460447 0.993261289 -0.0869884799 0.0608248235 0.0465334069
0.115555556 -0.168493538 -0.037363172 0.13162721 0.138761011 0.981539433 -0.686290914 0.700405498 -1.05931063 0 0 0 0 0 0 0 0 0 0 0 0 0 0 0 0 0 0 0 0 0 0 0 0 0 0 0 0 0 0 0 0 0 0 0 0 0 0 0 0 0 0 0 0 0 1.09981991 -4.41546852 -4.54478854 -5.74460447 0.994487555 -0.0668507577 0.0690018802 0.0420026081
0.115555556 -0.151644184 -0.0393903967 0.148859795 0.097589305 0.984031041 -0.67233772 0.763655245 -1.0534968 0 0 0 0 0 0 0 0 0 0 0 0 0 0 0 0 0 0 0 0 0 0 0 0 0 0 0 0 0 0 0 0 0 0 0 0 0 0 0 0 0 0 0 0 0 1.13158099 -4.41546852 -4.54478854 -5.74460447 0.995308509 -0.0461729676 0.0765018739 0.0371011177
0.115555556 -0.13479483 -0.0407049972 0.164246145 0.0560796069 0.984823985 -0.655659015 0.826904992 -1.04654734 0 0 0 0 0 0 0 0 0 0 0 0 0 0 0 0 0 0 0 0 0 0 0 0 0 0 0 0 0 0 0 0 0 0 0 0 0 0 0 0 0 0 0 0 0 1.17023787 -4.41546852 -4.54478854 -5.74460447 0.995687849 -0.0254924875 0.0832955012 0.0319014035
0.115555556 -0.117945476 -0.0413145403 0.177657257 0.0153911465 0.983972058 -0.63572242 0.890154739 -1.03824042 0 0 0 0 0 0 0 0 0 0 0 0 0 0 0 0 0 0 0 0 0 0 0 0 0 0 0 0 0 0 0 0 0 0 0 0 0 0 0 0 0 0 0 0 0 1.21750413 -4.41546852 -4.54478854 -5.74460447 0.995632597 -0.00535171407 0.0893606736 0.0264907614
0.115555556 -0.101096123 -0.0412425477 0.189034193 -0.0233667389 0.981692452 -0.611891564 0.953404486 -1.0283109 0 0 0 0 0 0 0 0 0 0 0 0 0 0 0 0 0 0 0 0 0 0 0 0 0 0 0 0 0 0 0 0 0 0 0 0 0 0 0 0 0 0 0 0 0 1.27564686 -4.41546852 -4.54478854 -5.74460447 0.995191783 0.0137344882 0.0946844131 0.0209652283
0.115555556 -0.0842467688 -0.0405277761 0.198389971 -0.0592046638 0.978333393 -0.583405771 1.01665423 -1.01644182 0 0 0 0 0 0 0 0 0 0 0 0 0 0 0 0 0 0 0 0 0 0 0 0 0 0 0 0 0 0 0 0 0 0 0 0 0 0 0 0 0 0 0 0 0 1.3477492 -4.41546852 -4.54478854 -5.74460447 0.994449009 0.0313070383 0.0992631504 0.0154228565
0.115555556 -0.0673974151 -0.0392230311 0.205800525 -0.0913023571 0.97432542 -0.549355782 1.07990398 -1.00225432 0 0 0 0 0 0 0 0 0 0 0 0 0 0 0 0 0 0 0 0 0 0 0 0 0 0 0 0 0 0 0 0 0 0 0 0 0 0 0 0 0 0 0 0 0 1.43815895 -4.41546852 -4.54478854 -5.74460447 0.993510725 0.0469826764 0.103101495 0.00995731806
0.115555556 -0.0505480613 -0.0373935508 0.211387718 -0.119032379 0.970127067 -0.508654729 1.14315373 -0.98529555 0 0 0 0 0 0 0 0 0 0 0 0 0 0 0 0 0 0 0 0 0 0 0 0 0 0 0 0 0 0 0 0 0 0 0 0 0 0 0 0 0 0 0 0 0 1.55331306 -4.41546852 -4.54478854 -5.74460447 0.992492764 0.0604642605 0.106209886 0.00465259411
0.115555556 -0.0336987075 -0.0351150098 0.215298601 -0.141960724 0.966174759 -0.460003445 1.20640347 -0.965024182 0 0 0 0 0 0 0 0 0 0 0 0 0 0 0 0 0 0 0 0 0 0 0 0 0 0 0 0 0 0 0 0 0 0 0 0 0 0 0 0 0 0 0 0 0 1.70339895 -4.41546852 -4.54478854 -5.74460447 0.99150754 0.0715422225 0.108601707 -0.000420883974
0.115555556 -0.0168493538 -0.0324712023 0.217684886 -0.159831302 0.962843313 -0.401848993 1.26965322 -0.94079316 0 0 0 0 0 0 0 0 0 0 0 0 0 0 0 0 0 0 0 0 0 0 0 0 0 0 0 0 0 0 0 0 0 0 0 0 0 0 0 0 0 0 0 0 0 1.90614765 -4.41546852 -4.54478854 -5.74460447 0.990653585 0.0800897388 0.110290423 -0.00520865078
0.115555556 0 -0.0295514785 0.218685453 -0.172542885 0.960419505 -0.332335097 1.33290297 -0.911829037 0 0 0 0 0 0 0 0 0 0 0 0 0 0 0 0 0 0 0 0 0 0 0 0 0 0 0 0 0 0 0 0 0 0 0 0 0 0 0 0 0 0 0 0 0 2.19722458 -4.41546852 -4.54478854 -5.74460447 0.99000817 0.0860547573 0.111287134 -0.00967344272
0.115555556 0.0168493538 -0.026448009 0.218413356 -0.180126061 0.959088217 -0.401848993 1.26965322 -0.94079316 0 0 0 0 0 0 0 0 0 0 0 0 0 0 0 0 0 0 0 0 0 0 0 0 0 0 0 0 0 0 0 0 0 0 0 0 0 0 0 0 0 0 0 0 0 1.90614765 -4.41546852 -4.54478854 -5.74460447 0.989623054 0.0894516936 0.111598773 -0.0137956032
0.115555556 0.0336987075 -0.0232529647 0.216947703 -0.182725388 0.958929156 -0.460003445 1.20640347 -0.965024182 0 0 0 0 0 0 0 0 0 0 0 0 0 0 0 0 0 0 0 0 0 0 0 0 0 0 0 0 0 0 0 0 0 0 0 0 0 0 0 0 0 0 0 0 0 1.70339895 -4.41546852 -4.54478854 -5.74460447 0.989523001 0.0903547538 0.111226977 -0.0175729567
0.115555556 0.0505480613 -0.0200556956 0.214330065 -0.180589098 0.959921976 -0.508654729 1.14315373 -0.98529555 0 0 0 0 0 0 0 0 0 0 0 0 0 0 0 0 0 0 0 0 0 0 0 0 0 0 0 0 0 0 0 0 0 0 0 0 0 0 0 0 0 0 0 0 0 1.55331306 -4.41546852 -4.54478854 -5.74460447 0.98970659 0.088893811 0.110167609 -0.0210203202
0.115555556 0.0673974151 -0.0169399961 0.210564812 -0.174066221 0.961958113 -0.549355782 1.07990398 -1.00225432 0 0 0 0 0 0 0 0 0 0 0 0 0 0 0 0 0 0 0 0 0 0 0 0 0 0 0 0 0 0 0 0 0 0 0 0 0 0 0 0 0 0 0 0 0 1.43815895 -4.41546852 -4.54478854 -5.74460447 0.990148944 0.0852527955 0.108410813 -0.0241686669
0.115555556 0.0842467688 -0.0139815405 0.205622629 -0.163608949 0.964858252 -0.583405771 1.01665423 -1.01644182 0 0 0 0 0 0 0 0 0 0 0 0 0 0 0 0 0 0 0 0 0 0 0 0 0 0 0 0 0 0 0 0 0 0 0 0 0 0 0 0 0 0 0 0 0 1.3477492 -4.41546852 -4.54478854 -5.74460447 0.990806074 0.0796697706 0.105941501 -0.0270638204
0.115555556 0.101096123 -0.0112455672 0.199446402 -0.149776683 0.968394588 -0.611891564 0.953404486 -1.0283109 0 0 0 0 0 0 0 0 0 0 0 0 0 0 0 0 0 0 0 0 0 0 0 0 0 0 0 0 0 0 0 0 0 0 0 0 0 0 0 0 0 0 0 0 0 1.27564686 -4.41546852 -4.54478854 -5.74460447 0.991620578 0.0724373175 0.102740163 -0.0297644748
0.115555556 0.117945476 -0.00878488163 0.191958552 -0.133237503 0.972316657 -0.63572242 0.890154739 -1.03824042 0 0 0 0 0 0 0 0 0 0 0 0 0 0 0 0 0 0 0 0 0 0 0 0 0 0 0 0 0 0 0 0 0 0 0 0 0 0 0 0 0 0 0 0 0 1.21750413 -4.41546852 -4.54478854 -5.74460447 0.992528335 0.0639015988 0.0987838906 -0.0323393241
0.115555556 0.13479483 -0.00663824059 0.183068719 -0.114763011 0.976378664 -0.655659015 0.826904992 -1.04654734 0 0 0 0 0 0 0 0 0 0 0 0 0 0 0 0 0 0 0 0 0 0 0 0 0 0 0 0 0 0 0 0 0 0 0 0 0 0 0 0 0 0 0 0 0 1.17023787 -4.41546852 -4.54478854 -5.74460447 0.993465597 0.0544585671 0.0940475015 -0.0348631568
0.115555556 0.151644184 -0.00482916572 0.172680613 -0.0952136942 0.980365115 -0.67233772 0.763655245 -1.0534968 0 0 0 0 0 0 0 0 0 0 0 0 0 0 0 0 0 0 0 0 0 0 0 0 0 0 0 0 0 0 0 0 0 0 0 0 0 0 0 0 0 0 0 0 0 1.13158099 -4.41546852 -4.54478854 -5.74460447 0.994375636 0.0445462626 0.08850465 -0.0374119202
0.115555556 0.168493538 -0.0033652238 0.160696942 -0.0755140224 0.98411083 -0.686290914 0.700405498 -1.05931063 0 0 0 0 0 0 0 0 0 0 0 0 0 0 0 0 0 0 0 0 0 0 0 0 0 0 0 0 0 0 0 0 0 0 0 0 0 0 0 0 0 0 0 0 0 1.09981991 -4.41546852 -4.54478854 -5.74460447 0.995213975 0.0346329343 0.0821288314 -0.0400569563
0.115555556 0.185342891 -0.00223779509 0.147021762 -0.0566189494 0.987511466 -0.697963982 0.637155751 -1.06417441 0 0 0 0 0 0 0 0 0 0 0 0 0 0 0 0 0 0 0 0 0 0 0 0 0 0 0 0 0 0 0 0 0 0 0 0 0 0 0 0 0 0 0 0 0 1.07363193 -4.41546852 -4.54478854 -5.74460447 0.995951232 0.0252016336 0.0748942222 -0.0428588017
0.115555556 0.202192245 -0.00142233719 0.131560296 -0.0394755467 0.990521867 -0.707729523 0.573906003 -1.06824338 0 0 0 0 0 0 0 0 0 0 0 0 0 0 0 0 0 0 0 0 0 0 0 0 0 0 0 0 0 0 0 0 0 0 0 0 0 0 0 0 0 0 0 0 0 1.05197921 -4.41546852 -4.54478854 -5.74460447 0.996572975 0.0167326803 0.0667763712 -0.0458610772
0.115555556 0.219041599 -0.00087913616 0.114217139 -0.0249844099 0.993141593 -0.715899253 0.510656256 -1.07164743 0 0 0 0 0 0 0 0 0 0 0 0 0 0 0 0 0 0 0 0 0 0 0 0 0 0 0 0 0 0 0 0 0 0 0 0 0 0 0 0 0 0 0 0 0 1.03403711 -4.41546852 -4.54478854 -5.74460447 0.997076455 0.0096857223 0.0577528364 -0.0490850229
0.115555556 0.235890953 -0.000554521933 0.0948945583 -0.0139648326 0.995389374 -0.722733945 0.447406509 -1.07449522 0 0 0 0 0 0 0 0 0 0 0 0 0 0 0 0 0 0 0 0 0 0 0 0 0 0 0 0 0 0 0 0 0 0 0 0 0 0 0 0 0 0 0 0 0 1.01914374 -4.41546852 -4.54478854 -5.74460447 0.997464683 0.00448287159 0.0478039409 -0.0525251713
0.115555556 0.252740306 -0.000382510955 0.0734930644 -0.00712580487 0.99727027 -0.728451764 0.384156762 -1.07687765 0 0 0 0 0 0 0 0 0 0 0 0 0 0 0 0 0 0 0 0 0 0 0 0 0 0 0 0 0 0 0 0 0 0 0 0 0 0 0 0 0 0 0 0 0 1.00676372 -4.41546852 -4.54478854 -5.74460447 0.997738794 0.00149369421 0.0369138678 -0.056146535
0.115555556 0.26958966 -0.000286825604 0.0499164397 -0.00504241544 0.998740669 -0.733235218 0.320907015 -1.07887075 0 0 0 0 0 0 0 0 0 0 0 0 0 0 0 0 0 0 0 0 0 0 0 0 0 0 0 0 0 0 0 0 0 0 0 0 0 0 0 0 0 0 0 0 0 0.99646123 -4.41546852 -4.54478854 -5.74460447 0.99788992 0.00102194383 0.0250723221 -0.0598835746
0.133333333 -0.267283776 -0.0125010148 -0.0113741683 0.345298786 0.938423879 -0.724372949 0.316256194 -1.08280954 0 0 0 0 0 0 0 0 0 0 0 0 0 0 0 0 0 0 0 0 0 0 0 0 0 0 0 0 0 0 0 0 0 0 0 0 0 0 0 0 0 0 0 0 0 0.99646123 -4.41546852 -4.55337864 -5.74460447 0.981903462 -0.175328298 0.00693168692 0.0712567889
0.133333333 -0.25057854 -0.0184426272 0.0120734899 0.32404847 0.945963435 -0.719589494 0.379505941 -1.08081643 0 0 0 0 0 0 0 0 0 0 0 0 0 0 0 0 0 0 0 0 0 0 0 0 0 0 0 0 0 0 0 0 0 0 0 0 0 0 0 0 0 0 0 0 0 1.00676372 -4.41546852 -4.55337864 -5.74460447 0.984022135 -0.16343818 0.0174998215 0.0684262807
0.133333333 -0.233873304 -0.0239195382 0.034977241 0.298004971 0.953923283 -0.713871676 0.442755688 -1.07843401 0 0 0 0 0 0 0 0 0 0 0 0 0 0 0 0 0 0 0 0 0 0 0 0 0 0 0 0 0 0 0 0 0 0 0 0 0 0 0 0 0 0 0 0 0 1.01914374 -4.41546852 -4.55337864 -5.74460447 0.986261816 -0.149254008 0.0275970911 0.0651864348
0.133333333 -0.217168068 -0.0288565127 0.0572007715 0.267420225 0.961880707 -0.707036983 0.506005435 -1.07558622 0 0 0 0 0 0 0 0 0 0 0 0 0 0 0 0 0 0 0 0 0 0 0 0 0 0 0 0 0 0 0 0 0 0 0 0 0 0 0 0 0 0 0 0 0 1.03403711 -4.41546852 -4.55337864 -5.74460447 0.988512503 -0.132948889 0.0372053655 0.061509226
0.133333333 -0.200462832 -0.0331884688 0.0785574548 0.232730875 0.969363227 -0.698867254 0.569255182 -1.07218217 0 0 0 0 0 0 0 0 0 0 0 0 0 0 0 0 0 0 0 0 0 0 0 0 0 0 0 0 0 0 0 0 0 0 0 0 0 0 0 0 0 0 0 0 0 1.05197921 -4.41546852 -4.55337864 -5.74460447 0.99065074 -0.114781878 0.0462980234 0.0573822621
0.133333333 -0.183757596 -0.0368624699 0.098821014 0.194577764 0.97589646 -0.689101713 0.632504929 -1.06811319 0 0 0 0 0 0 0 0 0 0 0 0 0 0 0 0 0 0 0 0 0 0 0 0 0 0 0 0 0 0 0 0 0 0 0 0 0 0 0 0 0 0 0 0 0 1.07363193 -4.41546852 -4.55337864 -5.74460447 0.99255184 -0.0951009406 0.0548414171 0.0528117008
0.133333333 -0.16705236 -0.0398393448 0.117744544 0.153805011 0.981060773 -0.677428645 0.695754676 -1.06324941 0 0 0 0 0 0 0 0 0 0 0 0 0 0 0 0 0 0 0 0 0 0 0 0 0 0 0 0 0 0 0 0 0 0 0 0 0 0 0 0 0 0 0 0 0 1.09981991 -4.41546852 -4.55337864 -5.74460447 0.994104236 -0.0743375349 0.0627976455 0.047824204
0.133333333 -0.150347124 -0.0420948864 0.135085961 0.111431875 0.984547978 -0.66347545 0.759004423 -1.05743558 0 0 0 0 0 0 0 0 0 0 0 0 0 0 0 0 0 0 0 0 0 0 0 0 0 0 0 0 0 0 0 0 0 0 0 0 0 0 0 0 0 0 0 0 0 1.13158099 -4.41546852 -4.55337864 -5.74460447 0.995223855 -0.0529908729 0.0701283005 0.0424672586
0.133333333 -0.133641888 -0.0436205928 0.150635669 0.068596638 0.986206569 -0.646796746 0.82225417 -1.05048612 0 0 0 0 0 0 0 0 0 0 0 0 0 0 0 0 0 0 0 0 0 0 0 0 0 0 0 0 0 0 0 0 0 0 0 0 0 0 0 0 0 0 0 0 0 1.17023787 -4.41546852 -4.55337864 -5.74460447 0.995865704 -0.0316022179 0.0767985375 0.0368073948
0.133333333 -0.116936652 -0.0444239274 0.164240828 0.0264796421 0.986064795 -0.626860151 0.885503918 -1.04217921 0 0 0 0 0 0 0 0 0 0 0 0 0 0 0 0 0 0 0 0 0 0 0 0 0 0 0 0 0 0 0 0 0 0 0 0 0 0 0 0 0 0 0 0 0 1.21750413 -4.41546852 -4.55337864 -5.74460447 0.996030102 -0.0107222923 0.082780645 0.0309262525
0.133333333 -0.100231416 -0.0445280905 0.175820971 -0.0137808996 0.984325694 -0.603029294 0.948753665 -1.03224968 0 0 0 0 0 0 0 0 0 0 0 0 0 0 0 0 0 0 0 0 0 0 0 0 0 0 0 0 0 0 0 0 0 0 0 0 0 0 0 0 0 0 0 0 0 1.27564686 -4.41546852 -4.55337864 -5.74460447 0.995762066 0.00912303359 0.0880563627 0.0249149626
0.133333333 -0.0835261799 -0.043971309 0.185371882 -0.0511644839 0.98133555 -0.574543502 1.01200341 -1.0203806 0 0 0 0 0 0 0 0 0 0 0 0 0 0 0 0 0 0 0 0 0 0 0 0 0 0 0 0 0 0 0 0 0 0 0 0 0 0 0 0 0 0 0 0 0 1.3477492 -4.41546852 -4.55337864 -5.74460447 0.995144102 0.0274630798 0.092617517 0.0188677045
0.133333333 -0.0668209439 -0.0428056669 0.19295781 -0.0848226892 0.977533833 -0.540493513 1.07525316 -1.00619311 0 0 0 0 0 0 0 0 0 0 0 0 0 0 0 0 0 0 0 0 0 0 0 0 0 0 0 0 0 0 0 0 0 0 0 0 0 0 0 0 0 0 0 0 0 1.43815895 -4.41546852 -4.55337864 -5.74460447 0.994284235 0.0439043186 0.0964649899 0.0128754202
0.133333333 -0.0501157079 -0.041095511 0.198694889 -0.114106674 0.973396121 -0.49979246 1.13850291 -0.989234336 0 0 0 0 0 0 0 0 0 0 0 0 0 0 0 0 0 0 0 0 0 0 0 0 0 0 0 0 0 0 0 0 0 0 0 0 0 0 0 0 0 0 0 0 0 1.55331306 -4.41546852 -4.55337864 -5.74460447 0.993301955 0.0581420605 0.0996064274 0.00702048298
0.133333333 -0.033410472 -0.0389154815 0.202730065 -0.138569651 0.969380716 -0.451141176 1.20175265 -0.968962968 0 0 0 0 0 0 0 0 0 0 0 0 0 0 0 0 0 0 0 0 0 0 0 0 0 0 0 0 0 0 0 0 0 0 0 0 0 0 0 0 0 0 0 0 0 1.70339895 -4.41546852 -4.55337864 -5.74460447 0.992314705 0.0699626018 0.102053301 0.00137274456
0.133333333 -0.016705236 -0.0363482277 0.205219767 -0.15795145 0.965886218 -0.392986724 1.2650024 -0.944731946 0 0 0 0 0 0 0 0 0 0 0 0 0 0 0 0 0 0 0 0 0 0 0 0 0 0 0 0 0 0 0 0 0 0 0 0 0 0 0 0 0 0 0 0 0 1.90614765 -4.41546852 -4.55337864 -5.74460447 0.991426752 0.0792384348 0.103817924 -0.00401299755
0.133333333 0 -0.0334818786 0.206311399 -0.172154233 0.963222989 -0.323472828 1.32825215 -0.915767823 0 0 0 0 0 0 0 0 0 0 0 0 0 0 0 0 0 0 0 0 0 0 0 0 0 0 0 0 0 0 0 0 0 0 0 0 0 0 0 0 0 0 0 0 0 2.19722458 -4.41546852 -4.55337864 -5.74460447 0.99072131 0.0859198249 0.104910863 -0.00909834369
0.133333333 0.016705236 -0.0304073453 0.206129306 -0.181217486 0.961598114 -0.392986724 1.2650024 -0.944731946 0 0 0 0 0 0 0 0 0 0 0 0 0 0 0 0 0 0 0 0 0 0 0 0 0 0 0 0 0 0 0 0 0 0 0 0 0 0 0 0 0 0 0 0 0 1.90614765 -4.41546852 -4.55337864 -5.74460447 0.990255981 0.0900257698 0.105338995 -0.0138617792
0.133333333 0.033410472 -0.0272155392 0.204765648 -0.185297917 0.961111706 -0.451141176 1.20175265 -0.968962968 0 0 0 0 0 0 0 0 0 0 0 0 0 0 0 0 0 0 0 0 0 0 0 0 0 0 0 0 0 0 0 0 0 0 0 0 0 0 0 0 0 0 0 0 0 1.70339895 -4.41546852 -4.55337864 -5.74460447 0.990061116 0.0916364615 0.105104262 -0.0182986015
0.133333333 0.0501157079 -0.0239945892 0.202275858 -0.184656939 0.961762077 -0.49979246 1.13850291 -0.989234336 0 0 0 0 0 0 0 0 0 0 0 0 0 0 0 0 0 0 0 0 0 0 0 0 0 0 0 0 0 0 0 0 0 0 0 0 0 0 0 0 0 0 0 0 0 1.55331306 -4.41546852 -4.55337864 -5.74460447 0.990140577 0.0908882948 0.104203068 -0.0224204603
0.133333333 0.0668209439 -0.0208271445 0.198678004 -0.17965576 0.963457762 -0.540493513 1.07525316 -1.00619311 0 0 0 0 0 0 0 0 0 0 0 0 0 0 0 0 0 0 0 0 0 0 0 0 0 0 0 0 0 0 0 0 0 0 0 0 0 0 0 0 0 0 0 0 0 1.43815895 -4.41546852 -4.55337864 -5.74460447 0.990474422 0.0879714547 0.102626226 -0.026254538
0.133333333 0.0835261799 -0.0177878454 0.193955285 -0.170756042 0.966035052 -0.574543502 1.01200341 -1.0203806 0 0 0 0 0 0 0 0 0 0 0 0 0 0 0 0 0 0 0 0 0 0 0 0 0 0 0 0 0 0 0 0 0 0 0 0 0 0 0 0 0 0 0 0 0 1.3477492 -4.41546852 -4.55337864 -5.74460447 0.991023191 0.0831293073 0.100359316 -0.0298422659
0.133333333 0.100231416 -0.0149410387 0.18806083 -0.158522669 0.969279984 -0.603029294 0.948753665 -1.03224968 0 0 0 0 0 0 0 0 0 0 0 0 0 0 0 0 0 0 0 0 0 0 0 0 0 0 0 0 0 0 0 0 0 0 0 0 0 0 0 0 0 0 0 0 0 1.27564686 -4.41546852 -4.55337864 -5.74460447 0.991733466 0.076658264 0.0973833586 -0.0332373907
0.133333333 0.116936652 -0.0123388083 0.180923951 -0.14362452 0.972953504 -0.626860151 0.885503918 -1.04217921 0 0 0 0 0 0 0 0 0 0 0 0 0 0 0 0 0 0 0 0 0 0 0 0 0 0 0 0 0 0 0 0 0 0 0 0 0 0 0 0 0 0 0 0 0 1.21750413 -4.41546852 -4.55337864 -5.74460447 0.992544341 0.0689065412 0.0936756985 -0.0365031956
0.133333333 0.133641888 -0.0100193813 0.172456854 -0.126829296 0.976817774 -0.646796746 0.82225417 -1.05048612 0 0 0 0 0 0 0 0 0 0 0 0 0 0 0 0 0 0 0 0 0 0 0 0 0 0 0 0 0 0 0 0 0 0 0 0 0 0 0 0 0 0 0 0 0 1.17023787 -4.41546852 -4.55337864 -5.74460447 0.993394233 0.0602703233 0.0892109928 -0.0397087424
0.133333333 0.150347124 -0.00800595785 0.162560816 -0.108989622 0.980660616 -0.66347545 0.759004423 -1.05743558 0 0 0 0 0 0 0 0 0 0 0 0 0 0 0 0 0 0 0 0 0 0 0 0 0 0 0 0 0 0 0 0 0 0 0 0 0 0 0 0 0 0 0 0 0 1.13158099 -4.41546852 -4.55337864 -5.74460447 0.994227251 0.0511862901 0.0839622286 -0.0429241411
0.133333333 0.16705236 -0.00630600136 0.151130904 -0.0910195049 0.984314431 -0.677428645 0.695754676 -1.06324941 0 0 0 0 0 0 0 0 0 0 0 0 0 0 0 0 0 0 0 0 0 0 0 0 0 0 0 0 0 0 0 0 0 0 0 0 0 0 0 0 0 0 0 0 0 1.09981991 -4.41546852 -4.55337864 -5.74460447 0.994998184 0.0421202011 0.0779016881 -0.04621503
0.133333333 0.183757596 -0.00491100991 0.138058693 -0.0738625436 0.987665997 -0.689101713 0.632504929 -1.06811319 0 0 0 0 0 0 0 0 0 0 0 0 0 0 0 0 0 0 0 0 0 0 0 0 0 0 0 0 0 0 0 0 0 0 0 0 0 0 0 0 0 0 0 0 0 1.07363193 -4.41546852 -4.55337864 -5.74460447 0.99567525 0.0335520848 0.0710018241 -0.0496366314
0.133333333 0.200462832 -0.00379677647 0.123233075 -0.0584551857 0.990654632 -0.698867254 0.569255182 -1.07218217 0 0 0 0 0 0 0 0 0 0 0 0 0 0 0 0 0 0 0 0 0 0 0 0 0 0 0 0 0 0 0 0 0 0 0 0 0 0 0 0 0 0 0 0 0 1.05197921 -4.41546852 -4.55337864 -5.74460447 0.996239986 0.025959279 0.0632360633 -0.0532278722
0.133333333 0.217168068 -0.00292412982 0.106539978 -0.0456891866 0.993258139 -0.707036983 0.506005435 -1.07558622 0 0 0 0 0 0 0 0 0 0 0 0 0 0 0 0 0 0 0 0 0 0 0 0 0 0 0 0 0 0 0 0 0 0 0 0 0 0 0 0 0 0 0 0 0 1.03403711 -4.41546852 -4.55337864 -5.74460447 0.99668419 0.0197988714 0.0545796209 -0.0570060979
0.133333333 0.233873304 -0.00224013334 0.0878625467 -0.0363768897 0.995468179 -0.713871676 0.442755688 -1.07843401 0 0 0 0 0 0 0 0 0 0 0 0 0 0 0 0 0 0 0 0 0 0 0 0 0 0 0 0 0 0 0 0 0 0 0 0 0 0 0 0 0 0 0 0 0 1.01914374 -4.41546852 -4.55337864 -5.74460447 0.997004322 0.0154908828 0.0450104788 -0.0609628643
0.133333333 0.25057854 -0.00167970517 0.0670837788 -0.0312212006 0.997258744 -0.719589494 0.379505941 -1.08081643 0 0 0 0 0 0 0 0 0 0 0 0 0 0 0 0 0 0 0 0 0 0 0 0 0 0 0 0 0 0 0 0 0 0 0 0 0 0 0 0 0 0 0 0 0 1.00676372 -4.41546852 -4.55337864 -5.74460447 0.99719427 0.0134028962 0.0345107256 -0.0650611954
0.133333333 0.267283776 -0.00116761008 0.0440936213 -0.0307899097 0.99855282 -0.724372949 0.316256194 -1.08280954 0 0 0 0 0 0 0 0 0 0 0 0 0 0 0 0 0 0 0 0 0 0 0 0 0 0 0 0 0 0 0 0 0 0 0 0 0 0 0 0 0 0 0 0 0 0.99646123 -4.41546852 -4.55337864 -5.74460447 0.997237674 0.0138360384 0.0230684659 -0.0692346051
0.151111111 -0.264650179 -0.0131619747 -0.0244143635 0.364078979 0.931048031 -0.71551068 0.31096639 -1.08674833 0 0 0 0 0 0 0 0 0 0 0 0 0 0 0 0 0 0 0 0 0 0 0 0 0 0 0 0 0 0 0 0 0 0 0 0 0 0 0 0 0 0 0 0 0 0.99646123 -4.41546852 -4.56328069 -5.74460447 0.979364147 -0.185657965 0.00266547205 0.0798115478
0.151111111 -0.248109543 -0.0194150448 -0.0016786105 0.342224094 0.939616864 -0.710727225 0.374216137 -1.08475522 0 0 0 0 0 0 0 0 0 0 0 0 0 0 0 0 0 0 0 0 0 0 0 0 0 0 0 0 0 0 0 0 0 0 0 0 0 0 0 0 0 0 0 0 0 1.00676372 -4.41546852 -4.56328069 -5.74460447 0.981816537 -0.173296908 0.0126392015 0.0764507711
0.151111111 -0.231568907 -0.0251846018 0.0206592997 0.315582411 0.94867325 -0.705009407 0.437465884 -1.0823728 0 0 0 0 0 0 0 0 0 0 0 0 0 0 0 0 0 0 0 0 0 0 0 0 0 0 0 0 0 0 0 0 0 0 0 0 0 0 0 0 0 0 0 0 0 1.01914374 -4.41546852 -4.56328069 -5.74460447 0.984403988 -0.158650833 0.0222100896 0.0727008529
0.151111111 -0.21502827 -0.0303965962 0.0424584819 0.284363991 0.957775756 -0.698174714 0.500715631 -1.07952501 0 0 0 0 0 0 0 0 0 0 0 0 0 0 0 0 0 0 0 0 0 0 0 0 0 0 0 0 0 0 0 0 0 0 0 0 0 0 0 0 0 0 0 0 0 1.03403711 -4.41546852 -4.56328069 -5.74460447 0.987011053 -0.141875547 0.0313600285 0.0685350933
0.151111111 -0.198487634 -0.0349869715 0.0635250783 0.248965869 0.966426697 -0.690004985 0.563965379 -1.07612095 0 0 0 0 0 0 0 0 0 0 0 0 0 0 0 0 0 0 0 0 0 0 0 0 0 0 0 0 0 0 0 0 0 0 0 0 0 0 0 0 0 0 0 0 0 1.05197921 -4.41546852 -4.56328069 -5.74460447 0.989507468 -0.123214252 0.0400611982 0.0639399708
0.151111111 -0.181946998 -0.0389036256 0.0836220304 0.209995697 0.974119686 -0.680239443 0.627215126 -1.07205198 0 0 0 0 0 0 0 0 0 0 0 0 0 0 0 0 0 0 0 0 0 0 0 0 0 0 0 0 0 0 0 0 0 0 0 0 0 0 0 0 0 0 0 0 0 1.07363193 -4.41546852 -4.56328069 -5.74460447 0.991760294 -0.103002128 0.0482775146 0.0589182672
0.151111111 -0.165406362 -0.0421080043 0.102487518 0.168275001 0.980397793 -0.668566376 0.690464873 -1.0671882 0 0 0 0 0 0 0 0 0 0 0 0 0 0 0 0 0 0 0 0 0 0 0 0 0 0 0 0 0 0 0 0 0 0 0 0 0 0 0 0 0 0 0 0 0 1.09981991 -4.41546852 -4.56328069 -5.74460447 0.993648611 -0.0816623895 0.055967469 0.05349144
0.151111111 -0.148865726 -0.0445762822 0.119860533 0.124814195 0.984913635 -0.654613181 0.75371462 -1.06137437 0 0 0 0 0 0 0 0 0 0 0 0 0 0 0 0 0 0 0 0 0 0 0 0 0 0 0 0 0 0 0 0 0 0 0 0 0 0 0 0 0 0 0 0 0 1.13158099 -4.41546852 -4.56328069 -5.74460447 0.995078628 -0.0596915269 0.0630880644 0.0477005399
0.151111111 -0.132325089 -0.0463000913 0.135509591 0.0807575267 0.987479302 -0.637934476 0.816964367 -1.05442491 0 0 0 0 0 0 0 0 0 0 0 0 0 0 0 0 0 0 0 0 0 0 0 0 0 0 0 0 0 0 0 0 0 0 0 0 0 0 0 0 0 0 0 0 0 1.17023787 -4.41546852 -4.56328069 -5.74460447 0.995996318 -0.0376337534 0.0695992058 0.0416051232
0.151111111 -0.115784453 -0.0472867773 0.149258885 0.0373044465 0.988094208 -0.617997882 0.880214114 -1.04611799 0 0 0 0 0 0 0 0 0 0 0 0 0 0 0 0 0 0 0 0 0 0 0 0 0 0 0 0 0 0 0 0 0 0 0 0 0 0 0 0 0 0 0 0 0 1.21750413 -4.41546852 -4.56328069 -5.74460447 0.996394714 -0.0160475793 0.0754676838 0.0352800023
0.151111111 -0.0992438171 -0.0475591749 0.161006199 -0.00437871228 0.986943682 -0.594167025 0.943463861 -1.03618847 0 0 0 0 0 0 0 0 0 0 0 0 0 0 0 0 0 0 0 0 0 0 0 0 0 0 0 0 0 0 0 0 0 0 0 0 0 0 0 0 0 0 0 0 0 1.27564686 -4.41546852 -4.56328069 -5.74460447 0.996314114 0.0045301702 0.0806699245 0.0288101964
0.151111111 -0.0827031809 -0.0471549088 0.170728958 -0.0432398517 0.984368802 -0.565681232 1.00671361 -1.02431939 0 0 0 0 0 0 0 0 0 0 0 0 0 0 0 0 0 0 0 0 0 0 0 0 0 0 0 0 0 0 0 0 0 0 0 0 0 0 0 0 0 0 0 0 0 1.3477492 -4.41546852 -4.56328069 -5.74460447 0.99583522 0.0236167999 0.0851929916 0.0222848764
0.151111111 -0.0661625447 -0.046125242 0.178477999 -0.0784009579 0.980815423 -0.531631243 1.06996336 -1.01013189 0 0 0 0 0 0 0 0 0 0 0 0 0 0 0 0 0 0 0 0 0 0 0 0 0 0 0 0 0 0 0 0 0 0 0 0 0 0 0 0 0 0 0 0 0 1.43815895 -4.41546852 -4.56328069 -5.74460447 0.995067006 0.0408077404 0.0890337966 0.0157912738
0.151111111 -0.0496219085 -0.0445335074 0.184361709 -0.109189779 0.976774463 -0.490930191 1.1332131 -0.993173123 0 0 0 0 0 0 0 0 0 0 0 0 0 0 0 0 0 0 0 0 0 0 0 0 0 0 0 0 0 0 0 0 0 0 0 0 0 0 0 0 0 0 0 0 0 1.55331306 -4.41546852 -4.56328069 -5.74460447 0.994132132 0.0557897725 0.0921969066 0.00940938379
0.151111111 -0.0330812724 -0.042453169 0.188524893 -0.135144554 0.9727252 -0.442278907 1.19646285 -0.972901754 0 0 0 0 0 0 0 0 0 0 0 0 0 0 0 0 0 0 0 0 0 0 0 0 0 0 0 0 0 0 0 0 0 0 0 0 0 0 0 0 0 0 0 0 0 1.70339895 -4.41546852 -4.56328069 -5.74460447 0.993152712 0.0683440133 0.0946915833 0.00320794211
0.151111111 -0.0165406362 -0.0399655736 0.191126821 -0.155998953 0.96908971 -0.384124455 1.2597126 -0.948670733 0 0 0 0 0 0 0 0 0 0 0 0 0 0 0 0 0 0 0 0 0 0 0 0 0 0 0 0 0 0 0 0 0 0 0 0 0 0 0 0 0 0 0 0 0 1.90614765 -4.41546852 -4.56328069 -5.74460447 0.992238503 0.0783412736 0.0965287008 -0.00275822801
0.151111111 0 -0.0371574614 0.192321812 -0.171656734 0.96620199 -0.314610559 1.32296234 -0.919706609 0 0 0 0 0 0 0 0 0 0 0 0 0 0 0 0 0 0 0 0 0 0 0 0 0 0 0 0 0 0 0 0 0 0 0 0 0 0 0 0 0 0 0 0 0 2.19722458 -4.41546852 -4.56328069 -5.74460447 0.991478491 0.0857332566 0.0977180306 -0.00844968909
0.151111111 0.0165406362 -0.034118311 0.19224419 -0.18216485 0.964291522 -0.384124455 1.2597126 -0.948670733 0 0 0 0 0 0 0 0 0 0 0 0 0 0 0 0 0 0 0 0 0 0 0 0 0 0 0 0 0 0 0 0 0 0 0 0 0 0 0 0 0 0 0 0 0 1.90614765 -4.41546852 -4.56328069 -5.74460447 0.990935988 0.0905428084 0.0982661641 -0.0138429908
0.151111111 0.0330812724 -0.030937601 0.190998155 -0.187691111 0.963478984 -0.442278907 1.19646285 -0.972901754 0 0 0 0 0 0 0 0 0 0 0 0 0 0 0 0 0 0 0 0 0 0 0 0 0 0 0 0 0 0 0 0 0 0 0 0 0 0 0 0 0 0 0 0 0 1.70339895 -4.41546852 -4.56328069 -5.74460447 0.990646819 0.0928555274 0.0981751459 -0.0189306858
0.151111111 0.0496219085 -0.0277020716 0.188652255 -0.18850943 0.963781366 -0.490930191 1.1332131 -0.993173123 0 0 0 0 0 0 0 0 0 0 0 0 0 0 0 0 0 0 0 0 0 0 0 0 0 0 0 0 0 0 0 0 0 0 0 0 0 0 0 0 0 0 0 0 0 1.55331306 -4.41546852 -4.56328069 -5.74460447 0.990620008 0.0928138987 0.0974417629 -0.0237209349
0.151111111 0.0661625447 -0.0244930696 0.185237768 -0.184992861 0.965124143 -0.531631243 1.06996336 -1.01013189 0 0 0 0 0 0 0 0 0 0 0 0 0 0 0 0 0 0 0 0 0 0 0 0 0 0 0 0 0 0 0 0 0 0 0 0 0 0 0 0 0 0 0 0 0 1.43815895 -4.41546852 -4.56328069 -5.74460447 0.99084043 0.0906140695 0.096057374 -0.0282367376
0.151111111 0.0827031809 -0.021384059 0.180750155 -0.17761253 0.967358863 -0.565681232 1.00671361 -1.02431939 0 0 0 0 0 0 0 0 0 0 0 0 0 0 0 0 0 0 0 0 0 0 0 0 0 0 0 0 0 0 0 0 0 0 0 0 0 0 0 0 0 0 0 0 0 1.3477492 -4.41546852 -4.56328069 -5.74460447 0.991273033 0.0865045407 0.0940081526 -0.0325146985
0.151111111 0.0992438171 -0.0184383726 0.175152789 -0.166939094 0.970284927 -0.594167025 0.943463861 -1.03618847 0 0 0 0 0 0 0 0 0 0 0 0 0 0 0 0 0 0 0 0 0 0 0 0 0 0 0 0 0 0 0 0 0 0 0 0 0 0 0 0 0 0 0 0 0 1.27564686 -4.41546852 -4.56328069 -5.74460447 0.991868273 0.0807854954 0.0912756279 -0.0366031676
0.151111111 0.115784453 -0.0157072736 0.168382129 -0.15364274 0.973674159 -0.617997882 0.880214114 -1.04611799 0 0 0 0 0 0 0 0 0 0 0 0 0 0 0 0 0 0 0 0 0 0 0 0 0 0 0 0 0 0 0 0 0 0 0 0 0 0 0 0 0 0 0 0 0 1.21750413 -4.41546852 -4.56328069 -5.74460447 0.992568386 0.0738072281 0.087837428 -0.0405595736
0.151111111 0.132325089 -0.0132283866 0.160353491 -0.138487909 0.977296197 -0.637934476 0.816964367 -1.05442491 0 0 0 0 0 0 0 0 0 0 0 0 0 0 0 0 0 0 0 0 0 0 0 0 0 0 0 0 0 0 0 0 0 0 0 0 0 0 0 0 0 0 0 0 0 1.17023787 -4.41546852 -4.56328069 -5.74460447 0.993313937 0.0659662244 0.0836681458 -0.0444468343
0.151111111 0.148865726 -0.0110245462 0.150966552 -0.12231996 0.980941857 -0.654613181 0.75371462 -1.06137437 0 0 0 0 0 0 0 0 0 0 0 0 0 0 0 0 0 0 0 0 0 0 0 0 0 0 0 0 0 0 0 0 0 0 0 0 0 0 0 0 0 0 0 0 0 1.13158099 -4.41546852 -4.56328069 -5.74460447 0.994049924 0.0576978606 0.078740258 -0.0483288501
0.151111111 0.165406362 -0.00910309826 0.140109848 -0.106042796 0.984441037 -0.668566376 0.690464873 -1.0671882 0 0 0 0 0 0 0 0 0 0 0 0 0 0 0 0 0 0 0 0 0 0 0 0 0 0 0 0 0 0 0 0 0 0 0 0 0 0 0 0 0 0 0 0 0 1.09981991 -4.41546852 -4.56328069 -5.74460447 0.994730548 0.0494653813 0.0730250467 -0.052265251
0.151111111 0.181946998 -0.00745567474 0.127663834 -0.0905885617 0.987671837 -0.680239443 0.627215126 -1.07205198 0 0 0 0 0 0 0 0 0 0 0 0 0 0 0 0 0 0 0 0 0 0 0 0 0 0 0 0 0 0 0 0 0 0 0 0 0 0 0 0 0 0 0 0 0 1.07363193 -4.41546852 -4.56328069 -5.74460447 0.995321849 0.0417456077 0.0664935007 -0.0563057342
0.151111111 0.198487634 -0.00605845011 0.113502619 -0.0768823154 0.990558562 -0.690004985 0.563965379 -1.07612095 0 0 0 0 0 0 0 0 0 0 0 0 0 0 0 0 0 0 0 0 0 0 0 0 0 0 0 0 0 0 0 0 0 0 0 0 0 0 0 0 0 0 0 0 0 1.05197921 -4.41546852 -4.56328069 -5.74460447 0.995801643 0.0350124803 0.0591172152 -0.0604844502
0.151111111 0.21502827 -0.00487287043 0.0974951393 -0.0658053997 0.993058078 -0.698174714 0.500715631 -1.07952501 0 0 0 0 0 0 0 0 0 0 0 0 0 0 0 0 0 0 0 0 0 0 0 0 0 0 0 0 0 0 0 0 0 0 0 0 0 0 0 0 0 0 0 0 0 1.03403711 -4.41546852 -4.56328069 -5.74460447 0.996156646 0.0297198288 0.0508693675 -0.0648149379
0.151111111 0.231568907 -0.00384683328 0.0795071627 -0.0581607629 0.99513614 -0.705009407 0.437465884 -1.0823728 0 0 0 0 0 0 0 0 0 0 0 0 0 0 0 0 0 0 0 0 0 0 0 0 0 0 0 0 0 0 0 0 0 0 0 0 0 0 0 0 0 0 0 0 0 1.01914374 -4.41546852 -4.56328069 -5.74460447 0.996377192 0.0262845812 0.0417259019 -0.0692860824
0.151111111 0.248109543 -0.00291628242 0.0594059207 -0.0546419531 0.996737274 -0.710727225 0.374216137 -1.08475522 0 0 0 0 0 0 0 0 0 0 0 0 0 0 0 0 0 0 0 0 0 0 0 0 0 0 0 0 0 0 0 0 0 0 0 0 0 0 0 0 0 0 0 0 0 1.00676372 -4.41546852 -4.56328069 -5.74460447 0.996450407 0.0250710527 0.0316671009 -0.07385949
0.151111111 0.264650179 -0.0020071682 0.037069213 -0.0558055211 0.997753285 -0.71551068 0.31096639 -1.08674833 0 0 0 0 0 0 0 0 0 0 0 0 0 0 0 0 0 0 0 0 0 0 0 0 0 0 0 0 0 0 0 0 0 0 0 0 0 0 0 0 0 0 0 0 0 0.99646123 -4.41546852 -4.56328069 -5.74460447 0.99635301 0.0263762447 0.0206797324 -0.0784686045
0.168888889 -0.261433875 -0.0138601053 -0.0377762259 0.381189595 0.923724769 -0.706580044 0.306035951 -1.09065863 0 0 0 0 0 0 0 0 0 0 0 0 0 0 0 0 0 0 0 0 0 0 0 0 0 0 0 0 0 0 0 0 0 0 0 0 0 0 0 0 0 0 0 0 0 0.996608133 -4.41546852 -4.54375949 -5.74460447 0.976778346 -0.195280983 -0.00171840282 0.088127446
0.168888889 -0.244567173 -0.0205813074 -0.0151668578 0.357983089 0.933604881 -0.701619107 0.371262253 -1.08859157 0 0 0 0 0 0 0 0 0 0 0 0 0 0 0 0 0 0 0 0 0 0 0 0 0 0 0 0 0 0 0 0 0 0 0 0 0 0 0 0 0 0 0 0 0 1.00729456 -4.41546852 -4.54375949 -5.74460447 0.979658651 -0.182031312 0.00788422025 0.0840914309
0.168888889 -0.227700471 -0.0267668983 0.00716191967 0.329703564 0.944057343 -0.695655982 0.436488555 -1.08610693 0 0 0 0 0 0 0 0 0 0 0 0 0 0 0 0 0 0 0 0 0 0 0 0 0 0 0 0 0 0 0 0 0 0 0 0 0 0 0 0 0 0 0 0 0 1.02021053 -4.41546852 -4.54375949 -5.74460447 0.982691062 -0.16636658 0.0171315373 0.079667736
0.168888889 -0.21083377 -0.0323377453 0.029049534 0.2965479 0.954576067 -0.688488212 0.501714856 -1.08312036 0 0 0 0 0 0 0 0 0 0 0 0 0 0 0 0 0 0 0 0 0 0 0 0 0 0 0 0 0 0 0 0 0 0 0 0 0 0 0 0 0 0 0 0 0 1.0358403 -4.41546852 -4.54375949 -5.74460447 0.985742676 -0.148444551 0.026003495 0.074829205
0.168888889 -0.193967068 -0.0372259955 0.0502737364 0.258928632 0.964587225 -0.679872439 0.566941158 -1.07953046 0 0 0 0 0 0 0 0 0 0 0 0 0 0 0 0 0 0 0 0 0 0 0 0 0 0 0 0 0 0 0 0 0 0 0 0 0 0 0 0 0 0 0 0 0 1.0547829 -4.41546852 -4.54375949 -5.74460447 0.988663176 -0.128523747 0.034467869 0.0695610335
0.168888889 -0.177100367 -0.0413772832 0.0705616592 0.217504425 0.973505458 -0.669516143 0.63216746 -1.07521533 0 0 0 0 0 0 0 0 0 0 0 0 0 0 0 0 0 0 0 0 0 0 0 0 0 0 0 0 0 0 0 0 0 0 0 0 0 0 0 0 0 0 0 0 0 1.07778441 -4.41546852 -4.54375949 -5.74460447 0.991299174 -0.106969844 0.0424820356 0.063864515
0.168888889 -0.160233665 -0.0447524997 0.0896114747 0.173185059 0.980804119 -0.657067712 0.697393761 -1.07002849 0 0 0 0 0 0 0 0 0 0 0 0 0 0 0 0 0 0 0 0 0 0 0 0 0 0 0 0 0 0 0 0 0 0 0 0 0 0 0 0 0 0 0 0 0 1.10578211 -4.41546852 -4.54375949 -5.74460447 0.993511869 -0.0842513633 0.049996485 0.0577600618
0.168888889 -0.143366963 -0.047329066 0.1071229 0.127100645 0.986088287 -0.6421045 0.762620063 -1.06379382 0 0 0 0 0 0 0 0 0 0 0 0 0 0 0 0 0 0 0 0 0 0 0 0 0 0 0 0 0 0 0 0 0 0 0 0 0 0 0 0 0 0 0 0 0 1.13996655 -4.41546852 -4.54375949 -5.74460447 0.995195268 -0.0609216494 0.0569597134 0.0512886208
0.168888889 -0.126500262 -0.0491016672 0.122831527 0.0805329121 0.989154622 -0.624118483 0.827846365 -1.05629964 0 0 0 0 0 0 0 0 0 0 0 0 0 0 0 0 0 0 0 0 0 0 0 0 0 0 0 0 0 0 0 0 0 0 0 0 0 0 0 0 0 0 0 0 0 1.18187151 -4.41546852 -4.54375949 -5.74460447 0.996291173 -0.0375872758 0.0633236586 0.0445107725
0.168888889 -0.10963356 -0.0500824256 0.136539704 0.0348177427 0.990022542 -0.602499007 0.893072667 -1.04729153 0 0 0 0 0 0 0 0 0 0 0 0 0 0 0 0 0 0 0 0 0 0 0 0 0 0 0 0 0 0 0 0 0 0 0 0 0 0 0 0 0 0 0 0 0 1.23350964 -4.41546852 -4.54375949 -5.74460447 0.996797258 -0.0148669379 0.069048556 0.0375032957
0.168888889 -0.0927668587 -0.0503005065 0.148136849 -0.00876224269 0.988928055 -0.576512053 0.958298968 -1.03646363 0 0 0 0 0 0 0 0 0 0 0 0 0 0 0 0 0 0 0 0 0 0 0 0 0 0 0 0 0 0 0 0 0 0 0 0 0 0 0 0 0 0 0 0 0 1.29758599 -4.41546852 -4.54375949 -5.74460447 0.996766113 0.00665202473 0.0741061624 0.0303536361
0.168888889 -0.0759001571 -0.0498011687 0.157604926 -0.049073029 0.986282173 -0.545275324 1.02352527 -1.02344833 0 0 0 0 0 0 0 0 0 0 0 0 0 0 0 0 0 0 0 0 0 0 0 0 0 0 0 0 0 0 0 0 0 0 0 0 0 0 0 0 0 0 0 0 0 1.37785328 -4.41546852 -4.54375949 -5.74460447 0.996295646 0.0264515848 0.0784807431 0.0231532505
0.168888889 -0.0590334555 -0.0486442917 0.165009126 -0.0851953821 0.982605585 -0.507728282 1.08875157 -1.00780373 0 0 0 0 0 0 0 0 0 0 0 0 0 0 0 0 0 0 0 0 0 0 0 0 0 0 0 0 0 0 0 0 0 0 0 0 0 0 0 0 0 0 0 0 0 1.4797429 -4.41546852 -4.54375949 -5.74460447 0.995513476 0.0441095346 0.0821678563 0.0159909861
0.168888889 -0.042166754 -0.0469024275 0.170477606 -0.116455038 0.978455727 -0.462596143 1.15397787 -0.988998668 0 0 0 0 0 0 0 0 0 0 0 0 0 0 0 0 0 0 0 0 0 0 0 0 0 0 0 0 0 0 0 0 0 0 0 0 0 0 0 0 0 0 0 0 0 1.61158305 -4.41546852 -4.54375949 -5.74460447 0.994559102 0.0593122983 0.0851715196 0.00894743912
0.168888889 -0.0253000524 -0.044658439 0.174175957 -0.142420689 0.974360859 -0.408346597 1.21920418 -0.966394691 0 0 0 0 0 0 0 0 0 0 0 0 0 0 0 0 0 0 0 0 0 0 0 0 0 0 0 0 0 0 0 0 0 0 0 0 0 0 0 0 0 0 0 0 0 1.78722184 -4.41546852 -4.54375949 -5.74460447 0.993567339 0.0718555116 0.0875006057 0.00209078701
0.168888889 -0.00843335079 -0.0420028035 0.176281802 -0.162880358 0.970770166 -0.343137785 1.28443048 -0.939224352 0 0 0 0 0 0 0 0 0 0 0 0 0 0 0 0 0 0 0 0 0 0 0 0 0 0 0 0 0 0 0 0 0 0 0 0 0 0 0 0 0 0 0 0 0 2.03261292 -4.41546852 -4.54375949 -5.74460447 0.992655328 0.0816362202 0.0891652651 -0.00452586681
0.168888889 0.00843335079 -0.0390306689 0.176963216 -0.177808544 0.9680228 -0.343137785 1.28443048 -0.939224352 0 0 0 0 0 0 0 0 0 0 0 0 0 0 0 0 0 0 0 0 0 0 0 0 0 0 0 0 0 0 0 0 0 0 0 0 0 0 0 0 0 0 0 0 0 2.03261292 -4.41546852 -4.54375949 -5.74460447 0.991913974 0.0886412063 0.0901739233 -0.0108658996
0.168888889 0.0253000524 -0.0358387563 0.176362731 -0.18733439 0.966334318 -0.408346597 1.21920418 -0.966394691 0 0 0 0 0 0 0 0 0 0 0 0 0 0 0 0 0 0 0 0 0 0 0 0 0 0 0 0 0 0 0 0 0 0 0 0 0 0 0 0 0 0 0 0 0 1.78722184 -4.41546852 -4.54375949 -5.74460447 0.991403662 0.0929352458 0.090531107 -0.0169096803
0.168888889 0.042166754 -0.0325222136 0.174587115 -0.191717241 0.965796997 -0.462596143 1.15397787 -0.988998668 0 0 0 0 0 0 0 0 0 0 0 0 0 0 0 0 0 0 0 0 0 0 0 0 0 0 0 0 0 0 0 0 0 0 0 0 0 0 0 0 0 0 0 0 0 1.61158305 -4.41546852 -4.54375949 -5.74460447 0.991153506 0.0946517051 0.0902361147 -0.0226544693
0.168888889 0.0590334555 -0.0291715181 0.171702281 -0.191331877 0.966390418 -0.507728282 1.08875157 -1.00780373 0 0 0 0 0 0 0 0 0 0 0 0 0 0 0 0 0 0 0 0 0 0 0 0 0 0 0 0 0 0 0 0 0 0 0 0 0 0 0 0 0 0 0 0 0 1.4797429 -4.41546852 -4.54375949 -5.74460447 0.991163367 0.0939863901 0.0892824149 -0.0281138395
0.168888889 0.0759001571 -0.0258695327 0.167732329 -0.186662395 0.967999492 -0.545275324 1.02352527 -1.02344833 0 0 0 0 0 0 0 0 0 0 0 0 0 0 0 0 0 0 0 0 0 0 0 0 0 0 0 0 0 0 0 0 0 0 0 0 0 0 0 0 0 0 0 0 0 1.37785328 -4.41546852 -4.54375949 -5.74460447 0.991407964 0.0911942897 0.0876576044 -0.0333165912
0.168888889 0.0927668587 -0.0226888094 0.162661666 -0.178301425 0.970437934 -0.576512053 0.958298968 -1.03646363 0 0 0 0 0 0 0 0 0 0 0 0 0 0 0 0 0 0 0 0 0 0 0 0 0 0 0 0 0 0 0 0 0 0 0 0 0 0 0 0 0 0 0 0 0 1.29758599 -4.41546852 -4.54375949 -5.74460447 0.991842575 0.086587953 0.0853437709 -0.0383050114
0.168888889 0.10963356 -0.0196892276 0.156439269 -0.166950054 0.973475441 -0.602499007 0.893072667 -1.04729153 0 0 0 0 0 0 0 0 0 0 0 0 0 0 0 0 0 0 0 0 0 0 0 0 0 0 0 0 0 0 0 0 0 0 0 0 0 0 0 0 0 0 0 0 0 1.23350964 -4.41546852 -4.54375949 -5.74460447 0.992409858 0.0805357361 0.0823181308 -0.0431322803
0.168888889 0.126500262 -0.0169160463 0.148984121 -0.153413691 0.976866404 -0.624118483 0.827846365 -1.05629964 0 0 0 0 0 0 0 0 0 0 0 0 0 0 0 0 0 0 0 0 0 0 0 0 0 0 0 0 0 0 0 0 0 0 0 0 0 0 0 0 0 0 0 0 0 1.18187151 -4.41546852 -4.54375949 -5.74460447 0.993047195 0.073458087 0.0785538505 -0.0478588639
0.168888889 0.143366963 -0.0143984307 0.140190939 -0.138589922 0.980377139 -0.6421045 0.762620063 -1.06379382 0 0 0 0 0 0 0 0 0 0 0 0 0 0 0 0 0 0 0 0 0 0 0 0 0 0 0 0 0 0 0 0 0 0 0 0 0 0 0 0 0 0 0 0 0 1.13996655 -4.41546852 -4.54375949 -5.74460447 0.993693762 0.0658203969 0.0740209834 -0.0525478479
0.168888889 0.160233665 -0.0121485031 0.129935396 -0.123446354 0.983807802 -0.657067712 0.697393761 -1.07002849 0 0 0 0 0 0 0 0 0 0 0 0 0 0 0 0 0 0 0 0 0 0 0 0 0 0 0 0 0 0 0 0 0 0 0 0 0 0 0 0 0 0 0 0 0 1.10578211 -4.41546852 -4.54375949 -5.74460447 0.994296368 0.058121681 0.0686874761 -0.057259354
0.168888889 0.177100367 -0.0101609486 0.118078326 -0.108988811 0.98700504 -0.669516143 0.63216746 -1.07521533 0 0 0 0 0 0 0 0 0 0 0 0 0 0 0 0 0 0 0 0 0 0 0 0 0 0 0 0 0 0 0 0 0 0 0 0 0 0 0 0 0 0 0 0 0 1.07778441 -4.41546852 -4.54375949 -5.74460447 0.994813056 0.0508792854 0.0625202251 -0.0620443723
0.168888889 0.193967068 -0.00841318816 0.104468926 -0.096222612 0.98986234 -0.679872439 0.566941158 -1.07953046 0 0 0 0 0 0 0 0 0 0 0 0 0 0 0 0 0 0 0 0 0 0 0 0 0 0 0 0 0 0 0 0 0 0 0 0 0 0 0 0 0 0 0 0 0 1.0547829 -4.41546852 -4.54375949 -5.74460447 0.995213749 0.0446106599 0.0554862048 -0.06693851
0.168888889 0.21083377 -0.00686611305 0.0889476805 -0.0861108914 0.992307021 -0.688488212 0.501714856 -1.08312036 0 0 0 0 0 0 0 0 0 0 0 0 0 0 0 0 0 0 0 0 0 0 0 0 0 0 0 0 0 0 0 0 0 0 0 0 0 0 0 0 0 0 0 0 0 1.0358403 -4.41546852 -4.54375949 -5.74460447 0.99547768 0.039813708 0.0475537382 -0.0719562381
0.168888889 0.227700471 -0.00546535776 0.0713504276 -0.079533802 0.99427536 -0.695655982 0.436488555 -1.08610693 0 0 0 0 0 0 0 0 0 0 0 0 0 0 0 0 0 0 0 0 0 0 0 0 0 0 0 0 0 0 0 0 0 0 0 0 0 0 0 0 0 0 0 0 0 1.02021053 -4.41546852 -4.54375949 -5.74460447 0.995587965 0.0369471354 0.0386940481 -0.077086213
0.168888889 0.244567173 -0.0041430692 0.051515511 -0.0772508511 0.995679897 -0.701619107 0.371262253 -1.08859157 0 0 0 0 0 0 0 0 0 0 0 0 0 0 0 0 0 0 0 0 0 0 0 0 0 0 0 0 0 0 0 0 0 0 0 0 0 0 0 0 0 0 0 0 0 1.00729456 -4.41546852 -4.54375949 -5.74460447 0.995524286 0.0364116414 0.0288832765 -0.0822881803
0.168888889 0.261433875 -0.00282011475 0.0292960768 -0.0798664561 0.996374974 -0.706580044 0.306035951 -1.09065863 0 0 0 0 0 0 0 0 0 0 0 0 0 0 0 0 0 0 0 0 0 0 0 0 0 0 0 0 0 0 0 0 0 0 0 0 0 0 0 0 0 0 0 0 0 0.996608133 -4.41546852 -4.54375949 -5.74460447 0.995255071 0.0385320029 0.018105184 -0.0874918895
0.186666667 -0.258149736 -0.0143832402 -0.0520431319 0.397200198 0.916255158 -0.697717774 0.299499589 -1.09459741 0 0 0 0 0 0 0 0 0 0 0 0 0 0 0 0 0 0 0 0 0 0 0 0 0 0 0 0 0 0 0 0 0 0 0 0 0 0 0 0 0 0 0 0 0 0.996608133 -4.41546852 -4.55640108 -5.74460447 0.974090258 -0.204524513 -0.0064918716 0.0963106903
0.186666667 -0.241494915 -0.0213559812 -0.0303486796 0.373580484 0.92710117 -0.692756837 0.364725891 -1.09253036 0 0 0 0 0 0 0 0 0 0 0 0 0 0 0 0 0 0 0 0 0 0 0 0 0 0 0 0 0 0 0 0 0 0 0 0 0 0 0 0 0 0 0 0 0 1.00729456 -4.41546852 -4.55640108 -5.74460447 0.977313082 -0.190902383 0.00238641918 0.091704557
0.186666667 -0.224840093 -0.027778105 -0.00879472505 0.34490469 0.93859651 -0.686793713 0.429952192 -1.09004572 0 0 0 0 0 0 0 0 0 0 0 0 0 0 0 0 0 0 0 0 0 0 0 0 0 0 0 0 0 0 0 0 0 0 0 0 0 0 0 0 0 0 0 0 0 1.02021053 -4.41546852 -4.55640108 -5.74460447 0.98070064 -0.174874523 0.0109839239 0.0867439323
0.186666667 -0.208185271 -0.0335720732 0.0124584492 0.311325157 0.950221781 -0.679625943 0.495178494 -1.08705915 0 0 0 0 0 0 0 0 0 0 0 0 0 0 0 0 0 0 0 0 0 0 0 0 0 0 0 0 0 0 0 0 0 0 0 0 0 0 0 0 0 0 0 0 0 1.0358403 -4.41546852 -4.55640108 -5.74460447 0.984116062 -0.156580105 0.0192815997 0.0814031092
0.186666667 -0.19153045 -0.0386713994 0.0331873197 0.273210251 0.961381694 -0.671010169 0.560404796 -1.08346924 0 0 0 0 0 0 0 0 0 0 0 0 0 0 0 0 0 0 0 0 0 0 0 0 0 0 0 0 0 0 0 0 0 0 0 0 0 0 0 0 0 0 0 0 0 1.0547829 -4.41546852 -4.55640108 -5.74460447 0.987403426 -0.136259858 0.027247098 0.0756658505
0.186666667 -0.174875628 -0.0430228134 0.0531146778 0.231179438 0.971460189 -0.660653874 0.625631097 -1.07915412 0 0 0 0 0 0 0 0 0 0 0 0 0 0 0 0 0 0 0 0 0 0 0 0 0 0 0 0 0 0 0 0 0 0 0 0 0 0 0 0 0 0 0 0 0 1.07778441 -4.41546852 -4.55640108 -5.74460447 0.990401832 -0.1142643 0.0348364072 0.0695291758
0.186666667 -0.158220806 -0.0465879943 0.0719298917 0.186113425 0.979891772 -0.648205442 0.690857399 -1.07396727 0 0 0 0 0 0 0 0 0 0 0 0 0 0 0 0 0 0 0 0 0 0 0 0 0 0 0 0 0 0 0 0 0 0 0 0 0 0 0 0 0 0 0 0 0 1.10578211 -4.41546852 -4.55640108 -5.74460447 0.992963262 -0.0910513036 0.0419973136 0.0630067164
0.186666667 -0.141565984 -0.0493448179 0.0893187012 0.139127778 0.986238121 -0.633242231 0.756083701 -1.0677326 0 0 0 0 0 0 0 0 0 0 0 0 0 0 0 0 0 0 0 0 0 0 0 0 0 0 0 0 0 0 0 0 0 0 0 0 0 0 0 0 0 0 0 0 0 1.13996655 -4.41546852 -4.55640108 -5.74460447 0.994971556 -0.0671695168 0.048674383 0.05613076
0.186666667 -0.124911163 -0.0512880762 0.104997977 0.0915063783 0.990253507 -0.615256214 0.821310003 -1.06023843 0 0 0 0 0 0 0 0 0 0 0 0 0 0 0 0 0 0 0 0 0 0 0 0 0 0 0 0 0 0 0 0 0 0 0 0 0 0 0 0 0 0 0 0 0 1.18187151 -4.41546852 -4.55640108 -5.74460447 0.996358588 -0.0432272992 0.054814663 0.0489522011
0.186666667 -0.108256341 -0.0524296476 0.118748258 0.0446028271 0.991922093 -0.593636737 0.886536304 -1.05123031 0 0 0 0 0 0 0 0 0 0 0 0 0 0 0 0 0 0 0 0 0 0 0 0 0 0 0 0 0 0 0 0 0 0 0 0 0 0 0 0 0 0 0 0 0 1.23350964 -4.41546852 -4.55640108 -5.74460447 0.997113653 -0.0198509359 0.0603729553 0.0415380415
0.186666667 -0.0916015194 -0.0527981097 0.130436568 -0.000271320267 0.991456619 -0.567649784 0.951762606 -1.04040242 0 0 0 0 0 0 0 0 0 0 0 0 0 0 0 0 0 0 0 0 0 0 0 0 0 0 0 0 0 0 0 0 0 0 0 0 0 0 0 0 0 0 0 0 0 1.29758599 -4.41546852 -4.55640108 -5.74460447 0.997283597 0.00236062645 0.0653155244 0.0339667166
0.186666667 -0.0749466977 -0.0524378095 0.140024577 -0.0419482271 0.989259048 -0.536413055 1.01698891 -1.02738711 0 0 0 0 0 0 0 0 0 0 0 0 0 0 0 0 0 0 0 0 0 0 0 0 0 0 0 0 0 0 0 0 0 0 0 0 0 0 0 0 0 0 0 0 0 1.37785328 -4.41546852 -4.55640108 -5.74460447 0.996963726 0.0228761563 0.0696215302 0.0263220945
0.186666667 -0.058291876 -0.0514074205 0.147561465 -0.0794764048 0.98585451 -0.498866013 1.08221521 -1.01174251 0 0 0 0 0 0 0 0 0 0 0 0 0 0 0 0 0 0 0 0 0 0 0 0 0 0 0 0 0 0 0 0 0 0 0 0 0 0 0 0 0 0 0 0 0 1.4797429 -4.41546852 -4.55640108 -5.74460447 0.99628211 0.0412610477 0.073282132 0.0186872465
0.186666667 -0.0416370543 -0.049778033 0.153164932 -0.112155857 0.981815445 -0.453733873 1.14744151 -0.992937454 0 0 0 0 0 0 0 0 0 0 0 0 0 0 0 0 0 0 0 0 0 0 0 0 0 0 0 0 0 0 0 0 0 0 0 0 0 0 0 0 0 0 0 0 0 1.61158305 -4.41546852 -4.55640108 -5.74460447 0.995381156 0.0571919667 0.0762978149 0.0111389513
0.186666667 -0.0249822326 -0.0476308405 0.156996006 -0.139538706 0.977691773 -0.399484328 1.21266781 -0.970333477 0 0 0 0 0 0 0 0 0 0 0 0 0 0 0 0 0 0 0 0 0 0 0 0 0 0 0 0 0 0 0 0 0 0 0 0 0 0 0 0 0 0 0 0 0 1.78722184 -4.41546852 -4.55640108 -5.74460447 0.994400258 0.0704584204 0.0786748015 0.00374348795
0.186666667 -0.00832741085 -0.045054498 0.159233237 -0.161405963 0.973957336 -0.334275516 1.27789411 -0.943163139 0 0 0 0 0 0 0 0 0 0 0 0 0 0 0 0 0 0 0 0 0 0 0 0 0 0 0 0 0 0 0 0 0 0 0 0 0 0 0 0 0 0 0 0 0 2.03261292 -4.41546852 -4.55640108 -5.74460447 0.993462023 0.0809551182 0.0804213969 -0.00344617016
0.186666667 0.00832741085 -0.0421422363 0.160050256 -0.177733379 0.97097619 -0.334275516 1.27789411 -0.943163139 0 0 0 0 0 0 0 0 0 0 0 0 0 0 0 0 0 0 0 0 0 0 0 0 0 0 0 0 0 0 0 0 0 0 0 0 0 0 0 0 0 0 0 0 0 2.03261292 -4.41546852 -4.55640108 -5.74460447 0.992663136 0.0886698372 0.081544865 -0.0103919595
0.186666667 0.0249822326 -0.0389888283 0.159598709 -0.18865741 0.968987427 -0.399484328 1.21266781 -0.970333477 0 0 0 0 0 0 0 0 0 0 0 0 0 0 0 0 0 0 0 0 0 0 0 0 0 0 0 0 0 0 0 0 0 0 0 0 0 0 0 0 0 0 0 0 0 1.78722184 -4.41546852 -4.55640108 -5.74460447 0.992069695 0.093670847 0.0820491251 -0.0170714381
0.186666667 0.0416370543 -0.0356875051 0.15799689 -0.194448208 0.968104786 -0.453733873 1.14744151 -0.992937454 0 0 0 0 0 0 0 0 0 0 0 0 0 0 0 0 0 0 0 0 0 0 0 0 0 0 0 0 0 0 0 0 0 0 0 0 0 0 0 0 0 0 0 0 0 1.61158305 -4.41546852 -4.55640108 -5.74460447 0.991716281 0.0960965212 0.0819332987 -0.0234778677
0.186666667 0.058291876 -0.0323269214 0.155323471 -0.195492348 0.968327094 -0.498866013 1.08221521 -1.01174251 0 0 0 0 0 0 0 0 0 0 0 0 0 0 0 0 0 0 0 0 0 0 0 0 0 0 0 0 0 0 0 0 0 0 0 0 0 0 0 0 0 0 0 0 0 1.4797429 -4.41546852 -4.55640108 -5.74460447 0.991607894 0.0961481995 0.0811909889 -0.0296197928
0.186666667 0.0749466977 -0.0289882709 0.151615323 -0.192284493 0.969556325 -0.536413055 1.01698891 -1.02738711 0 0 0 0 0 0 0 0 0 0 0 0 0 0 0 0 0 0 0 0 0 0 0 0 0 0 0 0 0 0 0 0 0 0 0 0 0 0 0 0 0 0 0 0 0 1.37785328 -4.41546852 -4.55640108 -5.74460447 0.991723996 0.0940860396 0.0798101158 -0.0355201009
0.186666667 0.0916015194 -0.0257426438 0.146868392 -0.185424799 0.971620975 -0.567649784 0.951762606 -1.04040242 0 0 0 0 0 0 0 0 0 0 0 0 0 0 0 0 0 0 0 0 0 0 0 0 0 0 0 0 0 0 0 0 0 0 0 0 0 0 0 0 0 0 0 0 0 1.29758599 -4.41546852 -4.55640108 -5.74460447 0.992024122 0.0902266603 0.0777731459 -0.0412144326
0.186666667 0.108256341 -0.0226487135 0.141040721 -0.175617597 0.974302815 -0.593636737 0.886536304 -1.05123031 0 0 0 0 0 0 0 0 0 0 0 0 0 0 0 0 0 0 0 0 0 0 0 0 0 0 0 0 0 0 0 0 0 0 0 0 0 0 0 0 0 0 0 0 0 1.23350964 -4.41546852 -4.55640108 -5.74460447 0.992454513 0.0849408689 0.0750575878 -0.0467487701
0.186666667 0.124911163 -0.0197508272 0.134056757 -0.163666666 0.977364829 -0.615256214 0.821310003 -1.06023843 0 0 0 0 0 0 0 0 0 0 0 0 0 0 0 0 0 0 0 0 0 0 0 0 0 0 0 0 0 0 0 0 0 0 0 0 0 0 0 0 0 0 0 0 0 1.18187151 -4.41546852 -4.55640108 -5.74460447 0.992955222 0.0786496829 0.0716366737 -0.0521760626
0.186666667 0.141565984 -0.0170775625 0.125812222 -0.150463235 0.980577432 -0.633242231 0.756083701 -1.0677326 0 0 0 0 0 0 0 0 0 0 0 0 0 0 0 0 0 0 0 0 0 0 0 0 0 0 0 0 0 0 0 0 0 0 0 0 0 0 0 0 0 0 0 0 0 1.13996655 -4.41546852 -4.55640108 -5.74460447 0.993466909 0.0718171964 0.067480178 -0.0575518558
0.186666667 0.158220806 -0.0146407976 0.116178919 -0.136964627 0.983739371 -0.648205442 0.690857399 -1.07396727 0 0 0 0 0 0 0 0 0 0 0 0 0 0 0 0 0 0 0 0 0 0 0 0 0 0 0 0 0 0 0 0 0 0 0 0 0 0 0 0 0 0 0 0 0 1.10578211 -4.41546852 -4.55640108 -5.74460447 0.993936426 0.0649395295 0.062555352 -0.0629290588
0.186666667 0.174875628 -0.0124353247 0.105009116 -0.124163707 0.986689647 -0.660653874 0.625631097 -1.07915412 0 0 0 0 0 0 0 0 0 0 0 0 0 0 0 0 0 0 0 0 0 0 0 0 0 0 0 0 0 0 0 0 0 0 0 0 0 0 0 0 0 0 0 0 0 1.07778441 -4.41546852 -4.55640108 -5.74460447 0.994320273 0.0585299729 0.0568279752 -0.0683521599
0.186666667 0.19153045 -0.0104390194 0.0921395819 -0.113051458 0.98930767 -0.671010169 0.560404796 -1.08346924 0 0 0 0 0 0 0 0 0 0 0 0 0 0 0 0 0 0 0 0 0 0 0 0 0 0 0 0 0 0 0 0 0 0 0 0 0 0 0 0 0 0 0 0 0 1.0547829 -4.41546852 -4.55640108 -5.74460447 0.994585246 0.0531012274 0.0502635534 -0.0738513559
0.186666667 0.208185271 -0.008613561 0.0773959493 -0.104576202 0.991500724 -0.679625943 0.495178494 -1.08705915 0 0 0 0 0 0 0 0 0 0 0 0 0 0 0 0 0 0 0 0 0 0 0 0 0 0 0 0 0 0 0 0 0 0 0 0 0 0 0 0 0 0 0 0 0 1.0358403 -4.41546852 -4.55640108 -5.74460447 0.994706038 0.0491460864 0.0428287331 -0.0794371445
0.186666667 0.224840093 -0.00690567911 0.0605986604 -0.0996029256 0.993180275 -0.686793713 0.429952192 -1.09004572 0 0 0 0 0 0 0 0 0 0 0 0 0 0 0 0 0 0 0 0 0 0 0 0 0 0 0 0 0 0 0 0 0 0 0 0 0 0 0 0 0 0 0 0 0 1.02021053 -4.41546852 -4.55640108 -5.74460447 0.994660153 0.0471178463 0.0344930548 -0.0850959308
0.186666667 0.241494915 -0.00524888751 0.0415722343 -0.0988747717 0.994231124 -0.692756837 0.364725891 -1.09253036 0 0 0 0 0 0 0 0 0 0 0 0 0 0 0 0 0 0 0 0 0 0 0 0 0 0 0 0 0 0 0 0 0 0 0 0 0 0 0 0 0 0 0 0 0 1.00729456 -4.41546852 -4.55640108 -5.74460447 0.994421065 0.0474112202 0.0252312101 -0.0907871538
0.186666667 0.258149736 -0.00356564772 0.0201596358 -0.102976929 0.994479432 -0.697717774 0.299499589 -1.09459741 0 0 0 0 0 0 0 0 0 0 0 0 0 0 0 0 0 0 0 0 0 0 0 0 0 0 0 0 0 0 0 0 0 0 0 0 0 0 0 0 0 0 0 0 0 0.996608133 -4.41546852 -4.55640108 -5.74460447 0.993950997 0.0503438523 0.0150259906 -0.09644237
0.204444444 -0.254274956 -0.0149477205 -0.0664039071 0.41142247 0.909022592 -0.688782517 0.29341006 -1.09850579 0 0 0 0 0 0 0 0 0 0 0 0 0 0 0 0 0 0 0 0 0 0 0 0 0 0 0 0 0 0 0 0 0 0 0 0 0 0 0 0 0 0 0 0 0 0.996764974 -4.41546852 -4.53873486 -5.74460447 0.971414927 -0.212979852 -0.0113263762 0.104232125
0.204444444 -0.237323292 -0.0223481782 -0.0450365637 0.386538147 0.921173148 -0.683630588 0.360740436 -1.09635915 0 0 0 0 0 0 0 0 0 0 0 0 0 0 0 0 0 0 0 0 0 0 0 0 0 0 0 0 0 0 0 0 0 0 0 0 0 0 0 0 0 0 0 0 0 1.00786469 -4.41546852 -4.53873486 -5.74460447 0.975095888 -0.198505983 -0.00296657101 0.0988664943
0.204444444 -0.220371628 -0.0291447182 -0.0236871052 0.356294655 0.934073359 -0.677401022 0.428070812 -1.0937635 0 0 0 0 0 0 0 0 0 0 0 0 0 0 0 0 0 0 0 0 0 0 0 0 0 0 0 0 0 0 0 0 0 0 0 0 0 0 0 0 0 0 0 0 0 1.0213632 -4.41546852 -4.53873486 -5.74460447 0.978957344 -0.181484333 0.00517277945 0.0931622183
0.204444444 -0.203419964 -0.0352546801 -0.00253365179 0.320826659 0.947134539 -0.669868408 0.495401188 -1.09062491 0 0 0 0 0 0 0 0 0 0 0 0 0 0 0 0 0 0 0 0 0 0 0 0 0 0 0 0 0 0 0 0 0 0 0 0 0 0 0 0 0 0 0 0 0 1.03780065 -4.41546852 -4.53873486 -5.74460447 0.982843847 -0.162055146 0.0130713455 0.0870932999
0.204444444 -0.186468301 -0.0406078755 0.0181735288 0.280517181 0.959676942 -0.660760184 0.562731564 -1.08682982 0 0 0 0 0 0 0 0 0 0 0 0 0 0 0 0 0 0 0 0 0 0 0 0 0 0 0 0 0 0 0 0 0 0 0 0 0 0 0 0 0 0 0 0 0 1.05785014 -4.41546852 -4.53873486 -5.74460447 0.986577626 -0.140475416 0.0206926633 0.0806415425
0.204444444 -0.169516637 -0.0451490217 0.0381224854 0.236041512 0.970994892 -0.649746779 0.63006194 -1.0822409 0 0 0 0 0 0 0 0 0 0 0 0 0 0 0 0 0 0 0 0 0 0 0 0 0 0 0 0 0 0 0 0 0 0 0 0 0 0 0 0 0 0 0 0 0 1.0823568 -4.41546852 -4.53873486 -5.74460447 0.989975188 -0.117129561 0.0279860656 0.0738009071
0.204444444 -0.152564973 -0.048839658 0.0569629517 0.188380031 0.980442852 -0.636429683 0.697392316 -1.07669211 0 0 0 0 0 0 0 0 0 0 0 0 0 0 0 0 0 0 0 0 0 0 0 0 0 0 0 0 0 0 0 0 0 0 0 0 0 0 0 0 0 0 0 0 0 1.11239182 -4.41546852 -4.53873486 -5.74460447 0.992868731 -0.0925267587 0.0348908717 0.0665815999
0.204444444 -0.13561331 -0.0516594796 0.074341356 0.138784942 0.987528279 -0.620327029 0.764722692 -1.06998267 0 0 0 0 0 0 0 0 0 0 0 0 0 0 0 0 0 0 0 0 0 0 0 0 0 0 0 0 0 0 0 0 0 0 0 0 0 0 0 0 0 0 0 0 0 1.14932971 -4.41546852 -4.53873486 -5.74460447 0.99512895 -0.0672804619 0.041342469 0.059012819
0.204444444 -0.118661646 -0.053607041 0.0899417829 0.0886966888 0.991989603 -0.600856157 0.832053068 -1.0618698 0 0 0 0 0 0 0 0 0 0 0 0 0 0 0 0 0 0 0 0 0 0 0 0 0 0 0 0 0 0 0 0 0 0 0 0 0 0 0 0 0 0 0 0 0 1.1949624 -4.41546852 -4.53873486 -5.74460447 0.996684091 -0.0420698333 0.0472792499 0.0511431735
0.204444444 -0.101709982 -0.0546998068 0.103523819 0.0396217451 0.99383748 -0.577312532 0.899383444 -1.05205996 0 0 0 0 0 0 0 0 0 0 0 0 0 0 0 0 0 0 0 0 0 0 0 0 0 0 0 0 0 0 0 0 0 0 0 0 0 0 0 0 0 0 0 0 0 1.2516752 -4.41546852 -4.53873486 -5.74460447 0.997530172 -0.0175883931 0.0526489176 0.0430382978
0.204444444 -0.0847583185 -0.0549735454 0.114948005 -0.00700260756 0.993346827 -0.548844249 0.96671382 -1.04019818 0 0 0 0 0 0 0 0 0 0 0 0 0 0 0 0 0 0 0 0 0 0 0 0 0 0 0 0 0 0 0 0 0 0 0 0 0 0 0 0 0 0 0 0 0 1.32273178 -4.41546852 -4.53873486 -5.74460447 0.997729445 0.00551039874 0.0574127317 0.0347759677
0.204444444 -0.0678066548 -0.0544810896 0.124183185 -0.0499264505 0.991002465 -0.514421211 1.0340442 -1.02585524 0 0 0 0 0 0 0 0 0 0 0 0 0 0 0 0 0 0 0 0 0 0 0 0 0 0 0 0 0 0 0 0 0 0 0 0 0 0 0 0 0 0 0 0 0 1.41276496 -4.41546852 -4.53873486 -5.74460447 0.997397701 0.0266598842 0.0615468762 0.0264397172
0.204444444 -0.0508549911 -0.0532905046 0.131295712 -0.0881657629 0.987414925 -0.472797851 1.10137457 -1.00851218 0 0 0 0 0 0 0 0 0 0 0 0 0 0 0 0 0 0 0 0 0 0 0 0 0 0 0 0 0 0 0 0 0 0 0 0 0 0 0 0 0 0 0 0 0 1.52868808 -4.41546852 -4.53873486 -5.74460447 0.996684208 0.0454114945 0.065041015 0.0181122326
0.204444444 -0.0339033274 -0.0514827282 0.136425456 -0.121033672 0.983228837 -0.422468067 1.16870495 -0.987541433 0 0 0 0 0 0 0 0 0 0 0 0 0 0 0 0 0 0 0 0 0 0 0 0 0 0 0 0 0 0 0 0 0 0 0 0 0 0 0 0 0 0 0 0 0 1.6815596 -4.41546852 -4.53873486 -5.74460447 0.995749471 0.0614481173 0.067894849 0.00986959361
0.204444444 -0.0169516637 -0.0491487646 0.139755824 -0.148131317 0.979043116 -0.361610722 1.23603532 -0.962184207 0 0 0 0 0 0 0 0 0 0 0 0 0 0 0 0 0 0 0 0 0 0 0 0 0 0 0 0 0 0 0 0 0 0 0 0 0 0 0 0 0 0 0 0 0 1.89093628 -4.41546852 -4.53873486 -5.74460447 0.994745395 0.0745821453 0.0701138052 0.00177692979
0.204444444 0 -0.0463865295 0.141484363 -0.169313627 0.975353818 -0.288023751 1.3033657 -0.931522968 0 0 0 0 0 0 0 0 0 0 0 0 0 0 0 0 0 0 0 0 0 0 0 0 0 0 0 0 0 0 0 0 0 0 0 0 0 0 0 0 0 0 0 0 0 2.19722458 -4.41546852 -4.53873486 -5.74460447 0.993800545 0.0847437431 0.0717048735 -0.00611444561
0.204444444 0.0169516637 -0.0432974552 0.141798201 -0.184646377 0.972521972 -0.361610722 1.23603532 -0.962184207 0 0 0 0 0 0 0 0 0 0 0 0 0 0 0 0 0 0 0 0 0 0 0 0 0 0 0 0 0 0 0 0 0 0 0 0 0 0 0 0 0 0 0 0 0 1.89093628 -4.41546852 -4.53873486 -5.74460447 0.993011284 0.0919652939 0.0726732329 -0.0137686718
0.204444444 0.0339033274 -0.0399829741 0.140856079 -0.194366965 0.970763127 -0.422468067 1.16870495 -0.987541433 0 0 0 0 0 0 0 0 0 0 0 0 0 0 0 0 0 0 0 0 0 0 0 0 0 0 0 0 0 0 0 0 0 0 0 0 0 0 0 0 0 0 0 0 0 1.6815596 -4.41546852 -4.53873486 -5.74460447 0.99243819 0.0963666447 0.073019905 -0.0211660675
0.204444444 0.0508549911 -0.0365410017 0.138776876 -0.198855633 0.970153295 -0.472797851 1.10137457 -1.00851218 0 0 0 0 0 0 0 0 0 0 0 0 0 0 0 0 0 0 0 0 0 0 0 0 0 0 0 0 0 0 0 0 0 0 0 0 0 0 0 0 0 0 0 0 0 1.52868808 -4.41546852 -4.53873486 -5.74460447 0.992106636 0.098143717 0.0727403826 -0.0283031725
0.204444444 0.0678066548 -0.0330625423 0.135633604 -0.19861849 0.97064629 -0.514421211 1.0340442 -1.02585524 0 0 0 0 0 0 0 0 0 0 0 0 0 0 0 0 0 0 0 0 0 0 0 0 0 0 0 0 0 0 0 0 0 0 0 0 0 0 0 0 0 0 0 0 0 1.41276496 -4.41546852 -4.53873486 -5.74460447 0.992010412 0.0975610744 0.0718240322 -0.0351921667
0.204444444 0.0847583185 -0.0296285337 0.13145161 -0.19427982 0.972098671 -0.548844249 0.96671382 -1.04019818 0 0 0 0 0 0 0 0 0 0 0 0 0 0 0 0 0 0 0 0 0 0 0 0 0 0 0 0 0 0 0 0 0 0 0 0 0 0 0 0 0 0 0 0 0 1.32273178 -4.41546852 -4.53873486 -5.74460447 0.992117489 0.0949475304 0.0702540467 -0.0418595742
0.204444444 0.101709982 -0.0263070412 0.126209783 -0.18657878 0.974299466 -0.577312532 0.899383444 -1.05205996 0 0 0 0 0 0 0 0 0 0 0 0 0 0 0 0 0 0 0 0 0 0 0 0 0 0 0 0 0 0 0 0 0 0 0 0 0 0 0 0 0 0 0 0 0 1.2516752 -4.41546852 -4.53873486 -5.74460447 0.992377238 0.0906929481 0.0680077654 -0.0483440771
0.204444444 0.118661646 -0.0231508973 0.1198438 -0.176364753 0.977002015 -0.600856157 0.832053068 -1.0618698 0 0 0 0 0 0 0 0 0 0 0 0 0 0 0 0 0 0 0 0 0 0 0 0 0 0 0 0 0 0 0 0 0 0 0 0 0 0 0 0 0 0 0 0 0 1.1949624 -4.41546852 -4.53873486 -5.74460447 0.992728389 0.0852440447 0.0650572461 -0.054693265
0.204444444 0.13561331 -0.0201958708 0.1122506 -0.164586143 0.979954695 -0.620327029 0.764722692 -1.06998267 0 0 0 0 0 0 0 0 0 0 0 0 0 0 0 0 0 0 0 0 0 0 0 0 0 0 0 0 0 0 0 0 0 0 0 0 0 0 0 0 0 0 0 0 0 1.14932971 -4.41546852 -4.53873486 -5.74460447 0.993106902 0.0790972254 0.0613700365 -0.0609592431
0.204444444 0.152564973 -0.017459426 0.103293447 -0.152269191 0.982926527 -0.636429683 0.697392316 -1.07669211 0 0 0 0 0 0 0 0 0 0 0 0 0 0 0 0 0 0 0 0 0 0 0 0 0 0 0 0 0 0 0 0 0 0 0 0 0 0 0 0 0 0 0 0 0 1.11239182 -4.41546852 -4.53873486 -5.74460447 0.993452736 0.0727871787 0.0569101321 -0.067193193
0.204444444 0.169516637 -0.0149401176 0.0928072186 -0.140485968 0.985723345 -0.649746779 0.63006194 -1.0822409 0 0 0 0 0 0 0 0 0 0 0 0 0 0 0 0 0 0 0 0 0 0 0 0 0 0 0 0 0 0 0 0 0 0 0 0 0 0 0 0 0 0 0 0 0 1.0823568 -4.41546852 -4.53873486 -5.74460447 0.993714425 0.0668709699 0.0516391411 -0.0734391926
0.204444444 0.186468301 -0.0126176406 0.0806039431 -0.130313408 0.988190984 -0.660760184 0.562731564 -1.08682982 0 0 0 0 0 0 0 0 0 0 0 0 0 0 0 0 0 0 0 0 0 0 0 0 0 0 0 0 0 0 0 0 0 0 0 0 0 0 0 0 0 0 0 0 0 1.05785014 -4.41546852 -4.53873486 -5.74460447 0.993850578 0.061908379 0.0455176975 -0.0797277933
0.204444444 0.203419964 -0.0104535345 0.066479224 -0.12278703 0.990203948 -0.669868408 0.495401188 -1.09062491 0 0 0 0 0 0 0 0 0 0 0 0 0 0 0 0 0 0 0 0 0 0 0 0 0 0 0 0 0 0 0 0 0 0 0 0 0 0 0 0 0 0 0 0 0 1.03780065 -4.41546852 -4.53873486 -5.74460447 0.993827919 0.0584398967 0.0385072023 -0.0860699791
0.204444444 0.220371628 -0.00839251649 0.0502208257 -0.118853346 0.991640938 -0.677401022 0.428070812 -1.0937635 0 0 0 0 0 0 0 0 0 0 0 0 0 0 0 0 0 0 0 0 0 0 0 0 0 0 0 0 0 0 0 0 0 0 0 0 0 0 0 0 0 0 0 0 0 1.0213632 -4.41546852 -4.53873486 -5.74460447 0.993616156 0.0569638724 0.0305720135 -0.0924521717
0.204444444 0.237323292 -0.00636439818 0.0316212316 -0.119323634 0.992351736 -0.683630588 0.360740436 -1.09635915 0 0 0 0 0 0 0 0 0 0 0 0 0 0 0 0 0 0 0 0 0 0 0 0 0 0 0 0 0 0 0 0 0 0 0 0 0 0 0 0 0 0 0 0 0 1.00786469 -4.41546852 -4.53873486 -5.74460447 0.993180711 0.0579138267 0.0216822652 -0.0988329053
0.204444444 0.254274956 -0.00428651913 0.0104960919 -0.124829816 0.992122648 -0.688782517 0.29341006 -1.09850579 0 0 0 0 0 0 0 0 0 0 0 0 0 0 0 0 0 0 0 0 0 0 0 0 0 0 0 0 0 0 0 0 0 0 0 0 0 0 0 0 0 0 0 0 0 0.996764974 -4.41546852 -4.53873486 -5.74460447 0.992474957 0.0616362097 0.0118175111 -0.105141732
0.222222222 -0.250343792 -0.0153124716 -0.0814248224 0.424516716 0.901751383 -0.679920248 0.285676885 -1.10244457 0 0 0 0 0 0 0 0 0 0 0 0 0 0 0 0 0 0 0 0 0 0 0 0 0 0 0 0 0 0 0 0 0 0 0 0 0 0 0 0 0 0 0 0 0 0.996764974 -4.41546852 -4.5543159 -5.74460447 0.968669459 -0.221027849 -0.0164620367 0.112049858
0.222222222 -0.233654206 -0.0228918157 -0.0611552969 0.39937827 0.914744241 -0.674768319 0.353007261 -1.10029794 0 0 0 0 0 0 0 0 0 0 0 0 0 0 0 0 0 0 0 0 0 0 0 0 0 0 0 0 0 0 0 0 0 0 0 0 0 0 0 0 0 0 0 0 0 1.00786469 -4.41546852 -4.5543159 -5.74460447 0.972687306 -0.206271471 -0.00894200128 0.106073211
0.222222222 -0.21696462 -0.0298572327 -0.0407763355 0.368913828 0.928568726 -0.668538753 0.420337636 -1.09770228 0 0 0 0 0 0 0 0 0 0 0 0 0 0 0 0 0 0 0 0 0 0 0 0 0 0 0 0 0 0 0 0 0 0 0 0 0 0 0 0 0 0 0 0 0 1.0213632 -4.41546852 -4.5543159 -5.74460447 0.97689498 -0.188979343 -0.00156366381 0.099802614
0.222222222 -0.200275034 -0.0361281189 -0.0204612366 0.33321355 0.942629338 -0.661006138 0.487668012 -1.0945637 0 0 0 0 0 0 0 0 0 0 0 0 0 0 0 0 0 0 0 0 0 0 0 0 0 0 0 0 0 0 0 0 0 0 0 0 0 0 0 0 0 0 0 0 0 1.03780065 -4.41546852 -4.5543159 -5.74460447 0.981134946 -0.169273021 0.00565470612 0.0932141933
0.222222222 -0.183585448 -0.0416360323 -0.000455325759 0.292613924 0.95623056 -0.651897915 0.554998388 -1.0907686 0 0 0 0 0 0 0 0 0 0 0 0 0 0 0 0 0 0 0 0 0 0 0 0 0 0 0 0 0 0 0 0 0 0 0 0 0 0 0 0 0 0 0 0 0 1.05785014 -4.41546852 -4.5543159 -5.74460447 0.985225638 -0.147390617 0.0126777721 0.0862885932
0.222222222 -0.166895862 -0.0463270658 0.0189325064 0.247746335 0.96863993 -0.64088451 0.622328764 -1.08617968 0 0 0 0 0 0 0 0 0 0 0 0 0 0 0 0 0 0 0 0 0 0 0 0 0 0 0 0 0 0 0 0 0 0 0 0 0 0 0 0 0 0 0 0 0 1.0823568 -4.41546852 -4.5543159 -5.74460447 0.98897754 -0.123699415 0.0194548184 0.0790151296
0.222222222 -0.150206275 -0.0501637157 0.0373509162 0.199555726 0.979174357 -0.627567414 0.68965914 -1.08063089 0 0 0 0 0 0 0 0 0 0 0 0 0 0 0 0 0 0 0 0 0 0 0 0 0 0 0 0 0 0 0 0 0 0 0 0 0 0 0 0 0 0 0 0 0 1.11239182 -4.41546852 -4.5543159 -5.74460447 0.992214585 -0.0986953943 0.0259237464 0.0713960487
0.222222222 -0.133516689 -0.0531261823 0.0544393434 0.149272953 0.987296279 -0.61146476 0.756989516 -1.07392145 0 0 0 0 0 0 0 0 0 0 0 0 0 0 0 0 0 0 0 0 0 0 0 0 0 0 0 0 0 0 0 0 0 0 0 0 0 0 0 0 0 0 0 0 0 1.14932971 -4.41546852 -4.5543159 -5.74460447 0.994797594 -0.0729846908 0.0320171074 0.0634498786
0.222222222 -0.116827103 -0.0552130563 0.0698684348 0.0983346974 0.992697683 -0.591993888 0.824319892 -1.06580859 0 0 0 0 0 0 0 0 0 0 0 0 0 0 0 0 0 0 0 0 0 0 0 0 0 0 0 0 0 0 0 0 0 0 0 0 0 0 0 0 0 0 0 0 0 1.1949624 -4.41546852 -4.5543159 -5.74460447 0.996644562 -0.0472460562 0.037669203 0.0552128403
0.222222222 -0.100137517 -0.0564413674 0.0833789694 0.0482610564 0.995348591 -0.568450262 0.891650268 -1.05599875 0 0 0 0 0 0 0 0 0 0 0 0 0 0 0 0 0 0 0 0 0 0 0 0 0 0 0 0 0 0 0 0 0 0 0 0 0 0 0 0 0 0 0 0 0 1.2516752 -4.41546852 -4.5543159 -5.74460447 0.997742394 -0.0221791632 0.0428227643 0.0467376836
0.222222222 -0.0834479308 -0.0568459943 0.0948097871 0.000516188043 0.995495273 -0.53998198 0.958980644 -1.04413696 0 0 0 0 0 0 0 0 0 0 0 0 0 0 0 0 0 0 0 0 0 0 0 0 0 0 0 0 0 0 0 0 0 0 0 0 0 0 0 0 0 0 0 0 0 1.32273178 -4.41546852 -4.5543159 -5.74460447 0.998146676 0.00155153237 0.0474337057 0.0380900222
0.222222222 -0.0667583446 -0.0564784552 0.104108261 -0.0436166186 0.993609109 -0.505558941 1.02631102 -1.02979403 0 0 0 0 0 0 0 0 0 0 0 0 0 0 0 0 0 0 0 0 0 0 0 0 0 0 0 0 0 0 0 0 0 0 0 0 0 0 0 0 0 0 0 0 0 1.41276496 -4.41546852 -4.5543159 -5.74460447 0.997969712 0.0233661194 0.0514730045 0.0293429562
0.222222222 -0.0500687585 -0.0554051216 0.111322382 -0.0831206592 0.990302117 -0.463935582 1.0936414 -1.01245096 0 0 0 0 0 0 0 0 0 0 0 0 0 0 0 0 0 0 0 0 0 0 0 0 0 0 0 0 0 0 0 0 0 0 0 0 0 0 0 0 0 0 0 0 0 1.52868808 -4.41546852 -4.5543159 -5.74460447 0.99736046 0.0428031932 0.0549256593 0.0205711299
0.222222222 -0.0333791723 -0.0537049173 0.116578756 -0.117282658 0.986232311 -0.413605798 1.16097177 -0.99148022 0 0 0 0 0 0 0 0 0 0 0 0 0 0 0 0 0 0 0 0 0 0 0 0 0 0 0 0 0 0 0 0 0 0 0 0 0 0 0 0 0 0 0 0 0 1.6815596 -4.41546852 -4.5543159 -5.74460447 0.996481733 0.0595352989 0.0577874774 0.0118452779
0.222222222 -0.0166895862 -0.0514665823 0.120053509 -0.145686623 0.982019635 -0.352748453 1.22830215 -0.966122993 0 0 0 0 0 0 0 0 0 0 0 0 0 0 0 0 0 0 0 0 0 0 0 0 0 0 0 0 0 0 0 0 0 0 0 0 0 0 0 0 0 0 0 0 0 1.89093628 -4.41546852 -4.5543159 -5.74460447 0.995489527 0.0733681059 0.0600608333 0.00322788993
0.222222222 0 -0.0487855958 0.121942817 -0.168180045 0.978184759 -0.279161482 1.29563252 -0.935461755 0 0 0 0 0 0 0 0 0 0 0 0 0 0 0 0 0 0 0 0 0 0 0 0 0 0 0 0 0 0 0 0 0 0 0 0 0 0 0 0 0 0 0 0 0 2.19722458 -4.41546852 -4.5543159 -5.74460447 0.994517485 0.0842288631 0.0617504599 -0.00522984373
0.222222222 0.0166895862 -0.0457608663 0.122437604 -0.184829518 0.975113882 -0.352748453 1.22830215 -0.966122993 0 0 0 0 0 0 0 0 0 0 0 0 0 0 0 0 0 0 0 0 0 0 0 0 0 0 0 0 0 0 0 0 0 0 0 0 0 0 0 0 0 0 0 0 0 1.89093628 -4.41546852 -4.5543159 -5.74460447 0.99366743 0.092150329 0.0628599713 -0.013489958
0.222222222 0.0333791723 -0.0424913023 0.12170446 -0.195879058 0.973046463 -0.413605798 1.16097177 -0.99148022 0 0 0 0 0 0 0 0 0 0 0 0 0 0 0 0 0 0 0 0 0 0 0 0 0 0 0 0 0 0 0 0 0 0 0 0 0 0 0 0 0 0 0 0 0 1.6815596 -4.41546852 -4.5543159 -5.74460447 0.99300541 0.0972550933 0.0633893946 -0.0215287611
0.222222222 0.0500687585 -0.039072383 0.119872844 -0.201718514 0.972080317 -0.463935582 1.0936414 -1.01245096 0 0 0 0 0 0 0 0 0 0 0 0 0 0 0 0 0 0 0 0 0 0 0 0 0 0 0 0 0 0 0 0 0 0 0 0 0 0 0 0 0 0 0 0 0 1.52868808 -4.41546852 -4.5543159 -5.74460447 0.992562083 0.099743106 0.0633336751 -0.0293371911
0.222222222 0.0667583446 -0.0355928484 0.11702767 -0.202863898 0.972188646 -0.505558941 1.02631102 -1.02979403 0 0 0 0 0 0 0 0 0 0 0 0 0 0 0 0 0 0 0 0 0 0 0 0 0 0 0 0 0 0 0 0 0 0 0 0 0 0 0 0 0 0 0 0 0 1.41276496 -4.41546852 -4.5543159 -5.74460447 0.992336232 0.0998831795 0.0626819549 -0.0369205285
0.222222222 0.0834479308 -0.0321316222 0.113206048 -0.199947349 0.973244804 -0.53998198 0.958980644 -1.04413696 0 0 0 0 0 0 0 0 0 0 0 0 0 0 0 0 0 0 0 0 0 0 0 0 0 0 0 0 0 0 0 0 0 0 0 0 0 0 0 0 0 0 0 0 0 1.32273178 -4.41546852 -4.5543159 -5.74460447 0.99230043 0.0980076613 0.0614173947 -0.0442973868
0.222222222 0.100137517 -0.0287550761 0.108397038 -0.193712044 0.975051653 -0.568450262 0.891650268 -1.05599875 0 0 0 0 0 0 0 0 0 0 0 0 0 0 0 0 0 0 0 0 0 0 0 0 0 0 0 0 0 0 0 0 0 0 0 0 0 0 0 0 0 0 0 0 0 1.2516752 -4.41546852 -4.5543159 -5.74460447 0.992408082 0.0945085089 0.0595173524 -0.0514978253
0.222222222 0.116827103 -0.0255147282 0.102543559 -0.185006438 0.977372721 -0.591993888 0.824319892 -1.06580859 0 0 0 0 0 0 0 0 0 0 0 0 0 0 0 0 0 0 0 0 0 0 0 0 0 0 0 0 0 0 0 0 0 0 0 0 0 0 0 0 0 0 0 0 0 1.1949624 -4.41546852 -4.5543159 -5.74460447 0.992601146 0.0898326374 0.0569538113 -0.0585604387
0.222222222 0.133516689 -0.0224454571 0.0955457853 -0.174772727 0.979961987 -0.61146476 0.756989516 -1.07392145 0 0 0 0 0 0 0 0 0 0 0 0 0 0 0 0 0 0 0 0 0 0 0 0 0 0 0 0 0 0 0 0 0 0 0 0 0 0 0 0 0 0 0 0 0 1.14932971 -4.41546852 -4.5543159 -5.74460447 0.992817721 0.0844746025 0.0536940203 -0.065528361
0.222222222 0.150206275 -0.0195642927 0.0872655786 -0.164026085 0.982588501 -0.627567414 0.68965914 -1.08063089 0 0 0 0 0 0 0 0 0 0 0 0 0 0 0 0 0 0 0 0 0 0 0 0 0 0 0 0 0 0 0 0 0 0 0 0 0 0 0 0 0 0 0 0 0 1.11239182 -4.41546852 -4.5543159 -5.74460447 0.992998528 0.0789653366 0.0497013592 -0.0724442839
0.222222222 0.166895862 -0.0168698255 0.0775317659 -0.153823649 0.985051831 -0.64088451 0.622328764 -1.08617968 0 0 0 0 0 0 0 0 0 0 0 0 0 0 0 0 0 0 0 0 0 0 0 0 0 0 0 0 0 0 0 0 0 0 0 0 0 0 0 0 0 0 0 0 0 1.0823568 -4.41546852 -4.5543159 -5.74460447 0.993091296 0.0738566038 0.0449364713 -0.0793447741
0.222222222 0.183585448 -0.0143422559 0.06614637 -0.145224742 0.987185105 -0.651897915 0.554998388 -1.0907686 0 0 0 0 0 0 0 0 0 0 0 0 0 0 0 0 0 0 0 0 0 0 0 0 0 0 0 0 0 0 0 0 0 0 0 0 0 0 0 0 0 0 0 0 0 1.05785014 -4.41546852 -4.5543159 -5.74460447 0.993052234 0.0697017816 0.0393587224 -0.0862543542
0.222222222 0.200275034 -0.0119440802 0.0528923955 -0.139245542 0.988844312 -0.661006138 0.487668012 -1.0945637 0 0 0 0 0 0 0 0 0 0 0 0 0 0 0 0 0 0 0 0 0 0 0 0 0 0 0 0 0 0 0 0 0 0 0 0 0 0 0 0 0 0 0 0 0 1.03780065 -4.41546852 -4.5543159 -5.74460447 0.992844226 0.0670342177 0.0329280673 -0.0931799308
0.222222222 0.21696462 -0.00962139132 0.0375442864 -0.136811762 0.989885331 -0.668538753 0.420337636 -1.09770228 0 0 0 0 0 0 0 0 0 0 0 0 0 0 0 0 0 0 0 0 0 0 0 0 0 0 0 0 0 0 0 0 0 0 0 0 0 0 0 0 0 0 0 0 0 1.0213632 -4.41546852 -4.5543159 -5.74460447 0.99243207 0.0663445086 0.025607435 -0.100106199
0.222222222 0.233654206 -0.00730574724 0.0198825983 -0.138711886 0.99013317 -0.674768319 0.353007261 -1.10029794 0 0 0 0 0 0 0 0 0 0 0 0 0 0 0 0 0 0 0 0 0 0 0 0 0 0 0 0 0 0 0 0 0 0 0 0 0 0 0 0 0 0 0 0 0 1.00786469 -4.41546852 -4.5543159 -5.74460447 0.991775763 0.068057654 0.0173657866 -0.106992626
0.222222222 0.250343792 -0.00491654427 -0.00028553711 -0.145551847 0.989350584 -0.679920248 0.285676885 -1.10244457 0 0 0 0 0 0 0 0 0 0 0 0 0 0 0 0 0 0 0 0 0 0 0 0 0 0 0 0 0 0 0 0 0 0 0 0 0 0 0 0 0 0 0 0 0 0.996764974 -4.41546852 -4.5543159 -5.74460447 0.990823442 0.0725104309 0.00818201243 -0.113772573
0.24 -0.245814486 -0.015723563 -0.0963234054 0.435742957 0.894902161 -0.670979886 0.278488993 -1.10635082 0 0 0 0 0 0 0 0 0 0 0 0 0 0 0 0 0 0 0 0 0 0 0 0 0 0 0 0 0 0 0 0 0 0 0 0 0 0 0 0 0 0 0 0 0 0.996932798 -4.41546852 -4.53867236 -5.74460447 0.965996149 -0.228215285 -0.0216033145 0.119593147
0.24 -0.228861763 -0.023675873 -0.076567749 0.409392775 0.909139668 -0.665621869 0.348063715 -1.10411831 0 0 0 0 0 0 0 0 0 0 0 0 0 0 0 0 0 0 0 0 0 0 0 0 0 0 0 0 0 0 0 0 0 0 0 0 0 0 0 0 0 0 0 0 0 1.00847862 -4.41546852 -4.53867236 -5.74460447 0.970491361 -0.212633187 -0.0147408927 0.112766807
0.24 -0.21190904 -0.0309609139 -0.0565798495 0.377399837 0.924320336 -0.659101958 0.417638437 -1.10140169 0 0 0 0 0 0 0 0 0 0 0 0 0 0 0 0 0 0 0 0 0 0 0 0 0 0 0 0 0 0 0 0 0 0 0 0 0 0 0 0 0 0 0 0 0 1.02261242 -4.41546852 -4.53867236 -5.74460447 0.975188512 -0.194362208 -0.00794758861 0.10567655
0.24 -0.194956317 -0.037492995 -0.0365491322 0.339834604 0.939774762 -0.651168196 0.487213159 -1.09809595 0 0 0 0 0 0 0 0 0 0 0 0 0 0 0 0 0 0 0 0 0 0 0 0 0 0 0 0 0 0 0 0 0 0 0 0 0 0 0 0 0 0 0 0 0 1.03993915 -4.41546852 -4.53867236 -5.74460447 0.979910554 -0.173525434 -0.00124214899 0.0982989685
0.24 -0.178003594 -0.0432001451 -0.0167455695 0.297050235 0.954715006 -0.641513986 0.556787881 -1.09407336 0 0 0 0 0 0 0 0 0 0 0 0 0 0 0 0 0 0 0 0 0 0 0 0 0 0 0 0 0 0 0 0 0 0 0 0 0 0 0 0 0 0 0 0 0 1.06121868 -4.41546852 -4.53867236 -5.74460447 0.984452582 -0.150379583 0.005336446 0.0906124521
0.24 -0.16105087 -0.0480267758 0.00248932821 0.249741935 0.968309232 -0.629766248 0.626362602 -1.08917847 0 0 0 0 0 0 0 0 0 0 0 0 0 0 0 0 0 0 0 0 0 0 0 0 0 0 0 0 0 0 0 0 0 0 0 0 0 0 0 0 0 0 0 0 0 1.08741338 -4.41546852 -4.53867236 -5.74460447 0.988600811 -0.12533064 0.0117309206 0.0826017765
0.24 -0.144098147 -0.051935739 0.0207665194 0.198968925 0.979785751 -0.615470997 0.695937324 -1.08322212 0 0 0 0 0 0 0 0 0 0 0 0 0 0 0 0 0 0 0 0 0 0 0 0 0 0 0 0 0 0 0 0 0 0 0 0 0 0 0 0 0 0 0 0 0 1.11975493 -4.41546852 -4.53867236 -5.74460447 0.992158184 -0.0989331602 0.0178704836 0.0742631378
0.24 -0.127145424 -0.0549097024 0.0376879757 0.146118113 0.988548994 -0.598075802 0.765512046 -1.07597412 0 0 0 0 0 0 0 0 0 0 0 0 0 0 0 0 0 0 0 0 0 0 0 0 0 0 0 0 0 0 0 0 0 0 0 0 0 0 0 0 0 0 0 0 0 1.15984141 -4.41546852 -4.53867236 -5.74460447 0.994972376 -0.0718668925 0.0236781078 0.0656084485
0.24 -0.110192701 -0.0569517902 0.0528936548 0.0928025764 0.994278604 -0.576908435 0.835086768 -1.06715438 0 0 0 0 0 0 0 0 0 0 0 0 0 0 0 0 0 0 0 0 0 0 0 0 0 0 0 0 0 0 0 0 0 0 0 0 0 0 0 0 0 0 0 0 0 1.20978386 -4.41546852 -4.53867236 -5.74460447 0.99695942 -0.0448899394 0.0290790502 0.0566676094
0.24 -0.0932399776 -0.0580854681 0.0661060672 0.0407099238 0.99698179 -0.551150895 0.90466149 -1.05642208 0 0 0 0 0 0 0 0 0 0 0 0 0 0 0 0 0 0 0 0 0 0 0 0 0 0 0 0 0 0 0 0 0 0 0 0 0 0 0 0 0 0 0 0 0 1.27243798 -4.41546852 -4.53867236 -5.74460447 0.998116122 -0.0187753297 0.0340087032 0.0474879202
0.24 -0.0762872544 -0.0583536747 0.0771608568 -0.00856502919 0.996981867 -0.519807798 0.974236212 -1.04336245 0 0 0 0 0 0 0 0 0 0 0 0 0 0 0 0 0 0 0 0 0 0 0 0 0 0 0 0 0 0 0 0 0 0 0 0 0 0 0 0 0 0 0 0 0 1.35179168 -4.41546852 -4.53867236 -5.74460447 0.998517394 0.00575594819 0.0384179089 0.0381306489
0.24 -0.0593345312 -0.0578172318 0.0860160876 -0.0536631986 0.994847473 -0.481667909 1.04381093 -1.02747083 0 0 0 0 0 0 0 0 0 0 0 0 0 0 0 0 0 0 0 0 0 0 0 0 0 0 0 0 0 0 0 0 0 0 0 0 0 0 0 0 0 0 0 0 0 1.45365945 -4.41546852 -4.53867236 -5.74460447 0.998299563 0.0280911967 0.0422746775 0.0286656262
0.24 -0.042381808 -0.0565525937 0.0927400927 -0.0935510992 0.991285765 -0.435257332 1.11338566 -1.00813309 0 0 0 0 0 0 0 0 0 0 0 0 0 0 0 0 0 0 0 0 0 0 0 0 0 0 0 0 0 0 0 0 0 0 0 0 0 0 0 0 0 0 0 0 0 1.58704011 -4.41546852 -4.53867236 -5.74460447 0.997634993 0.0477617175 0.0455624413 0.0191651517
0.24 -0.0254290848 -0.0546490173 0.0974839732 -0.127550108 0.98702981 -0.378782559 1.18296038 -0.984601936 0 0 0 0 0 0 0 0 0 0 0 0 0 0 0 0 0 0 0 0 0 0 0 0 0 0 0 0 0 0 0 0 0 0 0 0 0 0 0 0 0 0 0 0 0 1.76709569 -4.41546852 -4.53867236 -5.74460447 0.996704995 0.0644556329 0.0482759423 0.00969835763
0.24 -0.0084763616 -0.0522052582 0.10044747 -0.155316812 0.982744623 -0.310061155 1.2525351 -0.955968017 0 0 0 0 0 0 0 0 0 0 0 0 0 0 0 0 0 0 0 0 0 0 0 0 0 0 0 0 0 0 0 0 0 0 0 0 0 0 0 0 0 0 0 0 0 2.02284671 -4.41546852 -4.53867236 -5.74460447 0.995676757 0.0780121415 0.050416211 0.000326684476
0.24 0.0084763616 -0.049325916 0.101845875 -0.176795732 0.978964089 -0.310061155 1.2525351 -0.955968017 0 0 0 0 0 0 0 0 0 0 0 0 0 0 0 0 0 0 0 0 0 0 0 0 0 0 0 0 0 0 0 0 0 0 0 0 0 0 0 0 0 0 0 0 0 2.02284671 -4.41546852 -4.53867236 -5.74460447 0.99468731 0.0884048915 0.0519858711 -0.00889938068
0.24 0.0254290848 -0.0461175625 0.101882658 -0.192165216 0.976059657 -0.378782559 1.18296038 -0.984601936 0 0 0 0 0 0 0 0 0 0 0 0 0 0 0 0 0 0 0 0 0 0 0 0 0 0 0 0 0 0 0 0 0 0 0 0 0 0 0 0 0 0 0 0 0 1.76709569 -4.41546852 -4.53867236 -5.74460447 0.993834944 0.0957220503 0.052985476 -0.0179424536
0.24 0.042381808 -0.0426847971 0.100729428 -0.20179081 0.974235111 -0.435257332 1.11338566 -1.00813309 0 0 0 0 0 0 0 0 0 0 0 0 0 0 0 0 0 0 0 0 0 0 0 0 0 0 0 0 0 0 0 0 0 0 0 0 0 0 0 0 0 0 0 0 0 1.58704011 -4.41546852 -4.53867236 -5.74460447 0.99317693 0.100148403 0.0534110651 -0.0267794961
0.24 0.0593345312 -0.0391263755 0.0985128181 -0.206192473 0.973539875 -0.481667909 1.04381093 -1.02747083 0 0 0 0 0 0 0 0 0 0 0 0 0 0 0 0 0 0 0 0 0 0 0 0 0 0 0 0 0 0 0 0 0 0 0 0 0 0 0 0 0 0 0 0 0 1.45365945 -4.41546852 -4.53867236 -5.74460447 0.992731896 0.101951965 0.0532527857 -0.0354022593
0.24 0.0762872544 -0.0355315547 0.0953069943 -0.206025428 0.973894296 -0.519807798 0.974236212 -1.04336245 0 0 0 0 0 0 0 0 0 0 0 0 0 0 0 0 0 0 0 0 0 0 0 0 0 0 0 0 0 0 0 0 0 0 0 0 0 0 0 0 0 0 0 0 0 1.35179168 -4.41546852 -4.53867236 -5.74460447 0.992485379 0.101475124 0.0524942961 -0.043816889
0.24 0.0932399776 -0.0319767888 0.0911303594 -0.202070132 0.975122002 -0.551150895 0.90466149 -1.05642208 0 0 0 0 0 0 0 0 0 0 0 0 0 0 0 0 0 0 0 0 0 0 0 0 0 0 0 0 0 0 0 0 0 0 0 0 0 0 0 0 0 0 0 0 0 1.27243798 -4.41546852 -4.53867236 -5.74460447 0.992397387 0.0991286687 0.051112678 -0.0520425468
0.24 0.110192701 -0.0285228998 0.0859453454 -0.195224795 0.976985505 -0.576908435 0.835086768 -1.06715438 0 0 0 0 0 0 0 0 0 0 0 0 0 0 0 0 0 0 0 0 0 0 0 0 0 0 0 0 0 0 0 0 0 0 0 0 0 0 0 0 0 0 0 0 0 1.20978386 -4.41546852 -4.53867236 -5.74460447 0.992411042 0.0953862148 0.0490786869 -0.060108875
0.24 0.127145424 -0.0252128262 0.079660527 -0.186493771 0.979221259 -0.598075802 0.765512046 -1.07597412 0 0 0 0 0 0 0 0 0 0 0 0 0 0 0 0 0 0 0 0 0 0 0 0 0 0 0 0 0 0 0 0 0 0 0 0 0 0 0 0 0 0 0 0 0 1.15984141 -4.41546852 -4.53867236 -5.74460447 0.992461348 0.0907765033 0.0463572762 -0.0680522058
0.24 0.144098147 -0.0220700336 0.0721346183 -0.176966701 0.981569857 -0.615470997 0.695937324 -1.08322212 0 0 0 0 0 0 0 0 0 0 0 0 0 0 0 0 0 0 0 0 0 0 0 0 0 0 0 0 0 0 0 0 0 0 0 0 0 0 0 0 0 0 0 0 0 1.11975493 -4.41546852 -4.53867236 -5.74460447 0.992483004 0.0858716447 0.0429084175 -0.0759105748
0.24 0.16105087 -0.0190976465 0.0631821928 -0.167786002 0.98379666 -0.629766248 0.626362602 -1.08917847 0 0 0 0 0 0 0 0 0 0 0 0 0 0 0 0 0 0 0 0 0 0 0 0 0 0 0 0 0 0 0 0 0 0 0 0 0 0 0 0 0 0 0 0 0 1.08741338 -4.41546852 -4.53867236 -5.74460447 0.992416071 0.0812704511 0.0386882901 -0.0837178135
0.24 0.178003594 -0.0162783322 0.0525812854 -0.16010341 0.985698791 -0.641513986 0.556787881 -1.09407336 0 0 0 0 0 0 0 0 0 0 0 0 0 0 0 0 0 0 0 0 0 0 0 0 0 0 0 0 0 0 0 0 0 0 0 0 0 0 0 0 0 0 0 0 0 1.06121868 -4.41546852 -4.53867236 -5.74460447 0.992208474 0.0775771832 0.0336509306 -0.0914972097
0.24 0.194956317 -0.013574943 0.0400834672 -0.155028702 0.987096458 -0.651168196 0.487213159 -1.09809595 0 0 0 0 0 0 0 0 0 0 0 0 0 0 0 0 0 0 0 0 0 0 0 0 0 0 0 0 0 0 0 0 0 0 0 0 0 0 0 0 0 0 0 0 0 1.03993915 -4.41546852 -4.53867236 -5.74460447 0.991814799 0.0753769449 0.027750445 -0.0992553948
0.24 0.21190904 -0.0109318903 0.0254274967 -0.153574633 0.987809837 -0.659101958 0.417638437 -1.10140169 0 0 0 0 0 0 0 0 0 0 0 0 0 0 0 0 0 0 0 0 0 0 0 0 0 0 0 0 0 0 0 0 0 0 0 0 0 0 0 0 0 0 0 0 0 1.02261242 -4.41546852 -4.53867236 -5.74460447 0.991191605 0.0752092692 0.0209439072 -0.106977196
0.24 0.228861763 -0.00827720278 0.0083580994 -0.156601361 0.987626527 -0.665621869 0.348063715 -1.10411831 0 0 0 0 0 0 0 0 0 0 0 0 0 0 0 0 0 0 0 0 0 0 0 0 0 0 0 0 0 0 0 0 0 0 0 0 0 0 0 0 0 0 0 0 0 1.00847862 -4.41546852 -4.53867236 -5.74460447 0.99029037 0.0775411245 0.0131951026 -0.114622187
0.24 0.245814486 -0.0055251899 -0.0113485316 -0.164761946 0.986268073 -0.670979886 0.278488993 -1.10635082 0 0 0 0 0 0 0 0 0 0 0 0 0 0 0 0 0 0 0 0 0 0 0 0 0 0 0 0 0 0 0 0 0 0 0 0 0 0 0 0 0 0 0 0 0 0.996932798 -4.41546852 -4.53867236 -5.74460447 0.989049976 0.082739951 0.00447928586 -0.122123632
0.257777778 -0.241239098 -0.0159132138 -0.111640448 0.445843757 0.888121475 -0.662117617 0.269617859 -1.11028961 0 0 0 0 0 0 0 0 0 0 0 0 0 0 0 0 0 0 0 0 0 0 0 0 0 0 0 0 0 0 0 0 0 0 0 0 0 0 0 0 0 0 0 0 0 0.996932798 -4.41546852 -4.55746095 -5.74460447 0.963281608 -0.234974468 -0.0269492434 0.127079821
0.257777778 -0.224601918 -0.0239601185 -0.093132052 0.419361025 0.903029762 -0.6567596 0.339192581 -1.1080571 0 0 0 0 0 0 0 0 0 0 0 0 0 0 0 0 0 0 0 0 0 0 0 0 0 0 0 0 0 0 0 0 0 0 0 0 0 0 0 0 0 0 0 0 0 1.00847862 -4.41546852 -4.55746095 -5.74460447 0.968096021 -0.219187665 -0.0210210914 0.119603405
0.257777778 -0.207964739 -0.0313359845 -0.0742813107 0.387289748 0.918960793 -0.650239689 0.408767303 -1.10534047 0 0 0 0 0 0 0 0 0 0 0 0 0 0 0 0 0 0 0 0 0 0 0 0 0 0 0 0 0 0 0 0 0 0 0 0 0 0 0 0 0 0 0 0 0 1.02261242 -4.41546852 -4.55746095 -5.74460447 0.973116165 -0.200729076 -0.0150811789 0.111916604
0.257777778 -0.19132756 -0.0379577 -0.0552693077 0.349659045 0.935245345 -0.642305926 0.478342024 -1.10203474 0 0 0 0 0 0 0 0 0 0 0 0 0 0 0 0 0 0 0 0 0 0 0 0 0 0 0 0 0 0 0 0 0 0 0 0 0 0 0 0 0 0 0 0 0 1.03993915 -4.41546852 -4.55746095 -5.74460447 0.978165019 -0.17970446 -0.00914518953 0.103999363
0.257777778 -0.174690381 -0.0437554601 -0.036355449 0.30677611 0.951087115 -0.632651717 0.547916746 -1.09801215 0 0 0 0 0 0 0 0 0 0 0 0 0 0 0 0 0 0 0 0 0 0 0 0 0 0 0 0 0 0 0 0 0 0 0 0 0 0 0 0 0 0 0 0 0 1.06121868 -4.41546852 -4.55746095 -5.74460447 0.983036221 -0.15635179 -0.00324969453 0.0958297766
0.257777778 -0.158053202 -0.0486753492 -0.017870735 0.259289696 0.965634242 -0.620903979 0.617491468 -1.09311726 0 0 0 0 0 0 0 0 0 0 0 0 0 0 0 0 0 0 0 0 0 0 0 0 0 0 0 0 0 0 0 0 0 0 0 0 0 0 0 0 0 0 0 0 0 1.08741338 -4.41546852 -4.55746095 -5.74460447 0.987512242 -0.131058686 0.00254944937 0.0873881798
0.257777778 -0.141416023 -0.0526813376 -0.000196790572 0.20821809 0.978082404 -0.606608728 0.68706619 -1.0871609 0 0 0 0 0 0 0 0 0 0 0 0 0 0 0 0 0 0 0 0 0 0 0 0 0 0 0 0 0 0 0 0 0 0 0 0 0 0 0 0 0 0 0 0 0 1.11975493 -4.41546852 -4.55746095 -5.74460447 0.991389666 -0.104364076 0.00818155159 0.0786621344
0.257777778 -0.124778844 -0.0557566143 0.0162697316 0.154919319 0.987793147 -0.589213532 0.756640912 -1.07991291 0 0 0 0 0 0 0 0 0 0 0 0 0 0 0 0 0 0 0 0 0 0 0 0 0 0 0 0 0 0 0 0 0 0 0 0 0 0 0 0 0 0 0 0 0 1.15984141 -4.41546852 -4.55746095 -5.74460447 0.994507555 -0.0769371937 0.0135681599 0.0696512499
0.257777778 -0.108141664 -0.0579042097 0.0311623288 0.100994543 0.994398819 -0.568046165 0.826215634 -1.07109317 0 0 0 0 0 0 0 0 0 0 0 0 0 0 0 0 0 0 0 0 0 0 0 0 0 0 0 0 0 0 0 0 0 0 0 0 0 0 0 0 0 0 0 0 0 1.20978386 -4.41546852 -4.55746095 -5.74460447 0.996772193 -0.049532352 0.0186315996 0.0603705636
0.257777778 -0.0915044853 -0.0591468833 0.0441893676 0.0481375835 0.997862753 -0.542288626 0.895790355 -1.06036086 0 0 0 0 0 0 0 0 0 0 0 0 0 0 0 0 0 0 0 0 0 0 0 0 0 0 0 0 0 0 0 0 0 0 0 0 0 0 0 0 0 0 0 0 0 1.27243798 -4.41546852 -4.55746095 -5.74460447 0.99817108 -0.0229257236 0.0233031101 0.0508514719
0.257777778 -0.0748673062 -0.0595262811 0.0551668233 -0.00203567049 0.998475076 -0.510945529 0.965365077 -1.04730124 0 0 0 0 0 0 0 0 0 0 0 0 0 0 0 0 0 0 0 0 0 0 0 0 0 0 0 0 0 0 0 0 0 0 0 0 0 0 0 0 0 0 0 0 0 1.35179168 -4.41546852 -4.55746095 -5.74460447 0.998771768 0.00215300635 0.0275286487 0.0411399311
0.257777778 -0.058230127 -0.0591013946 0.0640310045 -0.0481367702 0.996786277 -0.472805639 1.0349398 -1.03140962 0 0 0 0 0 0 0 0 0 0 0 0 0 0 0 0 0 0 0 0 0 0 0 0 0 0 0 0 0 0 0 0 0 0 0 0 0 0 0 0 0 0 0 0 0 1.45365945 -4.41546852 -4.55746095 -5.74460447 0.998706123 0.0250793869 0.0312711672 0.0312924746
0.257777778 -0.0415929479 -0.0579463769 0.0708299977 -0.0891020138 0.993500852 -0.426395063 1.10451452 -1.01207188 0 0 0 0 0 0 0 0 0 0 0 0 0 0 0 0 0 0 0 0 0 0 0 0 0 0 0 0 0 0 0 0 0 0 0 0 0 0 0 0 0 0 0 0 0 1.58704011 -4.41546852 -4.55746095 -5.74460447 0.99814513 0.0453726704 0.0345093447 0.0213711132
0.257777778 -0.0249557687 -0.0561477984 0.0756989713 -0.124227703 0.989361988 -0.36992029 1.17408924 -0.988540722 0 0 0 0 0 0 0 0 0 0 0 0 0 0 0 0 0 0 0 0 0 0 0 0 0 0 0 0 0 0 0 0 0 0 0 0 0 0 0 0 0 0 0 0 0 1.76709569 -4.41546852 -4.55746095 -5.74460447 0.997271358 0.0627108541 0.0372337842 0.0114381962
0.257777778 -0.00831858957 -0.0538014427 0.0788276058 -0.153153779 0.985053363 -0.301198886 1.24366396 -0.959906803 0 0 0 0 0 0 0 0 0 0 0 0 0 0 0 0 0 0 0 0 0 0 0 0 0 0 0 0 0 0 0 0 0 0 0 0 0 0 0 0 0 0 0 0 0 2.02284671 -4.41546852 -4.55746095 -5.74460447 0.996255125 0.0769261807 0.0394421229 0.00155195344
0.257777778 0.00831858957 -0.051008761 0.0804273497 -0.175817112 0.981131889 -0.301198886 1.24366396 -0.959906803 0 0 0 0 0 0 0 0 0 0 0 0 0 0 0 0 0 0 0 0 0 0 0 0 0 0 0 0 0 0 0 0 0 0 0 0 0 0 0 0 0 0 0 0 0 2.02284671 -4.41546852 -4.55746095 -5.74460447 0.995237709 0.0879887606 0.0411343324 -0.00823700508
0.257777778 0.0249557687 -0.0478731175 0.0807034615 -0.192395953 0.977993225 -0.36992029 1.17408924 -0.988540722 0 0 0 0 0 0 0 0 0 0 0 0 0 0 0 0 0 0 0 0 0 0 0 0 0 0 0 0 0 0 0 0 0 0 0 0 0 0 0 0 0 0 0 0 0 1.76709569 -4.41546852 -4.55746095 -5.74460447 0.994322193 0.0959861341 0.0423089765 -0.0178882455
0.257777778 0.0415929479 -0.0444959637 0.0798338003 -0.203260758 0.975864555 -0.426395063 1.10451452 -1.01207188 0 0 0 0 0 0 0 0 0 0 0 0 0 0 0 0 0 0 0 0 0 0 0 0 0 0 0 0 0 0 0 0 0 0 0 0 0 0 0 0 0 0 0 0 0 1.58704011 -4.41546852 -4.55746095 -5.74460447 0.993570825 0.101104425 0.0429606563 -0.0273732292
0.257777778 0.058230127 -0.040973083 0.0779542154 -0.208938488 0.974816828 -0.472805639 1.0349398 -1.03140962 0 0 0 0 0 0 0 0 0 0 0 0 0 0 0 0 0 0 0 0 0 0 0 0 0 0 0 0 0 0 0 0 0 0 0 0 0 0 0 0 0 0 0 0 0 1.45365945 -4.41546852 -4.55746095 -5.74460447 0.993007184 0.103613838 0.043078514 -0.0366762415
0.257777778 0.0748673062 -0.0373910458 0.0751493948 -0.210090678 0.974789452 -0.510945529 0.965365077 -1.04730124 0 0 0 0 0 0 0 0 0 0 0 0 0 0 0 0 0 0 0 0 0 0 0 0 0 0 0 0 0 0 0 0 0 0 0 0 0 0 0 0 0 0 0 0 0 1.35179168 -4.41546852 -4.55746095 -5.74460447 0.992621576 0.103858724 0.0426455097 -0.0457944735
0.257777778 0.0915044853 -0.0338240053 0.0714478899 -0.207501058 0.975622114 -0.542288626 0.895790355 -1.06036086 0 0 0 0 0 0 0 0 0 0 0 0 0 0 0 0 0 0 0 0 0 0 0 0 0 0 0 0 0 0 0 0 0 0 0 0 0 0 0 0 0 0 0 0 0 1.27243798 -4.41546852 -4.55746095 -5.74460447 0.992378408 0.102250687 0.0416382022 -0.0547371176
0.257777778 0.108141664 -0.0303309528 0.066820319 -0.202066397 0.977089666 -0.568046165 0.826215634 -1.07109317 0 0 0 0 0 0 0 0 0 0 0 0 0 0 0 0 0 0 0 0 0 0 0 0 0 0 0 0 0 0 0 0 0 0 0 0 0 0 0 0 0 0 0 0 0 1.20978386 -4.41546852 -4.55746095 -5.74460447 0.992224581 0.0992623657 0.040026861 -0.0635233287
0.257777778 0.124778844 -0.0269535346 0.0611801513 -0.194784036 0.978936243 -0.589213532 0.756640912 -1.07991291 0 0 0 0 0 0 0 0 0 0 0 0 0 0 0 0 0 0 0 0 0 0 0 0 0 0 0 0 0 0 0 0 0 0 0 0 0 0 0 0 0 0 0 0 0 1.15984141 -4.41546852 -4.55746095 -5.74460447 0.992097937 0.0954194054 0.0377758576 -0.0721789736
0.257777778 0.141416023 -0.0237145099 0.054386823 -0.186731026 0.980904479 -0.606608728 0.68706619 -1.0871609 0 0 0 0 0 0 0 0 0 0 0 0 0 0 0 0 0 0 0 0 0 0 0 0 0 0 0 0 0 0 0 0 0 0 0 0 0 0 0 0 0 0 0 0 0 1.11975493 -4.41546852 -4.55746095 -5.74460447 0.991934749 0.0912887148 0.0348443823 -0.0807322362
0.257777778 0.158053202 -0.0206169092 0.046251203 -0.179032346 0.982755435 -0.620903979 0.617491468 -1.09311726 0 0 0 0 0 0 0 0 0 0 0 0 0 0 0 0 0 0 0 0 0 0 0 0 0 0 0 0 0 0 0 0 0 0 0 0 0 0 0 0 0 0 0 0 0 1.08741338 -4.41546852 -4.55746095 -5.74460447 0.991675143 0.0874620901 0.0311875815 -0.0892083398
0.257777778 0.174690381 -0.0176439216 0.0365436799 -0.172818546 0.984275525 -0.632651717 0.547916746 -1.09801215 0 0 0 0 0 0 0 0 0 0 0 0 0 0 0 0 0 0 0 0 0 0 0 0 0 0 0 0 0 0 0 0 0 0 0 0 0 0 0 0 0 0 0 0 0 1.06121868 -4.41546852 -4.55746095 -5.74460447 0.991265529 0.0845354041 0.0267582298 -0.0976238415
0.257777778 0.19132756 -0.0147595173 0.0250054406 -0.16917552 0.98526868 -0.642305926 0.478342024 -1.10203474 0 0 0 0 0 0 0 0 0 0 0 0 0 0 0 0 0 0 0 0 0 0 0 0 0 0 0 0 0 0 0 0 0 0 0 0 0 0 0 0 0 0 0 0 0 1.03993915 -4.41546852 -4.55746095 -5.74460447 0.990657531 0.0830844208 0.0215090471 -0.10598111
0.257777778 0.207964739 -0.0119097808 0.0113638796 -0.169090009 0.985535099 -0.650239689 0.408767303 -1.10534047 0 0 0 0 0 0 0 0 0 0 0 0 0 0 0 0 0 0 0 0 0 0 0 0 0 0 0 0 0 0 0 0 0 0 0 0 0 0 0 0 0 0 0 0 0 1.02261242 -4.41546852 -4.55746095 -5.74460447 0.989803698 0.083638631 0.0153957774 -0.114263679
0.257777778 0.224601918 -0.00902490703 -0.00464662172 -0.173393949 0.984841585 -0.6567596 0.339192581 -1.1080571 0 0 0 0 0 0 0 0 0 0 0 0 0 0 0 0 0 0 0 0 0 0 0 0 0 0 0 0 0 0 0 0 0 0 0 0 0 0 0 0 0 0 0 0 0 1.00847862 -4.41546852 -4.55746095 -5.74460447 0.988651056 0.0866542762 0.00838116439 -0.122433172
0.257777778 0.241239098 -0.00602178438 -0.0232573586 -0.182709474 0.982891827 -0.662117617 0.269617859 -1.11028961 0 0 0 0 0 0 0 0 0 0 0 0 0 0 0 0 0 0 0 0 0 0 0 0 0 0 0 0 0 0 0 0 0 0 0 0 0 0 0 0 0 0 0 0 0 0.996932798 -4.41546852 -4.55746095 -5.74460447 0.987134403 0.0924872584 0.000439951982 -0.130428464
0.275555556 -0.236058298 -0.0161547368 -0.126639197 0.454022657 0.881944409 -0.653171596 0.261402105 -1.1141935 0 0 0 0 0 0 0 0 0 0 0 0 0 0 0 0 0 0 0 0 0 0 0 0 0 0 0 0 0 0 0 0 0 0 0 0 0 0 0 0 0 0 0 0 0 0.9971128 -4.41546852 -4.54407938 -5.74460447 0.960696846 -0.240806528 -0.0322492118 0.134289892
0.275555556 -0.219196991 -0.0245057992 -0.108805421 0.426343383 0.897993708 -0.647590551 0.333375955 -1.11186806 0 0 0 0 0 0 0 0 0 0 0 0 0 0 0 0 0 0 0 0 0 0 0 0 0 0 0 0 0 0 0 0 0 0 0 0 0 0 0 0 0 0 0 0 0 1.00914156 -4.41546852 -4.54407938 -5.74460447 0.965998757 -0.224206494 -0.0271033896 0.125869993
0.275555556 -0.202335684 -0.0321338147 -0.090509229 0.392747962 0.915181467 -0.640753132 0.405349806 -1.10901914 0 0 0 0 0 0 0 0 0 0 0 0 0 0 0 0 0 0 0 0 0 0 0 0 0 0 0 0 0 0 0 0 0 0 0 0 0 0 0 0 0 0 0 0 0 1.02397068 -4.41546852 -4.54407938 -5.74460447 0.971511973 -0.204771462 -0.0218612596 0.117282647
0.275555556 -0.185474377 -0.0389507154 -0.0719468482 0.353247154 0.9327594 -0.632376508 0.477323656 -1.10552888 0 0 0 0 0 0 0 0 0 0 0 0 0 0 0 0 0 0 0 0 0 0 0 0 0 0 0 0 0 0 0 0 0 0 0 0 0 0 0 0 0 0 0 0 0 1.04228066 -4.41546852 -4.54407938 -5.74460447 0.977039076 -0.182611038 -0.0165380934 0.108509654
0.275555556 -0.16861307 -0.0448834334 -0.0534004429 0.308170953 0.949831067 -0.622114184 0.549297506 -1.10125291 0 0 0 0 0 0 0 0 0 0 0 0 0 0 0 0 0 0 0 0 0 0 0 0 0 0 0 0 0 0 0 0 0 0 0 0 0 0 0 0 0 0 0 0 0 1.06493365 -4.41546852 -4.54407938 -5.74460447 0.982349186 -0.157986131 -0.0111735686 0.0995269349
0.275555556 -0.151751763 -0.0498767945 -0.035231097 0.258244479 0.965436978 -0.609541659 0.621271356 -1.09601436 0 0 0 0 0 0 0 0 0 0 0 0 0 0 0 0 0 0 0 0 0 0 0 0 0 0 0 0 0 0 0 0 0 0 0 0 0 0 0 0 0 0 0 0 0 1.09303185 -4.41546852 -4.54407938 -5.74460447 0.987199475 -0.131329824 -0.00582993116 0.0903088356
0.275555556 -0.134890456 -0.0538957031 -0.0178551804 0.204619105 0.978678811 -0.594138874 0.693245206 -1.08959653 0 0 0 0 0 0 0 0 0 0 0 0 0 0 0 0 0 0 0 0 0 0 0 0 0 0 0 0 0 0 0 0 0 0 0 0 0 0 0 0 0 0 0 0 0 1.12800087 -4.41546852 -4.54407938 -5.74460447 0.991365362 -0.103248489 -0.000586674339 0.0808339342
0.275555556 -0.118029149 -0.056926532 -0.00170349896 0.148830932 0.988861189 -0.575268695 0.765219056 -1.08173396 0 0 0 0 0 0 0 0 0 0 0 0 0 0 0 0 0 0 0 0 0 0 0 0 0 0 0 0 0 0 0 0 0 0 0 0 0 0 0 0 0 0 0 0 0 1.17171321 -4.41546852 -4.54407938 -5.74460447 0.994674141 -0.0744945821 0.00446794969 0.071091123
0.275555556 -0.101167842 -0.0589776621 0.0128305314 0.0926770292 0.995613552 -0.552150561 0.837192907 -1.0721014 0 0 0 0 0 0 0 0 0 0 0 0 0 0 0 0 0 0 0 0 0 0 0 0 0 0 0 0 0 0 0 0 0 0 0 0 0 0 0 0 0 0 0 0 0 1.22667906 -4.41546852 -4.54407938 -5.74460447 0.997033336 -0.0459098617 0.00924707503 0.0610843997
0.275555556 -0.0843065348 -0.0600791503 0.0254412847 0.0380293919 0.998952705 -0.523828196 0.909166757 -1.06030041 0 0 0 0 0 0 0 0 0 0 0 0 0 0 0 0 0 0 0 0 0 0 0 0 0 0 0 0 0 0 0 0 0 0 0 0 0 0 0 0 0 0 0 0 0 1.29635675 -4.41546852 -4.54407938 -5.74460447 0.998444866 -0.0183480791 0.0136746336 0.0508350407
0.275555556 -0.0674452279 -0.0602815396 0.0359460809 -0.0133676997 0.999264321 -0.489130049 0.981140607 -1.04584285 0 0 0 0 0 0 0 0 0 0 0 0 0 0 0 0 0 0 0 0 0 0 0 0 0 0 0 0 0 0 0 0 0 0 0 0 0 0 0 0 0 0 0 0 0 1.38569098 -4.41546852 -4.54407938 -5.74460447 0.999000282 0.00740565535 0.0176916818 0.0403806663
0.275555556 -0.0505839209 -0.0596538572 0.0442962131 -0.0600651308 0.997211124 -0.446620839 1.05311446 -1.02813068 0 0 0 0 0 0 0 0 0 0 0 0 0 0 0 0 0 0 0 0 0 0 0 0 0 0 0 0 0 0 0 0 0 0 0 0 0 0 0 0 0 0 0 0 0 1.50212287 -4.41546852 -4.54407938 -5.74460447 0.998858953 0.0307004937 0.0212583573 0.0297717061
0.275555556 -0.0337226139 -0.0582808812 0.0505635906 -0.101006711 0.993600004 -0.39454218 1.12508831 -1.00643124 0 0 0 0 0 0 0 0 0 0 0 0 0 0 0 0 0 0 0 0 0 0 0 0 0 0 0 0 0 0 0 0 0 0 0 0 0 0 0 0 0 0 0 0 0 1.65768918 -4.41546852 -4.54407938 -5.74460447 0.998216647 0.0510587109 0.0243517174 0.0190663961
0.275555556 -0.016861307 -0.0562597832 0.054910164 -0.135551739 0.989247492 -0.330739848 1.19706216 -0.979846936 0 0 0 0 0 0 0 0 0 0 0 0 0 0 0 0 0 0 0 0 0 0 0 0 0 0 0 0 0 0 0 0 0 0 0 0 0 0 0 0 0 0 0 0 0 1.87403974 -4.41546852 -4.54407938 -5.74460447 0.997273499 0.0681862415 0.0269609081 0.00832547408
0.275555556 0 -0.0536962804 0.0575501898 -0.163440925 0.984873108 -0.252574674 1.26903601 -0.947278114 0 0 0 0 0 0 0 0 0 0 0 0 0 0 0 0 0 0 0 0 0 0 0 0 0 0 0 0 0 0 0 0 0 0 0 0 0 0 0 0 0 0 0 0 0 2.19722458 -4.41546852 -4.54407938 -5.74460447 0.996208226 0.0819616613 0.0290814699 -0.00239263793
0.275555556 0.016861307 -0.0507004491 0.0587138614 -0.184734076 0.981033131 -0.330739848 1.19706216 -0.979846936 0 0 0 0 0 0 0 0 0 0 0 0 0 0 0 0 0 0 0 0 0 0 0 0 0 0 0 0 0 0 0 0 0 0 0 0 0 0 0 0 0 0 0 0 0 1.87403974 -4.41546852 -4.54407938 -5.74460447 0.995161611 0.0924138393 0.030710209 -0.0130358218
0.275555556 0.0337226139 -0.0473823657 0.0586171909 -0.199744611 0.978093102 -0.39454218 1.12508831 -1.00643124 0 0 0 0 0 0 0 0 0 0 0 0 0 0 0 0 0 0 0 0 0 0 0 0 0 0 0 0 0 0 0 0 0 0 0 0 0 0 0 0 0 0 0 0 0 1.65768918 -4.41546852 -4.54407938 -5.74460447 0.994229055 0.0996974284 0.0318413561 -0.0235613494
0.275555556 0.0505839209 -0.0438477472 0.057439592 -0.208986232 0.976230223 -0.446620839 1.05311446 -1.02813068 0 0 0 0 0 0 0 0 0 0 0 0 0 0 0 0 0 0 0 0 0 0 0 0 0 0 0 0 0 0 0 0 0 0 0 0 0 0 0 0 0 0 0 0 0 1.50212287 -4.41546852 -4.54407938 -5.74460447 0.993460276 0.104071949 0.0324641024 -0.0339380602
0.275555556 0.0674452279 -0.0401937654 0.0553085055 -0.213136773 0.97545563 -0.489130049 0.981140607 -1.04584285 0 0 0 0 0 0 0 0 0 0 0 0 0 0 0 0 0 0 0 0 0 0 0 0 0 0 0 0 0 0 0 0 0 0 0 0 0 0 0 0 0 0 0 0 0 1.38569098 -4.41546852 -4.54407938 -5.74460447 0.992863942 0.105886499 0.032561242 -0.044147558
0.275555556 0.0843065348 -0.0365051984 0.0522896662 -0.213016669 0.975648343 -0.523828196 0.909166757 -1.06030041 0 0 0 0 0 0 0 0 0 0 0 0 0 0 0 0 0 0 0 0 0 0 0 0 0 0 0 0 0 0 0 0 0 0 0 0 0 0 0 0 0 0 0 0 0 1.29635675 -4.41546852 -4.54407938 -5.74460447 0.992415354 0.105569261 0.0321085592 -0.0541842767
0.275555556 0.101167842 -0.0328510733 0.0483817484 -0.209575208 0.976594818 -0.552150561 0.837192907 -1.0721014 0 0 0 0 0 0 0 0 0 0 0 0 0 0 0 0 0 0 0 0 0 0 0 0 0 0 0 0 0 0 0 0 0 0 0 0 0 0 0 0 0 0 0 0 0 1.22667906 -4.41546852 -4.54407938 -5.74460447 0.992065756 0.103619279 0.0310746819 -0.0640542337
0.275555556 0.118029149 -0.0292819332 0.0435146311 -0.203876412 0.978029082 -0.575268695 0.765219056 -1.08173396 0 0 0 0 0 0 0 0 0 0 0 0 0 0 0 0 0 0 0 0 0 0 0 0 0 0 0 0 0 0 0 0 0 0 0 0 0 0 0 0 0 0 0 0 0 1.17171321 -4.41546852 -4.54407938 -5.74460447 0.991752076 0.100597448 0.0294212906 -0.0737723526
0.275555556 0.134890456 -0.0258278348 0.0375510396 -0.197077433 0.979668518 -0.594138874 0.693245206 -1.08959653 0 0 0 0 0 0 0 0 0 0 0 0 0 0 0 0 0 0 0 0 0 0 0 0 0 0 0 0 0 0 0 0 0 0 0 0 0 0 0 0 0 0 0 0 0 1.12800087 -4.41546852 -4.54407938 -5.74460447 0.99140589 0.0971140025 0.0271037184 -0.0833583839
0.275555556 0.151751763 -0.0224971592 0.0302917034 -0.190395068 0.981240098 -0.609541659 0.621271356 -1.09601436 0 0 0 0 0 0 0 0 0 0 0 0 0 0 0 0 0 0 0 0 0 0 0 0 0 0 0 0 0 0 0 0 0 0 0 0 0 0 0 0 0 0 0 0 0 1.09303185 -4.41546852 -4.54407938 -5.74460447 0.990960307 0.0938109046 0.0240720786 -0.0928316675
0.275555556 0.16861307 -0.0192762792 0.0214844297 -0.185059574 0.982492429 -0.622114184 0.549297506 -1.10125291 0 0 0 0 0 0 0 0 0 0 0 0 0 0 0 0 0 0 0 0 0 0 0 0 0 0 0 0 0 0 0 0 0 0 0 0 0 0 0 0 0 0 0 0 0 1.06493365 -4.41546852 -4.54407938 -5.74460447 0.990353628 0.0913388605 0.0202730843 -0.102205213
0.275555556 0.185474377 -0.016130099 0.0108377275 -0.18225804 0.983191004 -0.632376508 0.477323656 -1.10552888 0 0 0 0 0 0 0 0 0 0 0 0 0 0 0 0 0 0 0 0 0 0 0 0 0 0 0 0 0 0 0 0 0 0 0 0 0 0 0 0 0 0 0 0 0 1.04228066 -4.41546852 -4.54407938 -5.74460447 0.98952906 0.0903298974 0.0156527193 -0.111479778
0.275555556 0.202335684 -0.0130034446 -0.00196009933 -0.183071342 0.983097677 -0.640753132 0.405349806 -1.10901914 0 0 0 0 0 0 0 0 0 0 0 0 0 0 0 0 0 0 0 0 0 0 0 0 0 0 0 0 0 0 0 0 0 0 0 0 0 0 0 0 0 0 0 0 0 1.02397068 -4.41546852 -4.54407938 -5.74460447 0.988430641 0.0913670516 0.0101598998 -0.12063874
0.275555556 0.219196991 -0.00982324807 -0.01721522 -0.188408539 0.981939845 -0.647590551 0.333375955 -1.11186806 0 0 0 0 0 0 0 0 0 0 0 0 0 0 0 0 0 0 0 0 0 0 0 0 0 0 0 0 0 0 0 0 0 0 0 0 0 0 0 0 0 0 0 0 0 1.00914156 -4.41546852 -4.54407938 -5.74460447 0.986996554 0.0949526492 0.00375126843 -0.129644609
0.275555556 0.236058298 -0.00650144145 -0.035194856 -0.198941519 0.979379188 -0.653171596 0.261402105 -1.1141935 0 0 0 0 0 0 0 0 0 0 0 0 0 0 0 0 0 0 0 0 0 0 0 0 0 0 0 0 0 0 0 0 0 0 0 0 0 0 0 0 0 0 0 0 0 0.9971128 -4.41546852 -4.54407938 -5.74460447 0.98515203 0.101476234 -0.00360275773 -0.138437971
0.293333333 -0.230839853 -0.0161569444 -0.141825138 0.461096591 0.875942671 -0.644309327 0.251460527 -1.11813228 0 0 0 0 0 0 0 0 0 0 0 0 0 0 0 0 0 0 0 0 0 0 0 0 0 0 0 0 0 0 0 0 0 0 0 0 0 0 0 0 0 0 0 0 0 0.9971128 -4.41546852 -4.56643398 -5.74460447 0.958095174 -0.246193046 -0.0376516713 0.141509619
0.293333333 -0.214351292 -0.0245081427 -0.125344761 0.433371053 0.892456286 -0.638728282 0.323434377 -1.11580685 0 0 0 0 0 0 0 0 0 0 0 0 0 0 0 0 0 0 0 0 0 0 0 0 0 0 0 0 0 0 0 0 0 0 0 0 0 0 0 0 0 0 0 0 0 1.00914156 -4.41546852 -4.56643398 -5.74460447 0.96368918 -0.229453846 -0.0335080566 0.132405839
0.293333333 -0.197862731 -0.0321400401 -0.108310363 0.399808525 0.910176911 -0.631890862 0.395408227 -1.11295792 0 0 0 0 0 0 0 0 0 0 0 0 0 0 0 0 0 0 0 0 0 0 0 0 0 0 0 0 0 0 0 0 0 0 0 0 0 0 0 0 0 0 0 0 0 1.02397068 -4.41546852 -4.56643398 -5.74460447 0.969490522 -0.209903953 -0.0291869039 0.123193273
0.293333333 -0.18137417 -0.0389677355 -0.0909077286 0.360384865 0.928363363 -0.623514239 0.467382077 -1.10946766 0 0 0 0 0 0 0 0 0 0 0 0 0 0 0 0 0 0 0 0 0 0 0 0 0 0 0 0 0 0 0 0 0 0 0 0 0 0 0 0 0 0 0 0 0 1.04228066 -4.41546852 -4.56643398 -5.74460447 0.975303988 -0.187638617 -0.024699548 0.113858741
0.293333333 -0.164885609 -0.0449207885 -0.0734041199 0.315387993 0.946119574 -0.613251914 0.539355927 -1.1051917 0 0 0 0 0 0 0 0 0 0 0 0 0 0 0 0 0 0 0 0 0 0 0 0 0 0 0 0 0 0 0 0 0 0 0 0 0 0 0 0 0 0 0 0 0 1.06493365 -4.41546852 -4.56643398 -5.74460447 0.98089998 -0.162901573 -0.0200820937 0.104379193
0.293333333 -0.148397048 -0.0499460092 -0.0561435603 0.265496728 0.962475656 -0.60067939 0.611329777 -1.09995314 0 0 0 0 0 0 0 0 0 0 0 0 0 0 0 0 0 0 0 0 0 0 0 0 0 0 0 0 0 0 0 0 0 0 0 0 0 0 0 0 0 0 0 0 0 1.09303185 -4.41546852 -4.56643398 -5.74460447 0.986034967 -0.136107304 -0.0153939604 0.0947252395
0.293333333 -0.131908487 -0.0540095638 -0.039526819 0.211817314 0.976509629 -0.585276604 0.683303628 -1.09353532 0 0 0 0 0 0 0 0 0 0 0 0 0 0 0 0 0 0 0 0 0 0 0 0 0 0 0 0 0 0 0 0 0 0 0 0 0 0 0 0 0 0 0 0 0 1.12800087 -4.41546852 -4.56643398 -5.74460447 0.990480926 -0.107844412 -0.010712992 0.0848666618
0.293333333 -0.115419926 -0.0570983153 -0.0239746453 0.155848843 0.987489926 -0.566406426 0.755277478 -1.08567274 0 0 0 0 0 0 0 0 0 0 0 0 0 0 0 0 0 0 0 0 0 0 0 0 0 0 0 0 0 0 0 0 0 0 0 0 0 0 0 0 0 0 0 0 0 1.17171321 -4.41546852 -4.56643398 -5.74460447 0.99405889 -0.0788510792 -0.00612732761 0.0747789151
0.293333333 -0.0989313656 -0.0592203432 -0.00987913234 0.0993657911 0.995001931 -0.543288292 0.827251328 -1.07604019 0 0 0 0 0 0 0 0 0 0 0 0 0 0 0 0 0 0 0 0 0 0 0 0 0 0 0 0 0 0 0 0 0 0 0 0 0 0 0 0 0 0 0 0 0 1.22667906 -4.41546852 -4.56643398 -5.74460447 0.996668087 -0.0499605604 -0.00172540096 0.064449119
0.293333333 -0.0824428046 -0.0604046235 0.00244565292 0.0442350448 0.999018158 -0.514965926 0.899225178 -1.0642392 0 0 0 0 0 0 0 0 0 0 0 0 0 0 0 0 0 0 0 0 0 0 0 0 0 0 0 0 0 0 0 0 0 0 0 0 0 0 0 0 0 0 0 0 0 1.29635675 -4.41546852 -4.56643398 -5.74460447 0.998301568 -0.0220248838 0.00241362749 0.0538800413
0.293333333 -0.0659542437 -0.0606998817 0.0128004206 -0.00778829594 0.99988774 -0.480267779 0.971199028 -1.04978164 0 0 0 0 0 0 0 0 0 0 0 0 0 0 0 0 0 0 0 0 0 0 0 0 0 0 0 0 0 0 0 0 0 0 0 0 0 0 0 0 0 0 0 0 0 1.38569098 -4.41546852 -4.56643398 -5.74460447 0.999043051 0.00416644817 0.00622663156 0.0430912155
0.293333333 -0.0494656828 -0.0601726627 0.021115279 -0.0552338513 0.998250152 -0.437758569 1.04317288 -1.03206947 0 0 0 0 0 0 0 0 0 0 0 0 0 0 0 0 0 0 0 0 0 0 0 0 0 0 0 0 0 0 0 0 0 0 0 0 0 0 0 0 0 0 0 0 0 1.50212287 -4.41546852 -4.56643398 -5.74460447 0.999046324 0.0279541283 0.00966905054 0.0321172632
0.293333333 -0.0329771219 -0.058904696 0.0274406451 -0.0970207988 0.994904003 -0.38567991 1.11514673 -1.01037003 0 0 0 0 0 0 0 0 0 0 0 0 0 0 0 0 0 0 0 0 0 0 0 0 0 0 0 0 0 0 0 0 0 0 0 0 0 0 0 0 0 0 0 0 0 1.65768918 -4.41546852 -4.56643398 -5.74460447 0.998504293 0.0488504979 0.0127132708 0.021004229
0.293333333 -0.0164885609 -0.0569896591 0.0319203098 -0.132486557 0.990670685 -0.321877579 1.18712058 -0.983785723 0 0 0 0 0 0 0 0 0 0 0 0 0 0 0 0 0 0 0 0 0 0 0 0 0 0 0 0 0 0 0 0 0 0 0 0 0 0 0 0 0 0 0 0 0 1.87403974 -4.41546852 -4.56643398 -5.74460447 0.997616763 0.0665523377 0.0153441799 0.0098049716
0.293333333 0 -0.0545294674 0.0347559683 -0.161356344 0.986284012 -0.243712404 1.25909443 -0.9512169 0 0 0 0 0 0 0 0 0 0 0 0 0 0 0 0 0 0 0 0 0 0 0 0 0 0 0 0 0 0 0 0 0 0 0 0 0 0 0 0 0 0 0 0 0 2.19722458 -4.41546852 -4.56643398 -5.74460447 0.996564084 0.0809312214 0.0175536676 -0.00142553779
0.293333333 0.0164885609 -0.0516302389 0.0361716266 -0.183681765 0.98232002 -0.321877579 1.18712058 -0.983785723 0 0 0 0 0 0 0 0 0 0 0 0 0 0 0 0 0 0 0 0 0 0 0 0 0 0 0 0 0 0 0 0 0 0 0 0 0 0 0 0 0 0 0 0 0 1.87403974 -4.41546852 -4.56643398 -5.74460447 0.99549002 0.0920115579 0.0193355366 -0.012634504
0.293333333 0.0329771219 -0.0483980916 0.0363830531 -0.199774147 0.979166259 -0.38567991 1.11514673 -1.01037003 0 0 0 0 0 0 0 0 0 0 0 0 0 0 0 0 0 0 0 0 0 0 0 0 0 0 0 0 0 0 0 0 0 0 0 0 0 0 0 0 0 0 0 0 0 1.65768918 -4.41546852 -4.56643398 -5.74460447 0.994493782 0.0999456925 0.0206816067 -0.023774939
0.293333333 0.0494656828 -0.044934941 0.0355741282 -0.210148799 0.977021987 -0.437758569 1.04317288 -1.03206947 0 0 0 0 0 0 0 0 0 0 0 0 0 0 0 0 0 0 0 0 0 0 0 0 0 0 0 0 0 0 0 0 0 0 0 0 0 0 0 0 0 0 0 0 0 1.50212287 -4.41546852 -4.56643398 -5.74460447 0.993629389 0.104992126 0.0215791544 -0.0348084955
0.293333333 0.0659542437 -0.0413344646 0.0338797902 -0.215486008 0.975919023 -0.480267779 0.971199028 -1.04978164 0 0 0 0 0 0 0 0 0 0 0 0 0 0 0 0 0 0 0 0 0 0 0 0 0 0 0 0 0 0 0 0 0 0 0 0 0 0 0 0 0 0 0 0 0 1.38569098 -4.41546852 -4.56643398 -5.74460447 0.992910041 0.107499176 0.0220094439 -0.0457073534
0.293333333 0.0824428046 -0.0376783918 0.031374443 -0.216606774 0.975754657 -0.514965926 0.899225178 -1.0642392 0 0 0 0 0 0 0 0 0 0 0 0 0 0 0 0 0 0 0 0 0 0 0 0 0 0 0 0 0 0 0 0 0 0 0 0 0 0 0 0 0 0 0 0 0 1.29635675 -4.41546852 -4.56643398 -5.74460447 0.992315556 0.107893471 0.0219469959 -0.0564549821
0.293333333 0.0989313656 -0.0340332676 0.0280647736 -0.214456849 0.976330184 -0.543288292 0.827251328 -1.07604019 0 0 0 0 0 0 0 0 0 0 0 0 0 0 0 0 0 0 0 0 0 0 0 0 0 0 0 0 0 0 0 0 0 0 0 0 0 0 0 0 0 0 0 0 0 1.22667906 -4.41546852 -4.56643398 -5.74460447 0.991801381 0.10667093 0.02135932 -0.0670455981
0.293333333 0.115419926 -0.0304478173 0.023886414 -0.210091209 0.977389955 -0.566406426 0.755277478 -1.08567274 0 0 0 0 0 0 0 0 0 0 0 0 0 0 0 0 0 0 0 0 0 0 0 0 0 0 0 0 0 0 0 0 0 0 0 0 0 0 0 0 0 0 0 0 0 1.17171321 -4.41546852 -4.56643398 -5.74460447 0.991307966 0.104387258 0.0202070032 -0.0774822175
0.293333333 0.131908487 -0.0269510172 0.0187044113 -0.204651973 0.978656076 -0.585276604 0.683303628 -1.09353532 0 0 0 0 0 0 0 0 0 0 0 0 0 0 0 0 0 0 0 0 0 0 0 0 0 0 0 0 0 0 0 0 0 0 0 0 0 0 0 0 0 0 0 0 0 1.12800087 -4.41546852 -4.56643398 -5.74460447 0.990769337 0.101645331 0.018444208 -0.0877733387
0.293333333 0.148397048 -0.0235509467 0.0123178343 -0.199335358 0.979853911 -0.60067939 0.611329777 -1.09995314 0 0 0 0 0 0 0 0 0 0 0 0 0 0 0 0 0 0 0 0 0 0 0 0 0 0 0 0 0 0 0 0 0 0 0 0 0 0 0 0 0 0 0 0 0 1.09303185 -4.41546852 -4.56643398 -5.74460447 0.990119672 0.0990778115 0.016019738 -0.0979284915
0.293333333 0.164885609 -0.0202344685 0.00446904102 -0.195346518 0.980724103 -0.613251914 0.539355927 -1.1051917 0 0 0 0 0 0 0 0 0 0 0 0 0 0 0 0 0 0 0 0 0 0 0 0 0 0 0 0 0 0 0 0 0 0 0 0 0 0 0 0 0 0 0 0 0 1.06493365 -4.41546852 -4.56643398 -5.74460447 0.989296811 0.0973246299 0.0128788602 -0.107953093
0.293333333 0.18137417 -0.0169677493 -0.00514175427 -0.19384415 0.981018862 -0.623514239 0.467382077 -1.10946766 0 0 0 0 0 0 0 0 0 0 0 0 0 0 0 0 0 0 0 0 0 0 0 0 0 0 0 0 0 0 0 0 0 0 0 0 0 0 0 0 0 0 0 0 0 1.04228066 -4.41546852 -4.56643398 -5.74460447 0.988242077 0.0970060761 0.00896605491 -0.117843235
0.293333333 0.197862731 -0.0136975988 -0.0168358663 -0.195878426 0.980483654 -0.631890862 0.395408227 -1.11295792 0 0 0 0 0 0 0 0 0 0 0 0 0 0 0 0 0 0 0 0 0 0 0 0 0 0 0 0 0 0 0 0 0 0 0 0 0 0 0 0 0 0 0 0 0 1.02397068 -4.41546852 -4.56643398 -5.74460447 0.986896589 0.0986929075 0.0042288339 -0.127581153
0.293333333 0.214351292 -0.0103535767 -0.0309286414 -0.202325953 0.978829724 -0.638728282 0.323434377 -1.11580685 0 0 0 0 0 0 0 0 0 0 0 0 0 0 0 0 0 0 0 0 0 0 0 0 0 0 0 0 0 0 0 0 0 0 0 0 0 0 0 0 0 0 0 0 0 1.00914156 -4.41546852 -4.56643398 -5.74460447 0.985195228 0.102874882 -0.00137725767 -0.137132143
0.293333333 0.230839853 -0.006850782 -0.047694491 -0.213824786 0.975707024 -0.644309327 0.251460527 -1.11813228 0 0 0 0 0 0 0 0 0 0 0 0 0 0 0 0 0 0 0 0 0 0 0 0 0 0 0 0 0 0 0 0 0 0 0 0 0 0 0 0 0 0 0 0 0 0.9971128 -4.41546852 -4.56643398 -5.74460447 0.983060402 0.109928869 -0.00788237911 -0.146443704
0.311111111 -0.225008615 -0.0162167055 -0.15652116 0.466203776 0.870721061 -0.635357008 0.242296859 -1.12203355 0 0 0 0 0 0 0 0 0 0 0 0 0 0 0 0 0 0 0 0 0 0 0 0 0 0 0 0 0 0 0 0 0 0 0 0 0 0 0 0 0 0 0 0 0 0.997306352 -4.41546852 -4.55565184 -5.74460447 0.955677599 -0.25058674 -0.0429622535 0.148461633
0.311111111 -0.208341311 -0.0247897786 -0.140841478 0.437262384 0.888237179 -0.629533847 0.316841204 -1.11960723 0 0 0 0 0 0 0 0 0 0 0 0 0 0 0 0 0 0 0 0 0 0 0 0 0 0 0 0 0 0 0 0 0 0 0 0 0 0 0 0 0 0 0 0 0 1.0098596 -4.41546852 -4.55565184 -5.74460447 0.961762066 -0.233034027 -0.0397058287 0.138319624
0.311111111 -0.191674006 -0.0325944896 -0.124490372 0.402148429 0.907071545 -0.622347888 0.391385548 -1.11661308 0 0 0 0 0 0 0 0 0 0 0 0 0 0 0 0 0 0 0 0 0 0 0 0 0 0 0 0 0 0 0 0 0 0 0 0 0 0 0 0 0 0 0 0 0 1.02545268 -4.41546852 -4.55565184 -5.74460447 0.96804982 -0.212498427 -0.0361752076 0.128122279
0.311111111 -0.175006701 -0.0395412326 -0.107668931 0.360824954 0.92639773 -0.613480194 0.465929893 -1.11291821 0 0 0 0 0 0 0 0 0 0 0 0 0 0 0 0 0 0 0 0 0 0 0 0 0 0 0 0 0 0 0 0 0 0 0 0 0 0 0 0 0 0 0 0 0 1.04485476 -4.41546852 -4.55565184 -5.74460447 0.974324293 -0.189083697 -0.0323804048 0.117860242
0.311111111 -0.158339396 -0.0455566845 -0.0906660938 0.313614095 0.945212071 -0.60253719 0.540474238 -1.10835863 0 0 0 0 0 0 0 0 0 0 0 0 0 0 0 0 0 0 0 0 0 0 0 0 0 0 0 0 0 0 0 0 0 0 0 0 0 0 0 0 0 0 0 0 0 1.0690494 -4.41546852 -4.55565184 -5.74460447 0.980330525 -0.163063379 -0.0283601622 0.107508592
0.311111111 -0.141672091 -0.050586919 -0.0738537545 0.261289262 0.96243106 -0.589033187 0.615018583 -1.10273196 0 0 0 0 0 0 0 0 0 0 0 0 0 0 0 0 0 0 0 0 0 0 0 0 0 0 0 0 0 0 0 0 0 0 0 0 0 0 0 0 0 0 0 0 0 1.09930686 -4.41546852 -4.55565184 -5.74460447 0.985799493 -0.134906588 -0.0241802149 0.097030352
0.311111111 -0.125004786 -0.0545996966 -0.0576642548 0.205113321 0.977038054 -0.572368835 0.689562928 -1.09578848 0 0 0 0 0 0 0 0 0 0 0 0 0 0 0 0 0 0 0 0 0 0 0 0 0 0 0 0 0 0 0 0 0 0 0 0 0 0 0 0 0 0 0 0 0 1.13728928 -4.41546852 -4.55565184 -5.74460447 0.990483224 -0.105279972 -0.0199273801 0.0863829233
0.311111111 -0.108337481 -0.0575858343 -0.0425484839 0.146787408 0.98825254 -0.551804514 0.764107272 -1.08722001 0 0 0 0 0 0 0 0 0 0 0 0 0 0 0 0 0 0 0 0 0 0 0 0 0 0 0 0 0 0 0 0 0 0 0 0 0 0 0 0 0 0 0 0 0 1.18520971 -4.41546852 -4.55565184 -5.74460447 0.994194169 -0.0750149756 -0.015699787 0.0755263223
0.311111111 -0.0916701766 -0.0595595948 -0.028920677 0.0882990547 0.995674079 -0.526427513 0.838651617 -1.07664626 0 0 0 0 0 0 0 0 0 0 0 0 0 0 0 0 0 0 0 0 0 0 0 0 0 0 0 0 0 0 0 0 0 0 0 0 0 0 0 0 0 0 0 0 0 1.24608437 -4.41546852 -4.55565184 -5.74460447 0.99683782 -0.0450390356 -0.0115950778 0.0644313627
0.311111111 -0.0750028718 -0.0605580817 -0.0171035687 0.0316969875 0.999351174 -0.495111518 0.913195962 -1.06359793 0 0 0 0 0 0 0 0 0 0 0 0 0 0 0 0 0 0 0 0 0 0 0 0 0 0 0 0 0 0 0 0 0 0 0 0 0 0 0 0 0 0 0 0 0 1.32415662 -4.41546852 -4.55565184 -5.74460447 0.998427507 -0.0162828326 -0.00769950488 0.0530857805
0.311111111 -0.058335567 -0.0606396629 -0.00728967842 -0.0211477454 0.999749785 -0.456466622 0.987740307 -1.04749589 0 0 0 0 0 0 0 0 0 0 0 0 0 0 0 0 0 0 0 0 0 0 0 0 0 0 0 0 0 0 0 0 0 0 0 0 0 0 0 0 0 0 0 0 0 1.42566334 -4.41546852 -4.55565184 -5.74460447 0.999076018 0.0104141556 -0.00408076615 0.0414970165
0.311111111 -0.0416682621 -0.0598814922 0.000470991718 -0.0687300546 0.997635183 -0.408777639 1.06228465 -1.02762548 0 0 0 0 0 0 0 0 0 0 0 0 0 0 0 0 0 0 0 0 0 0 0 0 0 0 0 0 0 0 0 0 0 0 0 0 0 0 0 0 0 0 0 0 0 1.56035255 -4.41546852 -4.55565184 -5.74460447 0.99896747 0.0343771845 -0.000786026301 0.0296915114
0.311111111 -0.0250009573 -0.0583762327 0.00625650888 -0.110010007 0.993910788 -0.349927974 1.136829 -1.00310479 0 0 0 0 0 0 0 0 0 0 0 0 0 0 0 0 0 0 0 0 0 0 0 0 0 0 0 0 0 0 0 0 0 0 0 0 0 0 0 0 0 0 0 0 0 1.74487886 -4.41546852 -4.55565184 -5.74460447 0.99831944 0.0551358366 0.00215534849 0.0177113145
0.311111111 -0.00833365242 -0.0562281211 0.0102398633 -0.144422498 0.989463131 -0.277305688 1.21137334 -0.9728455 0 0 0 0 0 0 0 0 0 0 0 0 0 0 0 0 0 0 0 0 0 0 0 0 0 0 0 0 0 0 0 0 0 0 0 0 0 0 0 0 0 0 0 0 0 2.01184631 -4.41546852 -4.55565184 -5.74460447 0.997346531 0.0724299497 0.00472620069 0.00560916867
0.311111111 0.00833365242 -0.0535485412 0.012648177 -0.171825043 0.985046282 -0.277305688 1.21137334 -0.9728455 0 0 0 0 0 0 0 0 0 0 0 0 0 0 0 0 0 0 0 0 0 0 0 0 0 0 0 0 0 0 0 0 0 0 0 0 0 0 0 0 0 0 0 0 0 2.01184631 -4.41546852 -4.55565184 -5.74460447 0.996232979 0.0861918651 0.00691529045 -0.00655690565
0.311111111 0.0250009573 -0.050451293 0.013723316 -0.192419563 0.981216787 -0.349927974 1.136829 -1.00310479 0 0 0 0 0 0 0 0 0 0 0 0 0 0 0 0 0 0 0 0 0 0 0 0 0 0 0 0 0 0 0 0 0 0 0 0 0 0 0 0 0 0 0 0 0 1.74487886 -4.41546852 -4.55565184 -5.74460447 0.99511689 0.0965179259 0.0087118672 -0.0187288337
0.311111111 0.0416682621 -0.0470477603 0.0136888349 -0.206676575 0.978313554 -0.408777639 1.06228465 -1.02762548 0 0 0 0 0 0 0 0 0 0 0 0 0 0 0 0 0 0 0 0 0 0 0 0 0 0 0 0 0 0 0 0 0 0 0 0 0 0 0 0 0 0 0 0 0 1.56035255 -4.41546852 -4.55565184 -5.74460447 0.994084938 0.103639652 0.0101017722 -0.0308530771
0.311111111 0.058335567 -0.0434421799 0.0127245596 -0.215276615 0.976470207 -0.456466622 0.987740307 -1.04749589 0 0 0 0 0 0 0 0 0 0 0 0 0 0 0 0 0 0 0 0 0 0 0 0 0 0 0 0 0 0 0 0 0 0 0 0 0 0 0 0 0 0 0 0 0 1.42566334 -4.41546852 -4.55565184 -5.74460447 0.993174729 0.107900241 0.0110650245 -0.042884269
0.311111111 0.0750028718 -0.0397272147 0.0109481364 -0.219071381 0.97564741 -0.495111518 0.913195962 -1.06359793 0 0 0 0 0 0 0 0 0 0 0 0 0 0 0 0 0 0 0 0 0 0 0 0 0 0 0 0 0 0 0 0 0 0 0 0 0 0 0 0 0 0 0 0 0 1.32415662 -4.41546852 -4.55565184 -5.74460447 0.992381995 0.109737533 0.011574499 -0.0547876013
0.311111111 0.0916701766 -0.0359800186 0.00840240221 -0.21905903 0.975675428 -0.526427513 0.838651617 -1.07664626 0 0 0 0 0 0 0 0 0 0 0 0 0 0 0 0 0 0 0 0 0 0 0 0 0 0 0 0 0 0 0 0 0 0 0 0 0 0 0 0 0 0 0 0 0 1.24608437 -4.41546852 -4.55565184 -5.74460447 0.9916704 0.109671487 0.0115952935 -0.0665397037
0.311111111 0.108337481 -0.0322589597 0.00504785888 -0.21636441 0.976299627 -0.551804514 0.764107272 -1.08722001 0 0 0 0 0 0 0 0 0 0 0 0 0 0 0 0 0 0 0 0 0 0 0 0 0 0 0 0 0 0 0 0 0 0 0 0 0 0 0 0 0 0 0 0 0 1.18520971 -4.41546852 -4.55565184 -5.74460447 0.990982267 0.108292747 0.0110845653 -0.0781278384
0.311111111 0.125004786 -0.0286011412 0.000760221946 -0.212214956 0.977222715 -0.572368835 0.689562928 -1.09578848 0 0 0 0 0 0 0 0 0 0 0 0 0 0 0 0 0 0 0 0 0 0 0 0 0 0 0 0 0 0 0 0 0 0 0 0 0 0 0 0 0 0 0 0 0 1.13728928 -4.41546852 -4.55565184 -5.74460447 0.990248768 0.106248791 0.00999184618 -0.0895473946
0.311111111 0.141672091 -0.0250208262 -0.00466643463 -0.207905455 0.978137795 -0.589033187 0.615018583 -1.10273196 0 0 0 0 0 0 0 0 0 0 0 0 0 0 0 0 0 0 0 0 0 0 0 0 0 0 0 0 0 0 0 0 0 0 0 0 0 0 0 0 0 0 0 0 0 1.09930686 -4.41546852 -4.55565184 -5.74460447 0.989398142 0.104225114 0.00826002567 -0.100797888
0.311111111 0.158339396 -0.0215088313 -0.0115101584 -0.204748789 0.978746877 -0.60253719 0.540474238 -1.10835863 0 0 0 0 0 0 0 0 0 0 0 0 0 0 0 0 0 0 0 0 0 0 0 0 0 0 0 0 0 0 0 0 0 0 0 0 0 0 0 0 0 0 0 0 0 1.0690494 -4.41546852 -4.55565184 -5.74460447 0.988360647 0.102920379 0.0058272644 -0.111877921
0.311111111 0.175006701 -0.0180329174 -0.0201044125 -0.204013717 0.978761572 -0.613480194 0.465929893 -1.11291821 0 0 0 0 0 0 0 0 0 0 0 0 0 0 0 0 0 0 0 0 0 0 0 0 0 0 0 0 0 0 0 0 0 0 0 0 0 0 0 0 0 0 0 0 0 1.04485476 -4.41546852 -4.55565184 -5.74460447 0.987069354 0.103016001 0.00263008548 -0.122779791
0.311111111 0.191674006 -0.0145391579 -0.0308134163 -0.206853417 0.977886597 -0.622347888 0.391385548 -1.11661308 0 0 0 0 0 0 0 0 0 0 0 0 0 0 0 0 0 0 0 0 0 0 0 0 0 0 0 0 0 0 0 0 0 0 0 0 0 0 0 0 0 0 0 0 0 1.02545268 -4.41546852 -4.55565184 -5.74460447 0.98545683 0.105141634 -0.00139216683 -0.13348459
0.311111111 0.208341311 -0.0109542298 -0.0439988484 -0.214229337 0.975791931 -0.629533847 0.316841204 -1.11960723 0 0 0 0 0 0 0 0 0 0 0 0 0 0 0 0 0 0 0 0 0 0 0 0 0 0 0 0 0 0 0 0 0 0 0 0 0 0 0 0 0 0 0 0 0 1.0098596 -4.41546852 -4.55565184 -5.74460447 0.983448956 0.109838305 -0.00629136963 -0.143958735
0.311111111 0.225008615 -0.00718852732 -0.0599776218 -0.226834569 0.972084751 -0.635357008 0.242296859 -1.12203355 0 0 0 0 0 0 0 0 0 0 0 0 0 0 0 0 0 0 0 0 0 0 0 0 0 0 0 0 0 0 0 0 0 0 0 0 0 0 0 0 0 0 0 0 0 0.997306352 -4.41546852 -4.55565184 -5.74460447 0.980958349 0.117520803 -0.0121031107 -0.154152822
0.328888889 -0.218844689 -0.0161870729 -0.170929928 0.469746279 0.866095487 -0.626397655 0.232740948 -1.12593188 0 0 0 0 0 0 0 0 0 0 0 0 0 0 0 0 0 0 0 0 0 0 0 0 0 0 0 0 0 0 0 0 0 0 0 0 0 0 0 0 0 0 0 0 0 0.997515044 -4.41546852 -4.54568791 -5.74460447 0.953376465 -0.254216412 -0.0482314455 0.15530956
0.328888889 -0.202010482 -0.0249436026 -0.156102233 0.439517286 0.884565796 -0.620310759 0.310046195 -1.12339568 0 0 0 0 0 0 0 0 0 0 0 0 0 0 0 0 0 0 0 0 0 0 0 0 0 0 0 0 0 0 0 0 0 0 0 0 0 0 0 0 0 0 0 0 0 1.01063984 -4.41546852 -4.54568791 -5.74460447 0.959963844 -0.235814673 -0.0459188612 0.144056643
0.328888889 -0.185176276 -0.0328818761 -0.140481333 0.402756066 0.904462573 -0.612740614 0.387351441 -1.12024145 0 0 0 0 0 0 0 0 0 0 0 0 0 0 0 0 0 0 0 0 0 0 0 0 0 0 0 0 0 0 0 0 0 0 0 0 0 0 0 0 0 0 0 0 0 1.02707585 -4.41546852 -4.54568791 -5.74460447 0.966743655 -0.214243607 -0.0432248818 0.1328081
0.328888889 -0.168342069 -0.0399074207 -0.124285834 0.359419085 0.924862667 -0.603325782 0.464656687 -1.1163186 0 0 0 0 0 0 0 0 0 0 0 0 0 0 0 0 0 0 0 0 0 0 0 0 0 0 0 0 0 0 0 0 0 0 0 0 0 0 0 0 0 0 0 0 0 1.04769697 -4.41546852 -4.54568791 -5.74460447 0.973475532 -0.189620704 -0.0401578775 0.12155954
0.328888889 -0.151507862 -0.0459441357 -0.107828581 0.309878048 0.944642045 -0.591616751 0.541961934 -1.11143984 0 0 0 0 0 0 0 0 0 0 0 0 0 0 0 0 0 0 0 0 0 0 0 0 0 0 0 0 0 0 0 0 0 0 0 0 0 0 0 0 0 0 0 0 0 1.07363193 -4.41546852 -4.54568791 -5.74460447 0.979876787 -0.162258163 -0.0367595726 0.110283748
0.328888889 -0.134673655 -0.0509377673 -0.0915113944 0.25502642 0.96259399 -0.577054473 0.61926718 -1.10537223 0 0 0 0 0 0 0 0 0 0 0 0 0 0 0 0 0 0 0 0 0 0 0 0 0 0 0 0 0 0 0 0 0 0 0 0 0 0 0 0 0 0 0 0 0 1.10635479 -4.41546852 -4.54568791 -5.74460447 0.985651576 -0.132692139 -0.0331028875 0.0989341496
0.328888889 -0.117839448 -0.0548583863 -0.0757995341 0.196316203 0.977606454 -0.558943671 0.696572427 -1.09782606 0 0 0 0 0 0 0 0 0 0 0 0 0 0 0 0 0 0 0 0 0 0 0 0 0 0 0 0 0 0 0 0 0 0 0 0 0 0 0 0 0 0 0 0 0 1.14781916 -4.41546852 -4.54568791 -5.74460447 0.990532832 -0.101681758 -0.029284688 0.087452482
0.328888889 -0.101005241 -0.0577017539 -0.0611738097 0.135682342 0.988862006 -0.536419643 0.773877673 -1.08844105 0 0 0 0 0 0 0 0 0 0 0 0 0 0 0 0 0 0 0 0 0 0 0 0 0 0 0 0 0 0 0 0 0 0 0 0 0 0 0 0 0 0 0 0 0 1.20066588 -4.41546852 -4.54568791 -5.74460447 0.994328157 -0.0701649929 -0.025413987 0.0757794137
0.328888889 -0.0841710344 -0.0594895162 -0.0480680634 0.0753461615 0.995998201 -0.508406979 0.85118292 -1.0767691 0 0 0 0 0 0 0 0 0 0 0 0 0 0 0 0 0 0 0 0 0 0 0 0 0 0 0 0 0 0 0 0 0 0 0 0 0 0 0 0 0 0 0 0 0 1.26856242 -4.41546852 -4.54568791 -5.74460447 0.996955501 -0.0391717145 -0.0215980571 0.0638657238
0.328888889 -0.0673368275 -0.0602682152 -0.0368087681 0.0175400702 0.999168384 -0.473568212 0.928488166 -1.06225295 0 0 0 0 0 0 0 0 0 0 0 0 0 0 0 0 0 0 0 0 0 0 0 0 0 0 0 0 0 0 0 0 0 0 0 0 0 0 0 0 0 0 0 0 0 1.35679502 -4.41546852 -4.54568791 -5.74460447 0.998455424 -0.0097116901 -0.0179301656 0.0516813161
0.328888889 -0.0505026206 -0.0601071635 -0.0275751863 -0.0357672291 0.998979637 -0.430239962 1.00579341 -1.04419951 0 0 0 0 0 0 0 0 0 0 0 0 0 0 0 0 0 0 0 0 0 0 0 0 0 0 0 0 0 0 0 0 0 0 0 0 0 0 0 0 0 0 0 0 0 1.47339144 -4.41546852 -4.54568791 -5.74460447 0.998975273 0.0173333802 -0.0144822516 0.0392201667
0.328888889 -0.0336684137 -0.0590952801 -0.0203907968 -0.0830687726 0.996335182 -0.376353519 1.08309866 -1.02174683 0 0 0 0 0 0 0 0 0 0 0 0 0 0 0 0 0 0 0 0 0 0 0 0 0 0 0 0 0 0 0 0 0 0 0 0 0 0 0 0 0 0 0 0 0 1.63149217 -4.41546852 -4.54568791 -5.74460447 0.998731846 0.0412871836 -0.0113038751 0.0265007562
0.328888889 -0.0168342069 -0.0573370295 -0.0151444618 -0.123404234 0.992240919 -0.309336071 1.16040391 -0.993822891 0 0 0 0 0 0 0 0 0 0 0 0 0 0 0 0 0 0 0 0 0 0 0 0 0 0 0 0 0 0 0 0 0 0 0 0 0 0 0 0 0 0 0 0 0 1.85516042 -4.41546852 -4.54568791 -5.74460447 0.997966187 0.061713345 -0.00842637459 0.0135628041
0.328888889 0 -0.0549476522 -0.0116306891 -0.156343417 0.987634276 -0.225987866 1.23770915 -0.959094473 0 0 0 0 0 0 0 0 0 0 0 0 0 0 0 0 0 0 0 0 0 0 0 0 0 0 0 0 0 0 0 0 0 0 0 0 0 0 0 0 0 0 0 0 0 2.19722458 -4.41546852 -4.54568791 -5.74460447 0.996903669 0.0784117875 -0.00586972067 0.000461684819
0.328888889 0.0168342069 -0.0520479024 -0.00959622522 -0.181909 0.983268543 -0.309336071 1.16040391 -0.993822891 0 0 0 0 0 0 0 0 0 0 0 0 0 0 0 0 0 0 0 0 0 0 0 0 0 0 0 0 0 0 0 0 0 0 0 0 0 0 0 0 0 0 0 0 0 1.85516042 -4.41546852 -4.54568791 -5.74460447 0.995726876 0.091391516 -0.00364954771 -0.0127381613
0.328888889 0.0336684137 -0.0487585344 -0.0087835605 -0.200481791 0.979658053 -0.376353519 1.08309866 -1.02174683 0 0 0 0 0 0 0 0 0 0 0 0 0 0 0 0 0 0 0 0 0 0 0 0 0 0 0 0 0 0 0 0 0 0 0 0 0 0 0 0 0 0 0 0 0 1.63149217 -4.41546852 -4.54568791 -5.74460447 0.994562514 0.100835486 -0.00178279407 -0.0259698268
0.328888889 0.0505026206 -0.0451947885 -0.00896688448 -0.212717748 0.977072543 -0.430239962 1.00579341 -1.04419951 0 0 0 0 0 0 0 0 0 0 0 0 0 0 0 0 0 0 0 0 0 0 0 0 0 0 0 0 0 0 0 0 0 0 0 0 0 0 0 0 0 0 0 0 0 1.47339144 -4.41546852 -4.54568791 -5.74460447 0.993479741 0.107068405 -0.000291491953 -0.0391698267
0.328888889 0.0673368275 -0.0414611294 -0.00997973562 -0.219488269 0.975564096 -0.473568212 0.928488166 -1.06225295 0 0 0 0 0 0 0 0 0 0 0 0 0 0 0 0 0 0 0 0 0 0 0 0 0 0 0 0 0 0 0 0 0 0 0 0 0 0 0 0 0 0 0 0 0 1.35679502 -4.41546852 -4.54568791 -5.74460447 0.992496128 0.110531987 0.000795012062 -0.0522827315
0.328888889 0.0841710344 -0.037646476 -0.0117351892 -0.221841532 0.975012113 -0.508406979 0.85118292 -1.0767691 0 0 0 0 0 0 0 0 0 0 0 0 0 0 0 0 0 0 0 0 0 0 0 0 0 0 0 0 0 0 0 0 0 0 0 0 0 0 0 0 0 0 0 0 0 1.26856242 -4.41546852 -4.54568791 -5.74460447 0.991587945 0.111767049 0.00143888558 -0.0652641031
0.328888889 0.101005241 -0.033820141 -0.0142394005 -0.220975172 0.975175478 -0.536419643 0.773877673 -1.08844105 0 0 0 0 0 0 0 0 0 0 0 0 0 0 0 0 0 0 0 0 0 0 0 0 0 0 0 0 0 0 0 0 0 0 0 0 0 0 0 0 0 0 0 0 0 1.20066588 -4.41546852 -4.54568791 -5.74460447 0.990702291 0.111398934 0.00159330177 -0.0780814295
0.328888889 0.117839448 -0.0300286663 -0.0175985422 -0.2182085 0.975743482 -0.558943671 0.696572427 -1.09782606 0 0 0 0 0 0 0 0 0 0 0 0 0 0 0 0 0 0 0 0 0 0 0 0 0 0 0 0 0 0 0 0 0 0 0 0 0 0 0 0 0 0 0 0 0 1.14781916 -4.41546852 -4.54568791 -5.74460447 0.989769115 0.110121811 0.00120250568 -0.0907129476
0.328888889 0.134673655 -0.0262936979 -0.0220183873 -0.214944456 0.976378037 -0.577054473 0.61926718 -1.10537223 0 0 0 0 0 0 0 0 0 0 0 0 0 0 0 0 0 0 0 0 0 0 0 0 0 0 0 0 0 0 0 0 0 0 0 0 0 0 0 0 0 0 0 0 0 1.10635479 -4.41546852 -4.54568791 -5.74460447 0.988711398 0.10867815 0.000202648141 -0.103144507
0.328888889 0.151507862 -0.0226109973 -0.0277953878 -0.212615867 0.976740451 -0.591616751 0.541961934 -1.11143984 0 0 0 0 0 0 0 0 0 0 0 0 0 0 0 0 0 0 0 0 0 0 0 0 0 0 0 0 0 0 0 0 0 0 0 0 0 0 0 0 0 0 0 0 0 1.07363193 -4.41546852 -4.54568791 -5.74460447 0.987451852 0.107831326 -0.00147626547 -0.115364924
0.328888889 0.168342069 -0.018950635 -0.0352981253 -0.212615689 0.976498137 -0.603325782 0.464656687 -1.1163186 0 0 0 0 0 0 0 0 0 0 0 0 0 0 0 0 0 0 0 0 0 0 0 0 0 0 0 0 0 0 0 0 0 0 0 0 0 0 0 0 0 0 0 0 0 1.04769697 -4.41546852 -4.54568791 -5.74460447 0.985914981 0.108331285 -0.00390695653 -0.127360584
0.328888889 0.185176276 -0.0152583574 -0.0449382778 -0.216214849 0.975311074 -0.612740614 0.387351441 -1.12024145 0 0 0 0 0 0 0 0 0 0 0 0 0 0 0 0 0 0 0 0 0 0 0 0 0 0 0 0 0 0 0 0 0 0 0 0 0 0 0 0 0 0 0 0 0 1.02707585 -4.41546852 -4.54568791 -5.74460447 0.984024329 0.110874712 -0.00715971331 -0.139110231
0.328888889 0.202010482 -0.0114580638 -0.057130584 -0.224473139 0.972804146 -0.620310759 0.310046195 -1.12339568 0 0 0 0 0 0 0 0 0 0 0 0 0 0 0 0 0 0 0 0 0 0 0 0 0 0 0 0 0 0 0 0 0 0 0 0 0 0 0 0 0 0 0 0 0 1.01063984 -4.41546852 -4.54568791 -5.74460447 0.981696191 0.116061805 -0.0112953277 -0.150581079
0.328888889 0.218844689 -0.00745528134 -0.0722419335 -0.238148823 0.968538198 -0.626397655 0.232740948 -1.12593188 0 0 0 0 0 0 0 0 0 0 0 0 0 0 0 0 0 0 0 0 0 0 0 0 0 0 0 0 0 0 0 0 0 0 0 0 0 0 0 0 0 0 0 0 0 0.997515044 -4.41546852 -4.54568791 -5.74460447 0.978832664 0.124351836 -0.0163560967 -0.161727287
0.346666667 -0.212346525 -0.0160662697 -0.184965666 0.471708301 0.862136289 -0.61743041 0.222824597 -1.12982693 0 0 0 0 0 0 0 0 0 0 0 0 0 0 0 0 0 0 0 0 0 0 0 0 0 0 0 0 0 0 0 0 0 0 0 0 0 0 0 0 0 0 0 0 0 0.997740722 -4.41546852 -4.53661 -5.74460447 0.951208395 -0.257055616 -0.0534253261 0.16208249
0.346666667 -0.195358803 -0.0249639574 -0.171033566 0.440106776 0.881506407 -0.611055173 0.303103123 -1.12717058 0 0 0 0 0 0 0 0 0 0 0 0 0 0 0 0 0 0 0 0 0 0 0 0 0 0 0 0 0 0 0 0 0 0 0 0 0 0 0 0 0 0 0 0 0 1.01149069 -4.41546852 -4.53661 -5.74460447 0.958311382 -0.237763212 -0.0521099969 0.149641231
0.346666667 -0.178371081 -0.0329929228 -0.156180163 0.401587487 0.902405257 -0.603059642 0.383381648 -1.12383911 0 0 0 0 0 0 0 0 0 0 0 0 0 0 0 0 0 0 0 0 0 0 0 0 0 0 0 0 0 0 0 0 0 0 0 0 0 0 0 0 0 0 0 0 0 1.02886103 -4.41546852 -4.53661 -5.74460447 0.965587691 -0.215099688 -0.0502940939 0.137269951
0.346666667 -0.161383359 -0.0400536896 -0.140644542 0.356109429 0.923799322 -0.593032012 0.463660173 -1.11966093 0 0 0 0 0 0 0 0 0 0 0 0 0 0 0 0 0 0 0 0 0 0 0 0 0 0 0 0 0 0 0 0 0 0 0 0 0 0 0 0 0 0 0 0 0 1.05085025 -4.41546852 -4.53661 -5.74460447 0.972770293 -0.189203252 -0.0479840431 0.124970469
0.346666667 -0.144395637 -0.0460675552 -0.124766452 0.304114223 0.944429919 -0.580455816 0.543938698 -1.11442085 0 0 0 0 0 0 0 0 0 0 0 0 0 0 0 0 0 0 0 0 0 0 0 0 0 0 0 0 0 0 0 0 0 0 0 0 0 0 0 0 0 0 0 0 0 1.07876213 -4.41546852 -4.53661 -5.74460447 0.979546244 -0.160436066 -0.045225094 0.112712531
0.346666667 -0.127407915 -0.0509804647 -0.108980389 0.246647327 0.962958136 -0.564683325 0.624217223 -1.10784898 0 0 0 0 0 0 0 0 0 0 0 0 0 0 0 0 0 0 0 0 0 0 0 0 0 0 0 0 0 0 0 0 0 0 0 0 0 0 0 0 0 0 0 0 0 1.11432025 -4.41546852 -4.53661 -5.74460447 0.985591916 -0.129416567 -0.0420985083 0.100437259
0.346666667 -0.110420193 -0.0547656723 -0.0937862918 0.185388393 0.978179572 -0.544902186 0.704495749 -1.09960684 0 0 0 0 0 0 0 0 0 0 0 0 0 0 0 0 0 0 0 0 0 0 0 0 0 0 0 0 0 0 0 0 0 0 0 0 0 0 0 0 0 0 0 0 0 1.15984141 -4.41546852 -4.53661 -5.74460447 0.990623069 -0.0970131626 -0.0387125335 0.088066577
0.346666667 -0.0934324708 -0.0574250573 -0.0796945876 0.122540495 0.989258611 -0.520093585 0.784774274 -1.08926992 0 0 0 0 0 0 0 0 0 0 0 0 0 0 0 0 0 0 0 0 0 0 0 0 0 0 0 0 0 0 0 0 0 0 0 0 0 0 0 0 0 0 0 0 0 1.21851132 -4.41546852 -4.53661 -5.74460447 0.994447819 -0.0642844705 -0.035188084 0.0755171564
0.346666667 -0.0764447488 -0.058989032 -0.0671555074 0.060576352 0.995901925 -0.488979768 0.865052799 -1.07630583 0 0 0 0 0 0 0 0 0 0 0 0 0 0 0 0 0 0 0 0 0 0 0 0 0 0 0 0 0 0 0 0 0 0 0 0 0 0 0 0 0 0 0 0 0 1.29485036 -4.41546852 -4.53661 -5.74460447 0.997004366 -0.0323696219 -0.0316424601 0.0627156794
0.346666667 -0.0594570269 -0.0595150447 -0.0564932083 0.00190531804 0.998401165 -0.44995824 0.945331324 -1.06004686 0 0 0 0 0 0 0 0 0 0 0 0 0 0 0 0 0 0 0 0 0 0 0 0 0 0 0 0 0 0 0 0 0 0 0 0 0 0 0 0 0 0 0 0 0 1.39556191 -4.41546852 -4.53661 -5.74460447 0.998368301 -0.00235434775 -0.0281757754 0.0496116655
0.346666667 -0.0424693049 -0.0590847512 -0.0478660047 -0.0514357406 0.997528551 -0.401019219 1.02560985 -1.0396556 0 0 0 0 0 0 0 0 0 0 0 0 0 0 0 0 0 0 0 0 0 0 0 0 0 0 0 0 0 0 0 0 0 0 0 0 0 0 0 0 0 0 0 0 0 1.5312344 -4.41546852 -4.53661 -5.74460447 0.998726647 0.0248498122 -0.0248638554 0.0361850848
0.346666667 -0.0254815829 -0.0577999957 -0.0412633012 -0.0979810792 0.994332464 -0.339642132 1.10588837 -1.01408182 0 0 0 0 0 0 0 0 0 0 0 0 0 0 0 0 0 0 0 0 0 0 0 0 0 0 0 0 0 0 0 0 0 0 0 0 0 0 0 0 0 0 0 0 0 1.72022709 -4.41546852 -4.53661 -5.74460447 0.998329766 0.0485832494 -0.0217585866 0.0224479444
0.346666667 -0.00849386098 -0.0557777969 -0.0365350768 -0.136895888 0.989911463 -0.26266579 1.1861669 -0.98200834 0 0 0 0 0 0 0 0 0 0 0 0 0 0 0 0 0 0 0 0 0 0 0 0 0 0 0 0 0 0 0 0 0 0 0 0 0 0 0 0 0 0 0 0 0 1.9993615 -4.41546852 -4.53661 -5.74460447 0.997438963 0.0684638038 -0.0188938137 0.00844077463
0.346666667 0.00849386098 -0.0531445883 -0.0334403204 -0.167926484 0.985232176 -0.26266579 1.1861669 -0.98200834 0 0 0 0 0 0 0 0 0 0 0 0 0 0 0 0 0 0 0 0 0 0 0 0 0 0 0 0 0 0 0 0 0 0 0 0 0 0 0 0 0 0 0 0 0 1.9993615 -4.41546852 -4.53661 -5.74460447 0.996284471 0.0843708068 -0.0162935239 -0.00577421738
0.346666667 0.0254815829 -0.0500299933 -0.0317000817 -0.191296144 0.981020331 -0.339642132 1.10588837 -1.01408182 0 0 0 0 0 0 0 0 0 0 0 0 0 0 0 0 0 0 0 0 0 0 0 0 0 0 0 0 0 0 0 0 0 0 0 0 0 0 0 0 0 0 0 0 0 1.72022709 -4.41546852 -4.53661 -5.74460447 0.995040345 0.0964075091 -0.013979506 -0.0201215486
0.346666667 0.0424693049 -0.0465604453 -0.031045667 -0.207595589 0.977721963 -0.401019219 1.02560985 -1.0396556 0 0 0 0 0 0 0 0 0 0 0 0 0 0 0 0 0 0 0 0 0 0 0 0 0 0 0 0 0 0 0 0 0 0 0 0 0 0 0 0 0 0 0 0 0 1.5312344 -4.41546852 -4.53661 -5.74460447 0.993815518 0.104859757 -0.0119770437 -0.0345209808
0.346666667 0.0594570269 -0.0428529631 -0.0312581297 -0.217695476 0.975516073 -0.44995824 0.945331324 -1.06004686 0 0 0 0 0 0 0 0 0 0 0 0 0 0 0 0 0 0 0 0 0 0 0 0 0 0 0 0 0 0 0 0 0 0 0 0 0 0 0 0 0 0 0 0 0 1.39556191 -4.41546852 -4.53661 -5.74460447 0.992656692 0.110161209 -0.0103184951 -0.0488950845
0.346666667 0.0764447488 -0.0390093908 -0.0321986963 -0.222686724 0.974358182 -0.488979768 0.865052799 -1.07630583 0 0 0 0 0 0 0 0 0 0 0 0 0 0 0 0 0 0 0 0 0 0 0 0 0 0 0 0 0 0 0 0 0 0 0 0 0 0 0 0 0 0 0 0 0 1.29485036 -4.41546852 -4.53661 -5.74460447 0.991558372 0.112867585 -0.00904529039 -0.0631750451
0.346666667 0.0934324708 -0.0351113843 -0.0338307455 -0.22384057 0.974038439 -0.520093585 0.784774274 -1.08926992 0 0 0 0 0 0 0 0 0 0 0 0 0 0 0 0 0 0 0 0 0 0 0 0 0 0 0 0 0 0 0 0 0 0 0 0 0 0 0 0 0 0 0 0 0 1.21851132 -4.41546852 -4.53661 -5.74460447 0.990476293 0.113637116 -0.00820893124 -0.0773041526
0.346666667 0.110420193 -0.0312163919 -0.0362333543 -0.222574309 0.974242178 -0.544902186 0.704495749 -1.09960684 0 0 0 0 0 0 0 0 0 0 0 0 0 0 0 0 0 0 0 0 0 0 0 0 0 0 0 0 0 0 0 0 0 0 0 0 0 0 0 0 0 0 0 0 0 1.15984141 -4.41546852 -4.53661 -5.74460447 0.989341493 0.113211989 -0.00787125943 -0.0912386905
0.346666667 0.127407915 -0.0273548258 -0.0396053918 -0.220409216 0.974603094 -0.564683325 0.624217223 -1.10784898 0 0 0 0 0 0 0 0 0 0 0 0 0 0 0 0 0 0 0 0 0 0 0 0 0 0 0 0 0 0 0 0 0 0 0 0 0 0 0 0 0 0 0 0 0 1.11432025 -4.41546852 -4.53661 -5.74460447 0.988072784 0.112395644 -0.00810384855 -0.104946271
0.346666667 0.144395637 -0.0235285654 -0.0442584963 -0.218911724 0.974740397 -0.580455816 0.543938698 -1.11442085 0 0 0 0 0 0 0 0 0 0 0 0 0 0 0 0 0 0 0 0 0 0 0 0 0 0 0 0 0 0 0 0 0 0 0 0 0 0 0 0 0 0 0 0 0 1.07876213 -4.41546852 -4.53661 -5.74460447 0.986585605 0.112022549 -0.00898609275 -0.118402041
0.346666667 0.161383359 -0.0197108648 -0.0505973058 -0.219615298 0.974273593 -0.593032012 0.463660173 -1.11966093 0 0 0 0 0 0 0 0 0 0 0 0 0 0 0 0 0 0 0 0 0 0 0 0 0 0 0 0 0 0 0 0 0 0 0 0 0 0 0 0 0 0 0 0 0 1.05085025 -4.41546852 -4.53661 -5.74460447 0.984795698 0.112919493 -0.0106014935 -0.131583549
0.346666667 0.178371081 -0.0158476691 -0.0590858471 -0.223926068 0.972813435 -0.603059642 0.383381648 -1.12383911 0 0 0 0 0 0 0 0 0 0 0 0 0 0 0 0 0 0 0 0 0 0 0 0 0 0 0 0 0 0 0 0 0 0 0 0 0 0 0 0 0 0 0 0 0 1.02886103 -4.41546852 -4.53661 -5.74460447 0.982617156 0.11585964 -0.0130317467 -0.144465368
0.346666667 0.195358803 -0.0118602759 -0.0701997292 -0.233018549 0.969935232 -0.611055173 0.303103123 -1.12717058 0 0 0 0 0 0 0 0 0 0 0 0 0 0 0 0 0 0 0 0 0 0 0 0 0 0 0 0 0 0 0 0 0 0 0 0 0 0 0 0 0 0 0 0 0 1.01149069 -4.41546852 -4.53661 -5.74460447 0.979956112 0.121511784 -0.0163484067 -0.157014759
0.346666667 0.212346525 -0.00764920874 -0.0843648177 -0.247728874 0.965149202 -0.61743041 0.222824597 -1.12982693 0 0 0 0 0 0 0 0 0 0 0 0 0 0 0 0 0 0 0 0 0 0 0 0 0 0 0 0 0 0 0 0 0 0 0 0 0 0 0 0 0 0 0 0 0 0.997740722 -4.41546852 -4.53661 -5.74460447 0.97670336 0.130387698 -0.0206021158 -0.169189682
0.364444444 -0.205841106 -0.0156717574 -0.198784268 0.472631538 0.858547753 -0.60856814 0.210976685 -1.13376572 0 0 0 0 0 0 0 0 0 0 0 0 0 0 0 0 0 0 0 0 0 0 0 0 0 0 0 0 0 0 0 0 0 0 0 0 0 0 0 0 0 0 0 0 0 0.997740722 -4.41546852 -4.56772495 -5.74460447 0.9490448 -0.259427732 -0.0585096177 0.169079402
0.364444444 -0.189373818 -0.0243505143 -0.186326064 0.44109818 0.87790375 -0.602192904 0.291255211 -1.13110937 0 0 0 0 0 0 0 0 0 0 0 0 0 0 0 0 0 0 0 0 0 0 0 0 0 0 0 0 0 0 0 0 0 0 0 0 0 0 0 0 0 0 0 0 0 1.01149069 -4.41546852 -4.56772495 -5.74460447 0.956373522 -0.240108638 -0.0582749268 0.15588958
0.364444444 -0.172906529 -0.0321852433 -0.17287769 0.402798847 0.898813881 -0.594197373 0.371533736 -1.1277779 0 0 0 0 0 0 0 0 0 0 0 0 0 0 0 0 0 0 0 0 0 0 0 0 0 0 0 0 0 0 0 0 0 0 0 0 0 0 0 0 0 0 0 0 0 1.02886103 -4.41546852 -4.56772495 -5.74460447 0.963850064 -0.217467108 -0.0574553405 0.142828549
0.364444444 -0.156439241 -0.0390815107 -0.158666175 0.357677178 0.920267397 -0.584169743 0.451812261 -1.12359972 0 0 0 0 0 0 0 0 0 0 0 0 0 0 0 0 0 0 0 0 0 0 0 0 0 0 0 0 0 0 0 0 0 0 0 0 0 0 0 0 0 0 0 0 0 1.05085025 -4.41546852 -4.56772495 -5.74460447 0.97121456 -0.191636447 -0.0560515299 0.129907573
0.364444444 -0.139971952 -0.0449646032 -0.144010011 0.306145045 0.941029398 -0.571593547 0.532090786 -1.11835964 0 0 0 0 0 0 0 0 0 0 0 0 0 0 0 0 0 0 0 0 0 0 0 0 0 0 0 0 0 0 0 0 0 0 0 0 0 0 0 0 0 0 0 0 0 1.07876213 -4.41546852 -4.56772495 -5.74460447 0.978162662 -0.162966766 -0.0541029952 0.117100413
0.364444444 -0.123504664 -0.0497832061 -0.129315592 0.249201859 0.959779095 -0.555821056 0.612369311 -1.11178777 0 0 0 0 0 0 0 0 0 0 0 0 0 0 0 0 0 0 0 0 0 0 0 0 0 0 0 0 0 0 0 0 0 0 0 0 0 0 0 0 0 0 0 0 0 1.11432025 -4.41546852 -4.56772495 -5.74460447 0.984378774 -0.132056984 -0.0516856416 0.104345466
0.364444444 -0.107037375 -0.0535119293 -0.115053089 0.188467661 0.975316732 -0.536039917 0.692647837 -1.10354562 0 0 0 0 0 0 0 0 0 0 0 0 0 0 0 0 0 0 0 0 0 0 0 0 0 0 0 0 0 0 0 0 0 0 0 0 0 0 0 0 0 0 0 0 0 1.15984141 -4.41546852 -4.56772495 -5.74460447 0.989583809 -0.0997501747 -0.04890334 0.0915546366
0.364444444 -0.0905700868 -0.0561525568 -0.101708419 0.126080733 0.986792301 -0.511231315 0.772926362 -1.09320871 0 0 0 0 0 0 0 0 0 0 0 0 0 0 0 0 0 0 0 0 0 0 0 0 0 0 0 0 0 0 0 0 0 0 0 0 0 0 0 0 0 0 0 0 0 1.21851132 -4.41546852 -4.56772495 -5.74460447 0.993586337 -0.0670775751 -0.0458742651 0.078627867
0.364444444 -0.0741027983 -0.0577339594 -0.0897188376 0.0644556578 0.993879267 -0.480117499 0.853204887 -1.08024462 0 0 0 0 0 0 0 0 0 0 0 0 0 0 0 0 0 0 0 0 0 0 0 0 0 0 0 0 0 0 0 0 0 0 0 0 0 0 0 0 0 0 0 0 0 1.29485036 -4.41546852 -4.56772495 -5.74460447 0.996319867 -0.035153768 -0.0427150892 0.0654702732
0.364444444 -0.0576355098 -0.0583106732 -0.0794100237 0.00596072578 0.996824216 -0.44109597 0.933483412 -1.06398565 0 0 0 0 0 0 0 0 0 0 0 0 0 0 0 0 0 0 0 0 0 0 0 0 0 0 0 0 0 0 0 0 0 0 0 0 0 0 0 0 0 0 0 0 0 1.39556191 -4.41546852 -4.56772495 -5.74460447 0.997851338 -0.00504694499 -0.0395274623 0.0520078398
0.364444444 -0.0411682213 -0.0579602149 -0.0709547419 -0.0473866904 0.996353314 -0.39215695 1.01376194 -1.04359439 0 0 0 0 0 0 0 0 0 0 0 0 0 0 0 0 0 0 0 0 0 0 0 0 0 0 0 0 0 0 0 0 0 0 0 0 0 0 0 0 0 0 0 0 0 1.5312344 -4.41546852 -4.56772495 -5.74460447 0.998357427 0.0223399881 -0.0363904928 0.038198222
0.364444444 -0.0247009328 -0.0567792662 -0.0643646551 -0.0941212803 0.993477919 -0.330779863 1.09404046 -1.0180206 0 0 0 0 0 0 0 0 0 0 0 0 0 0 0 0 0 0 0 0 0 0 0 0 0 0 0 0 0 0 0 0 0 0 0 0 0 0 0 0 0 0 0 0 0 1.72022709 -4.41546852 -4.56772495 -5.74460447 0.998078792 0.0463478641 -0.0333603947 0.0240350847
0.364444444 -0.00823364425 -0.0548789143 -0.0595135486 -0.13339651 0.989274233 -0.253803521 1.17431899 -0.985947126 0 0 0 0 0 0 0 0 0 0 0 0 0 0 0 0 0 0 0 0 0 0 0 0 0 0 0 0 0 0 0 0 0 0 0 0 0 0 0 0 0 0 0 0 0 1.9993615 -4.41546852 -4.56772495 -5.74460447 0.997269263 0.0665891597 -0.0304756819 0.0095463961
0.364444444 0.00823364425 -0.0523791834 -0.0561806367 -0.164942169 0.984701892 -0.253803521 1.17431899 -0.985947126 0 0 0 0 0 0 0 0 0 0 0 0 0 0 0 0 0 0 0 0 0 0 0 0 0 0 0 0 0 0 0 0 0 0 0 0 0 0 0 0 0 0 0 0 0 1.9993615 -4.41546852 -4.56772495 -5.74460447 0.996154498 0.0829347115 -0.0277648591 -0.00521167886
0.364444444 0.0247009328 -0.0494031265 -0.0541007584 -0.188965183 0.98049236 -0.330779863 1.09404046 -1.0180206 0 0 0 0 0 0 0 0 0 0 0 0 0 0 0 0 0 0 0 0 0 0 0 0 0 0 0 0 0 0 0 0 0 0 0 0 0 0 0 0 0 0 0 0 0 1.72022709 -4.41546852 -4.56772495 -5.74460447 0.99490684 0.0954780784 -0.0252538442 -0.020163339
0.364444444 0.0411682213 -0.0460707681 -0.053011999 -0.206041871 0.977106174 -0.39215695 1.01376194 -1.04359439 0 0 0 0 0 0 0 0 0 0 0 0 0 0 0 0 0 0 0 0 0 0 0 0 0 0 0 0 0 0 0 0 0 0 0 0 0 0 0 0 0 0 0 0 0 1.5312344 -4.41546852 -4.56772495 -5.74460447 0.993635983 0.104495061 -0.0229716199 -0.035222444
0.364444444 0.0576355098 -0.0424931951 -0.0526962705 -0.217029522 0.974741653 -0.44109597 0.933483412 -1.06398565 0 0 0 0 0 0 0 0 0 0 0 0 0 0 0 0 0 0 0 0 0 0 0 0 0 0 0 0 0 0 0 0 0 0 0 0 0 0 0 0 0 0 0 0 0 1.39556191 -4.41546852 -4.56772495 -5.74460447 0.992391361 0.110408827 -0.0209538673 -0.0503012172
0.364444444 0.0741027983 -0.0387670893 -0.0530117553 -0.223004324 0.973374966 -0.480117499 0.853204887 -1.08024462 0 0 0 0 0 0 0 0 0 0 0 0 0 0 0 0 0 0 0 0 0 0 0 0 0 0 0 0 0 0 0 0 0 0 0 0 0 0 0 0 0 0 0 0 0 1.29485036 -4.41546852 -4.56772495 -5.74460447 0.991171591 0.113763549 -0.019245044 -0.0653173786
0.364444444 0.0905700868 -0.0349699675 -0.0539172092 -0.22521871 0.972815228 -0.511231315 0.772926362 -1.09320871 0 0 0 0 0 0 0 0 0 0 0 0 0 0 0 0 0 0 0 0 0 0 0 0 0 0 0 0 0 0 0 0 0 0 0 0 0 0 0 0 0 0 0 0 0 1.21851132 -4.41546852 -4.56772495 -5.74460447 0.989937234 0.115204147 -0.0178994598 -0.0801990479
0.364444444 0.107037375 -0.0311563656 -0.0554876705 -0.225065065 0.972762476 -0.536039917 0.692647837 -1.10354562 0 0 0 0 0 0 0 0 0 0 0 0 0 0 0 0 0 0 0 0 0 0 0 0 0 0 0 0 0 0 0 0 0 0 0 0 0 0 0 0 0 0 0 0 0 1.15984141 -4.41546852 -4.56772495 -5.74460447 0.988624135 0.115457294 -0.0169816104 -0.0948870786
0.364444444 0.123504664 -0.0273551545 -0.0579202098 -0.224032915 0.972858932 -0.555821056 0.612369311 -1.11178777 0 0 0 0 0 0 0 0 0 0 0 0 0 0 0 0 0 0 0 0 0 0 0 0 0 0 0 0 0 0 0 0 0 0 0 0 0 0 0 0 0 0 0 0 0 1.11432025 -4.41546852 -4.56772495 -5.74460447 0.987155186 0.115308777 -0.0165656218 -0.109334829
0.364444444 0.139971952 -0.0235681183 -0.0615278133 -0.223650819 0.972725367 -0.571593547 0.532090786 -1.11835964 0 0 0 0 0 0 0 0 0 0 0 0 0 0 0 0 0 0 0 0 0 0 0 0 0 0 0 0 0 0 0 0 0 0 0 0 0 0 0 0 0 0 0 0 0 1.07876213 -4.41546852 -4.56772495 -5.74460447 0.985448637 0.115573833 -0.0167333685 -0.123505737
0.364444444 0.156439241 -0.0197698668 -0.0667196655 -0.225410119 0.971976731 -0.584169743 0.451812261 -1.12359972 0 0 0 0 0 0 0 0 0 0 0 0 0 0 0 0 0 0 0 0 0 0 0 0 0 0 0 0 0 0 0 0 0 0 0 0 0 0 0 0 0 0 0 0 0 1.05085025 -4.41546852 -4.56772495 -5.74460447 0.983421583 0.117059402 -0.0175707471 -0.137369409
0.364444444 0.172906529 -0.0159090852 -0.0739668425 -0.230673086 0.970215869 -0.594197373 0.371533736 -1.1277779 0 0 0 0 0 0 0 0 0 0 0 0 0 0 0 0 0 0 0 0 0 0 0 0 0 0 0 0 0 0 0 0 0 0 0 0 0 0 0 0 0 0 0 0 0 1.02886103 -4.41546852 -4.56772495 -5.74460447 0.980988259 0.120519271 -0.0191616958 -0.150897217
0.364444444 0.189373818 -0.0119110604 -0.0837534209 -0.24057134 0.967011269 -0.602192904 0.291255211 -1.13110937 0 0 0 0 0 0 0 0 0 0 0 0 0 0 0 0 0 0 0 0 0 0 0 0 0 0 0 0 0 0 0 0 0 0 0 0 0 0 0 0 0 0 0 0 0 1.01149069 -4.41546852 -4.56772495 -5.74460447 0.978054404 0.126604422 -0.0215797492 -0.164058579
0.364444444 0.205841106 -0.00768135862 -0.0965142709 -0.255902009 0.961872734 -0.60856814 0.210976685 -1.13376572 0 0 0 0 0 0 0 0 0 0 0 0 0 0 0 0 0 0 0 0 0 0 0 0 0 0 0 0 0 0 0 0 0 0 0 0 0 0 0 0 0 0 0 0 0 0.997740722 -4.41546852 -4.56772495 -5.74460447 0.974510837 0.135811484 -0.0248771683 -0.176819107
0.382222222 -0.198681935 -0.015356237 -0.211817062 0.471395584 0.856107315 -0.599592002 0.200311975 -1.13765706 0 0 0 0 0 0 0 0 0 0 0 0 0 0 0 0 0 0 0 0 0 0 0 0 0 0 0 0 0 0 0 0 0 0 0 0 0 0 0 0 0 0 0 0 0 0.997985547 -4.41546852 -4.56230227 -5.74460447 0.947169832 -0.260620466 -0.0634296079 0.175849275
0.382222222 -0.182125107 -0.0240666948 -0.200308181 0.438423481 0.876162932 -0.592900257 0.283801641 -1.13486883 0 0 0 0 0 0 0 0 0 0 0 0 0 0 0 0 0 0 0 0 0 0 0 0 0 0 0 0 0 0 0 0 0 0 0 0 0 0 0 0 0 0 0 0 0 1.01242209 -4.41546852 -4.56230227 -5.74460447 0.955008271 -0.240395979 -0.0642519038 0.161371214
0.382222222 -0.165568279 -0.0318898513 -0.18767294 0.398300908 0.897850352 -0.584431408 0.367291307 -1.13134014 0 0 0 0 0 0 0 0 0 0 0 0 0 0 0 0 0 0 0 0 0 0 0 0 0 0 0 0 0 0 0 0 0 0 0 0 0 0 0 0 0 0 0 0 0 1.03083329 -4.41546852 -4.56230227 -5.74460447 0.962958832 -0.216640995 -0.0643545156 0.147089986
0.382222222 -0.149011451 -0.0387269127 -0.17416265 0.350993794 0.920038438 -0.573713515 0.450780973 -1.12687436 0 0 0 0 0 0 0 0 0 0 0 0 0 0 0 0 0 0 0 0 0 0 0 0 0 0 0 0 0 0 0 0 0 0 0 0 0 0 0 0 0 0 0 0 0 1.05436704 -4.41546852 -4.56230227 -5.74460447 0.970733422 -0.189521997 -0.0637353393 0.133025724
0.382222222 -0.132454623 -0.0445013229 -0.160125208 0.297013761 0.941351552 -0.560149307 0.53427064 -1.1212226 0 0 0 0 0 0 0 0 0 0 0 0 0 0 0 0 0 0 0 0 0 0 0 0 0 0 0 0 0 0 0 0 0 0 0 0 0 0 0 0 0 0 0 0 0 1.08454012 -4.41546852 -4.56230227 -5.74460447 0.977997639 -0.15945461 -0.0624375819 0.119148617
0.382222222 -0.115897795 -0.0491628386 -0.146000603 0.23754913 0.960340687 -0.542982896 0.617760306 -1.11406993 0 0 0 0 0 0 0 0 0 0 0 0 0 0 0 0 0 0 0 0 0 0 0 0 0 0 0 0 0 0 0 0 0 0 0 0 0 0 0 0 0 0 0 0 0 1.12338484 -4.41546852 -4.56230227 -5.74460447 0.984411078 -0.127136931 -0.0605463256 0.105381087
0.382222222 -0.0993409673 -0.0526902037 -0.132292728 0.174482851 0.975732734 -0.521257659 0.701249972 -1.10501775 0 0 0 0 0 0 0 0 0 0 0 0 0 0 0 0 0 0 0 0 0 0 0 0 0 0 0 0 0 0 0 0 0 0 0 0 0 0 0 0 0 0 0 0 0 1.17367637 -4.41546852 -4.56230227 -5.74460447 0.989683841 -0.0935359817 -0.0581777706 0.0916092857
0.382222222 -0.0827841394 -0.0550922801 -0.119513966 0.110242139 0.986693003 -0.493762923 0.784739638 -1.09356161 0 0 0 0 0 0 0 0 0 0 0 0 0 0 0 0 0 0 0 0 0 0 0 0 0 0 0 0 0 0 0 0 0 0 0 0 0 0 0 0 0 0 0 0 0 1.23930535 -4.41546852 -4.56230227 -5.74460447 0.99363415 -0.0598113989 -0.0554625539 0.0777024993
0.382222222 -0.0662273116 -0.0564075767 -0.108112527 0.0474884489 0.993003791 -0.4589665 0.868229304 -1.0790631 0 0 0 0 0 0 0 0 0 0 0 0 0 0 0 0 0 0 0 0 0 0 0 0 0 0 0 0 0 0 0 0 0 0 0 0 0 0 0 0 0 0 0 0 0 1.3259318 -4.41546852 -4.56230227 -5.74460447 0.9962254 -0.0271842222 -0.0525273512 0.0635361988
0.382222222 -0.0496704837 -0.0567021994 -0.098404543 -0.0112650697 0.995082732 -0.414929306 0.951718971 -1.06071427 0 0 0 0 0 0 0 0 0 0 0 0 0 0 0 0 0 0 0 0 0 0 0 0 0 0 0 0 0 0 0 0 0 0 0 0 0 0 0 0 0 0 0 0 0 1.44223752 -4.41546852 -4.56230227 -5.74460447 0.997566583 0.00321518016 -0.0494802634 0.0490130489
0.382222222 -0.0331136558 -0.0560663323 -0.0905338538 -0.0639844485 0.993835807 -0.3591973 1.03520864 -1.0374926 0 0 0 0 0 0 0 0 0 0 0 0 0 0 0 0 0 0 0 0 0 0 0 0 0 0 0 0 0 0 0 0 0 0 0 0 0 0 0 0 0 0 0 0 0 1.60261442 -4.41546852 -4.56230227 -5.74460447 0.99787607 0.030475636 -0.0464040086 0.0340771495
0.382222222 -0.0165568279 -0.0546094383 -0.0844706535 -0.109303331 0.990412788 -0.28866473 1.1186983 -1.00810403 0 0 0 0 0 0 0 0 0 0 0 0 0 0 0 0 0 0 0 0 0 0 0 0 0 0 0 0 0 0 0 0 0 0 0 0 0 0 0 0 0 0 0 0 0 1.83392611 -4.41546852 -4.56230227 -5.74460447 0.997424672 0.0539790511 -0.0433574455 0.0187194664
0.382222222 0 -0.0524544323 -0.0800442896 -0.146553478 0.985958919 -0.199401058 1.20218797 -0.970910832 0 0 0 0 0 0 0 0 0 0 0 0 0 0 0 0 0 0 0 0 0 0 0 0 0 0 0 0 0 0 0 0 0 0 0 0 0 0 0 0 0 0 0 0 0 2.19722458 -4.41546852 -4.56230227 -5.74460447 0.996479106 0.0734150798 -0.0403827512 0.00297517819
0.382222222 0.0165568279 -0.0497311391 -0.0769959109 -0.175684233 0.981430935 -0.28866473 1.1186983 -1.00810403 0 0 0 0 0 0 0 0 0 0 0 0 0 0 0 0 0 0 0 0 0 0 0 0 0 0 0 0 0 0 0 0 0 0 0 0 0 0 0 0 0 0 0 0 0 1.83392611 -4.41546852 -4.56230227 -5.74460447 0.995260899 0.0887535945 -0.0375144245 -0.0130847161
0.382222222 0.0331136558 -0.0465693838 -0.0750363619 -0.197137355 0.977500081 -0.3591973 1.03520864 -1.0374926 0 0 0 0 0 0 0 0 0 0 0 0 0 0 0 0 0 0 0 0 0 0 0 0 0 0 0 0 0 0 0 0 0 0 0 0 0 0 0 0 0 0 0 0 0 1.60261442 -4.41546852 -4.56230227 -5.74460447 0.993925423 0.100198863 -0.0347871759 -0.0293648284
0.382222222 0.0496704837 -0.0430920811 -0.0738998756 -0.211727829 0.974530725 -0.414929306 0.951718971 -1.06071427 0 0 0 0 0 0 0 0 0 0 0 0 0 0 0 0 0 0 0 0 0 0 0 0 0 0 0 0 0 0 0 0 0 0 0 0 0 0 0 0 0 0 0 0 0 1.44223752 -4.41546852 -4.56230227 -5.74460447 0.992558115 0.108143999 -0.0322414742 -0.0457575171
0.382222222 0.0662273116 -0.0394086939 -0.073389473 -0.220553334 0.97261 -0.4589665 0.868229304 -1.0790631 0 0 0 0 0 0 0 0 0 0 0 0 0 0 0 0 0 0 0 0 0 0 0 0 0 0 0 0 0 0 0 0 0 0 0 0 0 0 0 0 0 0 0 0 0 1.3259318 -4.41546852 -4.56230227 -5.74460447 0.991182065 0.113134352 -0.0299268826 -0.0621539528
0.382222222 0.0827841394 -0.0356094064 -0.0734128381 -0.224931786 0.971604985 -0.493762923 0.784739638 -1.09356161 0 0 0 0 0 0 0 0 0 0 0 0 0 0 0 0 0 0 0 0 0 0 0 0 0 0 0 0 0 0 0 0 0 0 0 0 0 0 0 0 0 0 0 0 0 1.23930535 -4.41546852 -4.56230227 -5.74460447 0.989771508 0.115839899 -0.0279038598 -0.0784528803
0.382222222 0.0993409673 -0.0317603245 -0.0740077475 -0.226353581 0.971229586 -0.521257659 0.701249972 -1.10501775 0 0 0 0 0 0 0 0 0 0 0 0 0 0 0 0 0 0 0 0 0 0 0 0 0 0 0 0 0 0 0 0 0 0 0 0 0 0 0 0 0 0 0 0 0 1.17367637 -4.41546852 -4.56230227 -5.74460447 0.988267171 0.117031753 -0.0262445318 -0.0945663398
0.382222222 0.115897795 -0.0278999569 -0.0753552018 -0.226432007 0.971107687 -0.542982896 0.617760306 -1.11406993 0 0 0 0 0 0 0 0 0 0 0 0 0 0 0 0 0 0 0 0 0 0 0 0 0 0 0 0 0 0 0 0 0 0 0 0 0 0 0 0 0 0 0 0 0 1.12338484 -4.41546852 -4.56230227 -5.74460447 0.986590493 0.117556513 -0.0250324356 -0.110422108
0.382222222 0.132454623 -0.0240371658 -0.0777775764 -0.226838761 0.970821727 -0.560149307 0.53427064 -1.1212226 0 0 0 0 0 0 0 0 0 0 0 0 0 0 0 0 0 0 0 0 0 0 0 0 0 0 0 0 0 0 0 0 0 0 0 0 0 0 0 0 0 0 0 0 0 1.08454012 -4.41546852 -4.56230227 -5.74460447 0.984654335 0.118303382 -0.0243607591 -0.125963103
0.382222222 0.149011451 -0.0201506949 -0.0817192121 -0.229218491 0.969938583 -0.573713515 0.450780973 -1.12687436 0 0 0 0 0 0 0 0 0 0 0 0 0 0 0 0 0 0 0 0 0 0 0 0 0 0 0 0 0 0 0 0 0 0 0 0 0 0 0 0 0 0 0 0 0 1.05436704 -4.41546852 -4.56230227 -5.74460447 0.982368326 0.120161716 -0.0243283941 -0.141144475
0.382222222 0.165568279 -0.0161903009 -0.0877079335 -0.235083568 0.968009832 -0.584431408 0.367291307 -1.13134014 0 0 0 0 0 0 0 0 0 0 0 0 0 0 0 0 0 0 0 0 0 0 0 0 0 0 0 0 0 0 0 0 0 0 0 0 0 0 0 0 0 0 0 0 0 1.03083329 -4.41546852 -4.56230227 -5.74460447 0.979638157 0.123969444 -0.0250332 -0.155929463
0.382222222 0.182125107 -0.0120794279 -0.0962975801 -0.245695594 0.964551943 -0.592900257 0.283801641 -1.13486883 0 0 0 0 0 0 0 0 0 0 0 0 0 0 0 0 0 0 0 0 0 0 0 0 0 0 0 0 0 0 0 0 0 0 0 0 0 0 0 0 0 0 0 0 0 1.01242209 -4.41546852 -4.56230227 -5.74460447 0.97636 0.130454898 -0.0265621533 -0.170285412
0.382222222 0.198681935 -0.00771928184 -0.107993551 -0.261943032 0.959022023 -0.599592002 0.200311975 -1.13765706 0 0 0 0 0 0 0 0 0 0 0 0 0 0 0 0 0 0 0 0 0 0 0 0 0 0 0 0 0 0 0 0 0 0 0 0 0 0 0 0 0 0 0 0 0 0.997985547 -4.41546852 -4.56230227 -5.74460447 0.972413616 0.140175744 -0.0289784272 -0.184181354
0.4 -0.191178918 -0.0149469118 -0.224231944 0.468468529 0.854550919 -0.59060579 0.18938205 -1.1415442 0 0 0 0 0 0 0 0 0 0 0 0 0 0 0 0 0 0 0 0 0 0 0 0 0 0 0 0 0 0 0 0 0 0 0 0 0 0 0 0 0 0 0 0 0 0.998252059 -4.41546852 -4.55823815 -5.74460447 0.94546638 -0.260915981 -0.0681717794 0.182671242
0.4 -0.174554664 -0.0236352418 -0.213693011 0.433955562 0.875224467 -0.583565099 0.276350452 -1.13861058 0 0 0 0 0 0 0 0 0 0 0 0 0 0 0 0 0 0 0 0 0 0 0 0 0 0 0 0 0 0 0 0 0 0 0 0 0 0 0 0 0 0 0 0 0 1.01344596 -4.41546852 -4.55823815 -5.74460447 0.953826131 -0.239739728 -0.0700901524 0.166817102
0.4 -0.157930411 -0.0313942649 -0.201877358 0.391885361 0.897591999 -0.574566763 0.363318855 -1.13486127 0 0 0 0 0 0 0 0 0 0 0 0 0 0 0 0 0 0 0 0 0 0 0 0 0 0 0 0 0 0 0 0 0 0 0 0 0 0 0 0 0 0 0 0 0 1.03302308 -4.41546852 -4.55823815 -5.74460447 0.962250267 -0.214809952 -0.0711384923 0.151229705
0.4 -0.141306157 -0.038120894 -0.189066105 0.34226541 0.920384918 -0.563066464 0.450287257 -1.13006948 0 0 0 0 0 0 0 0 0 0 0 0 0 0 0 0 0 0 0 0 0 0 0 0 0 0 0 0 0 0 0 0 0 0 0 0 0 0 0 0 0 0 0 0 0 1.05831195 -4.41546852 -4.55823815 -5.74460447 0.970418957 -0.186338875 -0.0713117429 0.13593935
0.4 -0.124681903 -0.0437371585 -0.175642258 0.285741487 0.942073033 -0.548368539 0.537255659 -1.12394535 0 0 0 0 0 0 0 0 0 0 0 0 0 0 0 0 0 0 0 0 0 0 0 0 0 0 0 0 0 0 0 0 0 0 0 0 0 0 0 0 0 0 0 0 0 1.09109115 -4.41546852 -4.55823815 -5.74460447 0.977965804 -0.154825503 -0.0706579574 0.12091072
0.4 -0.108057649 -0.0481947056 -0.162084628 0.223737073 0.961077674 -0.529583896 0.624224061 -1.11611841 0 0 0 0 0 0 0 0 0 0 0 0 0 0 0 0 0 0 0 0 0 0 0 0 0 0 0 0 0 0 0 0 0 0 0 0 0 0 0 0 0 0 0 0 0 1.13377947 -4.41546852 -4.55823815 -5.74460447 0.984526886 -0.121088273 -0.0692733211 0.106045503
0.4 -0.0914333956 -0.0514775916 -0.148934232 0.158444225 0.976070706 -0.505576234 0.711192464 -1.10611522 0 0 0 0 0 0 0 0 0 0 0 0 0 0 0 0 0 0 0 0 0 0 0 0 0 0 0 0 0 0 0 0 0 0 0 0 0 0 0 0 0 0 0 0 0 1.18973891 -4.41546852 -4.55823815 -5.74460447 0.989807204 -0.0862376631 -0.0672882802 0.0911978718
0.4 -0.0748091419 -0.0536032022 -0.136729742 0.0926076669 0.986270144 -0.474893308 0.798160866 -1.09333067 0 0 0 0 0 0 0 0 0 0 0 0 0 0 0 0 0 0 0 0 0 0 0 0 0 0 0 0 0 0 0 0 0 0 0 0 0 0 0 0 0 0 0 0 0 1.26378861 -4.41546852 -4.55823815 -5.74460447 0.993644063 -0.0515730259 -0.0648471341 0.0762007084
0.4 -0.0581848881 -0.0546212493 -0.125925471 0.0291326203 0.991611853 -0.435679079 0.885129268 -1.07699141 0 0 0 0 0 0 0 0 0 0 0 0 0 0 0 0 0 0 0 0 0 0 0 0 0 0 0 0 0 0 0 0 0 0 0 0 0 0 0 0 0 0 0 0 0 1.36314768 -4.41546852 -4.55823815 -5.74460447 0.996040939 -0.0184201018 -0.0620868227 0.0608964212
0.4 -0.0415606344 -0.0546109005 -0.11681903 -0.0293591316 0.992719173 -0.38556144 0.972097671 -1.05610906 0 0 0 0 0 0 0 0 0 0 0 0 0 0 0 0 0 0 0 0 0 0 0 0 0 0 0 0 0 0 0 0 0 0 0 0 0 0 0 0 0 0 0 0 0 1.49935119 -4.41546852 -4.55823815 -5.74460447 0.997155837 0.0120436275 -0.0591216098 0.0451644046
0.4 -0.0249363806 -0.0536762092 -0.109514462 -0.0808745585 0.990689602 -0.32150873 1.05906607 -1.02942043 0 0 0 0 0 0 0 0 0 0 0 0 0 0 0 0 0 0 0 0 0 0 0 0 0 0 0 0 0 0 0 0 0 0 0 0 0 0 0 0 0 0 0 0 0 1.69271666 -4.41546852 -4.55823815 -5.74460447 0.997249891 0.0389226544 -0.0560377172 0.0289388373
0.4 -0.00831212688 -0.051940107 -0.103930581 -0.124208569 0.986798189 -0.239646339 1.14603448 -0.995311097 0 0 0 0 0 0 0 0 0 0 0 0 0 0 0 0 0 0 0 0 0 0 0 0 0 0 0 0 0 0 0 0 0 0 0 0 0 0 0 0 0 0 0 0 0 1.98506938 -4.41546852 -4.55823815 -5.74460447 0.996619236 0.0616666515 -0.0528973497 0.0122144742
0.4 0.00831212688 -0.0495373067 -0.0998459015 -0.158926648 0.982228648 -0.239646339 1.14603448 -0.995311097 0 0 0 0 0 0 0 0 0 0 0 0 0 0 0 0 0 0 0 0 0 0 0 0 0 0 0 0 0 0 0 0 0 0 0 0 0 0 0 0 0 0 0 0 0 1.98506938 -4.41546852 -4.55823815 -5.74460447 0.995534902 0.080067491 -0.049748095 -0.00495814034
0.4 0.0249363806 -0.0466065256 -0.096962584 -0.18524312 0.977897358 -0.32150873 1.05906607 -1.02942043 0 0 0 0 0 0 0 0 0 0 0 0 0 0 0 0 0 0 0 0 0 0 0 0 0 0 0 0 0 0 0 0 0 0 0 0 0 0 0 0 0 0 0 0 0 1.69271666 -4.41546852 -4.55823815 -5.74460447 0.994204768 0.094216092 -0.0466331296 -0.0224846115
0.4 0.0415606344 -0.0432824765 -0.0949736026 -0.203872866 0.974379736 -0.38556144 0.972097671 -1.05610906 0 0 0 0 0 0 0 0 0 0 0 0 0 0 0 0 0 0 0 0 0 0 0 0 0 0 0 0 0 0 0 0 0 0 0 0 0 0 0 0 0 0 0 0 0 1.49935119 -4.41546852 -4.55823815 -5.74460447 0.992759005 0.104447263 -0.0435993281 -0.0402420858
0.4 0.0581848881 -0.0396880911 -0.0936238196 -0.215904784 0.971915482 -0.435679079 0.885129268 -1.07699141 0 0 0 0 0 0 0 0 0 0 0 0 0 0 0 0 0 0 0 0 0 0 0 0 0 0 0 0 0 0 0 0 0 0 0 0 0 0 0 0 0 0 0 0 0 1.36314768 -4.41546852 -4.55823815 -5.74460447 0.991253101 0.111290451 -0.0407025108 -0.0580950086
0.4 0.0748091419 -0.0359274226 -0.0927609224 -0.222710601 0.970461436 -0.474893308 0.798160866 -1.09333067 0 0 0 0 0 0 0 0 0 0 0 0 0 0 0 0 0 0 0 0 0 0 0 0 0 0 0 0 0 0 0 0 0 0 0 0 0 0 0 0 0 0 0 0 0 1.26378861 -4.41546852 -4.55823815 -5.74460447 0.989681031 0.115431767 -0.03801038 -0.0759089921
0.4 0.0914333956 -0.0320796388 -0.0923741209 -0.225879032 0.969765789 -0.505576234 0.711192464 -1.10611522 0 0 0 0 0 0 0 0 0 0 0 0 0 0 0 0 0 0 0 0 0 0 0 0 0 0 0 0 0 0 0 0 0 0 0 0 0 0 0 0 0 0 0 0 0 1.18973891 -4.41546852 -4.55823815 -5.74460447 0.987992496 0.117683755 -0.0356039264 -0.0935613275
0.4 0.108057649 -0.0281944514 -0.0926179617 -0.227155674 0.96944428 -0.529583896 0.624224061 -1.11611841 0 0 0 0 0 0 0 0 0 0 0 0 0 0 0 0 0 0 0 0 0 0 0 0 0 0 0 0 0 0 0 0 0 0 0 0 0 0 0 0 0 0 0 0 0 1.13377947 -4.41546852 -4.55823815 -5.74460447 0.986109938 0.118955481 -0.0335775719 -0.110947418
0.4 0.124681903 -0.0242892463 -0.0938175281 -0.228370292 0.969043488 -0.548368539 0.537255659 -1.12394535 0 0 0 0 0 0 0 0 0 0 0 0 0 0 0 0 0 0 0 0 0 0 0 0 0 0 0 0 0 0 0 0 0 0 0 0 0 0 0 0 0 0 0 0 0 1.09109115 -4.41546852 -4.55823815 -5.74460447 0.983942105 0.120215834 -0.032037624 -0.127983114
0.4 0.141306157 -0.0203480798 -0.0964511974 -0.231340741 0.968079866 -0.563066464 0.450287257 -1.13006948 0 0 0 0 0 0 0 0 0 0 0 0 0 0 0 0 0 0 0 0 0 0 0 0 0 0 0 0 0 0 0 0 0 0 0 0 0 0 0 0 0 0 0 0 0 1.05831195 -4.41546852 -4.55823815 -5.74460447 0.981391734 0.122445783 -0.0310981825 -0.144603587
0.4 0.157930411 -0.0163225988 -0.101108519 -0.237752391 0.966049102 -0.574566763 0.363318855 -1.13486127 0 0 0 0 0 0 0 0 0 0 0 0 0 0 0 0 0 0 0 0 0 0 0 0 0 0 0 0 0 0 0 0 0 0 0 0 0 0 0 0 0 0 0 0 0 1.03302308 -4.41546852 -4.55823815 -5.74460447 0.978356172 0.126579095 -0.0308736379 -0.16075992
0.4 0.174554664 -0.012134833 -0.108423181 -0.249019708 0.962410307 -0.583565099 0.276350452 -1.13861058 0 0 0 0 0 0 0 0 0 0 0 0 0 0 0 0 0 0 0 0 0 0 0 0 0 0 0 0 0 0 0 0 0 0 0 0 0 0 0 0 0 0 0 0 0 1.01344596 -4.41546852 -4.55823815 -5.74460447 0.974721959 0.133434101 -0.0314672426 -0.176415012
0.4 0.191178918 -0.00768169525 -0.11898392 -0.266141624 0.956562315 -0.59060579 0.18938205 -1.1415442 0 0 0 0 0 0 0 0 0 0 0 0 0 0 0 0 0 0 0 0 0 0 0 0 0 0 0 0 0 0 0 0 0 0 0 0 0 0 0 0 0 0 0 0 0 0.998252059 -4.41546852 -4.55823815 -5.74460447 0.970357352 0.143641079 -0.0329557704 -0.191540512
0.417777778 -0.183325659 -0.0144435475 -0.235946314 0.463773548 0.853957512 -0.58160811 0.17822848 -1.14542657 0 0 0 0 0 0 0 0 0 0 0 0 0 0 0 0 0 0 0 0 0 0 0 0 0 0 0 0 0 0 0 0 0 0 0 0 0 0 0 0 0 0 0 0 0 0.998543271 -4.41546852 -4.55573199 -5.74460447 0.943943555 -0.260260654 -0.0727023767 0.189603062
0.417777778 -0.16665969 -0.0230515054 -0.226392739 0.427611889 0.875153929 -0.574180864 0.268978117 -1.14233188 0 0 0 0 0 0 0 0 0 0 0 0 0 0 0 0 0 0 0 0 0 0 0 0 0 0 0 0 0 0 0 0 0 0 0 0 0 0 0 0 0 0 0 0 0 1.01457666 -4.41546852 -4.55573199 -5.74460447 0.952836714 -0.23808522 -0.075752646 0.172276411
0.417777778 -0.149993721 -0.0306901329 -0.215393522 0.383465932 0.898086582 -0.564586698 0.359727754 -1.13833431 0 0 0 0 0 0 0 0 0 0 0 0 0 0 0 0 0 0 0 0 0 0 0 0 0 0 0 0 0 0 0 0 0 0 0 0 0 0 0 0 0 0 0 0 0 1.0354677 -4.41546852 -4.55573199 -5.74460447 0.961732568 -0.211918302 -0.0777646585 0.155286052
0.417777778 -0.133327752 -0.0372522172 -0.203266893 0.331410548 0.921330353 -0.552193407 0.450477391 -1.13317044 0 0 0 0 0 0 0 0 0 0 0 0 0 0 0 0 0 0 0 0 0 0 0 0 0 0 0 0 0 0 0 0 0 0 0 0 0 0 0 0 0 0 0 0 0 1.06276546 -4.41546852 -4.55573199 -5.74460447 0.970275638 -0.182033938 -0.0787303571 0.138673586
0.417777778 -0.116661783 -0.0426589514 -0.190438546 0.272269036 0.943187538 -0.536184341 0.541227028 -1.1265 0 0 0 0 0 0 0 0 0 0 0 0 0 0 0 0 0 0 0 0 0 0 0 0 0 0 0 0 0 0 0 0 0 0 0 0 0 0 0 0 0 0 0 0 0 1.09857381 -4.41546852 -4.55573199 -5.74460447 0.978066027 -0.149036507 -0.0787041962 0.12239533
0.417777778 -0.0999958138 -0.0468648869 -0.177432969 0.207754554 0.961954046 -0.515504586 0.631976665 -1.11788343 0 0 0 0 0 0 0 0 0 0 0 0 0 0 0 0 0 0 0 0 0 0 0 0 0 0 0 0 0 0 0 0 0 0 0 0 0 0 0 0 0 0 0 0 0 1.14580179 -4.41546852 -4.55573199 -5.74460447 0.984719133 -0.11388934 -0.0777958565 0.106326162
0.417777778 -0.0833298449 -0.0498607889 -0.164832459 0.140417009 0.97627523 -0.488791456 0.722726303 -1.10675296 0 0 0 0 0 0 0 0 0 0 0 0 0 0 0 0 0 0 0 0 0 0 0 0 0 0 0 0 0 0 0 0 0 0 0 0 0 0 0 0 0 0 0 0 0 1.208575 -4.41546852 -4.55573199 -5.74460447 0.989942905 -0.0778667153 -0.0761522146 0.090281
0.417777778 -0.0666638759 -0.0516742163 -0.153201113 0.0733401195 0.985469759 -0.454284697 0.81347594 -1.09237514 0 0 0 0 0 0 0 0 0 0 0 0 0 0 0 0 0 0 0 0 0 0 0 0 0 0 0 0 0 0 0 0 0 0 0 0 0 0 0 0 0 0 0 0 0 1.29296119 -4.41546852 -4.55573199 -5.74460447 0.993605258 -0.042416028 -0.0739324087 0.0740504578
0.417777778 -0.0499979069 -0.0523677907 -0.142992366 0.00965399759 0.989676707 -0.409710497 0.904225577 -1.07380256 0 0 0 0 0 0 0 0 0 0 0 0 0 0 0 0 0 0 0 0 0 0 0 0 0 0 0 0 0 0 0 0 0 0 0 0 0 0 0 0 0 0 0 0 0 1.40837305 -4.41546852 -4.55573199 -5.74460447 0.995760417 -0.00895964053 -0.0712837395 0.0574416637
0.417777778 -0.0333319379 -0.0520352612 -0.134473495 -0.047965617 0.989755616 -0.352131653 0.994975214 -1.04981138 0 0 0 0 0 0 0 0 0 0 0 0 0 0 0 0 0 0 0 0 0 0 0 0 0 0 0 0 0 0 0 0 0 0 0 0 0 0 0 0 0 0 0 0 0 1.57062888 -4.41546852 -4.55573199 -5.74460447 0.996620617 0.0213003382 -0.068326333 0.040313188
0.417777778 -0.016665969 -0.0507956139 -0.127695397 -0.0976387412 0.986995725 -0.277754025 1.08572485 -1.0188207 0 0 0 0 0 0 0 0 0 0 0 0 0 0 0 0 0 0 0 0 0 0 0 0 0 0 0 0 0 0 0 0 0 0 0 0 0 0 0 0 0 0 0 0 0 1.80986497 -4.41546852 -4.55573199 -5.74460447 0.996487472 0.047514129 -0.0651501716 0.0225960462
0.417777778 0 -0.0487855958 -0.122514487 -0.138391934 0.982770509 -0.18167652 1.17647449 -0.978788404 0 0 0 0 0 0 0 0 0 0 0 0 0 0 0 0 0 0 0 0 0 0 0 0 0 0 0 0 0 0 0 0 0 0 0 0 0 0 0 0 0 0 0 0 0 2.19722458 -4.41546852 -4.55573199 -5.74460447 0.995674032 0.0692297074 -0.0618222709 0.00429853304
0.417777778 0.016665969 -0.0461511221 -0.118653062 -0.170083267 0.978260258 -0.277754025 1.08572485 -1.0188207 0 0 0 0 0 0 0 0 0 0 0 0 0 0 0 0 0 0 0 0 0 0 0 0 0 0 0 0 0 0 0 0 0 0 0 0 0 0 0 0 0 0 0 0 0 1.80986497 -4.41546852 -4.55573199 -5.74460447 0.994444473 0.0863683727 -0.0583984162 -0.0145024026
0.417777778 0.0333319379 -0.043038108 -0.11577709 -0.193239772 0.974296698 -0.352131653 0.994975214 -1.04981138 0 0 0 0 0 0 0 0 0 0 0 0 0 0 0 0 0 0 0 0 0 0 0 0 0 0 0 0 0 0 0 0 0 0 0 0 0 0 0 0 0 0 0 0 0 1.57062888 -4.41546852 -4.55573199 -5.74460447 0.992982438 0.0991658817 -0.0549343136 -0.0336782794
0.417777778 0.0499979069 -0.0395833003 -0.11357467 -0.208891157 0.971321409 -0.409710497 0.904225577 -1.07380256 0 0 0 0 0 0 0 0 0 0 0 0 0 0 0 0 0 0 0 0 0 0 0 0 0 0 0 0 0 0 0 0 0 0 0 0 0 0 0 0 0 0 0 0 0 1.40837305 -4.41546852 -4.55573199 -5.74460447 0.991385045 0.10810969 -0.0514935966 -0.0530697415
0.417777778 0.0666638759 -0.0359056853 -0.111825829 -0.218439644 0.969422047 -0.454284697 0.81347594 -1.09237514 0 0 0 0 0 0 0 0 0 0 0 0 0 0 0 0 0 0 0 0 0 0 0 0 0 0 0 0 0 0 0 0 0 0 0 0 0 0 0 0 0 0 0 0 0 1.29296119 -4.41546852 -4.55573199 -5.74460447 0.989673577 0.113887258 -0.0481525578 -0.0725067968
0.417777778 0.0833298449 -0.0320990121 -0.11045888 -0.223566735 0.968409392 -0.488791456 0.722726303 -1.10675296 0 0 0 0 0 0 0 0 0 0 0 0 0 0 0 0 0 0 0 0 0 0 0 0 0 0 0 0 0 0 0 0 0 0 0 0 0 0 0 0 0 0 0 0 0 1.208575 -4.41546852 -4.55573199 -5.74460447 0.98781208 0.117345968 -0.045002531 -0.091825874
0.417777778 0.0999958138 -0.0282259021 -0.109589258 -0.226156702 0.96790668 -0.515504586 0.631976665 -1.11788343 0 0 0 0 0 0 0 0 0 0 0 0 0 0 0 0 0 0 0 0 0 0 0 0 0 0 0 0 0 0 0 0 0 0 0 0 0 0 0 0 0 0 0 0 0 1.14580179 -4.41546852 -4.55573199 -5.74460447 0.9857274 0.119457057 -0.0421505818 -0.110882069
0.417777778 0.116661783 -0.0243139145 -0.109535625 -0.228212551 0.96743009 -0.536184341 0.541227028 -1.1265 0 0 0 0 0 0 0 0 0 0 0 0 0 0 0 0 0 0 0 0 0 0 0 0 0 0 0 0 0 0 0 0 0 0 0 0 0 0 0 0 0 0 0 0 0 1.09857381 -4.41546852 -4.55573199 -5.74460447 0.983326134 0.121274125 -0.039718278 -0.129556007
0.417777778 0.133327752 -0.0203538144 -0.110807602 -0.231747375 0.966444427 -0.552193407 0.450477391 -1.13317044 0 0 0 0 0 0 0 0 0 0 0 0 0 0 0 0 0 0 0 0 0 0 0 0 0 0 0 0 0 0 0 0 0 0 0 0 0 0 0 0 0 0 0 0 0 1.06276546 -4.41546852 -4.55573199 -5.74460447 0.980505209 0.123879404 -0.0378375472 -0.147755707
0.417777778 0.149993721 -0.016300153 -0.114061183 -0.238645983 0.964384851 -0.564586698 0.359727754 -1.13833431 0 0 0 0 0 0 0 0 0 0 0 0 0 0 0 0 0 0 0 0 0 0 0 0 0 0 0 0 0 0 0 0 0 0 0 0 0 0 0 0 0 0 0 0 0 1.0354677 -4.41546852 -4.55573199 -5.74460447 0.977154244 0.128315654 -0.036642425 -0.16541466
0.417777778 0.16665969 -0.0120741236 -0.120021273 -0.250502969 0.960647259 -0.574180864 0.268978117 -1.14233188 0 0 0 0 0 0 0 0 0 0 0 0 0 0 0 0 0 0 0 0 0 0 0 0 0 0 0 0 0 0 0 0 0 0 0 0 0 0 0 0 0 0 0 0 0 1.01457666 -4.41546852 -4.55573199 -5.74460447 0.973150443 0.135506021 -0.036255877 -0.182487933
0.417777778 0.183325659 -0.00756851329 -0.129375142 -0.268451184 0.954565888 -0.58160811 0.17822848 -1.14542657 0 0 0 0 0 0 0 0 0 0 0 0 0 0 0 0 0 0 0 0 0 0 0 0 0 0 0 0 0 0 0 0 0 0 0 0 0 0 0 0 0 0 0 0 0 0.998543271 -4.41546852 -4.55573199 -5.74460447 0.968350389 0.146167386 -0.0367716098 -0.198948405
0.435555556 -0.175113516 -0.0138461608 -0.246871898 0.457203395 0.854411682 -0.572597294 0.166896719 -1.14930346 0 0 0 0 0 0 0 0 0 0 0 0 0 0 0 0 0 0 0 0 0 0 0 0 0 0 0 0 0 0 0 0 0 0 0 0 0 0 0 0 0 0 0 0 0 0.998862778 -4.41546852 -4.55504168 -5.74460447 0.942607577 -0.258587021 -0.0769864377 0.196715014
0.435555556 -0.158436038 -0.0223107968 -0.238315942 0.419283269 0.876017724 -0.56473957 0.261771339 -1.14602941 0 0 0 0 0 0 0 0 0 0 0 0 0 0 0 0 0 0 0 0 0 0 0 0 0 0 0 0 0 0 0 0 0 0 0 0 0 0 0 0 0 0 0 0 0 1.01583166 -4.41546852 -4.55504168 -5.74460447 0.952046774 -0.235366562 -0.0812017208 0.177808327
0.435555556 -0.141758561 -0.0297689802 -0.228121551 0.372935779 0.899377264 -0.554470533 0.35664596 -1.14175064 0 0 0 0 0 0 0 0 0 0 0 0 0 0 0 0 0 0 0 0 0 0 0 0 0 0 0 0 0 0 0 0 0 0 0 0 0 0 0 0 0 0 0 0 0 1.03821336 -4.41546852 -4.55504168 -5.74460447 0.961410908 -0.207902433 -0.0841899425 0.159303794
0.435555556 -0.125081083 -0.0361096743 -0.216653759 0.318337433 0.922888091 -0.541050217 0.451520581 -1.13615884 0 0 0 0 0 0 0 0 0 0 0 0 0 0 0 0 0 0 0 0 0 0 0 0 0 0 0 0 0 0 0 0 0 0 0 0 0 0 0 0 0 0 0 0 0 1.06782897 -4.41546852 -4.55504168 -5.74460447 0.970304605 -0.176550959 -0.0859401737 0.141255156
0.435555556 -0.108403605 -0.0412540036 -0.204391014 0.256542931 0.944674567 -0.523511585 0.546395201 -1.12885108 0 0 0 0 0 0 0 0 0 0 0 0 0 0 0 0 0 0 0 0 0 0 0 0 0 0 0 0 0 0 0 0 0 0 0 0 0 0 0 0 0 0 0 0 0 1.10719157 -4.41546852 -4.55504168 -5.74460447 0.9782938 -0.142048642 -0.0865153144 0.123606331
0.435555556 -0.0917261275 -0.0451606684 -0.19191227 0.189617623 0.962919954 -0.50059084 0.641269822 -1.11930077 0 0 0 0 0 0 0 0 0 0 0 0 0 0 0 0 0 0 0 0 0 0 0 0 0 0 0 0 0 0 0 0 0 0 0 0 0 0 0 0 0 0 0 0 0 1.15984141 -4.41546852 -4.55504168 -5.74460447 0.98497817 -0.1055315 -0.0860414175 0.106197838
0.435555556 -0.0750486498 -0.0478287793 -0.179845742 0.120517196 0.976284341 -0.470636364 0.736144443 -1.10681974 0 0 0 0 0 0 0 0 0 0 0 0 0 0 0 0 0 0 0 0 0 0 0 0 0 0 0 0 0 0 0 0 0 0 0 0 0 0 0 0 0 0 0 0 0 1.23091625 -4.41546852 -4.55504168 -5.74460447 0.990079405 -0.0684574524 -0.0846841584 0.0887971926
0.435555556 -0.058371172 -0.0492979184 -0.168778505 0.0526729679 0.984245587 -0.431489704 0.831019063 -1.09050863 0 0 0 0 0 0 0 0 0 0 0 0 0 0 0 0 0 0 0 0 0 0 0 0 0 0 0 0 0 0 0 0 0 0 0 0 0 0 0 0 0 0 0 0 0 1.32820462 -4.41546852 -4.55504168 -5.74460447 0.993509354 -0.0324250404 -0.082618542 0.071147431
0.435555556 -0.0416936943 -0.0496454223 -0.159152781 -0.0106001294 0.987197057 -0.380330037 0.925893684 -1.0691921 0 0 0 0 0 0 0 0 0 0 0 0 0 0 0 0 0 0 0 0 0 0 0 0 0 0 0 0 0 0 0 0 0 0 0 0 0 0 0 0 0 0 0 0 0 1.46431212 -4.41546852 -4.55504168 -5.74460447 0.995383023 0.00106322657 -0.0800021314 0.053020425
0.435555556 -0.0250162166 -0.0489810738 -0.15118985 -0.0666479515 0.986255383 -0.313470909 1.0207683 -1.04133413 0 0 0 0 0 0 0 0 0 0 0 0 0 0 0 0 0 0 0 0 0 0 0 0 0 0 0 0 0 0 0 0 0 0 0 0 0 0 0 0 0 0 0 0 0 1.66182051 -4.41546852 -4.55504168 -5.74460447 0.995968848 0.0308115094 -0.0769607665 0.0342599527
0.435555556 -0.00833873886 -0.0474395657 -0.144871383 -0.113789507 0.982885665 -0.226094598 1.11564293 -1.00492734 0 0 0 0 0 0 0 0 0 0 0 0 0 0 0 0 0 0 0 0 0 0 0 0 0 0 0 0 0 0 0 0 0 0 0 0 0 0 0 0 0 0 0 0 0 1.96854585 -4.41546852 -4.55504168 -5.74460447 0.995602154 0.0560517856 -0.0735891624 0.0148048312
0.435555556 0.00833873886 -0.0451712555 -0.139980088 -0.151359666 0.978517157 -0.226094598 1.11564293 -1.00492734 0 0 0 0 0 0 0 0 0 0 0 0 0 0 0 0 0 0 0 0 0 0 0 0 0 0 0 0 0 0 0 0 0 0 0 0 0 0 0 0 0 0 0 0 0 1.96854585 -4.41546852 -4.55504168 -5.74460447 0.994600618 0.0764641403 -0.0699618239 -0.0053092956
0.435555556 0.0250162166 -0.0423318446 -0.13617973 -0.179570643 0.974273814 -0.313470909 1.0207683 -1.04133413 0 0 0 0 0 0 0 0 0 0 0 0 0 0 0 0 0 0 0 0 0 0 0 0 0 0 0 0 0 0 0 0 0 0 0 0 0 0 0 0 0 0 0 0 0 1.66182051 -4.41546852 -4.55504168 -5.74460447 0.993208306 0.092128521 -0.0661470215 -0.0259647509
0.435555556 0.0416936943 -0.0390716906 -0.133109989 -0.199313078 0.970853247 -0.380330037 0.925893684 -1.0691921 0 0 0 0 0 0 0 0 0 0 0 0 0 0 0 0 0 0 0 0 0 0 0 0 0 0 0 0 0 0 0 0 0 0 0 0 0 0 0 0 0 0 0 0 0 1.46431212 -4.41546852 -4.55504168 -5.74460447 0.991573961 0.103451635 -0.0622184508 -0.0469861978
0.435555556 0.058371172 -0.0355254863 -0.130478486 -0.211977983 0.968525012 -0.431489704 0.831019063 -1.09050863 0 0 0 0 0 0 0 0 0 0 0 0 0 0 0 0 0 0 0 0 0 0 0 0 0 0 0 0 0 0 0 0 0 0 0 0 0 0 0 0 0 0 0 0 0 1.32820462 -4.41546852 -4.55504168 -5.74460447 0.989755331 0.111098822 -0.0582627297 -0.0681681025
0.435555556 0.0750486498 -0.0318030143 -0.128139963 -0.219324165 0.967200631 -0.470636364 0.736144443 -1.10681974 0 0 0 0 0 0 0 0 0 0 0 0 0 0 0 0 0 0 0 0 0 0 0 0 0 0 0 0 0 0 0 0 0 0 0 0 0 0 0 0 0 0 0 0 0 1.23091625 -4.41546852 -4.55504168 -5.74460447 0.9877377 0.115940227 -0.0543833447 -0.0893003392
0.435555556 0.0917261275 -0.0279816114 -0.126155717 -0.223376471 0.966533852 -0.50059084 0.641269822 -1.11930077 0 0 0 0 0 0 0 0 0 0 0 0 0 0 0 0 0 0 0 0 0 0 0 0 0 0 0 0 0 0 0 0 0 0 0 0 0 0 0 0 0 0 0 0 0 1.15984141 -4.41546852 -4.55504168 -5.74460447 0.985456941 0.119005744 -0.0507021379 -0.11018867
0.435555556 0.108403605 -0.0241008596 -0.124825847 -0.226325454 0.96602034 -0.523511585 0.546395201 -1.12885108 0 0 0 0 0 0 0 0 0 0 0 0 0 0 0 0 0 0 0 0 0 0 0 0 0 0 0 0 0 0 0 0 0 0 0 0 0 0 0 0 0 0 0 0 0 1.10719157 -4.41546852 -4.55504168 -5.74460447 0.982820396 0.121437233 -0.0473585118 -0.130668429
0.435555556 0.125081083 -0.0201598695 -0.124686113 -0.23040322 0.96507395 -0.541050217 0.451520581 -1.13615884 0 0 0 0 0 0 0 0 0 0 0 0 0 0 0 0 0 0 0 0 0 0 0 0 0 0 0 0 0 0 0 0 0 0 0 0 0 0 0 0 0 0 0 0 0 1.06782897 -4.41546852 -4.55504168 -5.74460447 0.979721001 0.124427887 -0.044505346 -0.150611208
0.435555556 0.141758561 -0.0161173415 -0.126462995 -0.237724243 0.963065052 -0.554470533 0.35664596 -1.14175064 0 0 0 0 0 0 0 0 0 0 0 0 0 0 0 0 0 0 0 0 0 0 0 0 0 0 0 0 0 0 0 0 0 0 0 0 0 0 0 0 0 0 0 0 0 1.03821336 -4.41546852 -4.55504168 -5.74460447 0.976041909 0.129144028 -0.0423000461 -0.169925627
0.435555556 0.158436038 -0.0118944001 -0.13098528 -0.250095537 0.959320113 -0.56473957 0.261771339 -1.14602941 0 0 0 0 0 0 0 0 0 0 0 0 0 0 0 0 0 0 0 0 0 0 0 0 0 0 0 0 0 0 0 0 0 0 0 0 0 0 0 0 0 0 0 0 0 1.01583166 -4.41546852 -4.55504168 -5.74460447 0.971651875 0.136630876 -0.0408894526 -0.188554208
0.435555556 0.175113516 -0.00738000845 -0.139056771 -0.268812517 0.953101802 -0.572597294 0.166896719 -1.14930346 0 0 0 0 0 0 0 0 0 0 0 0 0 0 0 0 0 0 0 0 0 0 0 0 0 0 0 0 0 0 0 0 0 0 0 0 0 0 0 0 0 0 0 0 0 0.998862778 -4.41546852 -4.55504168 -5.74460447 0.966396134 0.147708777 -0.0403883183 -0.206468916
0.453333333 -0.166530888 -0.0131549419 -0.256909868 0.448610307 0.856005907 -0.563571335 0.155436817 -1.15317404 0 0 0 0 0 0 0 0 0 0 0 0 0 0 0 0 0 0 0 0 0 0 0 0 0 0 0 0 0 0 0 0 0 0 0 0 0 0 0 0 0 0 0 0 0 0.999214908 -4.41546852 -4.55650513 -5.74460447 0.941460794 -0.255808929 -0.0809866573 0.204094406
0.453333333 -0.149877799 -0.02140824 -0.249363987 0.408825932 0.877883226 -0.555231427 0.254829277 -1.14969908 0 0 0 0 0 0 0 0 0 0 0 0 0 0 0 0 0 0 0 0 0 0 0 0 0 0 0 0 0 0 0 0 0 0 0 0 0 0 0 0 0 0 0 0 0 1.01723243 -4.41546852 -4.55650513 -5.74460447 0.95145922 -0.231503162 -0.0863983387 0.183485604
0.453333333 -0.13322471 -0.0286220558 -0.239956572 0.360162957 0.901500687 -0.544192442 0.354221737 -1.1450995 0 0 0 0 0 0 0 0 0 0 0 0 0 0 0 0 0 0 0 0 0 0 0 0 0 0 0 0 0 0 0 0 0 0 0 0 0 0 0 0 0 0 0 0 0 1.04131792 -4.41546852 -4.55650513 -5.74460447 0.961286453 -0.202689043 -0.0903703966 0.16333615
0.453333333 -0.116571622 -0.0346820154 -0.229112442 0.302944423 0.925057925 -0.529580866 0.453614197 -1.13901135 0 0 0 0 0 0 0 0 0 0 0 0 0 0 0 0 0 0 0 0 0 0 0 0 0 0 0 0 0 0 0 0 0 0 0 0 0 0 0 0 0 0 0 0 0 1.07363193 -4.41546852 -4.55650513 -5.74460447 0.970502827 -0.169831095 -0.0928893773 0.143712304
0.453333333 -0.0999185328 -0.0395101779 -0.217376052 0.238522139 0.946496086 -0.510240488 0.553006656 -1.13095285 0 0 0 0 0 0 0 0 0 0 0 0 0 0 0 0 0 0 0 0 0 0 0 0 0 0 0 0 0 0 0 0 0 0 0 0 0 0 0 0 0 0 0 0 0 1.11720941 -4.41546852 -4.55650513 -5.74460447 0.978640791 -0.133829983 -0.0940292108 0.124540139
0.453333333 -0.083265444 -0.0430709037 -0.205391722 0.16938255 0.963910676 -0.484640907 0.652399116 -1.12028636 0 0 0 0 0 0 0 0 0 0 0 0 0 0 0 0 0 0 0 0 0 0 0 0 0 0 0 0 0 0 0 0 0 0 0 0 0 0 0 0 0 0 0 0 0 1.17641715 -4.41546852 -4.55650513 -5.74460447 0.985292058 -0.0960247792 -0.0939356352 0.105616757
0.453333333 -0.0666123552 -0.0453735379 -0.193838015 0.098928728 0.976032751 -0.450756432 0.751791576 -1.10616783 0 0 0 0 0 0 0 0 0 0 0 0 0 0 0 0 0 0 0 0 0 0 0 0 0 0 0 0 0 0 0 0 0 0 0 0 0 0 0 0 0 0 0 0 0 1.25776391 -4.41546852 -4.55650513 -5.74460447 0.990205789 -0.0580742344 -0.0927955164 0.0866537454
0.453333333 -0.0499592664 -0.0464717069 -0.183319439 0.0309278462 0.982566767 -0.40590579 0.851184036 -1.08748006 0 0 0 0 0 0 0 0 0 0 0 0 0 0 0 0 0 0 0 0 0 0 0 0 0 0 0 0 0 0 0 0 0 0 0 0 0 0 0 0 0 0 0 0 0 1.37147982 -4.41546852 -4.55650513 -5.74460447 0.993352062 -0.0217231024 -0.0908004589 0.067342891
0.453333333 -0.0333061776 -0.0464592805 -0.174251631 -0.0311870348 0.984207162 -0.346539958 0.950576495 -1.0627443 0 0 0 0 0 0 0 0 0 0 0 0 0 0 0 0 0 0 0 0 0 0 0 0 0 0 0 0 0 0 0 0 0 0 0 0 0 0 0 0 0 0 0 0 0 1.53501802 -4.41546852 -4.55650513 -5.74460447 0.994914313 0.011472904 -0.0881180539 0.0474245718
0.453333333 -0.0166530888 -0.0454633042 -0.1667894 -0.0848808471 0.982332193 -0.267961326 1.04996896 -1.0300032 0 0 0 0 0 0 0 0 0 0 0 0 0 0 0 0 0 0 0 0 0 0 0 0 0 0 0 0 0 0 0 0 0 0 0 0 0 0 0 0 0 0 0 0 0 1.78236993 -4.41546852 -4.55650513 -5.74460447 0.99521411 0.0403639928 -0.0848802182 0.0267389551
0.453333333 0 -0.0436344337 -0.16082676 -0.128769403 0.97854647 -0.163951981 1.14936141 -0.986665977 0 0 0 0 0 0 0 0 0 0 0 0 0 0 0 0 0 0 0 0 0 0 0 0 0 0 0 0 0 0 0 0 0 0 0 0 0 0 0 0 0 0 0 0 0 2.19722458 -4.41546852 -4.55650513 -5.74460447 0.994608305 0.0643052435 -0.081188673 0.00524915925
0.453333333 0.0166530888 -0.0411355916 -0.156063138 -0.162577006 0.974275636 -0.267961326 1.04996896 -1.0300032 0 0 0 0 0 0 0 0 0 0 0 0 0 0 0 0 0 0 0 0 0 0 0 0 0 0 0 0 0 0 0 0 0 0 0 0 0 0 0 0 0 0 0 0 0 1.78236993 -4.41546852 -4.55650513 -5.74460447 0.993403278 0.0831453509 -0.0771299735 -0.0169630718
0.453333333 0.0333061776 -0.0381297005 -0.152108339 -0.186934501 0.970524882 -0.346539958 0.950576495 -1.0627443 0 0 0 0 0 0 0 0 0 0 0 0 0 0 0 0 0 0 0 0 0 0 0 0 0 0 0 0 0 0 0 0 0 0 0 0 0 0 0 0 0 0 0 0 0 1.53501802 -4.41546852 -4.55650513 -5.74460447 0.991808776 0.0971544397 -0.072791305 -0.0397214387
0.453333333 0.0499592664 -0.0347674161 -0.148598249 -0.203151941 0.967805688 -0.40590579 0.851184036 -1.08748006 0 0 0 0 0 0 0 0 0 0 0 0 0 0 0 0 0 0 0 0 0 0 0 0 0 0 0 0 0 0 0 0 0 0 0 0 0 0 0 0 0 0 0 0 0 1.37147982 -4.41546852 -4.55650513 -5.74460447 0.989929466 0.106939661 -0.0682719927 -0.0627893072
0.453333333 0.0666123552 -0.0311757839 -0.145302297 -0.213033595 0.966180071 -0.450756432 0.751791576 -1.10616783 0 0 0 0 0 0 0 0 0 0 0 0 0 0 0 0 0 0 0 0 0 0 0 0 0 0 0 0 0 0 0 0 0 0 0 0 0 0 0 0 0 0 0 0 0 1.25776391 -4.41546852 -4.55650513 -5.74460447 0.987780461 0.113373504 -0.0636899751 -0.0859057457
0.453333333 0.083265444 -0.0274486737 -0.142210408 -0.218738578 0.965365027 -0.484640907 0.652399116 -1.12028636 0 0 0 0 0 0 0 0 0 0 0 0 0 0 0 0 0 0 0 0 0 0 0 0 0 0 0 0 0 0 0 0 0 0 0 0 0 0 0 0 0 0 0 0 0 1.17641715 -4.41546852 -4.55650513 -5.74460447 0.985312799 0.117535861 -0.0591845259 -0.108817283
0.453333333 0.0999185328 -0.0236397118 -0.139588403 -0.222656406 0.964851907 -0.510240488 0.553006656 -1.13095285 0 0 0 0 0 0 0 0 0 0 0 0 0 0 0 0 0 0 0 0 0 0 0 0 0 0 0 0 0 0 0 0 0 0 0 0 0 0 0 0 0 0 0 0 0 1.11720941 -4.41546852 -4.55650513 -5.74460447 0.982438716 0.120657674 -0.0549160459 -0.13130165
0.453333333 0.116571622 -0.0197582434 -0.137989917 -0.227262852 0.964007458 -0.529580866 0.453614197 -1.13901135 0 0 0 0 0 0 0 0 0 0 0 0 0 0 0 0 0 0 0 0 0 0 0 0 0 0 0 0 0 0 0 0 0 0 0 0 0 0 0 0 0 0 0 0 0 1.07363193 -4.41546852 -4.55650513 -5.74460447 0.979050044 0.124052118 -0.0510621504 -0.15318205
0.453333333 0.13322471 -0.0157686289 -0.138214687 -0.234936028 0.962133963 -0.544192442 0.354221737 -1.1450995 0 0 0 0 0 0 0 0 0 0 0 0 0 0 0 0 0 0 0 0 0 0 0 0 0 0 0 0 0 0 0 0 0 0 0 0 0 0 0 0 0 0 0 0 0 1.04131792 -4.41546852 -4.55650513 -5.74460447 0.975025719 0.129024822 -0.047808094 -0.174332521
0.453333333 0.149877799 -0.0115929275 -0.141209242 -0.247733308 0.958482216 -0.555231427 0.254829277 -1.14969908 0 0 0 0 0 0 0 0 0 0 0 0 0 0 0 0 0 0 0 0 0 0 0 0 0 0 0 0 0 0 0 0 0 0 0 0 0 0 0 0 0 0 0 0 0 1.01723243 -4.41546852 -4.55650513 -5.74460447 0.970227883 0.136762994 -0.045329631 -0.194676558
0.453333333 0.166530888 -0.00711676509 -0.147915164 -0.267147496 0.952235958 -0.563571335 0.155436817 -1.15317404 0 0 0 0 0 0 0 0 0 0 0 0 0 0 0 0 0 0 0 0 0 0 0 0 0 0 0 0 0 0 0 0 0 0 0 0 0 0 0 0 0 0 0 0 0 0.999214908 -4.41546852 -4.55650513 -5.74460447 0.964491579 0.148210717 -0.0437676183 -0.214182101
0.471111111 -0.157562188 -0.0123701562 -0.265943664 0.437791847 0.858843563 -0.554527799 0.143904355 -1.1570373 0 0 0 0 0 0 0 0 0 0 0 0 0 0 0 0 0 0 0 0 0 0 0 0 0 0 0 0 0 0 0 0 0 0 0 0 0 0 0 0 0 0 0 0 0 0.999604919 -4.41546852 -4.56057242 -5.74460447 0.940500027 -0.251814667 -0.0846616303 0.211852499
0.471111111 -0.140976695 -0.02033858 -0.259425968 0.396050959 0.880818827 -0.54564429 0.248266437 -1.15333584 0 0 0 0 0 0 0 0 0 0 0 0 0 0 0 0 0 0 0 0 0 0 0 0 0 0 0 0 0 0 0 0 0 0 0 0 0 0 0 0 0 0 0 0 0 1.01880561 -4.41546852 -4.56057242 -5.74460447 0.951071503 -0.226395061 -0.0913009487 0.189400129
0.471111111 -0.124391201 -0.0272401492 -0.250785482 0.34498522 0.904484295 -0.533719771 0.35262852 -1.14836729 0 0 0 0 0 0 0 0 0 0 0 0 0 0 0 0 0 0 0 0 0 0 0 0 0 0 0 0 0 0 0 0 0 0 0 0 0 0 0 0 0 0 0 0 0 1.04485476 -4.41546852 -4.56057242 -5.74460447 0.961354912 -0.196193164 -0.0962605581 0.167448142
0.471111111 -0.107805708 -0.0329578876 -0.24052422 0.285122243 0.927821861 -0.517713242 0.456990603 -1.1416979 0 0 0 0 0 0 0 0 0 0 0 0 0 0 0 0 0 0 0 0 0 0 0 0 0 0 0 0 0 0 0 0 0 0 0 0 0 0 0 0 0 0 0 0 0 1.08034194 -4.41546852 -4.56057242 -5.74460447 0.970861995 -0.161814191 -0.0995250573 0.146075041
0.471111111 -0.0912202143 -0.0374160814 -0.229269887 0.218188997 0.948593106 -0.496227347 0.561352686 -1.13274544 0 0 0 0 0 0 0 0 0 0 0 0 0 0 0 0 0 0 0 0 0 0 0 0 0 0 0 0 0 0 0 0 0 0 0 0 0 0 0 0 0 0 0 0 0 1.12897817 -4.41546852 -4.56057242 -5.74460447 0.979094487 -0.124360551 -0.101182511 0.12518202
0.471111111 -0.0746347208 -0.0405865597 -0.217745027 0.147164456 0.964846996 -0.467386385 0.665714768 -1.12072838 0 0 0 0 0 0 0 0 0 0 0 0 0 0 0 0 0 0 0 0 0 0 0 0 0 0 0 0 0 0 0 0 0 0 0 0 0 0 0 0 0 0 0 0 0 1.1962337 -4.41546852 -4.56057242 -5.74460447 0.985647324 -0.0854057934 -0.101401935 0.104512439
0.471111111 -0.0580492273 -0.0424910317 -0.206681303 0.0759260337 0.97545788 -0.428672564 0.770076851 -1.10459762 0 0 0 0 0 0 0 0 0 0 0 0 0 0 0 0 0 0 0 0 0 0 0 0 0 0 0 0 0 0 0 0 0 0 0 0 0 0 0 0 0 0 0 0 0 1.29052214 -4.41546852 -4.56057242 -5.74460447 0.990313537 -0.0468208933 -0.100393545 0.0837140237
0.471111111 -0.0414637338 -0.0431992861 -0.196689716 0.0085357808 0.980428629 -0.376706199 0.874438934 -1.08294497 0 0 0 0 0 0 0 0 0 0 0 0 0 0 0 0 0 0 0 0 0 0 0 0 0 0 0 0 0 0 0 0 0 0 0 0 0 0 0 0 0 0 0 0 0 1.42566334 -4.41546852 -4.56057242 -5.74460447 0.993135029 -0.0104805238 -0.0983658692 0.0624269882
0.471111111 -0.0248782403 -0.042823401 -0.188136952 -0.0515529691 0.980788855 -0.306950671 0.978801017 -1.05388016 0 0 0 0 0 0 0 0 0 0 0 0 0 0 0 0 0 0 0 0 0 0 0 0 0 0 0 0 0 0 0 0 0 0 0 0 0 0 0 0 0 0 0 0 0 1.62687592 -4.41546852 -4.56057242 -5.74460447 0.994366484 0.0220455033 -0.09549643 0.0403698328
0.471111111 -0.00829274676 -0.0415084468 -0.181085613 -0.10204275 0.978159127 -0.21331638 1.0831631 -1.01486587 0 0 0 0 0 0 0 0 0 0 0 0 0 0 0 0 0 0 0 0 0 0 0 0 0 0 0 0 0 0 0 0 0 0 0 0 0 0 0 0 0 0 0 0 0 1.94922252 -4.41546852 -4.56057242 -5.74460447 0.994372611 0.0497018032 -0.0919247909 0.0173975162
0.471111111 0.00829274676 -0.0394204516 -0.175323 -0.141952989 0.97422338 -0.21331638 1.0831631 -1.01486587 0 0 0 0 0 0 0 0 0 0 0 0 0 0 0 0 0 0 0 0 0 0 0 0 0 0 0 0 0 0 0 0 0 0 0 0 0 0 0 0 0 0 0 0 0 1.94922252 -4.41546852 -4.56057242 -5.74460447 0.993513822 0.0720121894 -0.0877641984 -0.00647884726
0.471111111 0.0248782403 -0.036732628 -0.170461556 -0.171481954 0.970328191 -0.306950671 0.978801017 -1.05388016 0 0 0 0 0 0 0 0 0 0 0 0 0 0 0 0 0 0 0 0 0 0 0 0 0 0 0 0 0 0 0 0 0 0 0 0 0 0 0 0 0 0 0 0 0 1.62687592 -4.41546852 -4.56057242 -5.74460447 0.992066764 0.0890329124 -0.0831206667 -0.0311067777
0.471111111 0.0414637338 -0.0336110041 -0.166075097 -0.191748115 0.967290919 -0.376706199 0.874438934 -1.08294497 0 0 0 0 0 0 0 0 0 0 0 0 0 0 0 0 0 0 0 0 0 0 0 0 0 0 0 0 0 0 0 0 0 0 0 0 0 0 0 0 0 0 0 0 0 1.42566334 -4.41546852 -4.56057242 -5.74460447 0.990193747 0.101259133 -0.0781097199 -0.0562299155
0.471111111 0.0580492273 -0.0302006503 -0.161839119 -0.204543365 0.965385991 -0.428672564 0.770076851 -1.10459762 0 0 0 0 0 0 0 0 0 0 0 0 0 0 0 0 0 0 0 0 0 0 0 0 0 0 0 0 0 0 0 0 0 0 0 0 0 0 0 0 0 0 0 0 0 1.29052214 -4.41546852 -4.56057242 -5.74460447 0.987949889 0.109532786 -0.0728668193 -0.0815353426
0.471111111 0.0746347208 -0.0266136449 -0.157653399 -0.212140507 0.964438599 -0.467386385 0.665714768 -1.12072838 0 0 0 0 0 0 0 0 0 0 0 0 0 0 0 0 0 0 0 0 0 0 0 0 0 0 0 0 0 0 0 0 0 0 0 0 0 0 0 0 0 0 0 0 0 1.1962337 -4.41546852 -4.56057242 -5.74460447 0.985309287 0.114967016 -0.0675520977 -0.106700086
0.471111111 0.0912202143 -0.0229197762 -0.153729702 -0.21713308 0.96396079 -0.496227347 0.561352686 -1.13274544 0 0 0 0 0 0 0 0 0 0 0 0 0 0 0 0 0 0 0 0 0 0 0 0 0 0 0 0 0 0 0 0 0 0 0 0 0 0 0 0 0 0 0 0 0 1.12897817 -4.41546852 -4.56057242 -5.74460447 0.982194848 0.118877927 -0.0623509703 -0.131429354
0.471111111 0.107805708 -0.0191407537 -0.150627117 -0.222264286 0.963280883 -0.517713242 0.456990603 -1.1416979 0 0 0 0 0 0 0 0 0 0 0 0 0 0 0 0 0 0 0 0 0 0 0 0 0 0 0 0 0 0 0 0 0 0 0 0 0 0 0 0 0 0 0 0 0 1.08034194 -4.41546852 -4.56057242 -5.74460447 0.978501728 0.122705758 -0.0574704756 -0.155482505
0.471111111 0.124391201 -0.0152484065 -0.149219236 -0.230213046 0.961631724 -0.533719771 0.35262852 -1.14836729 0 0 0 0 0 0 0 0 0 0 0 0 0 0 0 0 0 0 0 0 0 0 0 0 0 0 0 0 0 0 0 0 0 0 0 0 0 0 0 0 0 0 0 0 0 1.04485476 -4.41546852 -4.56057242 -5.74460447 0.974108396 0.127911804 -0.0531291658 -0.178686024
0.471111111 0.140976695 -0.0111670206 -0.150585117 -0.243331092 0.958182708 -0.54564429 0.248266437 -1.15333584 0 0 0 0 0 0 0 0 0 0 0 0 0 0 0 0 0 0 0 0 0 0 0 0 0 0 0 0 0 0 0 0 0 0 0 0 0 0 0 0 0 0 0 0 0 1.01880561 -4.41546852 -4.56057242 -5.74460447 0.96887371 0.135847895 -0.049537818 -0.200935532
0.471111111 0.157562188 -0.00677961989 -0.155829036 -0.263350649 0.952031379 -0.554527799 0.143904355 -1.1570373 0 0 0 0 0 0 0 0 0 0 0 0 0 0 0 0 0 0 0 0 0 0 0 0 0 0 0 0 0 0 0 0 0 0 0 0 0 0 0 0 0 0 0 0 0 0.999604919 -4.41546852 -4.56057242 -5.74460447 0.962625073 0.147606071 -0.0468695854 -0.22219059
0.488888889 -0.148186353 -0.0114920167 -0.273827988 0.42447022 0.863043027 -0.545463698 0.13236168 -1.16089199 0 0 0 0 0 0 0 0 0 0 0 0 0 0 0 0 0 0 0 0 0 0 0 0 0 0 0 0 0 0 0 0 0 0 0 0 0 0 0 0 0 0 0 0 0 1.00003926 -4.41546852 -4.5678548 -5.74460447 0.939713729 -0.246456865 -0.087963064 0.22013546
0.488888889 -0.131721203 -0.0190959389 -0.268371379 0.380709605 0.884893779 -0.535962915 0.242216504 -1.15693333 0 0 0 0 0 0 0 0 0 0 0 0 0 0 0 0 0 0 0 0 0 0 0 0 0 0 0 0 0 0 0 0 0 0 0 0 0 0 0 0 0 0 0 0 0 1.02058472 -4.41546852 -4.5678548 -5.74460447 0.95087296 -0.219916485 -0.0958637069 0.195671928
0.488888889 -0.115256052 -0.0256133716 -0.260482742 0.32720399 0.908342606 -0.523010672 0.352071328 -1.15153656 0 0 0 0 0 0 0 0 0 0 0 0 0 0 0 0 0 0 0 0 0 0 0 0 0 0 0 0 0 0 0 0 0 0 0 0 0 0 0 0 0 0 0 0 0 1.04891825 -4.41546852 -4.5678548 -5.74460447 0.961604272 -0.188315994 -0.101812491 0.171722241
0.488888889 -0.098790902 -0.0309258041 -0.250764639 0.264759155 0.931138919 -0.505353117 0.461926152 -1.14417925 0 0 0 0 0 0 0 0 0 0 0 0 0 0 0 0 0 0 0 0 0 0 0 0 0 0 0 0 0 0 0 0 0 0 0 0 0 0 0 0 0 0 0 0 0 1.08817962 -4.41546852 -4.5678548 -5.74460447 0.97136708 -0.152441543 -0.105792801 0.148376057
0.488888889 -0.0823257517 -0.0349613893 -0.239949951 0.195566356 0.950882654 -0.481280897 0.571780976 -1.13414916 0 0 0 0 0 0 0 0 0 0 0 0 0 0 0 0 0 0 0 0 0 0 0 0 0 0 0 0 0 0 0 0 0 0 0 0 0 0 0 0 0 0 0 0 0 1.14297126 -4.41546852 -4.5678548 -5.74460447 0.979638097 -0.113639965 -0.107910294 0.125501102
0.488888889 -0.0658606013 -0.037701543 -0.228853361 0.123163672 0.965638053 -0.448463683 0.6816358 -1.12047532 0 0 0 0 0 0 0 0 0 0 0 0 0 0 0 0 0 0 0 0 0 0 0 0 0 0 0 0 0 0 0 0 0 0 0 0 0 0 0 0 0 0 0 0 0 1.2202702 -4.41546852 -4.5678548 -5.74460447 0.986030475 -0.0737489749 -0.108360797 0.102776107
0.488888889 -0.049395451 -0.0391826504 -0.218258158 0.0519034934 0.974509828 -0.403724578 0.791490624 -1.10183402 0 0 0 0 0 0 0 0 0 0 0 0 0 0 0 0 0 0 0 0 0 0 0 0 0 0 0 0 0 0 0 0 0 0 0 0 0 0 0 0 0 0 0 0 0 1.33121839 -4.41546852 -4.5678548 -5.74460447 0.990398995 -0.0348530354 -0.107379477 0.0797793469
0.488888889 -0.0329303007 -0.0394927247 -0.208762383 -0.0139370206 0.97786708 -0.34273258 0.901345448 -1.07642069 0 0 0 0 0 0 0 0 0 0 0 0 0 0 0 0 0 0 0 0 0 0 0 0 0 0 0 0 0 0 0 0 0 0 0 0 0 0 0 0 0 0 0 0 0 1.49515257 -4.41546852 -4.5678548 -5.74460447 0.99286744 0.00107437554 -0.105191756 0.0561051364
0.488888889 -0.0164651503 -0.0387633226 -0.200652638 -0.0710157168 0.977085097 -0.259583311 1.01120027 -1.04177516 0 0 0 0 0 0 0 0 0 0 0 0 0 0 0 0 0 0 0 0 0 0 0 0 0 0 0 0 0 0 0 0 0 0 0 0 0 0 0 0 0 0 0 0 0 1.75064669 -4.41546852 -4.5678548 -5.74460447 0.993756649 0.0325014269 -0.101985826 0.0314685821
0.488888889 0 -0.0371574614 -0.193869277 -0.117409255 0.973976268 -0.146227443 1.1210551 -0.99454355 0 0 0 0 0 0 0 0 0 0 0 0 0 0 0 0 0 0 0 0 0 0 0 0 0 0 0 0 0 0 0 0 0 0 0 0 0 0 0 0 0 0 0 0 0 2.19722458 -4.41546852 -4.5678548 -5.74460447 0.993456021 0.0585228487 -0.0979129318 0.00576788864
0.488888889 0.0164651503 -0.0348546456 -0.188077461 -0.152653533 0.970218412 -0.259583311 1.01120027 -1.04177516 0 0 0 0 0 0 0 0 0 0 0 0 0 0 0 0 0 0 0 0 0 0 0 0 0 0 0 0 0 0 0 0 0 0 0 0 0 0 0 0 0 0 0 0 0 1.75064669 -4.41546852 -4.5678548 -5.74460447 0.992306502 0.0788799965 -0.0931060688 -0.0209048328
0.488888889 0.0329303007 -0.0320343798 -0.182812416 -0.177509205 0.966990229 -0.34273258 0.901345448 -1.07642069 0 0 0 0 0 0 0 0 0 0 0 0 0 0 0 0 0 0 0 0 0 0 0 0 0 0 0 0 0 0 0 0 0 0 0 0 0 0 0 0 0 0 0 0 0 1.49515257 -4.41546852 -4.5678548 -5.74460447 0.990536576 0.0938785975 -0.087702306 -0.0482949894
0.488888889 0.049395451 -0.0288596812 -0.177653781 -0.193658256 0.964850047 -0.403724578 0.791490624 -1.10183402 0 0 0 0 0 0 0 0 0 0 0 0 0 0 0 0 0 0 0 0 0 0 0 0 0 0 0 0 0 0 0 0 0 0 0 0 0 0 0 0 0 0 0 0 0 1.33121839 -4.41546852 -4.5678548 -5.74460447 0.988252314 0.104278884 -0.0818589681 -0.0760420092
0.488888889 0.0658606013 -0.0254621066 -0.172392461 -0.203442828 0.963790359 -0.448463683 0.6816358 -1.12047532 0 0 0 0 0 0 0 0 0 0 0 0 0 0 0 0 0 0 0 0 0 0 0 0 0 0 0 0 0 0 0 0 0 0 0 0 0 0 0 0 0 0 0 0 0 1.2202702 -4.41546852 -4.5678548 -5.74460447 0.985460511 0.111197974 -0.0757616747 -0.103743725
0.488888889 0.0823257517 -0.0219296691 -0.167162154 -0.20965332 0.963380662 -0.481280897 0.571780976 -1.13414916 0 0 0 0 0 0 0 0 0 0 0 0 0 0 0 0 0 0 0 0 0 0 0 0 0 0 0 0 0 0 0 0 0 0 0 0 0 0 0 0 0 0 0 0 0 1.14297126 -4.41546852 -4.5678548 -5.74460447 0.982102555 0.116025281 -0.0696261671 -0.131014896
0.488888889 0.098790902 -0.018298754 -0.162509653 -0.215319906 0.962926763 -0.505353117 0.461926152 -1.14417925 0 0 0 0 0 0 0 0 0 0 0 0 0 0 0 0 0 0 0 0 0 0 0 0 0 0 0 0 0 0 0 0 0 0 0 0 0 0 0 0 0 0 0 0 0 1.08817962 -4.41546852 -4.5678548 -5.74460447 0.978083522 0.120331109 -0.063694919 -0.157530967
0.488888889 0.115256052 -0.0145507769 -0.159379585 -0.223461154 0.961594125 -0.523010672 0.352071328 -1.15153656 0 0 0 0 0 0 0 0 0 0 0 0 0 0 0 0 0 0 0 0 0 0 0 0 0 0 0 0 0 0 0 0 0 0 0 0 0 0 0 0 0 0 0 0 0 1.04891825 -4.41546852 -4.5678548 -5.74460447 0.973287472 0.125748196 -0.0582265317 -0.183053433
0.488888889 0.131721203 -0.0106138909 -0.158998648 -0.236773048 0.958466459 -0.535962915 0.242216504 -1.15693333 0 0 0 0 0 0 0 0 0 0 0 0 0 0 0 0 0 0 0 0 0 0 0 0 0 0 0 0 0 0 0 0 0 0 0 0 0 0 0 0 0 0 0 0 0 1.02058472 -4.41546852 -4.5678548 -5.74460447 0.967575691 0.13381807 -0.0534742402 -0.207437972
0.488888889 0.148186353 -0.00636958529 -0.162662694 -0.257277347 0.952548799 -0.545463698 0.13236168 -1.16089199 0 0 0 0 0 0 0 0 0 0 0 0 0 0 0 0 0 0 0 0 0 0 0 0 0 0 0 0 0 0 0 0 0 0 0 0 0 0 0 0 0 0 0 0 0 1.00003926 -4.41546852 -4.5678548 -5.74460447 0.960772758 0.145809381 -0.0496510311 -0.230629803
0.506666667 -0.137895759 -0.0107451233 -0.280289502 0.407059611 0.869333232 -0.536120318 0.124290113 -1.16463031 0 0 0 0 0 0 0 0 0 0 0 0 0 0 0 0 0 0 0 0 0 0 0 0 0 0 0 0 0 0 0 0 0 0 0 0 0 0 0 0 0 0 0 0 0 1.00107496 -4.41546852 -4.52204436 -5.74460447 0.939426015 -0.238805743 -0.0911328749 0.228353626
0.506666667 -0.120658789 -0.0182541043 -0.275512534 0.35793979 0.892172601 -0.525096555 0.247069034 -1.16003708 0 0 0 0 0 0 0 0 0 0 0 0 0 0 0 0 0 0 0 0 0 0 0 0 0 0 0 0 0 0 0 0 0 0 0 0 0 0 0 0 0 0 0 0 0 1.02494392 -4.41546852 -4.52204436 -5.74460447 0.951858298 -0.209202018 -0.100738349 0.200130161
0.506666667 -0.103421819 -0.0245215064 -0.267661801 0.297556085 0.916415592 -0.509510039 0.369847955 -1.1535427 0 0 0 0 0 0 0 0 0 0 0 0 0 0 0 0 0 0 0 0 0 0 0 0 0 0 0 0 0 0 0 0 0 0 0 0 0 0 0 0 0 0 0 0 0 1.05915906 -4.41546852 -4.52204436 -5.74460447 0.963567963 -0.173698291 -0.107801242 0.172466159
0.506666667 -0.0861848492 -0.0294135421 -0.257628771 0.227518129 0.939075565 -0.487472241 0.492626876 -1.14436028 0 0 0 0 0 0 0 0 0 0 0 0 0 0 0 0 0 0 0 0 0 0 0 0 0 0 0 0 0 0 0 0 0 0 0 0 0 0 0 0 0 0 0 0 0 1.10852986 -4.41546852 -4.52204436 -5.74460447 0.973850565 -0.133588526 -0.112322407 0.145440229
0.506666667 -0.0689478793 -0.0328640882 -0.246459121 0.151414366 0.957252104 -0.456312963 0.615405797 -1.13137725 0 0 0 0 0 0 0 0 0 0 0 0 0 0 0 0 0 0 0 0 0 0 0 0 0 0 0 0 0 0 0 0 0 0 0 0 0 0 0 0 0 0 0 0 0 1.18051136 -4.41546852 -4.52204436 -5.74460447 0.982097027 -0.0909340758 -0.114476817 0.118791761
0.506666667 -0.0517109095 -0.0348822573 -0.235233729 0.0744319548 0.969084608 -0.412256813 0.738184718 -1.11302052 0 0 0 0 0 0 0 0 0 0 0 0 0 0 0 0 0 0 0 0 0 0 0 0 0 0 0 0 0 0 0 0 0 0 0 0 0 0 0 0 0 0 0 0 0 1.28725231 -4.41546852 -4.52204436 -5.74460447 0.987965703 -0.0483373703 -0.114547784 0.0920112661
0.506666667 -0.0344739397 -0.0355513548 -0.224854778 0.00221794529 0.974389763 -0.349965753 0.860963638 -1.08706591 0 0 0 0 0 0 0 0 0 0 0 0 0 0 0 0 0 0 0 0 0 0 0 0 0 0 0 0 0 0 0 0 0 0 0 0 0 0 0 0 0 0 0 0 0 1.45026832 -4.41546852 -4.52204436 -5.74460447 0.991479776 -0.00846160718 -0.112842899 0.0645192546
0.506666667 -0.0172369698 -0.0350193391 -0.215824551 -0.0605116608 0.974555336 -0.261892327 0.983742559 -1.05036865 0 0 0 0 0 0 0 0 0 0 0 0 0 0 0 0 0 0 0 0 0 0 0 0 0 0 0 0 0 0 0 0 0 0 0 0 0 0 0 0 0 0 0 0 0 1.71363609 -4.41546852 -4.52204436 -5.74460447 0.992971091 0.0265104935 -0.109633599 0.0358619693
0.506666667 0 -0.0334818786 -0.208145994 -0.110917613 0.971788315 -0.137365173 1.10652148 -0.998482336 0 0 0 0 0 0 0 0 0 0 0 0 0 0 0 0 0 0 0 0 0 0 0 0 0 0 0 0 0 0 0 0 0 0 0 0 0 0 0 0 0 0 0 0 0 2.19722458 -4.41546852 -4.52204436 -5.74460447 0.992904802 0.0552357282 -0.10514208 0.0058490999
0.506666667 0.0172369698 -0.0311599458 -0.201405711 -0.148248324 0.968224237 -0.261892327 0.983742559 -1.05036865 0 0 0 0 0 0 0 0 0 0 0 0 0 0 0 0 0 0 0 0 0 0 0 0 0 0 0 0 0 0 0 0 0 0 0 0 0 0 0 0 0 0 0 0 0 1.71363609 -4.41546852 -4.52204436 -5.74460447 0.99169895 0.0772950592 -0.0995658329 -0.0254029631
0.506666667 0.0344739397 -0.0282745131 -0.195000258 -0.173535193 0.965329185 -0.349965753 0.860963638 -1.08706591 0 0 0 0 0 0 0 0 0 0 0 0 0 0 0 0 0 0 0 0 0 0 0 0 0 0 0 0 0 0 0 0 0 0 0 0 0 0 0 0 0 0 0 0 0 1.45026832 -4.41546852 -4.52204436 -5.74460447 0.989624518 0.093088733 -0.0931122714 -0.0575143961
0.506666667 0.0517109095 -0.0250212491 -0.188423069 -0.189136182 0.963703404 -0.412256813 0.738184718 -1.11302052 0 0 0 0 0 0 0 0 0 0 0 0 0 0 0 0 0 0 0 0 0 0 0 0 0 0 0 0 0 0 0 0 0 0 0 0 0 0 0 0 0 0 0 0 0 1.28725231 -4.41546852 -4.52204436 -5.74460447 0.986794089 0.103674087 -0.0860231453 -0.0899395753
0.506666667 0.0689478793 -0.0215481121 -0.181537196 -0.198329856 0.963176783 -0.456312963 0.615405797 -1.13137725 0 0 0 0 0 0 0 0 0 0 0 0 0 0 0 0 0 0 0 0 0 0 0 0 0 0 0 0 0 0 0 0 0 0 0 0 0 0 0 0 0 0 0 0 0 1.18051136 -4.41546852 -4.52204436 -5.74460447 0.983201033 0.110616947 -0.0785843481 -0.122082429
0.506666667 0.0861848492 -0.0179384074 -0.17477269 -0.204965007 0.963038864 -0.487472241 0.492626876 -1.14436028 0 0 0 0 0 0 0 0 0 0 0 0 0 0 0 0 0 0 0 0 0 0 0 0 0 0 0 0 0 0 0 0 0 0 0 0 0 0 0 0 0 0 0 0 0 1.10852986 -4.41546852 -4.52204436 -5.74460447 0.978768707 0.115852668 -0.0711247331 -0.153398988
0.506666667 0.103421819 -0.0142012478 -0.169191688 -0.213082746 0.962273306 -0.509510039 0.369847955 -1.1535427 0 0 0 0 0 0 0 0 0 0 0 0 0 0 0 0 0 0 0 0 0 0 0 0 0 0 0 0 0 0 0 0 0 0 0 0 0 0 0 0 0 0 0 0 0 1.05915906 -4.41546852 -4.52204436 -5.74460447 0.973383848 0.121518535 -0.0640046283 -0.183468084
0.506666667 0.120658789 -0.0102705099 -0.166375921 -0.226447381 0.959708621 -0.525096555 0.247069034 -1.16003708 0 0 0 0 0 0 0 0 0 0 0 0 0 0 0 0 0 0 0 0 0 0 0 0 0 0 0 0 0 0 0 0 0 0 0 0 0 0 0 0 0 0 0 0 0 1.02494392 -4.41546852 -4.52204436 -5.74460447 0.966902233 0.129727575 -0.0575885919 -0.212024484
0.506666667 0.137895759 -0.00601240629 -0.168125151 -0.247992187 0.954061743 -0.536120318 0.124290113 -1.16463031 0 0 0 0 0 0 0 0 0 0 0 0 0 0 0 0 0 0 0 0 0 0 0 0 0 0 0 0 0 0 0 0 0 0 0 0 0 0 0 0 0 0 0 0 0 1.00107496 -4.41546852 -4.52204436 -5.74460447 0.95912932 0.142284011 -0.05219568 -0.238959869
0.524444444 -0.127586273 -0.00967670548 -0.285265146 0.387290926 0.876715196 -0.526968211 0.113376434 -1.16844833 0 0 0 0 0 0 0 0 0 0 0 0 0 0 0 0 0 0 0 0 0 0 0 0 0 0 0 0 0 0 0 0 0 0 0 0 0 0 0 0 0 0 0 0 0 1.00169914 -4.41546852 -4.53521108 -5.74460447 0.938934284 -0.22997806 -0.0935547627 0.238243589
0.524444444 -0.11057477 -0.01662891 -0.281750104 0.335876521 0.898779084 -0.514991454 0.243829037 -1.16345802 0 0 0 0 0 0 0 0 0 0 0 0 0 0 0 0 0 0 0 0 0 0 0 0 0 0 0 0 0 0 0 0 0 0 0 0 0 0 0 0 0 0 0 0 0 1.02765177 -4.41546852 -4.53521108 -5.74460447 0.952060372 -0.199169925 -0.104603055 0.207293488
0.524444444 -0.0935632669 -0.02233603 -0.274655738 0.272882069 0.922008461 -0.497686933 0.37428164 -1.1562478 0 0 0 0 0 0 0 0 0 0 0 0 0 0 0 0 0 0 0 0 0 0 0 0 0 0 0 0 0 0 0 0 0 0 0 0 0 0 0 0 0 0 0 0 0 1.06572281 -4.41546852 -4.53521108 -5.74460447 0.964234767 -0.162163396 -0.112688964 0.176792377
0.524444444 -0.0765517638 -0.0266667198 -0.265090621 0.200550456 0.943136511 -0.472684632 0.504734244 -1.14583018 0 0 0 0 0 0 0 0 0 0 0 0 0 0 0 0 0 0 0 0 0 0 0 0 0 0 0 0 0 0 0 0 0 0 0 0 0 0 0 0 0 0 0 0 0 1.12201448 -4.41546852 -4.53521108 -5.74460447 0.974686349 -0.120626209 -0.117817921 0.14681545
0.524444444 -0.0595402607 -0.0295664288 -0.25429975 0.123319012 0.959230972 -0.436560257 0.635186847 -1.13077835 0 0 0 0 0 0 0 0 0 0 0 0 0 0 0 0 0 0 0 0 0 0 0 0 0 0 0 0 0 0 0 0 0 0 0 0 0 0 0 0 0 0 0 0 0 1.20632434 -4.41546852 -4.53521108 -5.74460447 0.982812754 -0.0770499392 -0.120199088 0.117023826
0.524444444 -0.0425287577 -0.0310644444 -0.243484324 0.0471235573 0.968759389 -0.384366242 0.765639451 -1.10903085 0 0 0 0 0 0 0 0 0 0 0 0 0 0 0 0 0 0 0 0 0 0 0 0 0 0 0 0 0 0 0 0 0 0 0 0 0 0 0 0 0 0 0 0 0 1.3354059 -4.41546852 -4.53521108 -5.74460447 0.988354386 -0.0343925739 -0.120155966 0.0868061151
0.524444444 -0.0255172546 -0.0312701107 -0.233530994 -0.0220893508 0.972098419 -0.308954135 0.896092054 -1.07760914 0 0 0 0 0 0 0 0 0 0 0 0 0 0 0 0 0 0 0 0 0 0 0 0 0 0 0 0 0 0 0 0 0 0 0 0 0 0 0 0 0 0 0 0 0 1.54123008 -4.41546852 -4.53521108 -5.74460447 0.991446456 0.00452988148 -0.118026569 0.0555259763
0.524444444 -0.00850575153 -0.0303587111 -0.224787169 -0.0798825743 0.971127954 -0.199995552 1.02654466 -1.03220973 0 0 0 0 0 0 0 0 0 0 0 0 0 0 0 0 0 0 0 0 0 0 0 0 0 0 0 0 0 0 0 0 0 0 0 0 0 0 0 0 0 0 0 0 0 1.8987364 -4.41546852 -4.53521108 -5.74460447 0.992494653 0.0376258058 -0.114106625 0.0227670928
0.524444444 0.00850575153 -0.0285488367 -0.217029686 -0.124133281 0.968240179 -0.199995552 1.02654466 -1.03220973 0 0 0 0 0 0 0 0 0 0 0 0 0 0 0 0 0 0 0 0 0 0 0 0 0 0 0 0 0 0 0 0 0 0 0 0 0 0 0 0 0 0 0 0 0 1.8987364 -4.41546852 -4.53521108 -5.74460447 0.991961377 0.0638314624 -0.108652911 -0.0115202143
0.524444444 0.0255172546 -0.0260741638 -0.209657635 -0.15501187 0.965409238 -0.308954135 0.896092054 -1.07760914 0 0 0 0 0 0 0 0 0 0 0 0 0 0 0 0 0 0 0 0 0 0 0 0 0 0 0 0 0 0 0 0 0 0 0 0 0 0 0 0 0 0 0 0 0 1.54123008 -4.41546852 -4.53521108 -5.74460447 0.990199563 0.0831112328 -0.101921068 -0.047004723
0.524444444 0.0425287577 -0.0231532837 -0.202028166 -0.174521596 0.963704743 -0.384366242 0.765639451 -1.10903085 0 0 0 0 0 0 0 0 0 0 0 0 0 0 0 0 0 0 0 0 0 0 0 0 0 0 0 0 0 0 0 0 0 0 0 0 0 0 0 0 0 0 0 0 0 1.3354059 -4.41546852 -4.53521108 -5.74460447 0.987396527 0.0962997667 -0.0942018216 -0.0830690635
0.524444444 0.0595402607 -0.0199614797 -0.193824279 -0.185976465 0.963247062 -0.436560257 0.635186847 -1.13077835 0 0 0 0 0 0 0 0 0 0 0 0 0 0 0 0 0 0 0 0 0 0 0 0 0 0 0 0 0 0 0 0 0 0 0 0 0 0 0 0 0 0 0 0 0 1.20632434 -4.41546852 -4.53521108 -5.74460447 0.983601258 0.104920326 -0.0858381849 -0.118962582
0.524444444 0.0765517638 -0.0166080959 -0.185356462 -0.193538194 0.963424076 -0.472684632 0.504734244 -1.14583018 0 0 0 0 0 0 0 0 0 0 0 0 0 0 0 0 0 0 0 0 0 0 0 0 0 0 0 0 0 0 0 0 0 0 0 0 0 0 0 0 0 0 0 0 0 1.12201448 -4.41546852 -4.53521108 -5.74460447 0.978779267 0.111014404 -0.0772254125 -0.153958386
0.524444444 0.0935632669 -0.0131224196 -0.17770922 -0.201746046 0.96318117 -0.497686933 0.37428164 -1.1562478 0 0 0 0 0 0 0 0 0 0 0 0 0 0 0 0 0 0 0 0 0 0 0 0 0 0 0 0 0 0 0 0 0 0 0 0 0 0 0 0 0 0 0 0 0 1.06572281 -4.41546852 -4.53521108 -5.74460447 0.972853685 0.116945469 -0.0687980535 -0.187473444
0.524444444 0.11057477 -0.00944990036 -0.17265721 -0.214948054 0.961242333 -0.514991454 0.243829037 -1.16345802 0 0 0 0 0 0 0 0 0 0 0 0 0 0 0 0 0 0 0 0 0 0 0 0 0 0 0 0 0 0 0 0 0 0 0 0 0 0 0 0 0 0 0 0 0 1.02765177 -4.41546852 -4.53521108 -5.74460447 0.965713246 0.125131403 -0.0609997191 -0.21913259
0.524444444 0.127586273 -0.00545919239 -0.1723203 -0.236621627 0.956198682 -0.526968211 0.113376434 -1.16844833 0 0 0 0 0 0 0 0 0 0 0 0 0 0 0 0 0 0 0 0 0 0 0 0 0 0 0 0 0 0 0 0 0 0 0 0 0 0 0 0 0 0 0 0 0 1.00169914 -4.41546852 -4.53521108 -5.74460447 0.957187705 0.137696136 -0.0542257589 -0.248779095
0.542222222 -0.116743557 -0.008509191 -0.288246585 0.363296609 0.88596246 -0.517773645 0.102785506 -1.17224866 0 0 0 0 0 0 0 0 0 0 0 0 0 0 0 0 0 0 0 0 0 0 0 0 0 0 0 0 0 0 0 0 0 0 0 0 0 0 0 0 0 0 0 0 0 1.00241498 -4.41546852 -4.55503129 -5.74460447 0.938461858 -0.218917014 -0.0953630478 0.24954072
0.542222222 -0.100065906 -0.0147945043 -0.28623452 0.309833111 0.906682548 -0.504670985 0.24193495 -1.16678922 0 0 0 0 0 0 0 0 0 0 0 0 0 0 0 0 0 0 0 0 0 0 0 0 0 0 0 0 0 0 0 0 0 0 0 0 0 0 0 0 0 0 0 0 0 1.03083329 -4.41546852 -4.55503129 -5.74460447 0.952319137 -0.187097964 -0.107949422 0.215475139
0.542222222 -0.0833882548 -0.0198527142 -0.280015387 0.244689232 0.928287974 -0.48526952 0.381084393 -1.15870528 0 0 0 0 0 0 0 0 0 0 0 0 0 0 0 0 0 0 0 0 0 0 0 0 0 0 0 0 0 0 0 0 0 0 0 0 0 0 0 0 0 0 0 0 0 1.07363193 -4.41546852 -4.55503129 -5.74460447 0.9649669 -0.148821716 -0.117081637 0.181611865
0.542222222 -0.0667106038 -0.023558456 -0.270980646 0.170898813 0.947292503 -0.456541242 0.520233837 -1.14673516 0 0 0 0 0 0 0 0 0 0 0 0 0 0 0 0 0 0 0 0 0 0 0 0 0 0 0 0 0 0 0 0 0 0 0 0 0 0 0 0 0 0 0 0 0 1.13871232 -4.41546852 -4.55503129 -5.74460447 0.975570228 -0.106215933 -0.122767766 0.14801683
0.542222222 -0.0500329529 -0.0258726408 -0.260609708 0.0938278827 0.960874034 -0.414002499 0.659383281 -1.12901069 0 0 0 0 0 0 0 0 0 0 0 0 0 0 0 0 0 0 0 0 0 0 0 0 0 0 0 0 0 0 0 0 0 0 0 0 0 0 0 0 0 0 0 0 0 1.23930535 -4.41546852 -4.55503129 -5.74460447 0.983555243 -0.0622492974 -0.125251779 0.114263299
0.542222222 -0.0333553019 -0.0268481891 -0.250205573 0.0200679831 0.967984735 -0.351014225 0.798532724 -1.10276557 0 0 0 0 0 0 0 0 0 0 0 0 0 0 0 0 0 0 0 0 0 0 0 0 0 0 0 0 0 0 0 0 0 0 0 0 0 0 0 0 0 0 0 0 0 1.3994467 -4.41546852 -4.55503129 -5.74460447 0.988761114 -0.0202089223 -0.124896885 0.0796481425
0.542222222 -0.016677651 -0.0266222685 -0.240571164 -0.044391246 0.969615869 -0.257745772 0.937682168 -1.06390372 0 0 0 0 0 0 0 0 0 0 0 0 0 0 0 0 0 0 0 0 0 0 0 0 0 0 0 0 0 0 0 0 0 0 0 0 0 0 0 0 0 0 0 0 0 1.66989552 -4.41546852 -4.55503129 -5.74460447 0.991419808 0.0170280633 -0.122074202 0.0435281465
0.542222222 0 -0.0253961737 -0.231820491 -0.0956995553 0.968039697 -0.119640635 1.07683161 -1.00635991 0 0 0 0 0 0 0 0 0 0 0 0 0 0 0 0 0 0 0 0 0 0 0 0 0 0 0 0 0 0 0 0 0 0 0 0 0 0 0 0 0 0 0 0 0 2.19722458 -4.41546852 -4.55503129 -5.74460447 0.991961843 0.0475743304 -0.117118891 0.00561700316
0.542222222 0.016677651 -0.0234058009 -0.22346985 -0.132712146 0.96563384 -0.257745772 0.937682168 -1.06390372 0 0 0 0 0 0 0 0 0 0 0 0 0 0 0 0 0 0 0 0 0 0 0 0 0 0 0 0 0 0 0 0 0 0 0 0 0 0 0 0 0 0 0 0 0 1.66989552 -4.41546852 -4.55503129 -5.74460447 0.990792282 0.0707458322 -0.110354463 -0.0338758531
0.542222222 0.0333553019 -0.020887046 -0.214785183 -0.156722343 0.964004892 -0.351014225 0.798532724 -1.10276557 0 0 0 0 0 0 0 0 0 0 0 0 0 0 0 0 0 0 0 0 0 0 0 0 0 0 0 0 0 0 0 0 0 0 0 0 0 0 0 0 0 0 0 0 0 1.3994467 -4.41546852 -4.55503129 -5.74460447 0.988171725 0.08697794 -0.102139081 -0.0742905604
0.542222222 0.0500329529 -0.0180412038 -0.205250495 -0.170870188 0.963678169 -0.414002499 0.659383281 -1.12901069 0 0 0 0 0 0 0 0 0 0 0 0 0 0 0 0 0 0 0 0 0 0 0 0 0 0 0 0 0 0 0 0 0 0 0 0 0 0 0 0 0 0 0 0 0 1.23930535 -4.41546852 -4.55503129 -5.74460447 0.984217302 0.0976305591 -0.0928934309 -0.114696933
0.542222222 0.0667106038 -0.0150054419 -0.19500648 -0.179543418 0.964228517 -0.456541242 0.520233837 -1.14673516 0 0 0 0 0 0 0 0 0 0 0 0 0 0 0 0 0 0 0 0 0 0 0 0 0 0 0 0 0 0 0 0 0 0 0 0 0 0 0 0 0 0 0 0 0 1.13871232 -4.41546852 -4.55503129 -5.74460447 0.978958487 0.104784621 -0.083101892 -0.154125075
0.542222222 0.0833882548 -0.0118326808 -0.185119466 -0.187783001 0.964607862 -0.48526952 0.381084393 -1.15870528 0 0 0 0 0 0 0 0 0 0 0 0 0 0 0 0 0 0 0 0 0 0 0 0 0 0 0 0 0 0 0 0 0 0 0 0 0 0 0 0 0 0 0 0 0 1.07363193 -4.41546852 -4.55503129 -5.74460447 0.972383803 0.111012746 -0.0732955603 -0.191764625
0.542222222 0.100065906 -0.00848383166 -0.177557343 -0.200586787 0.96345126 -0.504670985 0.24193495 -1.16678922 0 0 0 0 0 0 0 0 0 0 0 0 0 0 0 0 0 0 0 0 0 0 0 0 0 0 0 0 0 0 0 0 0 0 0 0 0 0 0 0 0 0 0 0 0 1.03083329 -4.41546852 -4.55503129 -5.74460447 0.964447565 0.119063627 -0.0640173619 -0.22708264
0.542222222 0.116743557 -0.00483352976 -0.174806795 -0.222073766 0.959231894 -0.517773645 0.102785506 -1.17224866 0 0 0 0 0 0 0 0 0 0 0 0 0 0 0 0 0 0 0 0 0 0 0 0 0 0 0 0 0 0 0 0 0 0 0 0 0 0 0 0 0 0 0 0 0 1.00241498 -4.41546852 -4.55503129 -5.74460447 0.955035355 0.131435342 -0.0557566491 -0.259852684
0.56 -0.105282403 -0.00723894694 -0.288604116 0.333898793 0.897340103 -0.508526583 0.0926553924 -1.17602712 0 0 0 0 0 0 0 0 0 0 0 0 0 0 0 0 0 0 0 0 0 0 0 0 0 0 0 0 0 0 0 0 0 0 0 0 0 0 0 0 0 0 0 0 0 1.0032442 -4.41546852 -4.58425673 -5.75432798 0.937839386 -0.205036229 -0.0963851313 0.262920782
0.56 -0.0890851103 -0.0127353048 -0.288563133 0.278973227 0.915917713 -0.494075151 0.241744082 -1.17000569 0 0 0 0 0 0 0 0 0 0 0 0 0 0 0 0 0 0 0 0 0 0 0 0 0 0 0 0 0 0 0 0 0 0 0 0 0 0 0 0 0 0 0 0 0 1.03462187 -4.41546852 -4.58425673 -5.75432798 0.952488612 -0.172611365 -0.110663725 0.225220559
0.56 -0.0728878175 -0.0170531611 -0.283507396 0.212618223 0.935102693 -0.472068054 0.390832772 -1.16083607 0 0 0 0 0 0 0 0 0 0 0 0 0 0 0 0 0 0 0 0 0 0 0 0 0 0 0 0 0 0 0 0 0 0 0 0 0 0 0 0 0 0 0 0 0 1.08332711 -4.41546852 -4.58425673 -5.75432798 0.96565551 -0.133533673 -0.120902487 0.187245246
0.56 -0.0566905248 -0.0200778546 -0.275187936 0.138799938 0.951318126 -0.438554955 0.539921461 -1.14687227 0 0 0 0 0 0 0 0 0 0 0 0 0 0 0 0 0 0 0 0 0 0 0 0 0 0 0 0 0 0 0 0 0 0 0 0 0 0 0 0 0 0 0 0 0 1.15984141 -4.41546852 -4.58425673 -5.75432798 0.976444419 -0.0904756041 -0.127102722 0.149048181
0.56 -0.040493232 -0.0217898592 -0.265340931 0.0637997187 0.962041468 -0.387520152 0.689010151 -1.12560777 0 0 0 0 0 0 0 0 0 0 0 0 0 0 0 0 0 0 0 0 0 0 0 0 0 0 0 0 0 0 0 0 0 0 0 0 0 0 0 0 0 0 0 0 0 1.28264028 -4.41546852 -4.58425673 -5.75432798 0.9843243 -0.0468995929 -0.129536459 0.110119959
0.56 -0.0242959392 -0.0222680664 -0.255320883 -0.00536783107 0.966841472 -0.309802747 0.838098841 -1.09322552 0 0 0 0 0 0 0 0 0 0 0 0 0 0 0 0 0 0 0 0 0 0 0 0 0 0 0 0 0 0 0 0 0 0 0 0 0 0 0 0 0 0 0 0 0 1.48804321 -4.41546852 -4.58425673 -5.75432798 0.989222504 -0.00634957291 -0.128603836 0.0697106418
0.56 -0.00809864639 -0.0216765252 -0.245752771 -0.0630376295 0.967280638 -0.191452234 0.98718753 -1.04391281 0 0 0 0 0 0 0 0 0 0 0 0 0 0 0 0 0 0 0 0 0 0 0 0 0 0 0 0 0 0 0 0 0 0 0 0 0 0 0 0 0 0 0 0 0 1.86486919 -4.41546852 -4.58425673 -5.75432798 0.991411236 0.0283602687 -0.124721193 0.0272778475
0.56 0.00809864639 -0.0202368699 -0.236447786 -0.10629921 0.965812053 -0.191452234 0.98718753 -1.04391281 0 0 0 0 0 0 0 0 0 0 0 0 0 0 0 0 0 0 0 0 0 0 0 0 0 0 0 0 0 0 0 0 0 0 0 0 0 0 0 0 0 0 0 0 0 1.86486919 -4.41546852 -4.58425673 -5.75432798 0.991267505 0.0556667779 -0.118301239 -0.0171685702
0.56 0.0242959392 -0.0181910692 -0.226688692 -0.13525423 0.964530212 -0.309802747 0.838098841 -1.09322552 0 0 0 0 0 0 0 0 0 0 0 0 0 0 0 0 0 0 0 0 0 0 0 0 0 0 0 0 0 0 0 0 0 0 0 0 0 0 0 0 0 0 0 0 0 1.48804321 -4.41546852 -4.58425673 -5.75432798 0.989090285 0.0753634416 -0.109796382 -0.0629723225
0.56 0.040493232 -0.0157607573 -0.21577798 -0.152522333 0.964456739 -0.387520152 0.689010151 -1.12560777 0 0 0 0 0 0 0 0 0 0 0 0 0 0 0 0 0 0 0 0 0 0 0 0 0 0 0 0 0 0 0 0 0 0 0 0 0 0 0 0 0 0 0 0 0 1.28264028 -4.41546852 -4.58425673 -5.75432798 0.985062679 0.0884533385 -0.0997378438 -0.108994896
0.56 0.0566905248 -0.0131099834 -0.203642104 -0.162527263 0.965460917 -0.438554955 0.539921461 -1.14687227 0 0 0 0 0 0 0 0 0 0 0 0 0 0 0 0 0 0 0 0 0 0 0 0 0 0 0 0 0 0 0 0 0 0 0 0 0 0 0 0 0 0 0 0 0 1.15984141 -4.41546852 -4.58425673 -5.75432798 0.979303049 0.0969294773 -0.0887367898 -0.153935041
0.56 0.0728878175 -0.0103176388 -0.191275126 -0.170748847 0.966570565 -0.472068054 0.390832772 -1.16083607 0 0 0 0 0 0 0 0 0 0 0 0 0 0 0 0 0 0 0 0 0 0 0 0 0 0 0 0 0 0 0 0 0 0 0 0 0 0 0 0 0 0 0 0 0 1.08332711 -4.41546852 -4.58425673 -5.75432798 0.971911735 0.103514139 -0.0774567003 -0.19665417
0.56 0.0890851103 -0.00736419748 -0.180821942 -0.182864843 0.966366325 -0.494075151 0.241744082 -1.17000569 0 0 0 0 0 0 0 0 0 0 0 0 0 0 0 0 0 0 0 0 0 0 0 0 0 0 0 0 0 0 0 0 0 0 0 0 0 0 0 0 0 0 0 0 0 1.03462187 -4.41546852 -4.58425673 -5.75432798 0.962965808 0.11129005 -0.066568477 -0.236389541
0.56 0.105282403 -0.00413499822 -0.175174267 -0.203721493 0.963229739 -0.508526583 0.0926553924 -1.17602712 0 0 0 0 0 0 0 0 0 0 0 0 0 0 0 0 0 0 0 0 0 0 0 0 0 0 0 0 0 0 0 0 0 0 0 0 0 0 0 0 0 0 0 0 0 1.0032442 -4.41546852 -4.58425673 -5.75432798 0.952462788 0.123178546 -0.0566760658 -0.272817716
0.577777778 -0.0924206346 -0.00607017556 -0.285504567 0.295168247 0.911791011 -0.498678396 0.0898480677 -1.17955511 0 0 0 0 0 0 0 0 0 0 0 0 0 0 0 0 0 0 0 0 0 0 0 0 0 0 0 0 0 0 0 0 0 0 0 0 0 0 0 0 0 0 0 0 0 1.0053703 -4.41546852 -4.54749867 -5.74460447 0.937385305 -0.186221039 -0.0970887173 0.277856609
0.577777778 -0.0756168829 -0.0109294166 -0.287982532 0.234344603 0.928519611 -0.480546156 0.263784872 -1.17200001 0 0 0 0 0 0 0 0 0 0 0 0 0 0 0 0 0 0 0 0 0 0 0 0 0 0 0 0 0 0 0 0 0 0 0 0 0 0 0 0 0 0 0 0 0 1.04485476 -4.41546852 -4.54749867 -5.74460447 0.954123876 -0.150611635 -0.114264298 0.232179746
0.577777778 -0.0588131311 -0.0144955295 -0.283592653 0.161638129 0.945223954 -0.450928866 0.437721677 -1.15965947 0 0 0 0 0 0 0 0 0 0 0 0 0 0 0 0 0 0 0 0 0 0 0 0 0 0 0 0 0 0 0 0 0 0 0 0 0 0 0 0 0 0 0 0 0 1.1110133 -4.41546852 -4.54749867 -5.74460447 0.968669179 -0.107488827 -0.125833919 0.185180986
0.577777778 -0.0420093794 -0.0166648809 -0.275098265 0.083871823 0.95775073 -0.402551844 0.611658481 -1.13950238 0 0 0 0 0 0 0 0 0 0 0 0 0 0 0 0 0 0 0 0 0 0 0 0 0 0 0 0 0 0 0 0 0 0 0 0 0 0 0 0 0 0 0 0 0 1.22412314 -4.41546852 -4.54749867 -5.74460447 0.979881862 -0.0611980574 -0.131831076 0.136773176
0.577777778 -0.0252056276 -0.0174747335 -0.264851743 0.0101635312 0.964235582 -0.323532584 0.785595286 -1.10657768 0 0 0 0 0 0 0 0 0 0 0 0 0 0 0 0 0 0 0 0 0 0 0 0 0 0 0 0 0 0 0 0 0 0 0 0 0 0 0 0 0 0 0 0 0 1.42566334 -4.41546852 -4.54749867 -5.74460447 0.987265687 -0.0167265181 -0.13267416 0.0861641164
0.577777778 -0.00840187587 -0.0170947648 -0.254136301 -0.0512745746 0.965808293 -0.194462145 0.959532091 -1.05279834 0 0 0 0 0 0 0 0 0 0 0 0 0 0 0 0 0 0 0 0 0 0 0 0 0 0 0 0 0 0 0 0 0 0 0 0 0 0 0 0 0 0 0 0 0 1.82228316 -4.41546852 -4.54749867 -5.74460447 0.990878076 0.0216267898 -0.128950128 0.0326310291
0.577777778 0.00840187587 -0.0157884502 -0.242908455 -0.095922004 0.965295008 -0.194462145 0.959532091 -1.05279834 0 0 0 0 0 0 0 0 0 0 0 0 0 0 0 0 0 0 0 0 0 0 0 0 0 0 0 0 0 0 0 0 0 0 0 0 0 0 0 0 0 0 0 0 0 1.82228316 -4.41546852 -4.54749867 -5.74460447 0.99100287 0.0512958272 -0.121331094 -0.0236815635
0.577777778 0.0252056276 -0.0138530974 -0.230266534 -0.123839155 0.965215617 -0.323532584 0.785595286 -1.10657768 0 0 0 0 0 0 0 0 0 0 0 0 0 0 0 0 0 0 0 0 0 0 0 0 0 0 0 0 0 0 0 0 0 0 0 0 0 0 0 0 0 0 0 0 0 1.42566334 -4.41546852 -4.54749867 -5.74460447 0.987913066 0.0717985435 -0.110621701 -0.081459079
0.577777778 0.0420093794 -0.0115521819 -0.215482241 -0.13902299 0.96656092 -0.402551844 0.611658481 -1.13950238 0 0 0 0 0 0 0 0 0 0 0 0 0 0 0 0 0 0 0 0 0 0 0 0 0 0 0 0 0 0 0 0 0 0 0 0 0 0 0 0 0 0 0 0 0 1.22412314 -4.41546852 -4.54749867 -5.74460447 0.981875059 0.0845957639 -0.0977910869 -0.138570665
0.577777778 0.0588131311 -0.00905538122 -0.199108338 -0.148174817 0.968710531 -0.450928866 0.437721677 -1.15965947 0 0 0 0 0 0 0 0 0 0 0 0 0 0 0 0 0 0 0 0 0 0 0 0 0 0 0 0 0 0 0 0 0 0 0 0 0 0 0 0 0 0 0 0 0 1.1110133 -4.41546852 -4.54749867 -5.74460447 0.97323038 0.0927507846 -0.0839167824 -0.192815698
0.577777778 0.0756168829 -0.0063999579 -0.18360077 -0.159221558 0.970020233 -0.480546156 0.263784872 -1.17200001 0 0 0 0 0 0 0 0 0 0 0 0 0 0 0 0 0 0 0 0 0 0 0 0 0 0 0 0 0 0 0 0 0 0 0 0 0 0 0 0 0 0 0 0 0 1.04485476 -4.41546852 -4.54749867 -5.74460447 0.962370968 0.100390236 -0.0700834064 -0.2425948
0.577777778 0.0924206346 -0.00348227875 -0.172988885 -0.179513193 0.968426486 -0.498678396 0.0898480677 -1.17955511 0 0 0 0 0 0 0 0 0 0 0 0 0 0 0 0 0 0 0 0 0 0 0 0 0 0 0 0 0 0 0 0 0 0 0 0 0 0 0 0 0 0 0 0 0 1.0053703 -4.41546852 -4.54749867 -5.74460447 0.949595312 0.111838942 -0.0572608759 -0.287196772
0.595555556 -0.0784054873 -0.00475096191 -0.277155955 0.245196672 0.929011931 -0.488376484 0.0919077141 -1.18289404 0 0 0 0 0 0 0 0 0 0 0 0 0 0 0 0 0 0 0 0 0 0 0 0 0 0 0 0 0 0 0 0 0 0 0 0 0 0 0 0 0 0 0 0 0 1.00847862 -4.41546852 -4.51128433 -5.74460447 0.936001311 -0.16169537 -0.0966883744 0.297334007
0.595555556 -0.0609820457 -0.00872956518 -0.284370891 0.179261277 0.941806026 -0.464268601 0.30063188 -1.17284909 0 0 0 0 0 0 0 0 0 0 0 0 0 0 0 0 0 0 0 0 0 0 0 0 0 0 0 0 0 0 0 0 0 0 0 0 0 0 0 0 0 0 0 0 0 1.06121868 -4.41546852 -4.51128433 -5.74460447 0.955742656 -0.123335219 -0.117836373 0.239706048
0.595555556 -0.0435586041 -0.0113294062 -0.281471208 0.102570822 0.954071897 -0.420830417 0.509356045 -1.15474985 0 0 0 0 0 0 0 0 0 0 0 0 0 0 0 0 0 0 0 0 0 0 0 0 0 0 0 0 0 0 0 0 0 0 0 0 0 0 0 0 0 0 0 0 0 1.15984141 -4.41546852 -4.51128433 -5.74460447 0.972275827 -0.076688087 -0.130701908 0.178088923
0.595555556 -0.0261351624 -0.0124914512 -0.272781984 0.0262807604 0.961716856 -0.342562413 0.718080211 -1.12213818 0 0 0 0 0 0 0 0 0 0 0 0 0 0 0 0 0 0 0 0 0 0 0 0 0 0 0 0 0 0 0 0 0 0 0 0 0 0 0 0 0 0 0 0 0 1.35179168 -4.41546852 -4.51128433 -5.74460447 0.984010907 -0.0287794414 -0.1353267 0.112164887
0.595555556 -0.00871172081 -0.0123619466 -0.261094137 -0.0377969653 0.964573087 -0.201537174 0.926804376 -1.06337766 0 0 0 0 0 0 0 0 0 0 0 0 0 0 0 0 0 0 0 0 0 0 0 0 0 0 0 0 0 0 0 0 0 0 0 0 0 0 0 0 0 0 0 0 0 1.76709569 -4.41546852 -4.51128433 -5.74460447 0.99024554 0.0135714447 -0.132398158 0.041234864
0.595555556 0.00871172081 -0.011244897 -0.246947926 -0.0825008287 0.965510401 -0.201537174 0.926804376 -1.06337766 0 0 0 0 0 0 0 0 0 0 0 0 0 0 0 0 0 0 0 0 0 0 0 0 0 0 0 0 0 0 0 0 0 0 0 0 0 0 0 0 0 0 0 0 0 1.76709569 -4.41546852 -4.51128433 -5.74460447 0.990758749 0.0458513006 -0.123054694 -0.0339455789
0.595555556 0.0261351624 -0.00950328084 -0.229420864 -0.107820568 0.967336959 -0.342562413 0.718080211 -1.12213818 0 0 0 0 0 0 0 0 0 0 0 0 0 0 0 0 0 0 0 0 0 0 0 0 0 0 0 0 0 0 0 0 0 0 0 0 0 0 0 0 0 0 0 0 0 1.35179168 -4.41546852 -4.51128433 -5.74460447 0.985654792 0.0668749085 -0.108900262 -0.110241149
0.595555556 0.0435586041 -0.00744110285 -0.208207154 -0.120174387 0.97067394 -0.420830417 0.509356045 -1.15474985 0 0 0 0 0 0 0 0 0 0 0 0 0 0 0 0 0 0 0 0 0 0 0 0 0 0 0 0 0 0 0 0 0 0 0 0 0 0 0 0 0 0 0 0 0 1.15984141 -4.41546852 -4.51128433 -5.74460447 0.975596815 0.0788446553 -0.091905116 -0.183160653
0.595555556 0.0609820457 -0.00520460938 -0.185679407 -0.130026113 0.973969388 -0.464268601 0.30063188 -1.17284909 0 0 0 0 0 0 0 0 0 0 0 0 0 0 0 0 0 0 0 0 0 0 0 0 0 0 0 0 0 0 0 0 0 0 0 0 0 0 0 0 0 0 0 0 0 1.06121868 -4.41546852 -4.51128433 -5.74460447 0.961778876 0.086768074 -0.0740716381 -0.248929885
0.595555556 0.0784054873 -0.00273476663 -0.167317924 -0.148566781 0.974644871 -0.488376484 0.0919077141 -1.18289404 0 0 0 0 0 0 0 0 0 0 0 0 0 0 0 0 0 0 0 0 0 0 0 0 0 0 0 0 0 0 0 0 0 0 0 0 0 0 0 0 0 0 0 0 0 1.00847862 -4.41546852 -4.51128433 -5.74460447 0.945412642 0.0970421356 -0.0570998128 -0.305806102
0.613333333 -0.0637017129 -0.00301567815 -0.258006161 0.180929911 0.949050677 -0.478514451 0.0880960045 -1.18641626 0 0 0 0 0 0 0 0 0 0 0 0 0 0 0 0 0 0 0 0 0 0 0 0 0 0 0 0 0 0 0 0 0 0 0 0 0 0 0 0 0 0 0 0 0 1.01063984 -4.41546852 -4.60118375 -5.77125501 0.930226927 -0.130097363 -0.0924626274 0.330459079
0.613333333 -0.0477762846 -0.00558180381 -0.275972363 0.123534027 0.953193894 -0.449820443 0.320011744 -1.17446042 0 0 0 0 0 0 0 0 0 0 0 0 0 0 0 0 0 0 0 0 0 0 0 0 0 0 0 0 0 0 0 0 0 0 0 0 0 0 0 0 0 0 0 0 0 1.07363193 -4.41546852 -4.60118375 -5.77125501 0.952755591 -0.0973343549 -0.118021509 0.262399945
0.613333333 -0.0318508564 -0.00710805106 -0.279002917 0.0593870236 0.958452166 -0.394623335 0.551927483 -1.15146163 0 0 0 0 0 0 0 0 0 0 0 0 0 0 0 0 0 0 0 0 0 0 0 0 0 0 0 0 0 0 0 0 0 0 0 0 0 0 0 0 0 0 0 0 0 1.20066588 -4.41546852 -4.60118375 -5.77125501 0.972115305 -0.0558304332 -0.132879193 0.184980855
0.613333333 -0.0159254282 -0.0075840829 -0.272144056 -0.000322154589 0.962256467 -0.288443653 0.783843223 -1.10722009 0 0 0 0 0 0 0 0 0 0 0 0 0 0 0 0 0 0 0 0 0 0 0 0 0 0 0 0 0 0 0 0 0 0 0 0 0 0 0 0 0 0 0 0 0 1.47339144 -4.41546852 -4.60118375 -5.77125501 0.985648123 -0.0134453028 -0.136714996 0.0981122419
0.613333333 8.64820618e-18 -0.00717894057 -0.258295097 -0.0458165361 0.964979009 -0.0841915579 1.01575896 -1.02211505 0 0 0 0 0 0 0 0 0 0 0 0 0 0 0 0 0 0 0 0 0 0 0 0 0 0 0 0 0 0 0 0 0 0 0 0 0 0 0 0 0 0 0 0 0 2.19722458 -4.41546852 -4.60118375 -5.77125501 0.991201582 0.0227186403 -0.130362414 0.00298794599
0.613333333 0.0159254282 -0.00617367426 -0.238134139 -0.0733140203 0.968461247 -0.288443653 0.783843223 -1.10722009 0 0 0 0 0 0 0 0 0 0 0 0 0 0 0 0 0 0 0 0 0 0 0 0 0 0 0 0 0 0 0 0 0 0 0 0 0 0 0 0 0 0 0 0 0 1.47339144 -4.41546852 -4.60118375 -5.77125501 0.987491767 0.048312786 -0.115910532 -0.0953448154
0.613333333 0.0318508564 -0.00484933417 -0.211939603 -0.0864156511 0.973454642 -0.394623335 0.551927483 -1.15146163 0 0 0 0 0 0 0 0 0 0 0 0 0 0 0 0 0 0 0 0 0 0 0 0 0 0 0 0 0 0 0 0 0 0 0 0 0 0 0 0 0 0 0 0 0 1.20066588 -4.41546852 -4.60118375 -5.77125501 0.975245862 0.0629748501 -0.0964720023 -0.188740111
0.613333333 0.0477762846 -0.00337496151 -0.182178977 -0.0944465526 0.978718892 -0.449820443 0.320011744 -1.17446042 0 0 0 0 0 0 0 0 0 0 0 0 0 0 0 0 0 0 0 0 0 0 0 0 0 0 0 0 0 0 0 0 0 0 0 0 0 0 0 0 0 0 0 0 0 1.07363193 -4.41546852 -4.60118375 -5.77125501 0.957237472 0.0705752903 -0.0752308618 -0.270288491
0.613333333 0.0637017129 -0.00174021931 -0.154556275 -0.108826081 0.981972119 -0.478514451 0.0880960045 -1.18641626 0 0 0 0 0 0 0 0 0 0 0 0 0 0 0 0 0 0 0 0 0 0 0 0 0 0 0 0 0 0 0 0 0 0 0 0 0 0 0 0 0 0 0 0 0 1.01063984 -4.41546852 -4.60118375 -5.77125501 0.936565168 0.0777348964 -0.0545089579 -0.337389604
0.631111111 -0.0438453631 -0.00125169457 -0.220328092 0.0781258377 0.972292078 -0.464132034 0.130623309 -1.18805498 0 0 0 0 0 0 0 0 0 0 0 0 0 0 0 0 0 0 0 0 0 0 0 0 0 0 0 0 0 0 0 0 0 0 0 0 0 0 0 0 0 0 0 0 0 1.02261242 -4.41546852 -4.50472261 -5.74460447 0.913071827 -0.0797853951 -0.0865346848 0.390443181
0.631111111 -0.0263072179 -0.0022809955 -0.269005273 0.034544722 0.962519 -0.403105878 0.478496918 -1.16262742 0 0 0 0 0 0 0 0 0 0 0 0 0 0 0 0 0 0 0 0 0 0 0 0 0 0 0 0 0 0 0 0 0 0 0 0 0 0 0 0 0 0 0 0 0 1.15984141 -4.41546852 -4.50472261 -5.74460447 0.953174598 -0.0537409814 -0.125906342 0.26966217
0.631111111 -0.00876907262 -0.00252458309 -0.271861673 -0.00601570666 0.962317537 -0.240287409 0.826370527 -1.09478639 0 0 0 0 0 0 0 0 0 0 0 0 0 0 0 0 0 0 0 0 0 0 0 0 0 0 0 0 0 0 0 0 0 0 0 0 0 0 0 0 0 0 0 0 0 1.58704011 -4.41546852 -4.50472261 -5.74460447 0.985405612 -0.0109261308 -0.136827816 0.100670495
0.631111111 0.00876907262 -0.0021607401 -0.24219314 -0.0310122329 0.969732295 -0.240287409 0.826370527 -1.09478639 0 0 0 0 0 0 0 0 0 0 0 0 0 0 0 0 0 0 0 0 0 0 0 0 0 0 0 0 0 0 0 0 0 0 0 0 0 0 0 0 0 0 0 0 0 1.58704011 -4.41546852 -4.50472261 -5.74460447 0.987393629 0.027792348 -0.119839216 -0.0995990397
0.631111111 0.0263072179 -0.00150185225 -0.191528783 -0.0404978314 0.980651136 -0.403105878 0.478496918 -1.16262742 0 0 0 0 0 0 0 0 0 0 0 0 0 0 0 0 0 0 0 0 0 0 0 0 0 0 0 0 0 0 0 0 0 0 0 0 0 0 0 0 0 0 0 0 0 1.15984141 -4.41546852 -4.50472261 -5.74460447 0.956342363 0.0461658522 -0.0868512865 -0.27519966
0.631111111 0.0438453631 -0.000726202313 -0.131920013 -0.0478146389 0.990106495 -0.464132034 0.130623309 -1.18805498 0 0 0 0 0 0 0 0 0 0 0 0 0 0 0 0 0 0 0 0 0 0 0 0 0 0 0 0 0 0 0 0 0 0 0 0 0 0 0 0 0 0 0 0 0 1.02261242 -4.41546852 -4.50472261 -5.74460447 0.915849516 0.0482088777 -0.0512118817 -0.395313688
