resolution,diagonal,family,field,curvature_inv_m,structure_sha256,current_positions_sha256,float32_positions_sha256,total_energy_j,reference_total_energy_j,total_relative_error,minimum_area_ratio,membrane_to_bending_ratio,reference_quadrature_error,membrane_energy_j,reference_membrane_energy_j,membrane_normalized_error,membrane_force_norm_n,membrane_float32_normalized_energy_difference,bending_energy_j,reference_bending_energy_j,bending_normalized_error,bending_force_norm_n,bending_float32_normalized_energy_difference
4,forward,rest,rest,0.0,658dcfae368d1373c67c5b60c5b8d238867784805bbcef9a2bd5ed224f4185f3,4e6d932e82e1339443f38ff2afc165d580003ad04de31d2f56bddcb2bf2329fc,560a5da7af7e04ca0ba30663a103a633db49511eefc5554e0ba1bc54c84a10b6,6.162975822039155e-29,0.0,,1.0,,0.0,6.162975822039155e-29,0.0,6.162975822039155e-33,5.551115123125784e-13,0.0,0.0,0.0,0.0,0.0,0.0
4,forward,affine,extension,0.0,658dcfae368d1373c67c5b60c5b8d238867784805bbcef9a2bd5ed224f4185f3,5dcb04c3c6c0c5e0a0b3ca19a73e4a9d78de58f70cfa8fbd4abd47a038868b17,da59ebc42cae27301cad6683cc8216117013861ac0bc036e6bf677e782f7f650,0.549877601250002,0.5498776012499998,3.836169616643024e-15,1.0069699999999997,,0.0,0.549877601250002,0.5498776012499998,2.1094237467877974e-19,69.98497124158891,3.414289947434313e-11,0.0,0.0,0.0,0.0,0.0
4,forward,affine,shear,0.0,658dcfae368d1373c67c5b60c5b8d238867784805bbcef9a2bd5ed224f4185f3,66aca2c7e1a40b56e562429a888a77269f3c18df40c4e303fb7b5793ddeb6088,12b7fb833460f543e6bf3e065cc2400696f9b8973c679a12821deca9f1b3e798,1.0002000000000026,1.0002,2.664002458608654e-15,0.9999999999999996,,0.0,1.0002000000000026,1.0002,2.6645352591003755e-19,93.57884750305494,9.484517553559613e-11,0.0,0.0,0.0,0.0,0.0
4,forward,graph,cylinder_000,0.2,658dcfae368d1373c67c5b60c5b8d238867784805bbcef9a2bd5ed224f4185f3,688d90f76f3fe0bc72fc019ddb06c74abbb64c43f4b7ed5a5b0910a954680ad1,3aa5ba2021ed45ed2eb3b058c9f5ee78e21602501e60894616d1c71872dd3be1,0.3810398155249466,0.40164496299874836,0.05130189438941371,1.000312451187128,230.59512391141558,2.9143354396410407e-15,0.3793945312500035,0.39999999999999936,2.0605468749995857e-06,85.32024641814256,6.226765503214438e-12,0.0016452842749430819,0.001644962998749007,3.855314328899372e-06,0.11175628689220557,4.1823421262701665e-09
4,forward,graph,cylinder_090,0.2,658dcfae368d1373c67c5b60c5b8d238867784805bbcef9a2bd5ed224f4185f3,03d3472b88ee82e556e8e3445948ee9a0ee105dccf02db6b2fd7b261889a4b28,83804f421dabb5d782bd428f14248eb681429bd99ffea1db1e2a60917a848fc0,0.38103981552494665,0.4016449629987483,0.05130189438941344,1.000312451187128,230.59512391141573,3.1918911957973306e-15,0.37939453125000355,0.3999999999999993,2.0605468749995747e-06,85.32024641814256,6.226765492112207e-12,0.001645284274943081,0.001644962998749007,3.855314328888963e-06,0.11175628689220551,4.182342134076422e-09
4,forward,graph,cylinder_045,0.2,658dcfae368d1373c67c5b60c5b8d238867784805bbcef9a2bd5ed224f4185f3,0e3c242927c3e0a7a6c33ac38c8b5817272466418e781d849f247db3693debaa,c16f9c9defe7b6e06b9b3184f653f73db4c1d9193d5404606a5b7f34380ca8ba,1.053020548058643,1.0349624312844845,0.01744808915599639,1.0001562377948756,645.4426858443933,2.1488187573390147e-15,1.0513916015625075,1.0333333333333323,1.8058268229175222e-06,115.73052658165646,9.109868526202547e-12,0.0016289464961354951,0.0016290979511520763,1.8174601989738581e-06,0.0942420829661532,4.220555962011763e-10
4,forward,graph,cylinder_135,0.2,658dcfae368d1373c67c5b60c5b8d238867784805bbcef9a2bd5ed224f4185f3,d48203bf10d288e24e725e4f9daa15a70271260d24c181b4baf2a0841897e48f,2b0f0c659f11f70ded04e07f71717ad0a903992983803bc4d362e7ed2bbb4959,0.032544767357989,0.03499448841854452,0.07000305394541352,1.0001562377948756,18.59373427478855,8.534839501805932e-15,0.0308837890625007,0.03333333333333317,2.4495442708324724e-07,23.92952976056506,7.494241616168295e-14,0.0016609782954883018,0.0016611550852113524,2.1214766766069343e-06,0.08789166249077364,7.845760499614052e-11
4,forward,graph,twist,0.2,658dcfae368d1373c67c5b60c5b8d238867784805bbcef9a2bd5ed224f4185f3,a4deab3309d5a170250a523196b6c72ae38f69885115506bbda48866e55b30cf,db82b0f6a72b4ae711185c6244cfb470fa9c4ea3a97dedc04f36bbfe1f13154a,1.42121401715516,1.247692067953776,0.13907433865950694,1.0,436.93436694408683,2.6764305057927917e-15,1.4179687500000098,1.2444444444444427,1.7352430555556708e-05,119.43613454216897,1.5203850933787068e-11,0.0032452671551502447,0.003247623509333337,2.8276250197108513e-05,0.08990772065218289,9.81659951243552e-10
4,forward,graph,dome,0.2,658dcfae368d1373c67c5b60c5b8d238867784805bbcef9a2bd5ed224f4185f3,c2c293637a4d948023d16816d07e00d5ddbfbeac6ed6911b59fc7889fffee7a3,0b6ca47ee690107b96d0c58748a0d1cae3095ac36a8c8819cb7cbca56d524a96,1.1927020019822545,1.247692067953776,0.0440734275578954,1.000624804809475,366.11208472930133,2.6764305057927917e-15,1.189453125000006,1.2444444444444427,5.499131944443669e-06,143.55287520114558,1.7225105186646772e-11,0.003248876982248408,0.003247623509333337,1.5041674980851086e-05,0.1570034341754228,6.377811560126512e-09
4,forward,graph,saddle,0.2,658dcfae368d1373c67c5b60c5b8d238867784805bbcef9a2bd5ed224f4185f3,67a054c46b292490f46dc1deb5af2504fe189e3e962ecd5f96ce42c0bf434d9e,bacb6405d9100b016f62864e6fbfb30665b5ed13cc1cf984ed1841712756c250,1.1927020019822547,1.247692067953776,0.04407342755789522,1.000624804809475,366.1120847293014,2.6764305057927917e-15,1.1894531250000062,1.2444444444444427,5.499131944443647e-06,140.60156054654965,5.32891264448665e-12,0.0032488769822484084,0.003247623509333337,1.504167498085629e-05,0.1565830896212496,2.1889084191040187e-09
4,forward,isometric,cylinder_000,0.2,658dcfae368d1373c67c5b60c5b8d238867784805bbcef9a2bd5ed224f4185f3,a09e398e476d2a7914efa7a8aa9e43e28e2c36c78aa698bce2611eab659ce07b,4eb9061a531084df440235e044aa3d5ba317d277e106d37bb20ff4034cf0645f,0.0017191757673582556,0.0016666666666666668,0.031505460414953286,0.9998958365884931,0.03258058129167824,0.0,5.4244430757193415e-05,0.0,5.4244430757193416e-09,0.690158712318411,2.3342429954749194e-12,0.0016649313366010623,0.0016666666666666668,2.082396078725412e-05,0.11261858291340465,8.489363196792499e-10
4,forward,isometric,cylinder_090,0.2,658dcfae368d1373c67c5b60c5b8d238867784805bbcef9a2bd5ed224f4185f3,2301c0720b3cbe1804c27ce45ac0a3fbb95b02d5a7cb7266e83ed03c8346e433,0f915b734adc790d7a90d806fa3d036f978f5b2b414554f2fd53727cfdc3f5be,0.001719175767358252,0.0016666666666666668,0.03150546041495107,0.9998958365884929,0.032580581291676715,0.0,5.424443075719083e-05,0.0,5.4244430757190835e-09,0.6901587123182865,2.3342429957324174e-12,0.001664931336601061,0.0016666666666666668,2.082396078726973e-05,0.11261858291340456,8.489363326896759e-10
4,forward,isometric,cylinder_045,0.2,658dcfae368d1373c67c5b60c5b8d238867784805bbcef9a2bd5ed224f4185f3,a8ccec4039165918f9c4d276bda8f6eb45212ae03f1a82743c46d9c7b2e7bb2c,3719abfcb209d5e351b8896dbe5a4d669e45c80891cfa0a330230b10302dece9,0.0016793610442217015,0.0016666666666666668,0.007616626533020822,0.9999479174804613,0.008141582147595533,0.0,1.3562237823656273e-05,0.0,1.3562237823656273e-09,0.34516548901009625,3.842566825320426e-14,0.0016657988063980451,0.0016666666666666668,1.0414323223459539e-05,0.09557895459260787,1.3397648823687547e-09
4,forward,isometric,cylinder_135,0.2,658dcfae368d1373c67c5b60c5b8d238867784805bbcef9a2bd5ed224f4185f3,a5bc141cdcd9902c3489b68dbf57e8ca664ce2a4ec510962f997ca04bf97ba75,02ef35dcb54eed73c60450c7f4b5ec66b7dd26616f284ef1825196e1f93c56f2,0.002003046068437279,0.0016666666666666668,0.20182764106236728,0.9999478523973133,0.20369212760281585,0.0,0.00033896102334655693,0.0,3.389610233465569e-08,1.723305790318918,1.2549534972186929e-12,0.001664085045090722,0.0016666666666666668,3.0979458911337306e-05,0.08810724253264948,3.421702556710704e-10
4,forward,graph,cylinder_000,0.6,658dcfae368d1373c67c5b60c5b8d238867784805bbcef9a2bd5ed224f4185f3,90b958f29652e2e36d63a1c8dd99a9cc7e051fb519b91f51d71af1d09ea90d78,e922929e6ee5cf4e1b6ce9e179d5a49fe105659a318ff85e39071ecb68c44a52,30.744482766131114,32.4135104875067,0.05149172972236027,1.002808556006579,2272.036033640003,3.0702463890868588e-15,30.730957031250046,32.399999999999935,0.00016690429687498884,861.0698133868135,6.597606194702621e-10,0.01352573488106891,0.013510487506764604,0.0001829684916516694,0.3169562877791103,2.535879960186005e-08
4,forward,graph,cylinder_090,0.6,658dcfae368d1373c67c5b60c5b8d238867784805bbcef9a2bd5ed224f4185f3,6c27ec1fd34577189c5e2a7d576a58500a917af3158da963803e4caf247a3ce1,b10376619c74405c1e54a28568477d24083cff348f88c526aec59a1e712b5b77,30.74448276613111,32.4135104875067,0.05149172972236037,1.002808556006579,2272.0360336400036,3.0702463890868588e-15,30.730957031250043,32.399999999999935,0.0001669042968749892,861.0698133868135,6.597606194702621e-10,0.013525734881068906,0.013510487506764606,0.00018296849165160695,0.3169562877791102,2.535879962267673e-08
4,forward,graph,cylinder_045,0.6,658dcfae368d1373c67c5b60c5b8d238867784805bbcef9a2bd5ed224f4185f3,7a5fb48c884f967ea1adf5f2fb54662fed8b42ae36324f512b89cb7e1641ef73,7c0797d77b238a1d6cd1c80402ca6540a31ae9f5e3eea9c3196d90c8d3e11e4b,85.17529366343635,83.71257835432118,0.017473064835299798,1.0014052626184866,6772.9558833801975,2.207181735933409e-15,85.16271972656256,83.69999999999987,0.0001462719726562682,1226.7869305786085,5.548564772084319e-10,0.012573936873786364,0.012578354321311904,5.300937030648656e-05,0.26024201211220166,3.2374206523910765e-08
4,forward,graph,cylinder_135,0.6,658dcfae368d1373c67c5b60c5b8d238867784805bbcef9a2bd5ed224f4185f3,8d65ac0df15a2248699479203fd4968a8263534e2e0dcf681d1a14ac38065805,c9d3ccc7f800e6cc14e5b6c0e9c2f882031224d1626ad476e56e1dbf1d094fe9,2.5161505501478985,2.7145795876250736,0.07309752065540887,1.0014052626184866,171.76939188779502,8.717306711871647e-15,2.501586914062509,2.699999999999985,1.984130859374762e-05,223.86121766879057,3.50468351228983e-11,0.01456363608538954,0.014579587625088285,0.00019141847638493026,0.2562261202738471,1.1108294326045431e-08
4,forward,graph,twist,0.6,658dcfae368d1373c67c5b60c5b8d238867784805bbcef9a2bd5ed224f4185f3,f9d2cd4e29357d0821e3e7212baefd03720e7673e9526c59477e3cdc325745e2,338b187cd1d90628cbe905f77accd2ac8faf8ccdc11115b52033692b812d2388,114.87996495213153,100.82454852612463,0.13940470482111808,1.0,4688.705136154529,2.6786333292543506e-15,114.85546875000009,100.79999999999983,0.001405546875000026,1276.0864511698949,1.046062982368312e-09,0.02449620213144807,0.024548526124805688,0.00062788792029142,0.2463450078402872,2.6193617941316916e-08
4,forward,graph,dome,0.6,658dcfae368d1373c67c5b60c5b8d238867784805bbcef9a2bd5ed224f4185f3,46e78a12a857574f1d0f9bebd579f08901f4711869ea366542b3d1943e58ae9f,430f3c9f05f5d33db221657db2065dcfa8c06c8e0f4ca7333bc5b9b6948e7d46,96.37030396926244,100.82454852612463,0.04417817507715449,1.0056092680559383,3916.357589091527,2.6786333292543506e-15,96.34570312500007,100.79999999999983,0.0004454296874999756,1510.342778589646,2.4422804756341066e-10,0.024600844262372187,0.024548526124805688,0.0006278176507979877,0.42355868143781933,4.9501313256761215e-08
4,forward,graph,saddle,0.6,658dcfae368d1373c67c5b60c5b8d238867784805bbcef9a2bd5ed224f4185f3,68f4dcdb35020e14f7467945a0e35465e7c36a0801e2df24c63a69c31398502a,540f2e6d616a4e37f97e89accdbaa5f91d04a575cea0868b2a71e9eacd32c427,96.37030396926242,100.82454852612463,0.04417817507715464,1.0056092680559383,3916.3575890915236,2.6786333292543506e-15,96.34570312500006,100.79999999999983,0.000445429687499977,1474.0626159370322,6.845918306908061e-10,0.024600844262372207,0.024548526124805688,0.0006278176507982375,0.4231775071864658,3.3852730910166606e-08
4,forward,isometric,cylinder_000,0.6,658dcfae368d1373c67c5b60c5b8d238867784805bbcef9a2bd5ed224f4185f3,3968ddb60f2f5c1da81a94758696da2e14815c494a812545587c51d1f7d60cea,14c31665cdf02ef7998dd133bdd261e2259a87573fb6db3b81e8054b30233788,0.019247887762336182,0.014999999999999998,0.283192517489079,0.9990627636365645,0.29528676619815614,0.0,0.004387944570890348,0.0,4.3879445708903486e-07,6.293929060399252,7.591152429743675e-13,0.014859943191445834,0.014999999999999998,0.0016806817026499693,0.33514078036878875,2.3876903267050498e-08
4,forward,isometric,cylinder_090,0.6,658dcfae368d1373c67c5b60c5b8d238867784805bbcef9a2bd5ed224f4185f3,398b1c95e9f401f4b1beb12bdfd41278b91018442f78ca183e8ae89d4239d025,6e20409577caf5a1508fcf9214c9fea73c25abeb6cc3a2a84857f5af971d914e,0.019247887762336165,0.014999999999999998,0.28319251748907787,0.9990627636365643,0.29528676619815464,0.0,0.004387944570890328,0.0,4.3879445708903274e-07,6.293929060399345,7.591152408926993e-13,0.014859943191445839,0.014999999999999998,0.0016806817026499069,0.3351407803687887,2.3876903329500543e-08
4,forward,isometric,cylinder_045,0.6,658dcfae368d1373c67c5b60c5b8d238867784805bbcef9a2bd5ed224f4185f3,95e1e55f72ddd293d6b3c3991d5cc31d4dc2fde6283fe19ef56814744c36a2bf,5171b87937bf17b9be47d6914a0916c4ff2a067ecf03e6e80e31776e306eb6d0,0.016027638873039506,0.014999999999999998,0.06850925820263387,0.9995313159135544,0.0735312578090181,0.0,0.0010978091578335487,0.0,1.0978091578335487e-07,3.1539472469426433,1.0338228637312569e-12,0.014929829715205957,0.014999999999999998,0.0008420434175284847,0.28695075850318785,1.0906826169304606e-07
4,forward,isometric,cylinder_135,0.6,658dcfae368d1373c67c5b60c5b8d238867784805bbcef9a2bd5ed224f4185f3,cbc852e684ce878e3b026977cdb5f94d3a9c063da7908435ed8b19e5e0edcb03,c4c7b356fd0f02ae58d21a9e6340bce30c9f1063a795ab601d83c2eaa4d54a2d,0.0421685854622634,0.014999999999999998,1.8112390308175605,0.9995260577661731,1.850686725789013,0.0,0.027376154894294916,0.0,2.7376154894294915e-06,15.566617742197653,1.1320332772915553e-11,0.01479243056796849,0.014999999999999998,0.002490833184378087,0.2614242379055307,9.487443893008152e-09
8,forward,rest,rest,0.0,0793c4180be99ef55325525d22dbe7283908f40b1907da88c678245a73833300,bd678fa93f59093c55a1c819d54c5dccaae6f5b86c7ecba869430fed13507c38,b0266b6785b388615bd7e2e72db311db56bfd73e6573dde9bed7817b9b7e0135,6.162975822039155e-29,0.0,,1.0,,0.0,6.162975822039155e-29,0.0,6.162975822039155e-33,3.925231146709438e-13,0.0,0.0,0.0,0.0,0.0,0.0
8,forward,affine,extension,0.0,0793c4180be99ef55325525d22dbe7283908f40b1907da88c678245a73833300,941e240e9459ee7af672e81c3ffb9cddcdabfcd4fb34aa16f679fb7ccbbdd78f,3a0196fe18af1c8735778e303b7a4e7fe161104c14d44d2d4b0f284f51525e0d,0.5498776012500013,0.5498776012499998,2.6247476324399637e-15,1.0069699999999997,,0.0,0.5498776012500013,0.5498776012499998,1.4432899320127034e-19,51.22375390497574,3.41141769499842e-11,0.0,0.0,0.0,0.0,0.0
8,forward,affine,shear,0.0,0793c4180be99ef55325525d22dbe7283908f40b1907da88c678245a73833300,99a1d09b95649c4de9714b6a752c3a4b6d5935be189cf00b6a99153f2544bb86,882c5a13537ec558a6ab5f08c82f4c71be8df86b3ecad02039e42e6f0ab8602e,1.0002000000000004,1.0002,4.44000409768109e-16,0.9999999999999991,,0.0,1.0002000000000004,1.0002,4.4408920985006264e-20,68.49270307850318,8.190839313471087e-11,0.0,0.0,0.0,0.0,0.0
8,forward,graph,cylinder_000,0.2,0793c4180be99ef55325525d22dbe7283908f40b1907da88c678245a73833300,bb0bf3af5910d733446cca77095f86328a5409043209a0c7d3538c41a5ad77d0,747b4160f7d8fabdd3fe33c5e7858b4ff727c5bf9e20de5759bbd4acfc3a062c,0.39645095147408205,0.40164496299874836,0.012931847783890905,1.0000781219484807,239.9972785969837,2.9143354396410407e-15,0.3948059082031285,0.39999999999999936,5.194091796870859e-07,66.47912710750126,4.386631113906247e-12,0.0016450432709535334,0.001644962998749007,9.632664543174699e-07,0.16181905601900182,2.292840576255395e-09
8,forward,graph,cylinder_090,0.2,0793c4180be99ef55325525d22dbe7283908f40b1907da88c678245a73833300,c970582ffe17a654387dde28f14f0b382f713274eb1b8b1a102c0cd3d51bd046,036adfc44ab237af70f4f6327069f803f2eac7455db73bda64768f9c62de5115,0.3964509514740821,0.4016449629987483,0.012931847783890631,1.0000781219484807,239.99727859698396,3.1918911957973306e-15,0.39480590820312855,0.3999999999999993,5.194091796870748e-07,66.47912710750126,4.386631102804017e-12,0.0016450432709535319,0.001644962998749007,9.632664542992553e-07,0.1618190560190018,2.2928405684491393e-09
8,forward,graph,cylinder_045,0.2,0793c4180be99ef55325525d22dbe7283908f40b1907da88c678245a73833300,661c1d1e9e4b8e8c978a68f77e4feb3208ccc58423941384d0c5b6e164dcd061,e4d7a8ac790237f2fb509d1e395b37db21607da0117246992a1066443201e0fd,1.0395090039650572,1.0349624312844845,0.00439298330368375,1.0000390617370902,637.1035253801532,2.1488187573390147e-15,1.0378799438476636,1.0333333333333323,4.546610514331251e-07,86.76972453221615,1.1719723191916387e-12,0.001629060117393592,0.0016290979511520763,4.5400510181262815e-07,0.12487613026781513,5.562240225701065e-10
8,forward,graph,cylinder_135,0.2,0793c4180be99ef55325525d22dbe7283908f40b1907da88c678245a73833300,2ae83595e459d06796ac81b4a92b7dbdcfd04ff47c2d647e990231c263a268a1,6b1a3fe212e244a327e133e7b3b09eedc5db64d72aacc74984d3ff8f7d1f6f8e,0.03435306641695608,0.03499448841854452,0.018329229275103033,1.0000390617370902,19.680779013394837,8.534839501805932e-15,0.03269195556640709,0.03333333333333317,6.413777669260837e-08,19.90842399710436,2.729053462380282e-13,0.001661110850548994,0.0016611550852113524,5.30815948300567e-07,0.12126857436211365,7.523449805854621e-10
8,forward,graph,twist,0.2,0793c4180be99ef55325525d22dbe7283908f40b1907da88c678245a73833300,958ec1b8a688f7cf4ae2b2c98ac9db249d7c12a7d4264f7ece70bfa35c3d9638,f1982ba592c5d16500489b5b84c00c3f501479eb71062cfd96b83206f0ef92b1,1.2910888313296884,1.247692067953776,0.034781629610808926,1.0,396.62092128988473,2.6764305057927917e-15,1.2878417968750089,1.2444444444444427,4.339735243056619e-06,84.77653974587678,8.746648738622298e-12,0.0032470344546795685,0.003247623509333337,7.0686558452225795e-06,0.08977767754000096,2.497427015191178e-09
8,forward,graph,dome,0.2,0793c4180be99ef55325525d22dbe7283908f40b1907da88c678245a73833300,cedabc8f717bb4291fff8510a72d5e14233103e3d404cfad74589f8d74af4873,a2bdb289fe230e4fe8fe1e1921cf505e3288822f81e36c0d8011868474dc7c52,1.2338387569662166,1.247692067953776,0.011103149040835777,1.0001562377948756,378.88387352230933,2.6764305057927917e-15,1.230590820312507,1.2444444444444427,1.3853624131935583e-06,110.75247117723546,3.590628638860949e-12,0.003247936653709406,0.003247623509333337,3.7577325128265032e-06,0.2271999214360563,7.140930742555174e-09
8,forward,graph,saddle,0.2,0793c4180be99ef55325525d22dbe7283908f40b1907da88c678245a73833300,d8c59db56d5796db52030f28ec4058013f6bb4311b115715974e9d4124d19ae8,2e748a1117ea0d102f693bc011337359f83ca9701db43b40c29249bcd11052c2,1.2338387569662161,1.247692067953776,0.011103149040836133,1.0001562377948756,378.88387352230905,2.6764305057927917e-15,1.2305908203125067,1.2444444444444427,1.3853624131936028e-06,109.29702507919492,6.789880879765064e-12,0.0032479366537094072,0.003247623509333337,3.7577325128421157e-06,0.22727886371875328,6.253513904624919e-09
8,forward,isometric,cylinder_000,0.2,0793c4180be99ef55325525d22dbe7283908f40b1907da88c678245a73833300,75b945f8af0fa05edc521e7f934da6f75d2d2258f64c169ec4fb2da98e03793b,e4425fe1f0a51b62848a47b1ec8356492c21e07ac550d24fa9274cf38c00f143,0.0016696233884456624,0.0016666666666666668,0.0017740330673973908,0.9999739585367825,0.002034950314470365,0.0,3.390700731844036e-06,0.0,3.390700731844036e-10,0.1262055711766448,5.860239767657166e-13,0.0016662326877138183,0.0016666666666666668,5.207747434181516e-06,0.16327171356752201,7.268305975312306e-09
8,forward,isometric,cylinder_090,0.2,0793c4180be99ef55325525d22dbe7283908f40b1907da88c678245a73833300,b8dc3110a7893b7d2aaf269c81707f8a6defd7990821f9d445ff0ceab379c33c,07ed8ee41a5f381474ae44682a1e402987e21bf8a5361abcd78ee6119168d931,0.001669623388445661,0.0016666666666666668,0.00177403306739648,0.999973958536782,0.002034950314469595,0.0,3.3907007318427527e-06,0.0,3.3907007318427525e-10,0.12620557117651665,5.860239768940421e-13,0.001666232687713818,0.0016666666666666668,5.207747434184118e-06,0.16327171356752213,7.268305975312306e-09
8,forward,isometric,cylinder_045,0.2,0793c4180be99ef55325525d22dbe7283908f40b1907da88c678245a73833300,47b7bc38f41ce053bf62f0cbc7c9680d1db778a2a7460e09bc80dcb18e98424c,882d7b917378575236f4e9d2c6c6567d41179ff79eb686795a69c153602c90dc,0.001667297357827432,0.0016666666666666668,0.0003784146964591704,0.9999869792175263,0.0005086819367138877,0.0,8.476928430204799e-07,0.0,8.4769284302048e-11,0.06310672589356058,1.007247045481222e-14,0.0016664496649844115,0.0016666666666666668,2.604020187063627e-06,0.12661487048698689,2.9322169171897006e-10
8,forward,isometric,cylinder_135,0.2,0793c4180be99ef55325525d22dbe7283908f40b1907da88c678245a73833300,fac00485d390cc01e55fc390cb0fc9024bb3dde2ba27bdedc9e09c11e24d3376,53eaecc72b476bd347804bcbe0a357c2eed72e5b96e004a1d50ab3654bc3eba9,0.0016872886416448062,0.0016666666666666668,0.012373184986883652,0.9999869751488465,0.012718843764781438,0.0,2.119083766565626e-05,0.0,2.119083766565626e-09,0.3153437028158221,2.6054197020395945e-13,0.00166609780397915,0.0016666666666666668,6.826352250200937e-06,0.12166480441357422,2.645393123307249e-10
8,forward,graph,cylinder_000,0.6,0793c4180be99ef55325525d22dbe7283908f40b1907da88c678245a73833300,bd4b5d78a0a6a8800fa04f31e380b81164ed996f6ea3f91eecfec6d6668552b6,c27cc3c1fde0c5614352d82dd759650366902ea645c3a33e5c60c74c60a15932,31.99279285604652,32.4135104875067,0.012979699672528142,1.0007028779812717,2366.3303654158562,3.0702463890868588e-15,31.97927856445316,32.399999999999935,4.207214355467741e-05,678.2851882845284,1.0486846242940828e-09,0.013514291593360489,0.013510487506764604,4.564903915061508e-05,0.45794197182657337,9.191715107798037e-08
8,forward,graph,cylinder_090,0.6,0793c4180be99ef55325525d22dbe7283908f40b1907da88c678245a73833300,6a4333b06ec9ce29e4b0865ee6acd9c88bce63b9d6220e4a7f548fe713321184,abddf28ee5a1c27c921e36867edf4337f05478b22e5d8198cb0607c1d9bb8475,31.992792856046517,32.4135104875067,0.012979699672528251,1.0007028779812717,2366.330365415858,3.0702463890868588e-15,31.979278564453157,32.399999999999935,4.207214355467777e-05,678.2851882845284,1.0486846246493542e-09,0.013514291593360478,0.013510487506764606,4.564903915046936e-05,0.45794197182657315,9.191715109879706e-08
8,forward,graph,cylinder_045,0.6,0793c4180be99ef55325525d22dbe7283908f40b1907da88c678245a73833300,4add849b910bb74d52f722713c451850f1a1980b35a41a17664a4dec2459baf8,ff21ea3eb4a246a592975f2ef0e1eea6a3c9f6e37ba4126131aa908edf2ce575,84.08085269841757,83.71257835432118,0.0043992713082810185,1.0003515007236206,6684.155687931444,2.207181735933409e-15,84.06827545166023,83.69999999999987,3.682754516603524e-05,926.3904389697205,5.200450587494742e-10,0.012577246757350287,0.012578354321311904,1.3290767539406168e-05,0.34486222919337445,3.214871664714014e-08
8,forward,graph,cylinder_135,0.6,0793c4180be99ef55325525d22dbe7283908f40b1907da88c678245a73833300,11318367095aa6ec0d179aa356b757c6389a3a7962576a43667ec7f014b0e1cd,2f5f59139d77c31a0051e97d43170d45654d75376a1a4149e3c85602a228fb0e,2.66262397950685,2.7145795876250736,0.019139467619617143,1.0003515007236206,181.67706877886488,8.717306711871647e-15,2.648048400878916,2.699999999999985,5.195159912106906e-06,187.61796575559998,1.469698851508383e-11,0.014575578627933988,0.014579587625088285,4.810796585155708e-05,0.3544676668617237,7.224507075909159e-09
8,forward,graph,twist,0.6,0793c4180be99ef55325525d22dbe7283908f40b1907da88c678245a73833300,9d78bf92bd8021a556dfb241256e4e3071b42a34ad5dcc8c976e954df4395288,adee6a4be805d11cf39037316bcc17a80d6c9eff91824ead14255fa36723bb2d,104.33972099118715,100.82454852612463,0.03486425197482242,1.0,4251.611840410078,2.6786333292543506e-15,104.31518554687509,100.79999999999983,0.0003515185546875259,903.1129996482543,3.9191604201960217e-10,0.024535444312059694,0.024548526124805688,0.00015698175295192351,0.24429496397740413,3.217205310490634e-08
8,forward,graph,dome,0.6,0793c4180be99ef55325525d22dbe7283908f40b1907da88c678245a73833300,e596140e45fb2eca86ec0c02ac9419eb7357906dcf99377862241217a168d6fd,bcb6d5176faa08f3d6c4494fbac896b703d1335dfe78d824f9ca39d97b42af5a,99.70241801653077,100.82454852612463,0.011129536665399538,1.0014052626184866,4058.2850160464127,2.6786333292543506e-15,99.67785644531259,100.79999999999983,0.00011221435546872414,1177.9001691583,1.5748356929634611e-09,0.024561571218183906,0.024548526124805688,0.0001565411205386169,0.6147206236174233,3.554912397785159e-08
8,forward,graph,saddle,0.6,0793c4180be99ef55325525d22dbe7283908f40b1907da88c678245a73833300,d40249d308d4b46ded722f1bb0af5158335cdcc29ca8d4053e5d0d0604cbde7d,5d714f001459e723d6b30fd17260ffb4204d2617b776a49ee6bd391c2ef5d9e9,99.70241801653077,100.82454852612463,0.011129536665399538,1.0014052626184866,4058.285016046412,2.6786333292543506e-15,99.67785644531259,100.79999999999983,0.00011221435546872414,1159.891455932269,5.24219042574714e-10,0.024561571218183913,0.024548526124805688,0.00015654112053870017,0.6158087823765896,2.4019073313619188e-08
8,forward,isometric,cylinder_000,0.6,0793c4180be99ef55325525d22dbe7283908f40b1907da88c678245a73833300,f65d5bdedd7e88c3a223e8fa05b8af3e4fed09bf40b1ea8039978501d50d1f60,e016a807221727c0b3843a392b37503a9f332a98874b2fb888829296aec6ad2a,0.01523943455104173,0.014999999999999998,0.015962303402782103,0.9997656414789395,0.01834663817460006,0.0,0.0002745552262976332,0.0,2.745552262976332e-08,1.1452895240093919,4.101380310839089e-13,0.014964879324744097,0.014999999999999998,0.00042144810307081365,0.4890000426295097,2.181509730775355e-07
8,forward,isometric,cylinder_090,0.6,0793c4180be99ef55325525d22dbe7283908f40b1907da88c678245a73833300,f7ef8ea550fc4bb491d290057f2e0af5b5ec38d3c87433b2ef40fa1093f43f3d,4698157b7162ce0ebe6cb3a922f8c669b2054863558c44e5dbcf3738001a01dc,0.015239434551041719,0.014999999999999998,0.01596230340278141,0.9997656414789395,0.01834663817460034,0.0,0.0002745552262976371,0.0,2.745552262976371e-08,1.145289524009323,4.101380306990171e-13,0.014964879324744081,0.014999999999999998,0.000421448103071001,0.4890000426295087,2.1815097293181873e-07
8,forward,isometric,cylinder_045,0.6,0793c4180be99ef55325525d22dbe7283908f40b1907da88c678245a73833300,beac348aba1c2916324a35ab44a4d5cfead742e962d4fb6b04e5df3d93456a9c,8f34d109b9c2d5a1b9271b2fc3c1bae699ac1c975661b6c38d9b2a2776d95b11,0.0150510824487333,0.014999999999999998,0.003405496582220211,0.9998828166198014,0.004582145479315506,0.0,6.86516774278946e-05,0.0,6.86516774278946e-09,0.5729642629063167,4.431186995297338e-13,0.014982430771305406,0.014999999999999998,0.0002108307443350957,0.3801603441753384,7.946820707732671e-08
8,forward,isometric,cylinder_135,0.6,0793c4180be99ef55325525d22dbe7283908f40b1907da88c678245a73833300,9d4ca47ce760d34c503254636945434905224455e26b1c5afe0925d10f4c0d95,cb615fc782d8e8bd83dddfdf7724eaf782aef50b3b9ff4d1e12a060ba453d8f2,0.016669211178557432,0.014999999999999998,0.11128074523716233,0.9998824872692864,0.1146991438379895,0.0,0.001715211015639807,0.0,1.715211015639807e-07,2.8495031103831416,6.096437871108001e-12,0.014954000162917624,0.014999999999999998,0.0005519980449884831,0.3643198939496425,2.465020104702731e-09
16,forward,rest,rest,0.0,6d0533f1a2cc5bebffb681e4c2c3a5df766eee32d9f59184a3e0eab969756512,bcc29bcab9dfaaf8ac58eacc51f07f204d712ea4dfa3cc0eb4a5e9461836699a,f1faf4d6171c4fa4cfe1f0cc6f12af125db66325139148cf46cbbc5fe6cbac1a,6.162975822039155e-29,0.0,,1.0,,0.0,6.162975822039155e-29,0.0,6.162975822039155e-33,2.775557561562892e-13,0.0,0.0,0.0,0.0,0.0,0.0
16,forward,affine,extension,0.0,6d0533f1a2cc5bebffb681e4c2c3a5df766eee32d9f59184a3e0eab969756512,ab36a5e316313a91345ba1c87c7af2004786a7686783869b1dcb2819a003bb49,8286e79eab5cf399f1604bdaf84d985190210f9331cbbd75969e9d48983710d6,0.5498776012500004,0.5498776012499998,1.0095183201692168e-15,1.0069699999999997,,0.0,0.5498776012500004,0.5498776012499998,5.551115123125783e-20,36.8193929625053,3.4042370711251377e-11,0.0,0.0,0.0,0.0,0.0
16,forward,affine,shear,0.0,6d0533f1a2cc5bebffb681e4c2c3a5df766eee32d9f59184a3e0eab969756512,59db9fc5f9120105204026ef387a68dc93303e62bc680916820e037d51706d6c,6aec2622ff8a8fc335b47302b77e0ecaab246983ecc56703c40e722dd66b3d83,1.0002000000000006,1.0002,6.660006146521635e-16,0.9999999999999982,,0.0,1.0002000000000006,1.0002,6.661338147750939e-20,49.23223226454369,7.671214077298316e-11,0.0,0.0,0.0,0.0,0.0
16,forward,graph,cylinder_000,0.2,6d0533f1a2cc5bebffb681e4c2c3a5df766eee32d9f59184a3e0eab969756512,36e27213b77a79773fc77563e3c380bcbca3f6d4798f1eea8a46e67d396abedc,4c42118ecc0c0cfa27dfa1bba7225b014c700db62a21862f8b1fc60625576bdd,0.40034378982657587,0.40164496299874836,0.0032396103326124423,1.0000195310592688,242.3725906472471,2.9143354396410407e-15,0.3986988067626989,0.39999999999999936,1.3011932373004354e-07,49.04779257237975,4.961186678142937e-12,0.001644983063876936,0.001644962998749007,2.4078153514767164e-07,0.23349380859402943,9.19069335220124e-09
16,forward,graph,cylinder_090,0.2,6d0533f1a2cc5bebffb681e4c2c3a5df766eee32d9f59184a3e0eab969756512,aa34b72abcc982b1a6bfaf5b63821e6ed2732c188c9f63472240799d7240f8fc,00f56c6a6ed93c765fa92376cd87481bc0b57da3fb95e125dfa789d58c846a0c,0.4003437898265759,0.4016449629987483,0.0032396103326121665,1.0000195310592688,242.3725906472471,3.1918911957973306e-15,0.398698806762699,0.3999999999999993,1.3011932373003243e-07,49.04779257237975,4.961186672591822e-12,0.0016449830638769361,0.001644962998749007,2.4078153515027373e-07,0.23349380859402943,9.19069334699707e-09
16,forward,graph,cylinder_045,0.2,6d0533f1a2cc5bebffb681e4c2c3a5df766eee32d9f59184a3e0eab969756512,11a8b31c405576fcc7c478ae520fe415f81e473fa2ad12b7664cbea9361681bb,df5775a777befb289e44526ff6c1adcd22a4b13f2bc758ca03d510440cbcea87,1.036101077172571,1.0349624312844845,0.0011001808893422982,1.0000097655773168,635.0004877674953,2.1488187573390147e-15,1.0344719886779858,1.0333333333333323,1.1386553446535164e-07,63.17796671042732,1.4088956890034865e-12,0.0016290884945851514,0.0016290979511520763,1.134788030991013e-07,0.17224538308260345,3.027705528999003e-09
16,forward,graph,cylinder_135,0.2,6d0533f1a2cc5bebffb681e4c2c3a5df766eee32d9f59184a3e0eab969756512,11cc34bf9050d982d8d0dc77ffee917075f727d69174c43e46a711ad52bf3449,667c507f53524149a991b85c26f763d589ecdd52cdbc7b17395debc5270facca,0.03483232093462209,0.03499448841854452,0.004634086430493372,1.0000097655773168,19.968874719314822,8.534839501805932e-15,0.0331711769104014,0.03333333333333317,1.621564229317765e-08,15.041432284389664,4.0976514542601094e-14,0.0016611440242206886,0.0016611550852113524,1.3273188796507351e-07,0.1704490857910333,4.94469340472925e-10
16,forward,graph,twist,0.2,6d0533f1a2cc5bebffb681e4c2c3a5df766eee32d9f59184a3e0eab969756512,569f645be38c5bcc229a595b2b37c63d40dff1dbe9f3aa2b972cf75d21c18f64,02b259e3983bd668eb48aab4adf7b75576240d4a05cb144fcc8a8dc5e3cc4a6a,1.2585422760524787,1.247692067953776,0.008696222711824369,1.0,386.5447208926317,2.6764305057927917e-15,1.2552947998046957,1.2444444444444427,1.0850355360253027e-06,60.83360243818365,1.3610135241037825e-13,0.00324747624778291,0.003247623509333337,1.767138605123647e-06,0.08970498714558144,1.7989947604518663e-09
16,forward,graph,dome,0.2,6d0533f1a2cc5bebffb681e4c2c3a5df766eee32d9f59184a3e0eab969756512,3191a4f2476fae389d847019f7f8bbbeb64639c979685fc456a95ddf18a85411,ead6ada564cc80764ac54649c59ce6a04e1a8b51625241ad5298d76f1e97b607,1.2442221280509989,1.247692067953776,0.002781086769644881,1.0000390617370902,382.10849079618083,2.6764305057927917e-15,1.2409744262695395,1.2444444444444427,3.470018174903222e-07,81.23792743915365,3.950581017875266e-12,0.003247701781459453,0.003247623509333337,9.392655133926703e-07,0.3279907557486128,1.1587045156691289e-08
16,forward,graph,saddle,0.2,6d0533f1a2cc5bebffb681e4c2c3a5df766eee32d9f59184a3e0eab969756512,b74127e8a1e5827d1be6026b5f035fe80f10c4ce2efbcb539111a43df0cf0063,5167d975aa38a7ebb046d164c5ba1c2d2231c68ad15b068d819d92ad9865efba,1.2442221280509997,1.247692067953776,0.0027810867696441695,1.0000390617370902,382.108490796181,2.6764305057927917e-15,1.2409744262695404,1.2444444444444427,3.470018174902334e-07,80.64401121519276,6.736796454021032e-12,0.003247701781459454,0.003247623509333337,9.392655134030786e-07,0.3280363578993029,4.066169926805752e-09
16,forward,isometric,cylinder_000,0.2,6d0533f1a2cc5bebffb681e4c2c3a5df766eee32d9f59184a3e0eab969756512,1d26cd1ec3ae3d74b2cff1ecae8a45fba1c706d52f76d86f18f5fcb7cf91f75c,957ccaff5c2a266605ecee13653930bec1048fd42cb851359dd2f1bf15656903,0.001666770088192231,0.0016666666666666668,6.205291533853928e-05,0.9999934895960476,0.00012716352962166647,0.0,2.1192541829813304e-07,0.0,2.1192541829813305e-11,0.022668296068030867,1.7182482776179756e-13,0.0016665581627739328,0.0016666666666666668,1.302046712807134e-06,0.23569429430956293,4.6992258730116365e-08
16,forward,isometric,cylinder_090,0.2,6d0533f1a2cc5bebffb681e4c2c3a5df766eee32d9f59184a3e0eab969756512,7516cdf5c327ed2514c87c95c5263b3c2c7c7df688ba63c67cc47b4668af9624,46bcc3f45ada661ac7b50efb23abb570833bc949b0acc64cc26654e7d709da68,0.0016667700881922282,0.0016666666666666668,6.205291533684792e-05,0.9999934895960462,0.0001271635296216378,0.0,2.119254182980849e-07,0.0,2.1192541829808488e-11,0.022668296067980202,1.7182482776661242e-13,0.00166655816277393,0.0016666666666666668,1.302046712840961e-06,0.23569429430956168,4.699225875613722e-08
16,forward,isometric,cylinder_045,0.2,6d0533f1a2cc5bebffb681e4c2c3a5df766eee32d9f59184a3e0eab969756512,926ec2e0944f61357792246ee8a53e1c9df51d4780f4c61fd26204801ca98e4e,7bbbc28be9026a6f05112faeb61ee09709044b98f1fe33ec51ab6a9f0e98d5c5,0.0016666653955878916,0.0016666666666666668,7.626472651317551e-07,0.9999967447948405,3.1790013128085986e-05,0.0,5.298163051913594e-08,0.0,5.298163051913593e-12,0.011334325043678069,9.4920433261703e-14,0.0016666124139573723,0.0016666666666666668,6.510325115333462e-07,0.17456947954622434,1.0418463045405724e-09
16,forward,isometric,cylinder_135,0.2,6d0533f1a2cc5bebffb681e4c2c3a5df766eee32d9f59184a3e0eab969756512,36146c889c0487d5ec0e268b6eb59d463ed395d7540ce89fd9a92010b90cbb95,e9400dee1ebb1914f4200c23b7934014604203c5bd4750ab7894988f7c59fae6,0.0016678599349078625,0.0016666666666666668,0.0007159609447174656,0.9999967445405353,0.0007947731383219304,0.0,1.324517583751332e-06,0.0,1.324517583751332e-10,0.056656647240216816,5.6219963045534036e-14,0.0016665354173241113,0.0016666666666666668,1.5749921106660361e-06,0.1710281993085136,6.860446117445962e-10
16,forward,graph,cylinder_000,0.6,6d0533f1a2cc5bebffb681e4c2c3a5df766eee32d9f59184a3e0eab969756512,7b22d4b6f5a455eedb1d6e663eb464ec0c47ea656db5e3c4037f9f64813aade3,dc936de29310b9c0c036adf84a5c8d82ce919e1dc81db8fbaf21359c90b9c464,32.30811478582136,32.4135104875067,0.0032515978707694138,1.0001757658031911,2390.1677412105473,3.0702463890868588e-15,32.29460334777835,32.399999999999935,1.053966522215859e-05,502.75145077471257,1.1750652319619804e-09,0.013511438043014551,0.013510487506764604,1.1406434999361448e-05,0.6597692740000061,1.1760064784482882e-07
16,forward,graph,cylinder_090,0.6,6d0533f1a2cc5bebffb681e4c2c3a5df766eee32d9f59184a3e0eab969756512,69f53baf2ca11c4af23e32a626f9086c75eb9429a81fde062db175943ff170f1,9a5fb5927ec8dad310912361a02ff7d3764a39e984591d3d534bd0aecebdb23b,32.30811478582137,32.4135104875067,0.0032515978707691948,1.0001757658031911,2390.167741210548,3.0702463890868588e-15,32.294603347778356,32.399999999999935,1.053966522215788e-05,502.75145077471257,1.1750652305408949e-09,0.013511438043014551,0.013510487506764606,1.1406434999340631e-05,0.6597692740000063,1.1760064784482882e-07
16,forward,graph,cylinder_045,0.6,6d0533f1a2cc5bebffb681e4c2c3a5df766eee32d9f59184a3e0eab969756512,225830c2668c08b5db18f0ed89a0b7370552ef4461eb694b0b6691d6ba6e84c1,7708a974251ddabf4ac4899a62c269188533103d207058d9a5c43cd1f6f9eb55,83.8048091601533,83.71257835432118,0.0011017556458689044,1.0000878867629586,6661.7678922065115,2.207181735933409e-15,83.79223108291633,83.69999999999987,9.223108291645587e-06,677.4132552161485,2.282082320448353e-10,0.012578077236966396,0.012578354321311904,3.3250121460950965e-06,0.47604324742312154,4.643212930810492e-08
16,forward,graph,cylinder_135,0.6,6d0533f1a2cc5bebffb681e4c2c3a5df766eee32d9f59184a3e0eab969756512,5e9053aad62b7a69c1ce0d437b33f5f612ddcb72aba2bb7ad25d86e059159aa0,0e1af401c1049f8e137893518c601f35e2c6c408a53ed76ef9d2895d96a2b090,2.7014439138038155,2.7145795876250736,0.004838934869008624,1.0000878867629586,184.30221470280767,8.717306711871647e-15,2.6868653297424405,2.699999999999985,1.3134670257544556e-06,142.28085689721522,1.568750942482211e-11,0.014578584061374866,0.014579587625088285,1.2042764561029373e-05,0.49842549067779884,7.806860907733082e-09
16,forward,graph,twist,0.6,6d0533f1a2cc5bebffb681e4c2c3a5df766eee32d9f59184a3e0eab969756512,a596a52bbfee969abd24bb503ab279d2b90f66e0dfa0a076ec0f40d185928067,920b207d7d78d0fbb26dd80fe9daa09b7617b032a9f9f3c3a3612dfcaec97638,101.70342403980693,100.82454852612463,0.008716880229367726,1.0,4142.50641055439,2.6786333292543506e-15,101.67887878417977,100.79999999999983,8.788787841799461e-05,649.5898156607797,1.008103424737783e-10,0.024545255627153546,0.024548526124805688,3.924597182569656e-05,0.24312222683157841,2.7002018287980434e-08
16,forward,graph,dome,0.6,6d0533f1a2cc5bebffb681e4c2c3a5df766eee32d9f59184a3e0eab969756512,0529dd803a716c6b6bdd313e6140ea5351ca4f7daba9fa7e53f108c16c5791b5,ee594342f8236c4b2f1b758616e8fd525c1dc7046041cfc5aa1f961c888375c6,100.54348031308032,100.82454852612463,0.0027876962223290238,1.0003515007236206,4094.159651183824,2.6786333292543506e-15,100.51892852783209,100.79999999999983,2.8107147216773854e-05,868.3761697532119,1.015223966760459e-09,0.02455178524822966,0.024548526124805688,3.910948108765133e-05,0.8883796254319252,8.963734596245665e-08
16,forward,graph,saddle,0.6,6d0533f1a2cc5bebffb681e4c2c3a5df766eee32d9f59184a3e0eab969756512,3644bdd18070cfb017d937884e26995e3cc3d752d81e426328fad4f37bc0248b,3baba6aa5326ec7b0df945163609e6b8c8bac7ccb5bba38b85850be5240daf42,100.54348031308032,100.82454852612463,0.0027876962223290238,1.0003515007236206,4094.15965118382,2.6786333292543506e-15,100.51892852783209,100.79999999999983,2.8107147216773854e-05,860.9799023552166,2.4471135020576184e-10,0.02455178524822968,0.024548526124805688,3.910948108790113e-05,0.8889919656731975,5.6413433757729337e-08
16,forward,isometric,cylinder_000,0.6,6d0533f1a2cc5bebffb681e4c2c3a5df766eee32d9f59184a3e0eab969756512,87596afa3a5aeed37ace8048896616bca70fb881095771c7cf28ce57b69c064a,4be7caff89ff3bf9bbfcb6e80977a53ef85612aedf452964a400043b8dc2db39,0.015008377690351647,0.014999999999999998,0.0005585126901099664,0.9999414072799564,0.0011449726091280015,0.0,1.716452844797888e-05,0.0,1.716452844797888e-09,0.20494829956321042,1.2888575827730838e-13,0.014991213161903669,0.014999999999999998,0.0001054420571559439,0.7067841708703745,9.086210038533604e-08
16,forward,isometric,cylinder_090,0.6,6d0533f1a2cc5bebffb681e4c2c3a5df766eee32d9f59184a3e0eab969756512,be5d534a61dc4e30aab0b1fdb96965b3fc2633d350b65067fa20c61267785a47,8f3a60fa798579d31c36bd9039ae9ce93f8cf18eab57dd80f3bda755ca9b628a,0.015008377690351642,0.014999999999999998,0.0005585126901096195,0.9999414072799564,0.0011449726091280813,0.0,1.716452844798007e-05,0.0,1.716452844798007e-09,0.2049482995630013,1.2888575815838496e-13,0.014991213161903662,0.014999999999999998,0.00010544205715602717,0.7067841708703734,9.086210030206932e-08
16,forward,isometric,cylinder_045,0.6,6d0533f1a2cc5bebffb681e4c2c3a5df766eee32d9f59184a3e0eab969756512,bcfce5bf0d67b56e16c55d2abe910d71365e6e23922f6cceb05e8b40a0be6988,dcbc0f00b27144604b13342243dc6be51dd750f3daf6042e91f7e5851546ecec,0.014999897358154907,0.014999999999999998,6.842789672736883e-06,0.9999707033824862,0.00028617271325280264,0.0,4.291333263013387e-06,0.0,4.291333263013387e-10,0.10248849730205689,3.337085046292246e-13,0.014995606024891894,0.014999999999999998,5.272770129724491e-05,0.5238489634409266,1.1898887219280452e-07
16,forward,isometric,cylinder_135,0.6,6d0533f1a2cc5bebffb681e4c2c3a5df766eee32d9f59184a3e0eab969756512,8dfb89c6ef2d6af605ac7734f7d5a09831616dfc0104c08a576066aa4cdb750d,49d4db4ff9519e0331a197bd7da67c4fa5fd7c98f83659927dcf65d7c1b97d67,0.015096639461797304,0.014999999999999998,0.006442630786487071,0.9999706827868643,0.007156165612040381,0.0,0.00010726643579472532,0.0,1.0726643579472532e-08,0.5112327811643034,1.783203509056171e-12,0.014989373026002579,0.014999999999999998,0.0001275236879690264,0.5128746578438524,7.769979742944244e-09
32,forward,rest,rest,0.0,ebe9367838da6a9bfc9d57c4877cafab48765aa3265bba7a9216c8c88d3d3b0f,0602a0b665ee1db8ecd143c24b73b1a86d2ab429c718a86302ba77a00197df21,415770ec18ee75ffebde9dbfed923fbcb1c1294f73e1bea51752afc52fe09c5e,6.162975822039155e-29,0.0,,1.0,,0.0,6.162975822039155e-29,0.0,6.162975822039155e-33,1.962615573354719e-13,0.0,0.0,0.0,0.0,0.0,0.0
32,forward,affine,extension,0.0,ebe9367838da6a9bfc9d57c4877cafab48765aa3265bba7a9216c8c88d3d3b0f,5b333c755b594a970fe52ff348f43fa11f451f4c269eaccae79038b3b4312bdb,4f295cc67cb0a7a7b042a20bd485dc259d6a019d86782584a6603c1e1aa31736,0.5498776012500008,0.5498776012499998,1.8171329763045904e-15,1.006969999999998,,0.0,0.5498776012500008,0.5498776012499998,9.992007221626409e-20,26.244364215598058,3.3891577833067287e-11,0.0,0.0,0.0,0.0,0.0
32,forward,affine,shear,0.0,ebe9367838da6a9bfc9d57c4877cafab48765aa3265bba7a9216c8c88d3d3b0f,56c12991c8be2eb960c0bdb38099b579a903fc9a8b9f1255bd035bf41de2b709,21df8d9fb1f80c1dec1ec0bc87a28c309ce45cd9c7fcdc775a89988b9c9e3db0,1.0002000000000009,1.0002,8.88000819536218e-16,0.9999999999999964,,0.0,1.0002000000000009,1.0002,8.881784197001253e-20,35.09206781364547,7.445985381604458e-11,0.0,0.0,0.0,0.0,0.0
32,forward,graph,cylinder_000,0.2,ebe9367838da6a9bfc9d57c4877cafab48765aa3265bba7a9216c8c88d3d3b0f,e88bfae2fa228dabb93e0750c06dc31b72b507687d6d8d8a04f2def3f2091cc8,3a4d4b4826004c72927b4f888831aa1e89d9465817eb716d2efe0aedfa76f1ed,0.40131950281252093,0.40164496299874836,0.0008103181073092064,1.0000048828005792,242.96796727352609,2.9143354396410407e-15,0.39967453479767256,0.39999999999999936,3.254652023267912e-08,35.37764948795268,6.2246651610919916e-12,0.0016449680148483562,0.001644962998749007,6.019319219105479e-08,0.33344620791766016,3.212571401088604e-08
32,forward,graph,cylinder_090,0.2,ebe9367838da6a9bfc9d57c4877cafab48765aa3265bba7a9216c8c88d3d3b0f,f09d28e1c404590091a134b57c77f73e9eb674ac7e1f5a3b2eb512ae0d476d5f,f5da03b586ba9cd1c729efb7abd86abe0b9c9c652df6596e9dd17a1e9c5c5aa0,0.4013195028125209,0.4016449629987483,0.0008103181073092065,1.0000048828005792,242.96796727352623,3.1918911957973306e-15,0.3996745347976725,0.3999999999999993,3.254652023267912e-08,35.37764948795268,6.2246651610919916e-12,0.0016449680148483549,0.001644962998749007,6.019319217544228e-08,0.33344620791766005,3.212571401609021e-08
32,forward,graph,cylinder_045,0.2,ebe9367838da6a9bfc9d57c4877cafab48765aa3265bba7a9216c8c88d3d3b0f,ba48d04eb0a1c8d9ae8a5b82f4d7c75fdf8bb212791647650acf8132b7a5180c,a508261e00775ba231cb6a9c38cdccbf9f93181d0a6c6d86d9992e84d749e72d,1.0352472179263834,1.0349624312844845,0.0002751661638050548,1.0000024414032698,634.473587987475,2.1488187573390147e-15,1.033618122339256,1.0333333333333323,2.8478900592365796e-08,45.3258790037033,6.666106111552495e-13,0.0016290955871273564,0.0016290979511520763,2.8368296638853208e-08,0.24046022058853597,2.1682621947904934e-09
32,forward,graph,cylinder_135,0.2,ebe9367838da6a9bfc9d57c4877cafab48765aa3265bba7a9216c8c88d3d3b0f,30ac4a47ed86f08ec6db48f8b7d66540caea5ac6ffc8de5f0cc2b3ff651eaac5,81084b0b56d5769ef85d45e53bac45a885c3a73c51a6b8cc0d48eccd76fb08c2,0.03495383329859434,0.03499448841854452,0.0011617578020840002,1.0000024414032698,20.04191944445864,8.534839501805932e-15,0.03329268097877594,0.03333333333333317,4.0652354557232926e-09,10.955707876882077,4.412595844272005e-14,0.0016611523198183987,0.0016611550852113524,3.318471544430657e-08,0.2403119906278705,2.887113204758096e-10
32,forward,graph,twist,0.2,ebe9367838da6a9bfc9d57c4877cafab48765aa3265bba7a9216c8c88d3d3b0f,7521ea30c5c26c64ba951414ed1bcfd3c9fc1f929898f1b57b9059c08016d420,ad9f40500506def54de1737099003797cf70a34a92ddadeaf212c5eaaf843a76,1.2504046835568792,1.247692067953776,0.0021741066347820237,1.0,384.02580572740777,2.6764305057927917e-15,1.2471570968628014,1.2444444444444427,2.7126524183587187e-07,43.461421059850025,1.2938371707349461e-12,0.003247586694077711,0.003247623509333337,4.4178306751394003e-07,0.08966685726681732,2.6047461323258636e-09
32,forward,graph,dome,0.2,ebe9367838da6a9bfc9d57c4877cafab48765aa3265bba7a9216c8c88d3d3b0f,8faa1f0e25a19224b83e52c0c881a4e63293d071232561c4983a5e2595c67eb3,434b68b5004399b0af79d2894fd40c1d4905afb6e869acec45a08e12dd0f8423,1.2468241697183458,1.247692067953776,0.0006956029117453382,1.0000097655773168,382.9166251806946,2.6764305057927917e-15,1.2435765266418535,1.2444444444444427,8.679178025892132e-08,58.41032947248359,6.852817491243002e-12,0.003247643076492231,0.003247623509333337,2.3480590672850243e-07,0.468480379000207,4.293030881827309e-08
32,forward,graph,saddle,0.2,ebe9367838da6a9bfc9d57c4877cafab48765aa3265bba7a9216c8c88d3d3b0f,1d001372b6ba61d879f0f0113ca889e0ea6357be65d0da1da0dc1f6a5eaa2fb3,8f9d380039a4471e484bf224608d9a6556c3065d4f53b0d3eda44b64668a728b,1.246824169718346,1.247692067953776,0.0006956029117451602,1.0000097655773168,382.9166251806942,2.6764305057927917e-15,1.2435765266418537,1.2444444444444427,8.679178025889911e-08,58.18581380719201,8.126644179817788e-12,0.003247643076492235,0.003247623509333337,2.3480590677533997e-07,0.46850589974606793,4.391355249225293e-08
32,forward,isometric,cylinder_000,0.2,ebe9367838da6a9bfc9d57c4877cafab48765aa3265bba7a9216c8c88d3d3b0f,55547baefff8e04e2211c99c4d1310b7b9e4f4f744a2b52cf108b0e9d5fdb32e,3aeb136f3563d4338539a6d3940fa96e3d71fb48a3628dba349c7c843bdfc4aa,0.001666652785563403,0.0016666666666666668,8.328661958278277e-06,0.999998372396623,7.947394624847738e-06,0.0,1.324544212271857e-08,0.0,1.324544212271857e-12,0.004038306265779823,1.9204142109226648e-13,0.0016666395401212803,0.0016666666666666668,3.2551854463758884e-07,0.33664883914522176,6.142059277847167e-09
32,forward,isometric,cylinder_090,0.2,ebe9367838da6a9bfc9d57c4877cafab48765aa3265bba7a9216c8c88d3d3b0f,51a603fede7fb4bff8fddb33841914c6fa6c31156e0834b836c68314b09e6c8d,143e8931d41b360832a332c88a7b26210960fbfbc8f01e91ff97eeadc00800eb,0.001666652785563402,0.0016666666666666668,8.328661958928799e-06,0.9999983723966216,7.947394624855697e-06,0.0,1.3245442122731824e-08,0.0,1.3245442122731824e-12,0.004038306265803169,1.9204142109094102e-13,0.0016666395401212792,0.0016666666666666668,3.2551854465059926e-07,0.33664883914522337,6.142059264836741e-09
32,forward,isometric,cylinder_045,0.2,ebe9367838da6a9bfc9d57c4877cafab48765aa3265bba7a9216c8c88d3d3b0f,95a09e435847b1539c7853f228319382aa628e8189b38b717a3faabd72e42f76,beb7f28e7a535395460580a14e76381e0befdcdc1d90f813e8b50f8b507c2c18,0.0016666564147111314,0.0016666666666666668,6.151173321221337e-06,0.9999991861980968,1.9868350742372977e-06,0.0,3.3113648423148472e-09,0.0,3.311364842314847e-13,0.002019161017486106,4.5009516413994196e-13,0.0016666531033462891,0.0016666666666666668,1.6275984453164444e-07,0.24364414882258656,1.643955614867576e-09
32,forward,isometric,cylinder_135,0.2,ebe9367838da6a9bfc9d57c4877cafab48765aa3265bba7a9216c8c88d3d3b0f,944306b2812d0f9910d031dcc87ee28c6290f767b932cae47b3b9c4182607013,1df0e87058cf73a4f889d2d23c15f43a41478d030d5976fa6b4af2e65e9f8326,0.0016667180957286919,0.0016666666666666668,3.0857437215061484e-05,0.9999991861822146,4.967118978516268e-05,0.0,8.278375888350616e-08,0.0,8.278375888350616e-12,0.01009456855474922,3.717123117768684e-13,0.0016666353119698084,0.0016666666666666668,3.762563623010279e-07,0.24112474981093326,9.206427807606499e-10
32,forward,graph,cylinder_000,0.6,ebe9367838da6a9bfc9d57c4877cafab48765aa3265bba7a9216c8c88d3d3b0f,e8068a2de2dcf06f54d4e2d41bd70a993d9e0a80b2dbd39e209e06cbd8c287c5,f52ea19bb3dc82eb967d764503f0dd244c0d80b55b4f6fbaf610d857e678a4ad,32.38714804372165,32.4135104875067,0.0008133165272304496,1.000043944346947,2396.1435862162234,3.0702463890868588e-15,32.37363731861117,32.399999999999935,2.6362681388761187e-06,363.39121934534614,1.3411283546815867e-09,0.013510725110481688,0.013510487506764604,2.85124460500108e-06,0.9415268824971248,5.925491683572703e-07
32,forward,graph,cylinder_090,0.6,ebe9367838da6a9bfc9d57c4877cafab48765aa3265bba7a9216c8c88d3d3b0f,0025d87d77634cb8a3c16a1f54924fc7f08f5cc47316769724a3e491f1f33cc2,c0bc5591f78487017e80654e9ad01257ed228ab96755ac0f26a41f44f10d1997,32.38714804372166,32.4135104875067,0.0008133165272302304,1.000043944346947,2396.1435862162252,3.0702463890868588e-15,32.37363731861118,32.399999999999935,2.6362681388754084e-06,363.39121934534614,1.3411283546815867e-09,0.01351072511048168,0.013510487506764606,2.8512446048969964e-06,0.9415268824971226,5.925491683572703e-07
32,forward,graph,cylinder_045,0.6,ebe9367838da6a9bfc9d57c4877cafab48765aa3265bba7a9216c8c88d3d3b0f,e5fe312abf5d7a42e27f2f9efa398b1ed5f3a5667ddb3c609ae9d0ceb906aa82,f0bbd682c989bcc3452f03e4d4dd94b13c8e88a19f7c6423f70e282680492780,83.73564619451746,83.71257835432118,0.0002755600251450807,1.0000219724148565,6656.159218440076,2.207181735933409e-15,83.72306790947921,83.69999999999987,2.3067909479337344e-06,487.09934359704107,7.733107310059494e-11,0.01257828503824468,0.012578354321311904,8.313968066914201e-07,0.6649635930924446,3.2896413072747155e-08
32,forward,graph,cylinder_135,0.6,ebe9367838da6a9bfc9d57c4877cafab48765aa3265bba7a9216c8c88d3d3b0f,cb257cc1499e50745a6b7fb5d095195f884751360a9de817d2584bffd7d5374b,9b1f09778214608a7f3257dbee16786055500c0bedcce717424f327ea9807c71,2.711286495932871,2.7145795876250736,0.0012131129649742714,1.0000219724148565,184.96775426986903,8.717306711871647e-15,2.696707159280785,2.699999999999985,3.2928407192001076e-07,103.82228489051025,6.933678875498117e-12,0.014579336652086251,0.014579587625088285,3.0116760244003338e-06,0.7030054064259562,2.1453974013985189e-10
32,forward,graph,twist,0.6,ebe9367838da6a9bfc9d57c4877cafab48765aa3265bba7a9216c8c88d3d3b0f,c08dbba9aefde47fe8b6ecb8233fa2583bca8655c421751ad337318b64e2b05f,5aae512d2c4510c3ba14177f7558cc54dccc44c7465e1802cb898b958b9e7cc9,101.04427255438401,100.82454852612463,0.0021792711345733976,1.0,4115.240526638447,2.6786333292543506e-15,101.0197248458863,100.79999999999983,2.197248458864749e-05,465.07063313771255,1.788090273180387e-10,0.02454770849771076,0.024548526124805688,9.811525139138966e-06,0.2425061426025707,4.670807032813862e-09
32,forward,graph,dome,0.6,ebe9367838da6a9bfc9d57c4877cafab48765aa3265bba7a9216c8c88d3d3b0f,f2c1ed6aa05ed7f25f5644147d29babfe78d81413ab1da9e44b9d2c464f55e36,e14a914f1773b1ce56a94c6a454f793014803eb7b1c3895ceb649543830da643,100.75424799876087,100.82454852612463,0.0006972560590791066,1.0000878867629586,4103.152895070863,2.6786333292543506e-15,100.72969865798954,100.79999999999983,7.030134201028204e-06,625.8864273829074,9.554735271422033e-10,0.024549340771336255,0.024548526124805688,9.775758366803444e-06,1.2693224865533457,1.3886276270524966e-07
32,forward,graph,saddle,0.6,ebe9367838da6a9bfc9d57c4877cafab48765aa3265bba7a9216c8c88d3d3b0f,0fb2bda57c14aa0df65ae3864aab4f0c003938948403292ca220eb8a407ede61,cfe22c30e7316f5d2d9427996cd8cc453d4470e4d5a8ce50b7b420cbdf27f40f,100.75424799876092,100.82454852612463,0.0006972560590786837,1.0000878867629586,4103.152895070862,2.6786333292543506e-15,100.72969865798959,100.79999999999983,7.030134201023941e-06,623.0794879079737,3.293463748832437e-10,0.024549340771336275,0.024548526124805688,9.775758367053244e-06,1.2696409076455843,1.3659831815671097e-07
32,forward,isometric,cylinder_000,0.6,ebe9367838da6a9bfc9d57c4877cafab48765aa3265bba7a9216c8c88d3d3b0f,ca73b6d8e77c5997c560d09fa64b0b0a7b6efc2f6a4ea9fc9063dbea66982ffc,d9faeeffbc6a0066c2ff6bece8c937d4991121e90f29c294636a3bc434307c3b,0.014998875731876063,0.014999999999999998,7.495120826229534e-05,0.9999853516268684,7.153437537452555e-05,0.0,1.072858460540044e-06,0.0,1.072858460540044e-10,0.036431762629494255,1.6403923081021988e-13,0.014997802873415523,0.014999999999999998,2.636551901369355e-05,1.0098390610141144,1.273041991323165e-06
32,forward,isometric,cylinder_090,0.6,ebe9367838da6a9bfc9d57c4877cafab48765aa3265bba7a9216c8c88d3d3b0f,1254d36650940620d2d5d5f6bb33a8189372fae8137e14e2e5fd89e0dbdde5c2,cfcec62fd1e43135643eb27c26c0a02b1994ecc4d6a9fe65bfede2b86afaa0f4,0.014998875731876042,0.014999999999999998,7.495120826368312e-05,0.9999853516268634,7.153437537457222e-05,0.0,1.0728584605407422e-06,0.0,1.0728584605407422e-10,0.036431762630037834,1.6403923074042437e-13,0.014997802873415502,0.014999999999999998,2.636551901394335e-05,1.0098390610141081,1.2730419911358148e-06
32,forward,isometric,cylinder_045,0.6,ebe9367838da6a9bfc9d57c4877cafab48765aa3265bba7a9216c8c88d3d3b0f,9db0b70a0016bbe945d8b4f993a1a2a995e661eafd7a4359f7da5a4cf466db6d,2a82f8d56261a1445291503a36c90fdb815c4bd4305fbf6013cb794bf75cbccb,0.014999169619706541,0.014999999999999998,5.53586862304482e-05,0.9999926757973319,1.788249359754672e-05,0.0,2.682177582905741e-07,0.0,2.682177582905741e-11,0.01821652027035894,4.056382886879709e-13,0.014998901401948251,0.014999999999999998,1.3183176620960857e-05,0.7309873856814733,1.1174908523536864e-07
32,forward,isometric,cylinder_135,0.6,ebe9367838da6a9bfc9d57c4877cafab48765aa3265bba7a9216c8c88d3d3b0f,a08aceb9d501f03f9974f6ab9845885578c3fef31d89204ee7faecd16537ed09,ff319724f17219e4c3926906a14286cf303609aaf515daab7fd2a0dba414b7e2,0.015004165691715634,0.014999999999999998,0.0002777127810424385,0.9999926745099346,0.00044708768731112363,0.0,6.7051799357515685e-06,0.0,6.705179935751568e-10,0.09098261369395552,1.9687096374118135e-13,0.014997460511779883,0.014999999999999998,3.047385864137636e-05,0.7233050809897463,3.845140955638371e-09
4,backward,rest,rest,0.0,ef315d7b98e9a832a96216f62e1b3ea909c707ed17035d71a3436a84f71f43c4,4e6d932e82e1339443f38ff2afc165d580003ad04de31d2f56bddcb2bf2329fc,560a5da7af7e04ca0ba30663a103a633db49511eefc5554e0ba1bc54c84a10b6,6.162975822039155e-29,0.0,,1.0,,0.0,6.162975822039155e-29,0.0,6.162975822039155e-33,5.551115123125784e-13,0.0,0.0,0.0,0.0,0.0,0.0
4,backward,affine,extension,0.0,ef315d7b98e9a832a96216f62e1b3ea909c707ed17035d71a3436a84f71f43c4,5dcb04c3c6c0c5e0a0b3ca19a73e4a9d78de58f70cfa8fbd4abd47a038868b17,da59ebc42cae27301cad6683cc8216117013861ac0bc036e6bf677e782f7f650,0.549877601250002,0.5498776012499998,3.836169616643024e-15,1.0069699999999997,,0.0,0.549877601250002,0.5498776012499998,2.1094237467877974e-19,69.98497124158891,3.414289947434313e-11,0.0,0.0,0.0,0.0,0.0
4,backward,affine,shear,0.0,ef315d7b98e9a832a96216f62e1b3ea909c707ed17035d71a3436a84f71f43c4,66aca2c7e1a40b56e562429a888a77269f3c18df40c4e303fb7b5793ddeb6088,12b7fb833460f543e6bf3e065cc2400696f9b8973c679a12821deca9f1b3e798,1.0002000000000018,1.0002,1.776001639072436e-15,0.9999999999999996,,0.0,1.0002000000000018,1.0002,1.7763568394002505e-19,93.578847503055,9.484519110092293e-11,0.0,0.0,0.0,0.0,0.0
4,backward,graph,cylinder_000,0.2,ef315d7b98e9a832a96216f62e1b3ea909c707ed17035d71a3436a84f71f43c4,688d90f76f3fe0bc72fc019ddb06c74abbb64c43f4b7ed5a5b0910a954680ad1,3aa5ba2021ed45ed2eb3b058c9f5ee78e21602501e60894616d1c71872dd3be1,0.3810398155249466,0.40164496299874836,0.05130189438941371,1.000312451187128,230.59512391141558,2.9143354396410407e-15,0.3793945312500035,0.39999999999999936,2.0605468749995857e-06,85.32024641814256,6.226765503214438e-12,0.0016452842749430819,0.001644962998749007,3.855314328899372e-06,0.11175628689220556,4.182342131474337e-09
4,backward,graph,cylinder_090,0.2,ef315d7b98e9a832a96216f62e1b3ea909c707ed17035d71a3436a84f71f43c4,03d3472b88ee82e556e8e3445948ee9a0ee105dccf02db6b2fd7b261889a4b28,83804f421dabb5d782bd428f14248eb681429bd99ffea1db1e2a60917a848fc0,0.38103981552494665,0.4016449629987483,0.05130189438941344,1.000312451187128,230.59512391141558,3.1918911957973306e-15,0.37939453125000355,0.3999999999999993,2.0605468749995747e-06,85.32024641814256,6.226765492112207e-12,0.001645284274943082,0.001644962998749007,3.855314328901974e-06,0.11175628689220564,4.182342128872252e-09
4,backward,graph,cylinder_045,0.2,ef315d7b98e9a832a96216f62e1b3ea909c707ed17035d71a3436a84f71f43c4,0e3c242927c3e0a7a6c33ac38c8b5817272466418e781d849f247db3693debaa,c16f9c9defe7b6e06b9b3184f653f73db4c1d9193d5404606a5b7f34380ca8ba,1.0168876920139753,1.0349624312844845,0.0174641501219293,1.0007809450624048,623.2776410320425,2.1488187573390147e-15,1.015258789062505,1.0333333333333323,1.8074544270827219e-06,113.81522729361724,8.658029093666642e-12,0.0016289029514702435,0.0016290979511520763,2.3399961819933063e-06,0.08705518875720557,9.159879937881144e-10
4,backward,graph,cylinder_135,0.2,ef315d7b98e9a832a96216f62e1b3ea909c707ed17035d71a3436a84f71f43c4,d48203bf10d288e24e725e4f9daa15a70271260d24c181b4baf2a0841897e48f,2b0f0c659f11f70ded04e07f71717ad0a903992983803bc4d362e7ed2bbb4959,0.03742758622351417,0.03499448841854452,0.06952802898185202,1.0001562377948756,21.53337258436004,8.534839501805932e-15,0.03576660156250112,0.03333333333333317,2.433268229167944e-07,25.75170129877833,1.7680581790302518e-13,0.001660984661013057,0.0016611550852113524,2.0450903795458594e-06,0.09513724977241594,1.4223833178991785e-09
4,backward,graph,twist,0.2,ef315d7b98e9a832a96216f62e1b3ea909c707ed17035d71a3436a84f71f43c4,a4deab3309d5a170250a523196b6c72ae38f69885115506bbda48866e55b30cf,db82b0f6a72b4ae711185c6244cfb470fa9c4ea3a97dedc04f36bbfe1f13154a,1.2962137203840276,1.247692067953776,0.03888912470993544,1.0012492197250393,398.4531742931257,2.6764305057927917e-15,1.2929687500000075,1.2444444444444427,4.8524305555564866e-06,113.51946935162732,1.4924448787922983e-11,0.0032449703840201393,0.003247623509333337,3.1837503758373395e-05,0.08987712179466485,2.2656550385802277e-09
4,backward,graph,dome,0.2,ef315d7b98e9a832a96216f62e1b3ea909c707ed17035d71a3436a84f71f43c4,c2c293637a4d948023d16816d07e00d5ddbfbeac6ed6911b59fc7889fffee7a3,0b6ca47ee690107b96d0c58748a0d1cae3095ac36a8c8819cb7cbca56d524a96,1.192702001982255,1.247692067953776,0.04407342755789505,1.000624804809475,366.1120847293014,2.6764305057927917e-15,1.1894531250000064,1.2444444444444427,5.4991319444436244e-06,143.5528752011456,1.7225104875784326e-11,0.003248876982248409,0.003247623509333337,1.5041674980861494e-05,0.15700559598867042,5.982174641067095e-09
4,backward,graph,saddle,0.2,ef315d7b98e9a832a96216f62e1b3ea909c707ed17035d71a3436a84f71f43c4,67a054c46b292490f46dc1deb5af2504fe189e3e962ecd5f96ce42c0bf434d9e,bacb6405d9100b016f62864e6fbfb30665b5ed13cc1cf984ed1841712756c250,1.1927020019822545,1.247692067953776,0.0440734275578954,1.000624804809475,366.1120847293012,2.6764305057927917e-15,1.189453125000006,1.2444444444444427,5.499131944443669e-06,140.60156054654962,5.328913288416004e-12,0.0032488769822484093,0.003247623509333337,1.5041674980866698e-05,0.156583668014266,2.871002180784843e-09
4,backward,isometric,cylinder_000,0.2,ef315d7b98e9a832a96216f62e1b3ea909c707ed17035d71a3436a84f71f43c4,a09e398e476d2a7914efa7a8aa9e43e28e2c36c78aa698bce2611eab659ce07b,4eb9061a531084df440235e044aa3d5ba317d277e106d37bb20ff4034cf0645f,0.0017191757673582554,0.0016666666666666668,0.031505460414953154,0.9998958365884931,0.03258058129167824,0.0,5.4244430757193415e-05,0.0,5.4244430757193416e-09,0.690158712318411,2.3342429954749194e-12,0.001664931336601062,0.0016666666666666668,2.082396078725672e-05,0.11261858291340464,8.489363274855055e-10
4,backward,isometric,cylinder_090,0.2,ef315d7b98e9a832a96216f62e1b3ea909c707ed17035d71a3436a84f71f43c4,2301c0720b3cbe1804c27ce45ac0a3fbb95b02d5a7cb7266e83ed03c8346e433,0f915b734adc790d7a90d806fa3d036f978f5b2b414554f2fd53727cfdc3f5be,0.0017191757673582554,0.0016666666666666668,0.031505460414953154,0.9998958365884929,0.032580581291678276,0.0,5.424443075719346e-05,0.0,5.4244430757193465e-09,0.6901587123183062,2.3342429954694983e-12,0.0016649313366010618,0.0016666666666666668,2.0823960787259323e-05,0.11261858291340471,8.489363326896759e-10
4,backward,isometric,cylinder_045,0.2,ef315d7b98e9a832a96216f62e1b3ea909c707ed17035d71a3436a84f71f43c4,a8ccec4039165918f9c4d276bda8f6eb45212ae03f1a82743c46d9c7b2e7bb2c,3719abfcb209d5e351b8896dbe5a4d669e45c80891cfa0a330230b10302dece9,0.0020030460684372607,0.0016666666666666668,0.20182764106235634,0.9999478523973133,0.20369212760280403,0.0,0.0003389610233465375,0.0,3.389610233465375e-08,1.7233057903196376,2.057393209389715e-12,0.0016640850450907233,0.0016666666666666668,3.097945891132169e-05,0.0881072425326496,2.2259579075811775e-10
4,backward,isometric,cylinder_135,0.2,ef315d7b98e9a832a96216f62e1b3ea909c707ed17035d71a3436a84f71f43c4,a5bc141cdcd9902c3489b68dbf57e8ca664ce2a4ec510962f997ca04bf97ba75,02ef35dcb54eed73c60450c7f4b5ec66b7dd26616f284ef1825196e1f93c56f2,0.0016793610442217062,0.0016666666666666668,0.007616626533023685,0.9999479174804622,0.008141582147597503,0.0,1.3562237823659568e-05,0.0,1.3562237823659568e-09,0.3451654890090117,9.085551464359812e-14,0.0016657988063980467,0.0016666666666666668,1.0414323223441324e-05,0.09557895459260848,2.6481328250019254e-09
4,backward,graph,cylinder_000,0.6,ef315d7b98e9a832a96216f62e1b3ea909c707ed17035d71a3436a84f71f43c4,90b958f29652e2e36d63a1c8dd99a9cc7e051fb519b91f51d71af1d09ea90d78,e922929e6ee5cf4e1b6ce9e179d5a49fe105659a318ff85e39071ecb68c44a52,30.744482766131114,32.4135104875067,0.05149172972236027,1.002808556006579,2272.036033640003,3.0702463890868588e-15,30.730957031250046,32.399999999999935,0.00016690429687498884,861.0698133868135,6.597606194702621e-10,0.01352573488106891,0.013510487506764604,0.0001829684916516694,0.3169562877791104,2.535879960186005e-08
4,backward,graph,cylinder_090,0.6,ef315d7b98e9a832a96216f62e1b3ea909c707ed17035d71a3436a84f71f43c4,6c27ec1fd34577189c5e2a7d576a58500a917af3158da963803e4caf247a3ce1,b10376619c74405c1e54a28568477d24083cff348f88c526aec59a1e712b5b77,30.74448276613111,32.4135104875067,0.05149172972236037,1.002808556006579,2272.036033640003,3.0702463890868588e-15,30.730957031250043,32.399999999999935,0.0001669042968749892,861.0698133868135,6.597606194702621e-10,0.01352573488106891,0.013510487506764606,0.00018296849165164858,0.31695628777911056,2.5358799643493413e-08
4,backward,graph,cylinder_045,0.6,ef315d7b98e9a832a96216f62e1b3ea909c707ed17035d71a3436a84f71f43c4,7a5fb48c884f967ea1adf5f2fb54662fed8b42ae36324f512b89cb7e1641ef73,7c0797d77b238a1d6cd1c80402ca6540a31ae9f5e3eea9c3196d90c8d3e11e4b,82.248519100259,83.71257835432118,0.0174891191126071,1.0070067030561416,6548.916343806817,2.207181735933409e-15,82.23596191406257,83.69999999999987,0.00014640380859373038,1201.8114730780585,4.352567984255984e-10,0.012557186196435616,0.012578354321311904,0.0002540174985154603,0.24028801231458313,3.0900438041658873e-09
4,backward,graph,cylinder_135,0.6,ef315d7b98e9a832a96216f62e1b3ea909c707ed17035d71a3436a84f71f43c4,8d65ac0df15a2248699479203fd4968a8263534e2e0dcf681d1a14ac38065805,c9d3ccc7f800e6cc14e5b6c0e9c2f882031224d1626ad476e56e1dbf1d094fe9,2.91166228488407,2.7145795876250736,0.07260155427287349,1.0014052626184866,198.87304808486047,8.717306711871647e-15,2.89709472656251,2.699999999999985,1.9709472656252513e-05,242.40446293093345,4.447647796723686e-11,0.014567558321559492,0.014579587625088285,0.000144351642345511,0.276029748581117,1.689360884515878e-08
4,backward,graph,twist,0.6,ef315d7b98e9a832a96216f62e1b3ea909c707ed17035d71a3436a84f71f43c4,f9d2cd4e29357d0821e3e7212baefd03720e7673e9526c59477e3cdc325745e2,338b187cd1d90628cbe905f77accd2ac8faf8ccdc11115b52033692b812d2388,104.75486107046255,100.82454852612463,0.038981702390857124,1.0111874208078342,4293.583667490896,2.6786333292543506e-15,104.73046875000006,100.79999999999983,0.00039304687500002304,1197.330832747105,7.845467578704301e-10,0.024392320462501414,0.024548526124805688,0.0018744679476512816,0.2427378962958095,5.289219812132373e-09
4,backward,graph,dome,0.6,ef315d7b98e9a832a96216f62e1b3ea909c707ed17035d71a3436a84f71f43c4,46e78a12a857574f1d0f9bebd579f08901f4711869ea366542b3d1943e58ae9f,430f3c9f05f5d33db221657db2065dcfa8c06c8e0f4ca7333bc5b9b6948e7d46,96.37030396926244,100.82454852612463,0.04417817507715449,1.0056092680559383,3916.3575890915245,2.6786333292543506e-15,96.34570312500007,100.79999999999983,0.0004454296874999756,1510.342778589646,2.442279154024618e-10,0.024600844262372204,0.024548526124805688,0.0006278176507981958,0.42382361402278906,5.6091358641152667e-08
4,backward,graph,saddle,0.6,ef315d7b98e9a832a96216f62e1b3ea909c707ed17035d71a3436a84f71f43c4,68f4dcdb35020e14f7467945a0e35465e7c36a0801e2df24c63a69c31398502a,540f2e6d616a4e37f97e89accdbaa5f91d04a575cea0868b2a71e9eacd32c427,96.37030396926242,100.82454852612463,0.04417817507715464,1.0056092680559383,3916.357589091524,2.6786333292543506e-15,96.34570312500006,100.79999999999983,0.000445429687499977,1474.0626159370322,6.845918150588659e-10,0.024600844262372204,0.024548526124805688,0.0006278176507981958,0.4232760424079559,3.1940384920270404e-08
4,backward,isometric,cylinder_000,0.6,ef315d7b98e9a832a96216f62e1b3ea909c707ed17035d71a3436a84f71f43c4,3968ddb60f2f5c1da81a94758696da2e14815c494a812545587c51d1f7d60cea,14c31665cdf02ef7998dd133bdd261e2259a87573fb6db3b81e8054b30233788,0.019247887762336185,0.014999999999999998,0.28319251748907925,0.9990627636365645,0.2952867661981561,0.0,0.004387944570890348,0.0,4.3879445708903486e-07,6.293929060399252,7.591152429743675e-13,0.014859943191445839,0.014999999999999998,0.0016806817026499069,0.3351407803687888,2.3876903267050498e-08
4,backward,isometric,cylinder_090,0.6,ef315d7b98e9a832a96216f62e1b3ea909c707ed17035d71a3436a84f71f43c4,398b1c95e9f401f4b1beb12bdfd41278b91018442f78ca183e8ae89d4239d025,6e20409577caf5a1508fcf9214c9fea73c25abeb6cc3a2a84857f5af971d914e,0.019247887762336227,0.014999999999999998,0.28319251748908203,0.9990627636365643,0.29528676619815847,0.0,0.004387944570890385,0.0,4.3879445708903846e-07,6.293929060399367,7.591152466172868e-13,0.01485994319144584,0.014999999999999998,0.001680681702649886,0.3351407803687889,2.3876903267050498e-08
4,backward,isometric,cylinder_045,0.6,ef315d7b98e9a832a96216f62e1b3ea909c707ed17035d71a3436a84f71f43c4,95e1e55f72ddd293d6b3c3991d5cc31d4dc2fde6283fe19ef56814744c36a2bf,5171b87937bf17b9be47d6914a0916c4ff2a067ecf03e6e80e31776e306eb6d0,0.04216858546226383,0.014999999999999998,1.8112390308175892,0.9995260577661732,1.8506867257890443,0.0,0.027376154894295353,0.0,2.737615489429535e-06,15.566617742197417,5.828776093036447e-12,0.014792430567968477,0.014999999999999998,0.0024908331843782536,0.2614242379055302,3.8744046138017296e-08
4,backward,isometric,cylinder_135,0.6,ef315d7b98e9a832a96216f62e1b3ea909c707ed17035d71a3436a84f71f43c4,cbc852e684ce878e3b026977cdb5f94d3a9c063da7908435ed8b19e5e0edcb03,c4c7b356fd0f02ae58d21a9e6340bce30c9f1063a795ab601d83c2eaa4d54a2d,0.016027638873039454,0.014999999999999998,0.0685092582026304,0.999531315913554,0.07353125780901389,0.0,0.0010978091578334862,0.0,1.0978091578334862e-07,3.1539472469432104,3.680465158507895e-12,0.014929829715205966,0.014999999999999998,0.0008420434175283806,0.28695075850318863,2.1942418090836746e-08
8,backward,rest,rest,0.0,3087758489def7157379d78c4c9daab2128f29806c654275649ccd5d6b92636b,bd678fa93f59093c55a1c819d54c5dccaae6f5b86c7ecba869430fed13507c38,b0266b6785b388615bd7e2e72db311db56bfd73e6573dde9bed7817b9b7e0135,6.162975822039155e-29,0.0,,1.0,,0.0,6.162975822039155e-29,0.0,6.162975822039155e-33,3.925231146709438e-13,0.0,0.0,0.0,0.0,0.0,0.0
8,backward,affine,extension,0.0,3087758489def7157379d78c4c9daab2128f29806c654275649ccd5d6b92636b,941e240e9459ee7af672e81c3ffb9cddcdabfcd4fb34aa16f679fb7ccbbdd78f,3a0196fe18af1c8735778e303b7a4e7fe161104c14d44d2d4b0f284f51525e0d,0.5498776012500013,0.5498776012499998,2.6247476324399637e-15,1.0069699999999997,,0.0,0.5498776012500013,0.5498776012499998,1.4432899320127034e-19,51.22375390497574,3.41141769499842e-11,0.0,0.0,0.0,0.0,0.0
8,backward,affine,shear,0.0,3087758489def7157379d78c4c9daab2128f29806c654275649ccd5d6b92636b,99a1d09b95649c4de9714b6a752c3a4b6d5935be189cf00b6a99153f2544bb86,882c5a13537ec558a6ab5f08c82f4c71be8df86b3ecad02039e42e6f0ab8602e,1.0002000000000006,1.0002,6.660006146521635e-16,0.9999999999999991,,0.0,1.0002000000000006,1.0002,6.661338147750939e-20,68.4927030785032,8.190869911217647e-11,0.0,0.0,0.0,0.0,0.0
8,backward,graph,cylinder_000,0.2,3087758489def7157379d78c4c9daab2128f29806c654275649ccd5d6b92636b,bb0bf3af5910d733446cca77095f86328a5409043209a0c7d3538c41a5ad77d0,747b4160f7d8fabdd3fe33c5e7858b4ff727c5bf9e20de5759bbd4acfc3a062c,0.39645095147408205,0.40164496299874836,0.012931847783890905,1.0000781219484807,239.9972785969838,2.9143354396410407e-15,0.3948059082031285,0.39999999999999936,5.194091796870859e-07,66.47912710750126,4.386631113906247e-12,0.0016450432709535327,0.001644962998749007,9.632664543096636e-07,0.1618190560190018,2.2928405684491393e-09
8,backward,graph,cylinder_090,0.2,3087758489def7157379d78c4c9daab2128f29806c654275649ccd5d6b92636b,c970582ffe17a654387dde28f14f0b382f713274eb1b8b1a102c0cd3d51bd046,036adfc44ab237af70f4f6327069f803f2eac7455db73bda64768f9c62de5115,0.3964509514740821,0.4016449629987483,0.012931847783890631,1.0000781219484807,239.99727859698382,3.1918911957973306e-15,0.39480590820312855,0.3999999999999993,5.194091796870748e-07,66.47912710750126,4.386631102804017e-12,0.0016450432709535327,0.001644962998749007,9.632664543096636e-07,0.16181905601900184,2.2928405736533097e-09
8,backward,graph,cylinder_045,0.2,3087758489def7157379d78c4c9daab2128f29806c654275649ccd5d6b92636b,661c1d1e9e4b8e8c978a68f77e4feb3208ccc58423941384d0c5b6e164dcd061,e4d7a8ac790237f2fb509d1e395b37db21607da0117246992a1066443201e0fd,1.0304147547379348,1.0349624312844845,0.004394049879574528,1.000195293430238,631.5252624361044,2.1488187573390147e-15,1.0287857055664134,1.0333333333333323,4.547627766918971e-07,86.4449372285576,1.0383428783455884e-12,0.0016290491715214676,0.0016290979511520763,5.85355567303894e-07,0.1201137284672718,3.7312488255364373e-10
8,backward,graph,cylinder_135,0.2,3087758489def7157379d78c4c9daab2128f29806c654275649ccd5d6b92636b,2ae83595e459d06796ac81b4a92b7dbdcfd04ff47c2d647e990231c263a268a1,6b1a3fe212e244a327e133e7b3b09eedc5db64d72aacc74984d3ff8f7d1f6f8e,0.035634806367565094,0.03499448841854452,0.018297679947830017,1.0000390617370902,20.45237359931619,8.534839501805932e-15,0.03397369384765723,0.03333333333333317,6.403605143240551e-08,20.220233594907032,2.9020857245098954e-13,0.001661112519907866,0.0016611550852113524,5.107836418358908e-07,0.12606749166028777,4.512446926535629e-11
8,backward,graph,twist,0.2,3087758489def7157379d78c4c9daab2128f29806c654275649ccd5d6b92636b,958ec1b8a688f7cf4ae2b2c98ac9db249d7c12a7d4264f7ece70bfa35c3d9638,f1982ba592c5d16500489b5b84c00c3f501479eb71062cfd96b83206f0ef92b1,1.2598387571369052,1.247692067953776,0.009735326123415917,1.000312451187128,387.00559770350947,2.6764305057927917e-15,1.2565917968750082,1.2444444444444427,1.2147352430565528e-06,83.75494415720429,8.531259965138816e-12,0.0032469602618970415,0.003247623509333337,7.958969235546606e-06,0.08974434349882197,7.352089770318315e-11
8,backward,graph,dome,0.2,3087758489def7157379d78c4c9daab2128f29806c654275649ccd5d6b92636b,cedabc8f717bb4291fff8510a72d5e14233103e3d404cfad74589f8d74af4873,a2bdb289fe230e4fe8fe1e1921cf505e3288822f81e36c0d8011868474dc7c52,1.2338387569662166,1.247692067953776,0.011103149040835777,1.0001562377948756,378.88387352230944,2.6764305057927917e-15,1.230590820312507,1.2444444444444427,1.3853624131935583e-06,110.75247117723545,3.5906255524409404e-12,0.003247936653709405,0.003247623509333337,3.757732512816095e-06,0.22720434959310265,6.371444455366415e-09
8,backward,graph,saddle,0.2,3087758489def7157379d78c4c9daab2128f29806c654275649ccd5d6b92636b,d8c59db56d5796db52030f28ec4058013f6bb4311b115715974e9d4124d19ae8,2e748a1117ea0d102f693bc011337359f83ca9701db43b40c29249bcd11052c2,1.2338387569662161,1.247692067953776,0.011103149040836133,1.0001562377948756,378.8838735223088,2.6764305057927917e-15,1.2305908203125067,1.2444444444444427,1.3853624131936028e-06,109.29702507919492,6.789881856761326e-12,0.003247936653709409,0.003247623509333337,3.7577325128629324e-06,0.227281034727953,6.37504570487335e-09
8,backward,isometric,cylinder_000,0.2,3087758489def7157379d78c4c9daab2128f29806c654275649ccd5d6b92636b,75b945f8af0fa05edc521e7f934da6f75d2d2258f64c169ec4fb2da98e03793b,e4425fe1f0a51b62848a47b1ec8356492c21e07ac550d24fa9274cf38c00f143,0.0016696233884456629,0.0016666666666666668,0.001774033067397651,0.9999739585367825,0.0020349503144703645,0.0,3.390700731844036e-06,0.0,3.390700731844036e-10,0.1262055711766448,5.860239767657166e-13,0.0016662326877138187,0.0016666666666666668,5.207747434176312e-06,0.163271713567522,7.268305970108135e-09
8,backward,isometric,cylinder_090,0.2,3087758489def7157379d78c4c9daab2128f29806c654275649ccd5d6b92636b,b8dc3110a7893b7d2aaf269c81707f8a6defd7990821f9d445ff0ceab379c33c,07ed8ee41a5f381474ae44682a1e402987e21bf8a5361abcd78ee6119168d931,0.0016696233884456618,0.0016666666666666668,0.0017740330673970005,0.999973958536782,0.00203495031446986,0.0,3.3907007318431953e-06,0.0,3.390700731843195e-10,0.12620557117652395,5.860239768497847e-13,0.0016662326877138185,0.0016666666666666668,5.207747434178914e-06,0.16327171356752213,7.268305975312306e-09
8,backward,isometric,cylinder_045,0.2,3087758489def7157379d78c4c9daab2128f29806c654275649ccd5d6b92636b,47b7bc38f41ce053bf62f0cbc7c9680d1db778a2a7460e09bc80dcb18e98424c,882d7b917378575236f4e9d2c6c6567d41179ff79eb686795a69c153602c90dc,0.0016872886416447585,0.0016666666666666668,0.012373184986855029,0.9999869751488457,0.012718843764751934,0.0,2.1190837665607118e-05,0.0,2.1190837665607118e-09,0.3153437028151568,4.408113830109661e-13,0.0016660978039791513,0.0016666666666666668,6.826352250185325e-06,0.12166480441357445,7.759142000782204e-10
8,backward,isometric,cylinder_135,0.2,3087758489def7157379d78c4c9daab2128f29806c654275649ccd5d6b92636b,fac00485d390cc01e55fc390cb0fc9024bb3dde2ba27bdedc9e09c11e24d3376,53eaecc72b476bd347804bcbe0a357c2eed72e5b96e004a1d50ab3654bc3eba9,0.0016672973578274396,0.0016666666666666668,0.000378414696463724,0.9999869792175283,0.0005086819367202625,0.0,8.476928430311017e-07,0.0,8.476928430311017e-11,0.06310672589450922,4.876269942197886e-14,0.0016664496649844087,0.0016666666666666668,2.604020187097454e-06,0.12661487048698575,3.6970703321675957e-10
8,backward,graph,cylinder_000,0.6,3087758489def7157379d78c4c9daab2128f29806c654275649ccd5d6b92636b,bd4b5d78a0a6a8800fa04f31e380b81164ed996f6ea3f91eecfec6d6668552b6,c27cc3c1fde0c5614352d82dd759650366902ea645c3a33e5c60c74c60a15932,31.99279285604652,32.4135104875067,0.012979699672528142,1.0007028779812717,2366.330365415857,3.0702463890868588e-15,31.97927856445316,32.399999999999935,4.207214355467741e-05,678.2851882845284,1.0486846242940828e-09,0.013514291593360483,0.013510487506764604,4.564903915055263e-05,0.4579419718265734,9.191715109879706e-08
8,backward,graph,cylinder_090,0.6,3087758489def7157379d78c4c9daab2128f29806c654275649ccd5d6b92636b,6a4333b06ec9ce29e4b0865ee6acd9c88bce63b9d6220e4a7f548fe713321184,abddf28ee5a1c27c921e36867edf4337f05478b22e5d8198cb0607c1d9bb8475,31.992792856046517,32.4135104875067,0.012979699672528251,1.0007028779812717,2366.330365415857,3.0702463890868588e-15,31.979278564453157,32.399999999999935,4.207214355467777e-05,678.2851882845284,1.0486846246493542e-09,0.013514291593360483,0.013510487506764606,4.564903915053181e-05,0.45794197182657354,9.191715107798037e-08
8,backward,graph,cylinder_045,0.6,3087758489def7157379d78c4c9daab2128f29806c654275649ccd5d6b92636b,4add849b910bb74d52f722713c451850f1a1980b35a41a17664a4dec2459baf8,ff21ea3eb4a246a592975f2ef0e1eea6a3c9f6e37ba4126131aa908edf2ce575,83.34421520718601,83.71257835432118,0.004400332117068947,1.0017562702573914,6627.795192820608,2.207181735933409e-15,83.33164215087896,83.69999999999987,3.683578491209118e-05,922.1800559789947,4.873033191188369e-10,0.012573056307042479,0.012578354321311904,6.357617123309983e-05,0.33226747861807165,6.290323532887054e-09
8,backward,graph,cylinder_135,0.6,3087758489def7157379d78c4c9daab2128f29806c654275649ccd5d6b92636b,11318367095aa6ec0d179aa356b757c6389a3a7962576a43667ec7f014b0e1cd,2f5f59139d77c31a0051e97d43170d45654d75376a1a4149e3c85602a228fb0e,2.766445803002063,2.7145795876250736,0.01910653701716153,1.0003515007236206,188.78675056785121,8.717306711871647e-15,2.751869201660164,2.699999999999985,5.186920166017872e-06,190.80298200113816,1.8729154760421808e-11,0.014576601341899382,0.014579587625088285,3.583539826683413e-05,0.36659976197439903,2.2411715649983677e-08
8,backward,graph,twist,0.6,3087758489def7157379d78c4c9daab2128f29806c654275649ccd5d6b92636b,9d78bf92bd8021a556dfb241256e4e3071b42a34ad5dcc8c976e954df4395288,adee6a4be805d11cf39037316bcc17a80d6c9eff91824ead14255fa36723bb2d,101.8084450207699,100.82454852612463,0.009758501367257078,1.002808556006579,4152.840488688509,2.6786333292543506e-15,101.78393554687507,100.79999999999983,9.839355468752445e-05,889.5787858213978,4.761556070320694e-10,0.024509473894823018,0.024548526124805688,0.0004686267597920346,0.2399211947960269,1.0401596167719518e-08
8,backward,graph,dome,0.6,3087758489def7157379d78c4c9daab2128f29806c654275649ccd5d6b92636b,e596140e45fb2eca86ec0c02ac9419eb7357906dcf99377862241217a168d6fd,bcb6d5176faa08f3d6c4494fbac896b703d1335dfe78d824f9ca39d97b42af5a,99.70241801653076,100.82454852612463,0.011129536665399679,1.0014052626184866,4058.2850160464145,2.6786333292543506e-15,99.67785644531257,100.79999999999983,0.00011221435546872556,1177.9001691583,1.5748348701549731e-09,0.024561571218183892,0.024548526124805688,0.00015654112053845037,0.6153523047562647,5.624713499130518e-08
8,backward,graph,saddle,0.6,3087758489def7157379d78c4c9daab2128f29806c654275649ccd5d6b92636b,d40249d308d4b46ded722f1bb0af5158335cdcc29ca8d4053e5d0d0604cbde7d,5d714f001459e723d6b30fd17260ffb4204d2617b776a49ee6bd391c2ef5d9e9,99.70241801653077,100.82454852612463,0.011129536665399538,1.0014052626184866,4058.285016046412,2.6786333292543506e-15,99.67785644531259,100.79999999999983,0.00011221435546872414,1159.891455932269,5.242189985210643e-10,0.024561571218183913,0.024548526124805688,0.00015654112053870017,0.6161377929049267,2.8886169747832646e-08
8,backward,isometric,cylinder_000,0.6,3087758489def7157379d78c4c9daab2128f29806c654275649ccd5d6b92636b,f65d5bdedd7e88c3a223e8fa05b8af3e4fed09bf40b1ea8039978501d50d1f60,e016a807221727c0b3843a392b37503a9f332a98874b2fb888829296aec6ad2a,0.015239434551041726,0.014999999999999998,0.01596230340278187,0.9997656414789395,0.018346638174600062,0.0,0.0002745552262976332,0.0,2.745552262976332e-08,1.1452895240093919,4.101380310839089e-13,0.014964879324744093,0.014999999999999998,0.0004214481030708553,0.48900004262950975,2.1815097305671882e-07
8,backward,isometric,cylinder_090,0.6,3087758489def7157379d78c4c9daab2128f29806c654275649ccd5d6b92636b,f7ef8ea550fc4bb491d290057f2e0af5b5ec38d3c87433b2ef40fa1093f43f3d,4698157b7162ce0ebe6cb3a922f8c669b2054863558c44e5dbcf3738001a01dc,0.01523943455104172,0.014999999999999998,0.015962303402781524,0.9997656414789395,0.018346638174600166,0.0,0.0002745552262976346,0.0,2.7455522629763462e-08,1.145289524009334,4.101380309483836e-13,0.014964879324744086,0.014999999999999998,0.00042144810307093855,0.4890000426295096,2.1815097299426878e-07
8,backward,isometric,cylinder_045,0.6,3087758489def7157379d78c4c9daab2128f29806c654275649ccd5d6b92636b,beac348aba1c2916324a35ab44a4d5cfead742e962d4fb6b04e5df3d93456a9c,8f34d109b9c2d5a1b9271b2fc3c1bae699ac1c975661b6c38d9b2a2776d95b11,0.016669211178557304,0.014999999999999998,0.11128074523715378,0.9998824872692872,0.11469914383798073,0.0,0.0017152110156396765,0.0,1.7152110156396765e-07,2.8495031103830115,2.4552138672400553e-12,0.01495400016291763,0.014999999999999998,0.0005519980449884207,0.36431989394964265,5.1746688600751156e-08
8,backward,isometric,cylinder_135,0.6,3087758489def7157379d78c4c9daab2128f29806c654275649ccd5d6b92636b,9d4ca47ce760d34c503254636945434905224455e26b1c5afe0925d10f4c0d95,cb615fc782d8e8bd83dddfdf7724eaf782aef50b3b9ff4d1e12a060ba453d8f2,0.015051082448733316,0.014999999999999998,0.0034054965822212517,0.9998828166198026,0.004582145479317199,0.0,6.865167742791992e-05,0.0,6.8651677427919915e-09,0.5729642629065841,1.6914692237406537e-12,0.014982430771305396,0.014999999999999998,0.0002108307443352206,0.38016034417533884,4.01186993209679e-08
16,backward,rest,rest,0.0,2ce8e8f4d4eeba3188496303e5add73cd4175626608c38370dbdc165d99f1194,bcc29bcab9dfaaf8ac58eacc51f07f204d712ea4dfa3cc0eb4a5e9461836699a,f1faf4d6171c4fa4cfe1f0cc6f12af125db66325139148cf46cbbc5fe6cbac1a,6.162975822039155e-29,0.0,,1.0,,0.0,6.162975822039155e-29,0.0,6.162975822039155e-33,2.775557561562892e-13,0.0,0.0,0.0,0.0,0.0,0.0
16,backward,affine,extension,0.0,2ce8e8f4d4eeba3188496303e5add73cd4175626608c38370dbdc165d99f1194,ab36a5e316313a91345ba1c87c7af2004786a7686783869b1dcb2819a003bb49,8286e79eab5cf399f1604bdaf84d985190210f9331cbbd75969e9d48983710d6,0.5498776012500004,0.5498776012499998,1.0095183201692168e-15,1.0069699999999997,,0.0,0.5498776012500004,0.5498776012499998,5.551115123125783e-20,36.81939296250529,3.4042370711251377e-11,0.0,0.0,0.0,0.0,0.0
16,backward,affine,shear,0.0,2ce8e8f4d4eeba3188496303e5add73cd4175626608c38370dbdc165d99f1194,59db9fc5f9120105204026ef387a68dc93303e62bc680916820e037d51706d6c,6aec2622ff8a8fc335b47302b77e0ecaab246983ecc56703c40e722dd66b3d83,1.0002000000000009,1.0002,8.88000819536218e-16,0.9999999999999982,,0.0,1.0002000000000009,1.0002,8.881784197001253e-20,49.23223226454369,7.671314301571642e-11,0.0,0.0,0.0,0.0,0.0
16,backward,graph,cylinder_000,0.2,2ce8e8f4d4eeba3188496303e5add73cd4175626608c38370dbdc165d99f1194,36e27213b77a79773fc77563e3c380bcbca3f6d4798f1eea8a46e67d396abedc,4c42118ecc0c0cfa27dfa1bba7225b014c700db62a21862f8b1fc60625576bdd,0.40034378982657587,0.40164496299874836,0.0032396103326124423,1.0000195310592688,242.37259064724694,2.9143354396410407e-15,0.3986988067626989,0.39999999999999936,1.3011932373004354e-07,49.04779257237975,4.961186678142937e-12,0.001644983063876937,0.001644962998749007,2.4078153516068207e-07,0.23349380859402952,9.19069334699707e-09
16,backward,graph,cylinder_090,0.2,2ce8e8f4d4eeba3188496303e5add73cd4175626608c38370dbdc165d99f1194,aa34b72abcc982b1a6bfaf5b63821e6ed2732c188c9f63472240799d7240f8fc,00f56c6a6ed93c765fa92376cd87481bc0b57da3fb95e125dfa789d58c846a0c,0.4003437898265759,0.4016449629987483,0.0032396103326121665,1.0000195310592688,242.37259064724708,3.1918911957973306e-15,0.398698806762699,0.3999999999999993,1.3011932373003243e-07,49.04779257237975,4.961186672591822e-12,0.0016449830638769363,0.001644962998749007,2.407815351528758e-07,0.2334938085940294,9.19069334699707e-09
16,backward,graph,cylinder_045,0.2,2ce8e8f4d4eeba3188496303e5add73cd4175626608c38370dbdc165d99f1194,11a8b31c405576fcc7c478ae520fe415f81e473fa2ad12b7664cbea9361681bb,df5775a777befb289e44526ff6c1adcd22a4b13f2bc758ca03d510440cbcea87,1.0338237001647954,1.0349624312844845,0.0011002632417061022,1.0000488269329653,633.6036096503544,2.1488187573390147e-15,1.032194614410407,1.0333333333333323,1.1387189229252748e-07,63.12181558668072,1.4530072256491168e-12,0.001629085754388315,0.0016290979511520763,1.4636116513547237e-07,0.1688249802887108,7.236942711763561e-10
16,backward,graph,cylinder_135,0.2,2ce8e8f4d4eeba3188496303e5add73cd4175626608c38370dbdc165d99f1194,11cc34bf9050d982d8d0dc77ffee917075f727d69174c43e46a711ad52bf3449,667c507f53524149a991b85c26f763d589ecdd52cdbc7b17395debc5270facca,0.03515657062440776,0.03499448841854452,0.004631649530768546,1.0000097655773168,20.164065954648695,8.534839501805932e-15,0.03349542617797942,0.03333333333333317,1.620928446462444e-08,15.095245969672265,4.5693157590953607e-14,0.0016611444464283388,0.0016611550852113524,1.2766539616345524e-07,0.1738959421410564,1.1179419369400367e-09
16,backward,graph,twist,0.2,2ce8e8f4d4eeba3188496303e5add73cd4175626608c38370dbdc165d99f1194,569f645be38c5bcc229a595b2b37c63d40dff1dbe9f3aa2b972cf75d21c18f64,02b259e3983bd668eb48aab4adf7b75576240d4a05cb144fcc8a8dc5e3cc4a6a,1.2507297575042828,1.247692067953776,0.002434646839976073,1.0000781219484807,384.1412006577447,2.6764305057927917e-15,1.2474822998046955,1.2444444444444427,3.037855360252806e-07,60.65658579757502,5.1302606607350755e-14,0.00324745769958728,0.003247623509333337,1.989716952683837e-06,0.08966943795410286,4.1400439326766403e-10
16,backward,graph,dome,0.2,2ce8e8f4d4eeba3188496303e5add73cd4175626608c38370dbdc165d99f1194,3191a4f2476fae389d847019f7f8bbbeb64639c979685fc456a95ddf18a85411,ead6ada564cc80764ac54649c59ce6a04e1a8b51625241ad5298d76f1e97b607,1.2442221280509986,1.247692067953776,0.002781086769645059,1.0000390617370902,382.1084907961806,2.6764305057927917e-15,1.2409744262695392,1.2444444444444427,3.470018174903444e-07,81.23792743915365,3.950529325891239e-12,0.0032477017814594544,0.003247623509333337,9.392655134082828e-07,0.3279952934338076,9.479573381473982e-09
16,backward,graph,saddle,0.2,2ce8e8f4d4eeba3188496303e5add73cd4175626608c38370dbdc165d99f1194,b74127e8a1e5827d1be6026b5f035fe80f10c4ce2efbcb539111a43df0cf0063,5167d975aa38a7ebb046d164c5ba1c2d2231c68ad15b068d819d92ad9865efba,1.2442221280509997,1.247692067953776,0.0027810867696441695,1.0000390617370902,382.1084907961808,2.6764305057927917e-15,1.2409744262695404,1.2444444444444427,3.470018174902334e-07,80.64401121519276,6.7367992739875145e-12,0.0032477017814594557,0.003247623509333337,9.392655134238953e-07,0.3280387215256431,3.923285326820625e-09
16,backward,isometric,cylinder_000,0.2,2ce8e8f4d4eeba3188496303e5add73cd4175626608c38370dbdc165d99f1194,1d26cd1ec3ae3d74b2cff1ecae8a45fba1c706d52f76d86f18f5fcb7cf91f75c,957ccaff5c2a266605ecee13653930bec1048fd42cb851359dd2f1bf15656903,0.0016667700881922308,0.0016666666666666668,6.205291533840918e-05,0.9999934895960476,0.00012716352962166647,0.0,2.1192541829813304e-07,0.0,2.1192541829813305e-11,0.022668296068030867,1.7182482776179756e-13,0.0016665581627739326,0.0016666666666666668,1.302046712809736e-06,0.23569429430956282,4.6992258730116365e-08
16,backward,isometric,cylinder_090,0.2,2ce8e8f4d4eeba3188496303e5add73cd4175626608c38370dbdc165d99f1194,7516cdf5c327ed2514c87c95c5263b3c2c7c7df688ba63c67cc47b4668af9624,46bcc3f45ada661ac7b50efb23abb570833bc949b0acc64cc26654e7d709da68,0.001666770088192229,0.0016666666666666668,6.205291533736834e-05,0.9999934895960462,0.0001271635296216686,0.0,2.119254182981364e-07,0.0,2.119254182981364e-11,0.022668296067979956,1.718248277614614e-13,0.001666558162773931,0.0016666666666666668,1.3020467128305527e-06,0.23569429430956215,4.699225875093305e-08
16,backward,isometric,cylinder_045,0.2,2ce8e8f4d4eeba3188496303e5add73cd4175626608c38370dbdc165d99f1194,926ec2e0944f61357792246ee8a53e1c9df51d4780f4c61fd26204801ca98e4e,7bbbc28be9026a6f05112faeb61ee09709044b98f1fe33ec51ab6a9f0e98d5c5,0.0016678599349078593,0.0016666666666666668,0.000715960944715514,0.9999967445405347,0.0007947731383194705,0.0,1.3245175837472331e-06,0.0,1.3245175837472332e-10,0.05665664723999929,1.353496530118083e-14,0.0016665354173241121,0.0016666666666666668,1.5749921106556278e-06,0.1710281993085096,1.447846191895974e-10
16,backward,isometric,cylinder_135,0.2,2ce8e8f4d4eeba3188496303e5add73cd4175626608c38370dbdc165d99f1194,36146c889c0487d5ec0e268b6eb59d463ed395d7540ce89fd9a92010b90cbb95,e9400dee1ebb1914f4200c23b7934014604203c5bd4750ab7894988f7c59fae6,0.0016666653955878987,0.0016666666666666668,7.626472608383145e-07,0.9999967447948419,3.179001312847813e-05,0.0,5.2981630519789695e-08,0.0,5.29816305197897e-12,0.01133432504392327,9.975227452488955e-14,0.0016666124139573788,0.0016666666666666668,6.510325114552837e-07,0.17456947954623608,9.358951036028684e-10
16,backward,graph,cylinder_000,0.6,2ce8e8f4d4eeba3188496303e5add73cd4175626608c38370dbdc165d99f1194,7b22d4b6f5a455eedb1d6e663eb464ec0c47ea656db5e3c4037f9f64813aade3,dc936de29310b9c0c036adf84a5c8d82ce919e1dc81db8fbaf21359c90b9c464,32.30811478582136,32.4135104875067,0.0032515978707694138,1.0001757658031911,2390.167741210547,3.0702463890868588e-15,32.29460334777835,32.399999999999935,1.053966522215859e-05,502.75145077471257,1.1750652319619804e-09,0.013511438043014554,0.013510487506764604,1.1406434999403081e-05,0.659769274000006,1.176006478656455e-07
16,backward,graph,cylinder_090,0.6,2ce8e8f4d4eeba3188496303e5add73cd4175626608c38370dbdc165d99f1194,69f53baf2ca11c4af23e32a626f9086c75eb9429a81fde062db175943ff170f1,9a5fb5927ec8dad310912361a02ff7d3764a39e984591d3d534bd0aecebdb23b,32.30811478582137,32.4135104875067,0.0032515978707691948,1.0001757658031911,2390.1677412105473,3.0702463890868588e-15,32.294603347778356,32.399999999999935,1.053966522215788e-05,502.75145077471257,1.1750652305408949e-09,0.013511438043014554,0.013510487506764606,1.1406434999382264e-05,0.6597692740000061,1.1760064782401214e-07
16,backward,graph,cylinder_045,0.6,2ce8e8f4d4eeba3188496303e5add73cd4175626608c38370dbdc165d99f1194,225830c2668c08b5db18f0ed89a0b7370552ef4461eb694b0b6691d6ba6e84c1,7708a974251ddabf4ac4899a62c269188533103d207058d9a5c43cd1f6f9eb55,83.62034079668084,83.71257835432118,0.0011018363005131848,1.0004393566078855,6647.655885450988,2.207181735933409e-15,83.6077637672425,83.69999999999987,9.223623275737224e-06,676.6895515159383,2.3756523575002576e-10,0.012577029438335679,0.012578354321311904,1.589859571470703e-05,0.46705138642110655,8.252816659226614e-09
16,backward,graph,cylinder_135,0.6,2ce8e8f4d4eeba3188496303e5add73cd4175626608c38370dbdc165d99f1194,5e9053aad62b7a69c1ce0d437b33f5f612ddcb72aba2bb7ad25d86e059159aa0,0e1af401c1049f8e137893518c601f35e2c6c408a53ed76ef9d2895d96a2b090,2.7277083627726624,2.7145795876250736,0.004836393527542469,1.0000878867629586,186.10047725952862,8.717306711871647e-15,2.7131295204162686,2.699999999999985,1.312952041628357e-06,142.82914443621434,1.683669408336641e-11,0.01457884235639354,0.014579587625088285,8.943224336942224e-06,0.5071263926784876,1.6513617057123398e-08
16,backward,graph,twist,0.6,2ce8e8f4d4eeba3188496303e5add73cd4175626608c38370dbdc165d99f1194,a596a52bbfee969abd24bb503ab279d2b90f66e0dfa0a076ec0f40d185928067,920b207d7d78d0fbb26dd80fe9daa09b7617b032a9f9f3c3a3612dfcaec97638,101.07060504720262,100.82454852612463,0.0024404425774763906,1.0007028779812717,4117.814177923755,2.6786333292543506e-15,101.04606628417977,100.79999999999983,2.4606628417994614e-05,647.2599642752978,1.2147991554911642e-10,0.024538763022844384,0.024548526124805688,0.00011715722353564106,0.23841717279689634,6.25667109788175e-09
16,backward,graph,dome,0.6,2ce8e8f4d4eeba3188496303e5add73cd4175626608c38370dbdc165d99f1194,0529dd803a716c6b6bdd313e6140ea5351ca4f7daba9fa7e53f108c16c5791b5,ee594342f8236c4b2f1b758616e8fd525c1dc7046041cfc5aa1f961c888375c6,100.54348031308032,100.82454852612463,0.0027876962223290238,1.0003515007236206,4094.159651183824,2.6786333292543506e-15,100.51892852783209,100.79999999999983,2.8107147216773854e-05,868.3761697532119,1.0152204851010537e-09,0.02455178524822966,0.024548526124805688,3.910948108765133e-05,0.8890038368071821,9.485240651252447e-08
16,backward,graph,saddle,0.6,2ce8e8f4d4eeba3188496303e5add73cd4175626608c38370dbdc165d99f1194,3644bdd18070cfb017d937884e26995e3cc3d752d81e426328fad4f37bc0248b,3baba6aa5326ec7b0df945163609e6b8c8bac7ccb5bba38b85850be5240daf42,100.54348031308032,100.82454852612463,0.0027876962223290238,1.0003515007236206,4094.159651183818,2.6786333292543506e-15,100.51892852783209,100.79999999999983,2.8107147216773854e-05,860.9799023552165,2.447111199899155e-10,0.024551785248229693,0.024548526124805688,3.9109481088067666e-05,0.8893224264520659,5.569507147140662e-08
16,backward,isometric,cylinder_000,0.6,2ce8e8f4d4eeba3188496303e5add73cd4175626608c38370dbdc165d99f1194,87596afa3a5aeed37ace8048896616bca70fb881095771c7cf28ce57b69c064a,4be7caff89ff3bf9bbfcb6e80977a53ef85612aedf452964a400043b8dc2db39,0.01500837769035165,0.014999999999999998,0.0005585126901101977,0.9999414072799564,0.0011449726091280013,0.0,1.716452844797888e-05,0.0,1.716452844797888e-09,0.2049482995632104,1.2888575827730838e-13,0.014991213161903673,0.014999999999999998,0.00010544205715590227,0.7067841708703743,9.086210036451936e-08
16,backward,isometric,cylinder_090,0.6,2ce8e8f4d4eeba3188496303e5add73cd4175626608c38370dbdc165d99f1194,be5d534a61dc4e30aab0b1fdb96965b3fc2633d350b65067fa20c61267785a47,8f3a60fa798579d31c36bd9039ae9ce93f8cf18eab57dd80f3bda755ca9b628a,0.015008377690351642,0.014999999999999998,0.0005585126901096195,0.9999414072799564,0.001144972609128089,0.0,1.7164528447980186e-05,0.0,1.7164528447980186e-09,0.20494829956300906,1.288857581468653e-13,0.014991213161903662,0.014999999999999998,0.00010544205715602717,0.7067841708703735,9.086210026043595e-08
16,backward,isometric,cylinder_045,0.6,2ce8e8f4d4eeba3188496303e5add73cd4175626608c38370dbdc165d99f1194,bcfce5bf0d67b56e16c55d2abe910d71365e6e23922f6cceb05e8b40a0be6988,dcbc0f00b27144604b13342243dc6be51dd750f3daf6042e91f7e5851546ecec,0.015096639461797267,0.014999999999999998,0.006442630786484643,0.9999706827868643,0.0071561656120383964,0.0,0.00010726643579469552,0.0,1.0726643579469552e-08,0.5112327811645883,1.3358424514462093e-12,0.014989373026002572,0.014999999999999998,0.00012752368796910968,0.5128746578438439,5.693633475106763e-08
16,backward,isometric,cylinder_135,0.6,2ce8e8f4d4eeba3188496303e5add73cd4175626608c38370dbdc165d99f1194,8dfb89c6ef2d6af605ac7734f7d5a09831616dfc0104c08a576066aa4cdb750d,49d4db4ff9519e0331a197bd7da67c4fa5fd7c98f83659927dcf65d7c1b97d67,0.014999897358154936,0.014999999999999998,6.8427896707708635e-06,0.9999707033824876,0.0002861727132532393,0.0,4.2913332630199425e-06,0.0,4.2913332630199425e-10,0.10248849730165194,4.0119060697795e-13,0.014995606024891917,0.014999999999999998,5.2727701296974294e-05,0.5238489634409491,1.7832968185471643e-08
32,backward,rest,rest,0.0,73cedc530d51a95cef5fcd55dc9ab1e18a6c542bb77c174ec6caa044d4339756,0602a0b665ee1db8ecd143c24b73b1a86d2ab429c718a86302ba77a00197df21,415770ec18ee75ffebde9dbfed923fbcb1c1294f73e1bea51752afc52fe09c5e,6.162975822039155e-29,0.0,,1.0,,0.0,6.162975822039155e-29,0.0,6.162975822039155e-33,1.962615573354719e-13,0.0,0.0,0.0,0.0,0.0,0.0
32,backward,affine,extension,0.0,73cedc530d51a95cef5fcd55dc9ab1e18a6c542bb77c174ec6caa044d4339756,5b333c755b594a970fe52ff348f43fa11f451f4c269eaccae79038b3b4312bdb,4f295cc67cb0a7a7b042a20bd485dc259d6a019d86782584a6603c1e1aa31736,0.5498776012500008,0.5498776012499998,1.8171329763045904e-15,1.006969999999998,,0.0,0.5498776012500008,0.5498776012499998,9.992007221626409e-20,26.244364215598058,3.3891577833067287e-11,0.0,0.0,0.0,0.0,0.0
32,backward,affine,shear,0.0,73cedc530d51a95cef5fcd55dc9ab1e18a6c542bb77c174ec6caa044d4339756,56c12991c8be2eb960c0bdb38099b579a903fc9a8b9f1255bd035bf41de2b709,21df8d9fb1f80c1dec1ec0bc87a28c309ce45cd9c7fcdc775a89988b9c9e3db0,1.0002000000000009,1.0002,8.88000819536218e-16,0.9999999999999964,,0.0,1.0002000000000009,1.0002,8.881784197001253e-20,35.09206781364548,7.446119947296381e-11,0.0,0.0,0.0,0.0,0.0
32,backward,graph,cylinder_000,0.2,73cedc530d51a95cef5fcd55dc9ab1e18a6c542bb77c174ec6caa044d4339756,e88bfae2fa228dabb93e0750c06dc31b72b507687d6d8d8a04f2def3f2091cc8,3a4d4b4826004c72927b4f888831aa1e89d9465817eb716d2efe0aedfa76f1ed,0.40131950281252093,0.40164496299874836,0.0008103181073092064,1.0000048828005792,242.9679672735266,2.9143354396410407e-15,0.39967453479767256,0.39999999999999936,3.254652023267912e-08,35.37764948795268,6.2246651610919916e-12,0.0016449680148483527,0.001644962998749007,6.019319214942143e-08,0.3334462079176598,3.212571401609021e-08
32,backward,graph,cylinder_090,0.2,73cedc530d51a95cef5fcd55dc9ab1e18a6c542bb77c174ec6caa044d4339756,f09d28e1c404590091a134b57c77f73e9eb674ac7e1f5a3b2eb512ae0d476d5f,f5da03b586ba9cd1c729efb7abd86abe0b9c9c652df6596e9dd17a1e9c5c5aa0,0.4013195028125209,0.4016449629987483,0.0008103181073092065,1.0000048828005792,242.96796727352617,3.1918911957973306e-15,0.3996745347976725,0.3999999999999993,3.254652023267912e-08,35.37764948795268,6.2246651610919916e-12,0.0016449680148483553,0.001644962998749007,6.019319218064645e-08,0.33344620791766016,3.212571401609021e-08
32,backward,graph,cylinder_045,0.2,73cedc530d51a95cef5fcd55dc9ab1e18a6c542bb77c174ec6caa044d4339756,ba48d04eb0a1c8d9ae8a5b82f4d7c75fdf8bb212791647650acf8132b7a5180c,a508261e00775ba231cb6a9c38cdccbf9f93181d0a6c6d86d9992e84d749e72d,1.0346776352556273,1.0349624312844845,0.00027517523365922343,1.0000122069567452,634.1242239379256,2.1488187573390147e-15,1.0330485403537821,1.0333333333333323,2.847929795501969e-08,45.316066035258565,6.772391092368935e-13,0.0016290949018451426,0.0016290979511520763,3.659168320430117e-08,0.23802086317123433,6.485909986170268e-10
32,backward,graph,cylinder_135,0.2,73cedc530d51a95cef5fcd55dc9ab1e18a6c542bb77c174ec6caa044d4339756,30ac4a47ed86f08ec6db48f8b7d66540caea5ac6ffc8de5f0cc2b3ff651eaac5,81084b0b56d5769ef85d45e53bac45a885c3a73c51a6b8cc0d48eccd76fb08c2,0.03503513413992408,0.03499448841854452,0.0011614892292015867,1.0000024414032698,20.09086053659341,8.534839501805932e-15,0.033373981714249615,0.03333333333333317,4.0648380916441515e-09,10.96509326986328,4.260008040768426e-14,0.0016611524256744694,0.0016611550852113524,3.1914442596460424e-08,0.24277037774583485,1.3843732228277505e-09
32,backward,graph,twist,0.2,73cedc530d51a95cef5fcd55dc9ab1e18a6c542bb77c174ec6caa044d4339756,7521ea30c5c26c64ba951414ed1bcfd3c9fc1f929898f1b57b9059c08016d420,ad9f40500506def54de1737099003797cf70a34a92ddadeaf212c5eaaf843a76,1.2484515539198298,1.247692067953776,0.0006087126668195938,1.0000195310592688,383.4249450811508,2.6764305057927917e-15,1.245203971862801,1.2444444444444427,7.595274183582745e-08,43.4304978374649,1.3180281754898714e-12,0.0032475820570288067,0.003247623509333337,4.974276543636552e-07,0.08963003318820503,1.878962553256147e-09
32,backward,graph,dome,0.2,73cedc530d51a95cef5fcd55dc9ab1e18a6c542bb77c174ec6caa044d4339756,8faa1f0e25a19224b83e52c0c881a4e63293d071232561c4983a5e2595c67eb3,434b68b5004399b0af79d2894fd40c1d4905afb6e869acec45a08e12dd0f8423,1.246824169718346,1.247692067953776,0.0006956029117451602,1.0000097655773168,382.91662518069467,2.6764305057927917e-15,1.2435765266418537,1.2444444444444427,8.679178025889911e-08,58.410329472483596,6.8526406771241e-12,0.003247643076492231,0.003247623509333337,2.3480590672850243e-07,0.4684840795413583,4.315148788812395e-08
32,backward,graph,saddle,0.2,73cedc530d51a95cef5fcd55dc9ab1e18a6c542bb77c174ec6caa044d4339756,1d001372b6ba61d879f0f0113ca889e0ea6357be65d0da1da0dc1f6a5eaa2fb3,8f9d380039a4471e484bf224608d9a6556c3065d4f53b0d3eda44b64668a728b,1.246824169718346,1.247692067953776,0.0006956029117451602,1.0000097655773168,382.9166251806946,2.6764305057927917e-15,1.2435765266418537,1.2444444444444427,8.679178025889911e-08,58.18581380719201,8.126654704732061e-12,0.0032476430764922315,0.003247623509333337,2.348059067337066e-07,0.46850785786449123,4.515578115593666e-08
32,backward,isometric,cylinder_000,0.2,73cedc530d51a95cef5fcd55dc9ab1e18a6c542bb77c174ec6caa044d4339756,55547baefff8e04e2211c99c4d1310b7b9e4f4f744a2b52cf108b0e9d5fdb32e,3aeb136f3563d4338539a6d3940fa96e3d71fb48a3628dba349c7c843bdfc4aa,0.001666652785563402,0.0016666666666666668,8.328661958928799e-06,0.999998372396623,7.947394624847743e-06,0.0,1.324544212271857e-08,0.0,1.324544212271857e-12,0.004038306265779823,1.9204142109226648e-13,0.0016666395401212792,0.0016666666666666668,3.2551854465059926e-07,0.3366488391452215,6.1420592804492524e-09
32,backward,isometric,cylinder_090,0.2,73cedc530d51a95cef5fcd55dc9ab1e18a6c542bb77c174ec6caa044d4339756,51a603fede7fb4bff8fddb33841914c6fa6c31156e0834b836c68314b09e6c8d,143e8931d41b360832a332c88a7b26210960fbfbc8f01e91ff97eeadc00800eb,0.0016666527855634025,0.0016666666666666668,8.328661958538486e-06,0.9999983723966216,7.947394624853874e-06,0.0,1.3245442122728793e-08,0.0,1.3245442122728793e-12,0.004038306265802759,1.920414210912441e-13,0.0016666395401212799,0.0016666666666666668,3.25518544642793e-07,0.336648839145224,6.1420592700409116e-09
32,backward,isometric,cylinder_045,0.2,73cedc530d51a95cef5fcd55dc9ab1e18a6c542bb77c174ec6caa044d4339756,95a09e435847b1539c7853f228319382aa628e8189b38b717a3faabd72e42f76,beb7f28e7a535395460580a14e76381e0befdcdc1d90f813e8b50f8b507c2c18,0.0016667180957286936,0.0016666666666666668,3.085743721610232e-05,0.9999991861822133,4.9671189784982806e-05,0.0,8.278375888320647e-08,0.0,8.278375888320647e-12,0.010094568555016123,3.491651252322255e-13,0.0016666353119698103,0.0016666666666666668,3.762563622776091e-07,0.24112474981093657,1.3653317226802741e-09
32,backward,isometric,cylinder_135,0.2,73cedc530d51a95cef5fcd55dc9ab1e18a6c542bb77c174ec6caa044d4339756,944306b2812d0f9910d031dcc87ee28c6290f767b932cae47b3b9c4182607013,1df0e87058cf73a4f889d2d23c15f43a41478d030d5976fa6b4af2e65e9f8326,0.0016666564147111355,0.0016666666666666668,6.151173318749356e-06,0.9999991861981057,1.9868350742995843e-06,0.0,3.311364842418665e-09,0.0,3.311364842418665e-13,0.002019161017040966,4.330561920981526e-13,0.001666653103346293,0.0016666666666666668,1.627598444848069e-07,0.24364414882258886,1.3101339336324402e-09
32,backward,graph,cylinder_000,0.6,73cedc530d51a95cef5fcd55dc9ab1e18a6c542bb77c174ec6caa044d4339756,e8068a2de2dcf06f54d4e2d41bd70a993d9e0a80b2dbd39e209e06cbd8c287c5,f52ea19bb3dc82eb967d764503f0dd244c0d80b55b4f6fbaf610d857e678a4ad,32.38714804372165,32.4135104875067,0.0008133165272304496,1.000043944346947,2396.1435862162293,3.0702463890868588e-15,32.37363731861117,32.399999999999935,2.6362681388761187e-06,363.39121934534614,1.3411283546815867e-09,0.013510725110481655,0.013510487506764604,2.851244604605563e-06,0.941526882497122,5.925491683572703e-07
32,backward,graph,cylinder_090,0.6,73cedc530d51a95cef5fcd55dc9ab1e18a6c542bb77c174ec6caa044d4339756,0025d87d77634cb8a3c16a1f54924fc7f08f5cc47316769724a3e491f1f33cc2,c0bc5591f78487017e80654e9ad01257ed228ab96755ac0f26a41f44f10d1997,32.38714804372166,32.4135104875067,0.0008133165272302304,1.000043944346947,2396.1435862162243,3.0702463890868588e-15,32.37363731861118,32.399999999999935,2.6362681388754084e-06,363.39121934534614,1.3411283546815867e-09,0.013510725110481686,0.013510487506764606,2.8512446049594464e-06,0.941526882497123,5.92549168378087e-07
32,backward,graph,cylinder_045,0.6,73cedc530d51a95cef5fcd55dc9ab1e18a6c542bb77c174ec6caa044d4339756,e5fe312abf5d7a42e27f2f9efa398b1ed5f3a5667ddb3c609ae9d0ceb906aa82,f0bbd682c989bcc3452f03e4d4dd94b13c8e88a19f7c6423f70e282680492780,83.68950979173262,83.71257835432118,0.000275568654580473,1.0001098572469427,6652.62984953443,2.207181735933409e-15,83.67693176865585,83.69999999999987,2.3068231344026913e-06,486.9733267650632,7.520155946849627e-11,0.01257802307677043,0.012578354321311904,3.9749344976983125e-06,0.6585513989521831,1.292736515751125e-08
32,backward,graph,cylinder_135,0.6,73cedc530d51a95cef5fcd55dc9ab1e18a6c542bb77c174ec6caa044d4339756,cb257cc1499e50745a6b7fb5d095195f884751360a9de817d2584bffd7d5374b,9b1f09778214608a7f3257dbee16786055500c0bedcce717424f327ea9807c71,2.717871920243245,2.7145795876250736,0.0012128333363958176,1.0000219724148565,185.41862225400976,8.717306711871647e-15,2.70329251885415,2.699999999999985,3.2925188541650386e-07,103.91767967958992,6.605360614031497e-12,0.01457940138909478,0.014579587625088285,2.234831922062752e-06,0.709232551772112,2.877607893636558e-08
32,backward,graph,twist,0.6,73cedc530d51a95cef5fcd55dc9ab1e18a6c542bb77c174ec6caa044d4339756,c08dbba9aefde47fe8b6ecb8233fa2583bca8655c421751ad337318b64e2b05f,5aae512d2c4510c3ba14177f7558cc54dccc44c7465e1802cb898b958b9e7cc9,100.88606780623292,100.82454852612463,0.0006101617216004227,1.0001757658031911,4109.0675069586805,2.6786333292543506e-15,100.86152172088629,100.79999999999983,6.152172088646068e-06,464.6653828285744,1.7385195008046138e-10,0.024546085346633495,0.024548526124805688,2.9289338066312842e-05,0.23764711715294645,1.7304383925775824e-08
32,backward,graph,dome,0.6,73cedc530d51a95cef5fcd55dc9ab1e18a6c542bb77c174ec6caa044d4339756,f2c1ed6aa05ed7f25f5644147d29babfe78d81413ab1da9e44b9d2c464f55e36,e14a914f1773b1ce56a94c6a454f793014803eb7b1c3895ceb649543830da643,100.75424799876089,100.82454852612463,0.0006972560590789656,1.0000878867629586,4103.152895070867,2.6786333292543506e-15,100.72969865798956,100.79999999999983,7.030134201026783e-06,625.8864273829074,9.554605384209935e-10,0.024549340771336237,0.024548526124805688,9.775758366595277e-06,1.269817309749185,1.4507113556272433e-07
32,backward,graph,saddle,0.6,73cedc530d51a95cef5fcd55dc9ab1e18a6c542bb77c174ec6caa044d4339756,0fb2bda57c14aa0df65ae3864aab4f0c003938948403292ca220eb8a407ede61,cfe22c30e7316f5d2d9427996cd8cc453d4470e4d5a8ce50b7b420cbdf27f40f,100.75424799876092,100.82454852612463,0.0006972560590786837,1.0000878867629586,4103.152895070865,2.6786333292543506e-15,100.72969865798959,100.79999999999983,7.030134201023941e-06,623.0794879079737,3.2934559044406344e-10,0.024549340771336255,0.024548526124805688,9.775758366803444e-06,1.269904157699646,1.321360476869149e-07
32,backward,isometric,cylinder_000,0.6,73cedc530d51a95cef5fcd55dc9ab1e18a6c542bb77c174ec6caa044d4339756,ca73b6d8e77c5997c560d09fa64b0b0a7b6efc2f6a4ea9fc9063dbea66982ffc,d9faeeffbc6a0066c2ff6bece8c937d4991121e90f29c294636a3bc434307c3b,0.014998875731876048,0.014999999999999998,7.495120826333618e-05,0.9999853516268684,7.153437537452564e-05,0.0,1.072858460540044e-06,0.0,1.072858460540044e-10,0.036431762629494255,1.6403923081021988e-13,0.014997802873415508,0.014999999999999998,2.63655190138809e-05,1.0098390610141126,1.273041991323165e-06
32,backward,isometric,cylinder_090,0.6,73cedc530d51a95cef5fcd55dc9ab1e18a6c542bb77c174ec6caa044d4339756,1254d36650940620d2d5d5f6bb33a8189372fae8137e14e2e5fd89e0dbdde5c2,cfcec62fd1e43135643eb27c26c0a02b1994ecc4d6a9fe65bfede2b86afaa0f4,0.014998875731876037,0.014999999999999998,7.495120826403007e-05,0.9999853516268634,7.153437537457367e-05,0.0,1.0728584605407636e-06,0.0,1.0728584605407637e-10,0.03643176263004288,1.640392307382856e-13,0.014997802873415497,0.014999999999999998,2.63655190140058e-05,1.0098390610141081,1.2730419911566315e-06
32,backward,isometric,cylinder_045,0.6,73cedc530d51a95cef5fcd55dc9ab1e18a6c542bb77c174ec6caa044d4339756,9db0b70a0016bbe945d8b4f993a1a2a995e661eafd7a4359f7da5a4cf466db6d,2a82f8d56261a1445291503a36c90fdb815c4bd4305fbf6013cb794bf75cbccb,0.015004165691715619,0.014999999999999998,0.0002777127810413977,0.9999926745099331,0.00044708768731092615,0.0,6.705179935748601e-06,0.0,6.705179935748602e-10,0.09098261369405788,4.789489421003146e-13,0.014997460511779871,0.014999999999999998,3.0473858641522078e-05,0.7233050809897433,5.941412185156425e-08
32,backward,isometric,cylinder_135,0.6,73cedc530d51a95cef5fcd55dc9ab1e18a6c542bb77c174ec6caa044d4339756,a08aceb9d501f03f9974f6ab9845885578c3fef31d89204ee7faecd16537ed09,ff319724f17219e4c3926906a14286cf303609aaf515daab7fd2a0dba414b7e2,0.014999169619706569,0.014999999999999998,5.5358686228597825e-05,0.9999926757973346,1.7882493597561962e-05,0.0,2.682177582908032e-07,0.0,2.682177582908032e-11,0.01821652027020767,4.842713816638629e-13,0.014998901401948279,0.014999999999999998,1.318317662062779e-05,0.7309873856814579,1.823124253647057e-08
4,checkerboard,rest,rest,0.0,f7cd9993ffaaf839875e08c7a53e089ed2690730fae09b6133e8867a9f98f7ab,4e6d932e82e1339443f38ff2afc165d580003ad04de31d2f56bddcb2bf2329fc,560a5da7af7e04ca0ba30663a103a633db49511eefc5554e0ba1bc54c84a10b6,6.162975822039155e-29,0.0,,1.0,,0.0,6.162975822039155e-29,0.0,6.162975822039155e-33,1.1102230246251567e-12,0.0,0.0,0.0,0.0,0.0,0.0
4,checkerboard,affine,extension,0.0,f7cd9993ffaaf839875e08c7a53e089ed2690730fae09b6133e8867a9f98f7ab,5dcb04c3c6c0c5e0a0b3ca19a73e4a9d78de58f70cfa8fbd4abd47a038868b17,da59ebc42cae27301cad6683cc8216117013861ac0bc036e6bf677e782f7f650,0.549877601250002,0.5498776012499998,3.836169616643024e-15,1.0069699999999997,,0.0,0.549877601250002,0.5498776012499998,2.1094237467877974e-19,69.9849712415889,3.414289947434313e-11,0.0,0.0,0.0,0.0,0.0
4,checkerboard,affine,shear,0.0,f7cd9993ffaaf839875e08c7a53e089ed2690730fae09b6133e8867a9f98f7ab,66aca2c7e1a40b56e562429a888a77269f3c18df40c4e303fb7b5793ddeb6088,12b7fb833460f543e6bf3e065cc2400696f9b8973c679a12821deca9f1b3e798,1.0002000000000022,1.0002,2.220002048840545e-15,0.9999999999999996,,0.0,1.0002000000000022,1.0002,2.220446049250313e-19,93.57884750305497,9.484518193048075e-11,0.0,0.0,0.0,0.0,0.0
4,checkerboard,graph,cylinder_000,0.2,f7cd9993ffaaf839875e08c7a53e089ed2690730fae09b6133e8867a9f98f7ab,688d90f76f3fe0bc72fc019ddb06c74abbb64c43f4b7ed5a5b0910a954680ad1,3aa5ba2021ed45ed2eb3b058c9f5ee78e21602501e60894616d1c71872dd3be1,0.3810398155249466,0.40164496299874836,0.05130189438941371,1.000312451187128,230.59512391141558,2.9143354396410407e-15,0.3793945312500035,0.39999999999999936,2.0605468749995857e-06,85.32024641814256,6.226765503214438e-12,0.0016452842749430819,0.001644962998749007,3.855314328899372e-06,0.2554983912701003,4.970291532513382e-09
4,checkerboard,graph,cylinder_090,0.2,f7cd9993ffaaf839875e08c7a53e089ed2690730fae09b6133e8867a9f98f7ab,03d3472b88ee82e556e8e3445948ee9a0ee105dccf02db6b2fd7b261889a4b28,83804f421dabb5d782bd428f14248eb681429bd99ffea1db1e2a60917a848fc0,0.38103981552494665,0.4016449629987483,0.05130189438941344,1.000312451187128,230.5951239114156,3.1918911957973306e-15,0.37939453125000355,0.3999999999999993,2.0605468749995747e-06,85.32024641814247,6.226765492112207e-12,0.0016452842749430819,0.001644962998749007,3.855314328899372e-06,0.25549839127010043,4.970291529911297e-09
4,checkerboard,graph,cylinder_045,0.2,f7cd9993ffaaf839875e08c7a53e089ed2690730fae09b6133e8867a9f98f7ab,0e3c242927c3e0a7a6c33ac38c8b5817272466418e781d849f247db3693debaa,c16f9c9defe7b6e06b9b3184f653f73db4c1d9193d5404606a5b7f34380ca8ba,1.035442401709586,1.0349624312844845,0.00046375637471769666,1.0001562377948756,634.6599034438843,2.1488187573390147e-15,1.0338134765625069,1.0333333333333323,4.801432291745566e-08,114.6470470961529,7.100610788235428e-12,0.0016289251470790532,0.0016290979511520763,2.0736488762773675e-06,0.2341054470619669,1.3315425376886347e-09
4,checkerboard,graph,cylinder_135,0.2,f7cd9993ffaaf839875e08c7a53e089ed2690730fae09b6133e8867a9f98f7ab,d48203bf10d288e24e725e4f9daa15a70271260d24c181b4baf2a0841897e48f,2b0f0c659f11f70ded04e07f71717ad0a903992983803bc4d362e7ed2bbb4959,0.035474458660398236,0.03499448841854452,0.01371559532784496,1.0001562377948756,20.35752017153336,8.534839501805932e-15,0.033813476562500895,0.03333333333333317,4.8014322916772186e-08,24.81726620344693,2.561137649181866e-13,0.00166098209789734,0.0016611550852113524,2.075847768148037e-06,0.23640530048977212,8.555249373515261e-10
4,checkerboard,graph,twist,0.2,f7cd9993ffaaf839875e08c7a53e089ed2690730fae09b6133e8867a9f98f7ab,a4deab3309d5a170250a523196b6c72ae38f69885115506bbda48866e55b30cf,db82b0f6a72b4ae711185c6244cfb470fa9c4ea3a97dedc04f36bbfe1f13154a,1.3626201270909477,1.247692067953776,0.09211251885704026,1.0,418.89730722575064,2.6764305057927917e-15,1.359375000000008,1.2444444444444427,1.149305555555653e-05,120.39323589803583,8.801005257907945e-12,0.0032451270909397813,0.003247623509333337,2.9957020722668967e-05,0.06660881478119046,5.965623411929855e-10
4,checkerboard,graph,dome,0.2,f7cd9993ffaaf839875e08c7a53e089ed2690730fae09b6133e8867a9f98f7ab,c2c293637a4d948023d16816d07e00d5ddbfbeac6ed6911b59fc7889fffee7a3,0b6ca47ee690107b96d0c58748a0d1cae3095ac36a8c8819cb7cbca56d524a96,1.1927020019822552,1.247692067953776,0.04407342755789487,1.000624804809475,366.11208472930144,2.6764305057927917e-15,1.1894531250000067,1.2444444444444427,5.4991319444436024e-06,143.55287520114555,1.7225104942397708e-11,0.003248876982248409,0.003247623509333337,1.5041674980861494e-05,0.4622192146937922,1.2652006838032026e-09
4,checkerboard,graph,saddle,0.2,f7cd9993ffaaf839875e08c7a53e089ed2690730fae09b6133e8867a9f98f7ab,67a054c46b292490f46dc1deb5af2504fe189e3e962ecd5f96ce42c0bf434d9e,bacb6405d9100b016f62864e6fbfb30665b5ed13cc1cf984ed1841712756c250,1.1927020019822543,1.247692067953776,0.04407342755789558,1.000624804809475,366.11208472930116,2.6764305057927917e-15,1.1894531250000058,1.2444444444444427,5.499131944443691e-06,140.6015605465496,5.32891308857586e-12,0.003248876982248409,0.003247623509333337,1.5041674980861494e-05,0.2095030904348348,2.4134748834864217e-09
4,checkerboard,isometric,cylinder_000,0.2,f7cd9993ffaaf839875e08c7a53e089ed2690730fae09b6133e8867a9f98f7ab,a09e398e476d2a7914efa7a8aa9e43e28e2c36c78aa698bce2611eab659ce07b,4eb9061a531084df440235e044aa3d5ba317d277e106d37bb20ff4034cf0645f,0.0017191757673582552,0.0016666666666666668,0.03150546041495302,0.9998958365884931,0.03258058129167825,0.0,5.4244430757193415e-05,0.0,5.4244430757193416e-09,0.690158712318411,2.3342429954749194e-12,0.0016649313366010618,0.0016666666666666668,2.0823960787259323e-05,0.2570391446942707,7.685446029581655e-10
4,checkerboard,isometric,cylinder_090,0.2,f7cd9993ffaaf839875e08c7a53e089ed2690730fae09b6133e8867a9f98f7ab,2301c0720b3cbe1804c27ce45ac0a3fbb95b02d5a7cb7266e83ed03c8346e433,0f915b734adc790d7a90d806fa3d036f978f5b2b414554f2fd53727cfdc3f5be,0.0017191757673582521,0.0016666666666666668,0.031505460414951204,0.9998958365884929,0.03258058129167664,0.0,5.424443075719072e-05,0.0,5.424443075719072e-09,0.6901587123182433,2.334242995743937e-12,0.0016649313366010614,0.0016666666666666668,2.0823960787264527e-05,0.25703914469427086,7.685446133665064e-10
4,checkerboard,isometric,cylinder_045,0.2,f7cd9993ffaaf839875e08c7a53e089ed2690730fae09b6133e8867a9f98f7ab,a8ccec4039165918f9c4d276bda8f6eb45212ae03f1a82743c46d9c7b2e7bb2c,3719abfcb209d5e351b8896dbe5a4d669e45c80891cfa0a330230b10302dece9,0.001841647081119086,0.0016666666666666668,0.10498824867145148,0.9999478523973133,0.105838339423884,0.0,0.00017626163058520307,0.0,1.7626163058520306e-08,1.2648108927047925,8.93031523277227e-13,0.001665385450533883,0.0016666666666666668,1.537459359340649e-05,0.2366317892751289,5.867963771138962e-09
4,checkerboard,isometric,cylinder_135,0.2,f7cd9993ffaaf839875e08c7a53e089ed2690730fae09b6133e8867a9f98f7ab,a5bc141cdcd9902c3489b68dbf57e8ca664ce2a4ec510962f997ca04bf97ba75,02ef35dcb54eed73c60450c7f4b5ec66b7dd26616f284ef1825196e1f93c56f2,0.001841647081119,0.0016666666666666668,0.10498824867139996,0.9999478523973133,0.1058383394238378,0.0,0.00017626163058512528,0.0,1.7626163058512527e-08,1.2648108927023944,2.296872052612569e-12,0.0016653854505338749,0.0016666666666666668,1.5374593593502767e-05,0.23663178927512676,3.9751162101558934e-09
4,checkerboard,graph,cylinder_000,0.6,f7cd9993ffaaf839875e08c7a53e089ed2690730fae09b6133e8867a9f98f7ab,90b958f29652e2e36d63a1c8dd99a9cc7e051fb519b91f51d71af1d09ea90d78,e922929e6ee5cf4e1b6ce9e179d5a49fe105659a318ff85e39071ecb68c44a52,30.744482766131114,32.4135104875067,0.05149172972236027,1.002808556006579,2272.0360336400036,3.0702463890868588e-15,30.730957031250046,32.399999999999935,0.00016690429687498884,861.0698133868135,6.597606194702621e-10,0.013525734881068908,0.013510487506764604,0.00018296849165164858,0.727137048181109,2.879006501949055e-08
4,checkerboard,graph,cylinder_090,0.6,f7cd9993ffaaf839875e08c7a53e089ed2690730fae09b6133e8867a9f98f7ab,6c27ec1fd34577189c5e2a7d576a58500a917af3158da963803e4caf247a3ce1,b10376619c74405c1e54a28568477d24083cff348f88c526aec59a1e712b5b77,30.74448276613111,32.4135104875067,0.05149172972236037,1.002808556006579,2272.036033640003,3.0702463890868588e-15,30.730957031250043,32.399999999999935,0.0001669042968749892,861.0698133868135,6.597606194702621e-10,0.01352573488106891,0.013510487506764606,0.00018296849165164858,0.7271370481811094,2.8790065040307233e-08
4,checkerboard,graph,cylinder_045,0.6,f7cd9993ffaaf839875e08c7a53e089ed2690730fae09b6133e8867a9f98f7ab,7a5fb48c884f967ea1adf5f2fb54662fed8b42ae36324f512b89cb7e1641ef73,7c0797d77b238a1d6cd1c80402ca6540a31ae9f5e3eea9c3196d90c8d3e11e4b,83.7514570485495,83.71257835432118,0.0004644307342172462,1.0014052626184866,6664.219083393926,2.207181735933409e-15,83.73889160156259,83.69999999999987,3.889160156271032e-06,1213.8503962048242,7.66787563577509e-10,0.01256544698691334,0.012578354321311904,0.00015488801278276676,0.6484086581782673,6.098852897706841e-08
4,checkerboard,graph,cylinder_135,0.6,f7cd9993ffaaf839875e08c7a53e089ed2690730fae09b6133e8867a9f98f7ab,8d65ac0df15a2248699479203fd4968a8263534e2e0dcf681d1a14ac38065805,c9d3ccc7f800e6cc14e5b6c0e9c2f882031224d1626ad476e56e1dbf1d094fe9,2.7534575088886073,2.7145795876250736,0.014321894057100451,1.0014052626184866,188.03439705091947,8.717306711871647e-15,2.738891601562509,2.699999999999985,3.88916015625238e-06,233.3873446713436,4.589092412743412e-11,0.014565907326098537,0.014579587625088285,0.00016416358787697816,0.6993893005270555,6.792491985541105e-09
4,checkerboard,graph,twist,0.6,f7cd9993ffaaf839875e08c7a53e089ed2690730fae09b6133e8867a9f98f7ab,f9d2cd4e29357d0821e3e7212baefd03720e7673e9526c59477e3cdc325745e2,338b187cd1d90628cbe905f77accd2ac8faf8ccdc11115b52033692b812d2388,110.13382077945282,100.82454852612463,0.0923314052917982,1.0,4504.228437992358,2.6786333292543506e-15,110.10937500000006,100.79999999999983,0.000930937500000023,1287.0560521010739,1.5992682975252136e-09,0.024445779452757603,0.024548526124805688,0.0012329600645770156,0.18066363545841674,2.2169855784515136e-08
4,checkerboard,graph,dome,0.6,f7cd9993ffaaf839875e08c7a53e089ed2690730fae09b6133e8867a9f98f7ab,46e78a12a857574f1d0f9bebd579f08901f4711869ea366542b3d1943e58ae9f,430f3c9f05f5d33db221657db2065dcfa8c06c8e0f4ca7333bc5b9b6948e7d46,96.37030396926242,100.82454852612463,0.04417817507715464,1.0056092680559383,3916.357589091525,2.6786333292543506e-15,96.34570312500006,100.79999999999983,0.000445429687499977,1510.3427785896458,2.442280404579833e-10,0.024600844262372197,0.024548526124805688,0.0006278176507981126,1.2618881299671412,2.98211830229711e-08
4,checkerboard,graph,saddle,0.6,f7cd9993ffaaf839875e08c7a53e089ed2690730fae09b6133e8867a9f98f7ab,68f4dcdb35020e14f7467945a0e35465e7c36a0801e2df24c63a69c31398502a,540f2e6d616a4e37f97e89accdbaa5f91d04a575cea0868b2a71e9eacd32c427,96.37030396926242,100.82454852612463,0.04417817507715464,1.0056092680559383,3916.357589091524,2.6786333292543506e-15,96.34570312500006,100.79999999999983,0.000445429687499977,1474.0626159370322,6.845918164799514e-10,0.024600844262372204,0.024548526124805688,0.0006278176507981958,0.5652549943244174,3.7017413342943506e-08
4,checkerboard,isometric,cylinder_000,0.6,f7cd9993ffaaf839875e08c7a53e089ed2690730fae09b6133e8867a9f98f7ab,3968ddb60f2f5c1da81a94758696da2e14815c494a812545587c51d1f7d60cea,14c31665cdf02ef7998dd133bdd261e2259a87573fb6db3b81e8054b30233788,0.019247887762336185,0.014999999999999998,0.28319251748907925,0.9990627636365645,0.29528676619815614,0.0,0.004387944570890348,0.0,4.3879445708903486e-07,6.293929060399252,7.591152429743675e-13,0.014859943191445835,0.014999999999999998,0.0016806817026499485,0.7610543415829687,2.8312685758369316e-08
4,checkerboard,isometric,cylinder_090,0.6,f7cd9993ffaaf839875e08c7a53e089ed2690730fae09b6133e8867a9f98f7ab,398b1c95e9f401f4b1beb12bdfd41278b91018442f78ca183e8ae89d4239d025,6e20409577caf5a1508fcf9214c9fea73c25abeb6cc3a2a84857f5af971d914e,0.0192478877623362,0.014999999999999998,0.28319251748908014,0.9990627636365643,0.29528676619815686,0.0,0.0043879445708903606,0.0,4.387944570890361e-07,6.293929060399332,7.591152441886739e-13,0.014859943191445839,0.014999999999999998,0.0016806817026499069,0.7610543415829694,2.8312685737552634e-08
4,checkerboard,isometric,cylinder_045,0.6,f7cd9993ffaaf839875e08c7a53e089ed2690730fae09b6133e8867a9f98f7ab,95e1e55f72ddd293d6b3c3991d5cc31d4dc2fde6283fe19ef56814744c36a2bf,5171b87937bf17b9be47d6914a0916c4ff2a067ecf03e6e80e31776e306eb6d0,0.029133665621194058,0.014999999999999998,0.9422443747462708,0.9995260577661732,0.955714870034502,0.0,0.01423698202606442,0.0,1.423698202606442e-06,11.552188975239796,1.2585955046912067e-11,0.014896683595129639,0.014999999999999998,0.001239796858444303,0.7049734668339019,1.9632272786618277e-08
4,checkerboard,isometric,cylinder_135,0.6,f7cd9993ffaaf839875e08c7a53e089ed2690730fae09b6133e8867a9f98f7ab,cbc852e684ce878e3b026977cdb5f94d3a9c063da7908435ed8b19e5e0edcb03,c4c7b356fd0f02ae58d21a9e6340bce30c9f1063a795ab601d83c2eaa4d54a2d,0.02913366562119394,0.014999999999999998,0.942244374746263,0.9995260577661731,0.9557148700344984,0.0,0.014236982026064335,0.0,1.4236982026064335e-06,11.552188975240744,2.9515119235809516e-12,0.014896683595129606,0.014999999999999998,0.0012397968584446986,0.7049734668338978,2.021718642497561e-08
8,checkerboard,rest,rest,0.0,c712c21d67d6803e54661fe19c22ef0c6a37f7832bd91ded19fc5c2567cee6f9,bd678fa93f59093c55a1c819d54c5dccaae6f5b86c7ecba869430fed13507c38,b0266b6785b388615bd7e2e72db311db56bfd73e6573dde9bed7817b9b7e0135,6.162975822039155e-29,0.0,,1.0,,0.0,6.162975822039155e-29,0.0,6.162975822039155e-33,1.1102230246251567e-12,0.0,0.0,0.0,0.0,0.0,0.0
8,checkerboard,affine,extension,0.0,c712c21d67d6803e54661fe19c22ef0c6a37f7832bd91ded19fc5c2567cee6f9,941e240e9459ee7af672e81c3ffb9cddcdabfcd4fb34aa16f679fb7ccbbdd78f,3a0196fe18af1c8735778e303b7a4e7fe161104c14d44d2d4b0f284f51525e0d,0.5498776012500013,0.5498776012499998,2.6247476324399637e-15,1.0069699999999997,,0.0,0.5498776012500013,0.5498776012499998,1.4432899320127034e-19,51.22375390497574,3.41141769499842e-11,0.0,0.0,0.0,0.0,0.0
8,checkerboard,affine,shear,0.0,c712c21d67d6803e54661fe19c22ef0c6a37f7832bd91ded19fc5c2567cee6f9,99a1d09b95649c4de9714b6a752c3a4b6d5935be189cf00b6a99153f2544bb86,882c5a13537ec558a6ab5f08c82f4c71be8df86b3ecad02039e42e6f0ab8602e,1.0002000000000002,1.0002,2.220002048840545e-16,0.9999999999999991,,0.0,1.0002000000000002,1.0002,2.2204460492503132e-20,68.4927030785032,8.190855460554758e-11,0.0,0.0,0.0,0.0,0.0
8,checkerboard,graph,cylinder_000,0.2,c712c21d67d6803e54661fe19c22ef0c6a37f7832bd91ded19fc5c2567cee6f9,bb0bf3af5910d733446cca77095f86328a5409043209a0c7d3538c41a5ad77d0,747b4160f7d8fabdd3fe33c5e7858b4ff727c5bf9e20de5759bbd4acfc3a062c,0.39645095147408205,0.40164496299874836,0.012931847783890905,1.0000781219484807,239.99727859698382,2.9143354396410407e-15,0.3948059082031285,0.39999999999999936,5.194091796870859e-07,66.47912710750127,4.386631113906247e-12,0.0016450432709535325,0.001644962998749007,9.632664543070615e-07,0.5008301955762866,2.9881411589896545e-09
8,checkerboard,graph,cylinder_090,0.2,c712c21d67d6803e54661fe19c22ef0c6a37f7832bd91ded19fc5c2567cee6f9,c970582ffe17a654387dde28f14f0b382f713274eb1b8b1a102c0cd3d51bd046,036adfc44ab237af70f4f6327069f803f2eac7455db73bda64768f9c62de5115,0.3964509514740821,0.4016449629987483,0.012931847783890631,1.0000781219484807,239.99727859698382,3.1918911957973306e-15,0.39480590820312855,0.3999999999999993,5.194091796870748e-07,66.47912710750126,4.386631102804017e-12,0.0016450432709535327,0.001644962998749007,9.632664543096636e-07,0.5008301955762866,2.9881411563875693e-09
8,checkerboard,graph,cylinder_045,0.2,c712c21d67d6803e54661fe19c22ef0c6a37f7832bd91ded19fc5c2567cee6f9,661c1d1e9e4b8e8c978a68f77e4feb3208ccc58423941384d0c5b6e164dcd061,e4d7a8ac790237f2fb509d1e395b37db21607da0117246992a1066443201e0fd,1.034992396955929,1.0349624312844845,2.8953390517982927e-05,1.0000390617370902,634.3331263399093,2.1488187573390147e-15,1.0333633422851636,1.0333333333333323,3.000895183125074e-09,86.86804229203601,6.796458951185969e-14,0.0016290546707652671,0.0016290979511520763,5.193646417100961e-07,0.4778790666214607,2.610292986707924e-08
8,checkerboard,graph,cylinder_135,0.2,c712c21d67d6803e54661fe19c22ef0c6a37f7832bd91ded19fc5c2567cee6f9,2ae83595e459d06796ac81b4a92b7dbdcfd04ff47c2d647e990231c263a268a1,6b1a3fe212e244a327e133e7b3b09eedc5db64d72aacc74984d3ff8f7d1f6f8e,0.035024454008824056,0.03499448841854452,0.0008562945661938542,1.0000390617370902,20.08494781525339,8.534839501805932e-15,0.03336334228515707,0.03333333333333317,3.0008951823895514e-09,20.132666114346147,2.2989764536518466e-13,0.0016611117236669882,0.0016611550852113524,5.203385323709203e-07,0.48257072062867296,3.25832907530077e-10
8,checkerboard,graph,twist,0.2,c712c21d67d6803e54661fe19c22ef0c6a37f7832bd91ded19fc5c2567cee6f9,958ec1b8a688f7cf4ae2b2c98ac9db249d7c12a7d4264f7ece70bfa35c3d9638,f1982ba592c5d16500489b5b84c00c3f501479eb71062cfd96b83206f0ef92b1,1.2757079353759249,1.247692067953776,0.02245415206341347,1.0,391.888441608766,2.6764305057927917e-15,1.272460937500008,1.2444444444444427,2.8016493055565307e-06,86.14665598785996,1.322335299036581e-11,0.0032469978759167998,0.003247623509333337,7.507600998447536e-06,0.06670761900460569,1.6708497970613356e-09
8,checkerboard,graph,dome,0.2,c712c21d67d6803e54661fe19c22ef0c6a37f7832bd91ded19fc5c2567cee6f9,cedabc8f717bb4291fff8510a72d5e14233103e3d404cfad74589f8d74af4873,a2bdb289fe230e4fe8fe1e1921cf505e3288822f81e36c0d8011868474dc7c52,1.2338387569662166,1.247692067953776,0.011103149040835777,1.0001562377948756,378.88387352230893,2.6764305057927917e-15,1.230590820312507,1.2444444444444427,1.3853624131935583e-06,110.75247117723545,3.590627173366556e-12,0.0032479366537094094,0.003247623509333337,3.7577325128681366e-06,0.9517347329210893,3.6884779085200048e-09
8,checkerboard,graph,saddle,0.2,c712c21d67d6803e54661fe19c22ef0c6a37f7832bd91ded19fc5c2567cee6f9,d8c59db56d5796db52030f28ec4058013f6bb4311b115715974e9d4124d19ae8,2e748a1117ea0d102f693bc011337359f83ca9701db43b40c29249bcd11052c2,1.2338387569662164,1.247692067953776,0.011103149040835956,1.0001562377948756,378.8838735223091,2.6764305057927917e-15,1.2305908203125069,1.2444444444444427,1.3853624131935805e-06,109.29702507919491,6.789881412672116e-12,0.0032479366537094072,0.003247623509333337,3.7577325128421157e-06,0.29100246199141344,7.474545446126135e-09
8,checkerboard,isometric,cylinder_000,0.2,c712c21d67d6803e54661fe19c22ef0c6a37f7832bd91ded19fc5c2567cee6f9,75b945f8af0fa05edc521e7f934da6f75d2d2258f64c169ec4fb2da98e03793b,e4425fe1f0a51b62848a47b1ec8356492c21e07ac550d24fa9274cf38c00f143,0.0016696233884456626,0.0016666666666666668,0.0017740330673975209,0.9999739585367825,0.0020349503144703645,0.0,3.390700731844036e-06,0.0,3.390700731844036e-10,0.1262055711766448,5.860239767657166e-13,0.0016662326877138185,0.0016666666666666668,5.207747434178914e-06,0.5040397458156449,9.846142560131221e-09
8,checkerboard,isometric,cylinder_090,0.2,c712c21d67d6803e54661fe19c22ef0c6a37f7832bd91ded19fc5c2567cee6f9,b8dc3110a7893b7d2aaf269c81707f8a6defd7990821f9d445ff0ceab379c33c,07ed8ee41a5f381474ae44682a1e402987e21bf8a5361abcd78ee6119168d931,0.0016696233884456611,0.0016666666666666668,0.0017740330673966102,0.999973958536782,0.0020349503144696844,0.0,3.3907007318429018e-06,0.0,3.390700731842902e-10,0.1262055711765201,5.860239768791344e-13,0.0016662326877138183,0.0016666666666666668,5.207747434181516e-06,0.504039745815645,9.846142565335392e-09
8,checkerboard,isometric,cylinder_045,0.2,c712c21d67d6803e54661fe19c22ef0c6a37f7832bd91ded19fc5c2567cee6f9,47b7bc38f41ce053bf62f0cbc7c9680d1db778a2a7460e09bc80dcb18e98424c,882d7b917378575236f4e9d2c6c6567d41179ff79eb686795a69c153602c90dc,0.0016774076254626145,0.0016666666666666668,0.006444575277568662,0.9999869751488457,0.006612663360734777,0.0,1.1019265254304397e-05,0.0,1.1019265254304398e-09,0.22934015086556997,3.1770069543241205e-13,0.0016663883602083102,0.0016666666666666668,3.3396775002787413e-06,0.4831952217317525,1.5275176004289626e-08
8,checkerboard,isometric,cylinder_135,0.2,c712c21d67d6803e54661fe19c22ef0c6a37f7832bd91ded19fc5c2567cee6f9,fac00485d390cc01e55fc390cb0fc9024bb3dde2ba27bdedc9e09c11e24d3376,53eaecc72b476bd347804bcbe0a357c2eed72e5b96e004a1d50ab3654bc3eba9,0.001677407625462655,0.0016666666666666668,0.006444575277592991,0.9999869751488465,0.0066126633607622625,0.0,1.1019265254350166e-05,0.0,1.1019265254350166e-09,0.2293401508678615,1.9697065780688078e-13,0.001666388360208305,0.0016666666666666668,3.3396775003411913e-06,0.48319522173174995,7.320842812172379e-10
8,checkerboard,graph,cylinder_000,0.6,c712c21d67d6803e54661fe19c22ef0c6a37f7832bd91ded19fc5c2567cee6f9,bd4b5d78a0a6a8800fa04f31e380b81164ed996f6ea3f91eecfec6d6668552b6,c27cc3c1fde0c5614352d82dd759650366902ea645c3a33e5c60c74c60a15932,31.99279285604652,32.4135104875067,0.012979699672528142,1.0007028779812717,2366.330365415857,3.0702463890868588e-15,31.97927856445316,32.399999999999935,4.207214355467741e-05,678.2851882845284,1.0486846242940828e-09,0.013514291593360483,0.013510487506764604,4.564903915055263e-05,1.432582029670253,1.0668643266736888e-07
8,checkerboard,graph,cylinder_090,0.6,c712c21d67d6803e54661fe19c22ef0c6a37f7832bd91ded19fc5c2567cee6f9,6a4333b06ec9ce29e4b0865ee6acd9c88bce63b9d6220e4a7f548fe713321184,abddf28ee5a1c27c921e36867edf4337f05478b22e5d8198cb0607c1d9bb8475,31.992792856046517,32.4135104875067,0.012979699672528251,1.0007028779812717,2366.330365415857,3.0702463890868588e-15,31.979278564453157,32.399999999999935,4.207214355467777e-05,678.2851882845284,1.0486846246493542e-09,0.013514291593360482,0.013510487506764606,4.5649039150510995e-05,1.4325820296702534,1.0668643270900224e-07
8,checkerboard,graph,cylinder_045,0.6,c712c21d67d6803e54661fe19c22ef0c6a37f7832bd91ded19fc5c2567cee6f9,4add849b910bb74d52f722713c451850f1a1980b35a41a17664a4dec2459baf8,ff21ea3eb4a246a592975f2ef0e1eea6a3c9f6e37ba4126131aa908edf2ce575,83.7150058700563,83.71257835432118,2.8998219656388428e-05,1.0003515007236206,6656.180187247873,2.207181735933409e-15,83.70243072509771,83.69999999999987,2.4307250978381487e-07,928.1169361880437,6.389085399405303e-10,0.012575144958584139,0.012578354321311904,3.851235273318043e-05,1.3272112298470018,2.608663872416539e-07
8,checkerboard,graph,cylinder_135,0.6,c712c21d67d6803e54661fe19c22ef0c6a37f7832bd91ded19fc5c2567cee6f9,11318367095aa6ec0d179aa356b757c6389a3a7962576a43667ec7f014b0e1cd,2f5f59139d77c31a0051e97d43170d45654d75376a1a4149e3c85602a228fb0e,2.7170068334508253,2.7145795876250736,0.0008941516531019287,1.0003515007236206,185.4013883281519,8.717306711871647e-15,2.7024307250976642,2.699999999999985,2.430725097679165e-07,189.88432967088593,2.5396202829597314e-11,0.01457610835316123,0.014579587625088285,4.1751263124653604e-05,1.4309397048666117,2.9056099214164188e-08
8,checkerboard,graph,twist,0.6,c712c21d67d6803e54661fe19c22ef0c6a37f7832bd91ded19fc5c2567cee6f9,9d78bf92bd8021a556dfb241256e4e3071b42a34ad5dcc8c976e954df4395288,adee6a4be805d11cf39037316bcc17a80d6c9eff91824ead14255fa36723bb2d,103.09385849027974,100.82454852612463,0.022507514264416592,1.0,4203.0426792651615,2.6786333292543506e-15,103.06933593750007,100.79999999999983,0.00022693359375002445,920.60331051016,2.83828966018973e-10,0.02452255277967346,0.024548526124805688,0.0003116801415867232,0.1803573070742,1.717957413827076e-08
8,checkerboard,graph,dome,0.6,c712c21d67d6803e54661fe19c22ef0c6a37f7832bd91ded19fc5c2567cee6f9,e596140e45fb2eca86ec0c02ac9419eb7357906dcf99377862241217a168d6fd,bcb6d5176faa08f3d6c4494fbac896b703d1335dfe78d824f9ca39d97b42af5a,99.70241801653076,100.82454852612463,0.011129536665399679,1.0014052626184866,4058.285016046409,2.6786333292543506e-15,99.67785644531257,100.79999999999983,0.00011221435546872556,1177.9001691583,1.5748352339528537e-09,0.024561571218183927,0.024548526124805688,0.0001565411205388667,2.615030728060633,1.493677669467397e-07
8,checkerboard,graph,saddle,0.6,c712c21d67d6803e54661fe19c22ef0c6a37f7832bd91ded19fc5c2567cee6f9,d40249d308d4b46ded722f1bb0af5158335cdcc29ca8d4053e5d0d0604cbde7d,5d714f001459e723d6b30fd17260ffb4204d2617b776a49ee6bd391c2ef5d9e9,99.70241801653077,100.82454852612463,0.011129536665399538,1.0014052626184866,4058.2850160464127,2.6786333292543506e-15,99.67785644531259,100.79999999999983,0.00011221435546872414,1159.891455932269,5.242190155740901e-10,0.024561571218183906,0.024548526124805688,0.0001565411205386169,0.7889525386339125,1.0880064682528001e-08
8,checkerboard,isometric,cylinder_000,0.6,c712c21d67d6803e54661fe19c22ef0c6a37f7832bd91ded19fc5c2567cee6f9,f65d5bdedd7e88c3a223e8fa05b8af3e4fed09bf40b1ea8039978501d50d1f60,e016a807221727c0b3843a392b37503a9f332a98874b2fb888829296aec6ad2a,0.015239434551041726,0.014999999999999998,0.01596230340278187,0.9997656414789395,0.018346638174600062,0.0,0.0002745552262976332,0.0,2.745552262976332e-08,1.1452895240093919,4.101380310839089e-13,0.014964879324744093,0.014999999999999998,0.0004214481030708553,1.5065534387068735,2.639079661886923e-07
8,checkerboard,isometric,cylinder_090,0.6,c712c21d67d6803e54661fe19c22ef0c6a37f7832bd91ded19fc5c2567cee6f9,f7ef8ea550fc4bb491d290057f2e0af5b5ec38d3c87433b2ef40fa1093f43f3d,4698157b7162ce0ebe6cb3a922f8c669b2054863558c44e5dbcf3738001a01dc,0.015239434551041733,0.014999999999999998,0.015962303402782336,0.9997656414789395,0.018346638174600013,0.0,0.0002745552262976326,0.0,2.745552262976326e-08,1.1452895240093224,4.10138031148961e-13,0.0149648793247441,0.014999999999999998,0.000421448103070772,1.5065534387068755,2.6390796623032564e-07
8,checkerboard,isometric,cylinder_045,0.6,c712c21d67d6803e54661fe19c22ef0c6a37f7832bd91ded19fc5c2567cee6f9,beac348aba1c2916324a35ab44a4d5cfead742e962d4fb6b04e5df3d93456a9c,8f34d109b9c2d5a1b9271b2fc3c1bae699ac1c975661b6c38d9b2a2776d95b11,0.015869410036650215,0.014999999999999998,0.05796066911001447,0.9998824872692872,0.059551501623714996,0.0,0.0008919313465336344,0.0,8.919313465336344e-08,2.08660461742651,1.7933271097498108e-12,0.01497747869011658,0.014999999999999998,0.0002702557186010021,1.4468834161745887,1.2678855174086401e-08
8,checkerboard,isometric,cylinder_135,0.6,c712c21d67d6803e54661fe19c22ef0c6a37f7832bd91ded19fc5c2567cee6f9,9d4ca47ce760d34c503254636945434905224455e26b1c5afe0925d10f4c0d95,cb615fc782d8e8bd83dddfdf7724eaf782aef50b3b9ff4d1e12a060ba453d8f2,0.015869410036650506,0.014999999999999998,0.0579606691100339,0.9998824872692867,0.05955150162372965,0.0,0.0008919313465338577,0.0,8.919313465338578e-08,2.086604617427983,8.844568721996186e-12,0.014977478690116647,0.014999999999999998,0.0002702557186002111,1.4468834161746027,1.0099183310463555e-07
16,checkerboard,rest,rest,0.0,ad902b6e719fad5a07602603f11248b250d83696f0ff859b939a9866ed97eb04,bcc29bcab9dfaaf8ac58eacc51f07f204d712ea4dfa3cc0eb4a5e9461836699a,f1faf4d6171c4fa4cfe1f0cc6f12af125db66325139148cf46cbbc5fe6cbac1a,6.162975822039155e-29,0.0,,1.0,,0.0,6.162975822039155e-29,0.0,6.162975822039155e-33,1.1102230246251565e-12,0.0,0.0,0.0,0.0,0.0,0.0
16,checkerboard,affine,extension,0.0,ad902b6e719fad5a07602603f11248b250d83696f0ff859b939a9866ed97eb04,ab36a5e316313a91345ba1c87c7af2004786a7686783869b1dcb2819a003bb49,8286e79eab5cf399f1604bdaf84d985190210f9331cbbd75969e9d48983710d6,0.5498776012500004,0.5498776012499998,1.0095183201692168e-15,1.0069699999999997,,0.0,0.5498776012500004,0.5498776012499998,5.551115123125783e-20,36.81939296250529,3.4042370711251377e-11,0.0,0.0,0.0,0.0,0.0
16,checkerboard,affine,shear,0.0,ad902b6e719fad5a07602603f11248b250d83696f0ff859b939a9866ed97eb04,59db9fc5f9120105204026ef387a68dc93303e62bc680916820e037d51706d6c,6aec2622ff8a8fc335b47302b77e0ecaab246983ecc56703c40e722dd66b3d83,1.0002000000000004,1.0002,4.44000409768109e-16,0.9999999999999982,,0.0,1.0002000000000004,1.0002,4.4408920985006264e-20,49.23223226454369,7.671278599019616e-11,0.0,0.0,0.0,0.0,0.0
16,checkerboard,graph,cylinder_000,0.2,ad902b6e719fad5a07602603f11248b250d83696f0ff859b939a9866ed97eb04,36e27213b77a79773fc77563e3c380bcbca3f6d4798f1eea8a46e67d396abedc,4c42118ecc0c0cfa27dfa1bba7225b014c700db62a21862f8b1fc60625576bdd,0.40034378982657587,0.40164496299874836,0.0032396103326124423,1.0000195310592688,242.37259064724705,2.9143354396410407e-15,0.3986988067626989,0.39999999999999936,1.3011932373004354e-07,49.04779257237975,4.961186678142937e-12,0.0016449830638769363,0.001644962998749007,2.407815351528758e-07,1.0220082846777148,8.051992177182665e-09
16,checkerboard,graph,cylinder_090,0.2,ad902b6e719fad5a07602603f11248b250d83696f0ff859b939a9866ed97eb04,aa34b72abcc982b1a6bfaf5b63821e6ed2732c188c9f63472240799d7240f8fc,00f56c6a6ed93c765fa92376cd87481bc0b57da3fb95e125dfa789d58c846a0c,0.4003437898265759,0.4016449629987483,0.0032396103326121665,1.0000195310592688,242.37259064724705,3.1918911957973306e-15,0.398698806762699,0.3999999999999993,1.3011932373003243e-07,49.047792572379734,4.961186672591822e-12,0.0016449830638769365,0.001644962998749007,2.407815351554779e-07,1.0220082846777143,8.05199217978475e-09
16,checkerboard,graph,cylinder_045,0.2,ad902b6e719fad5a07602603f11248b250d83696f0ff859b939a9866ed97eb04,11a8b31c405576fcc7c478ae520fe415f81e473fa2ad12b7664cbea9361681bb,df5775a777befb289e44526ff6c1adcd22a4b13f2bc758ca03d510440cbcea87,1.0349642960189582,1.0349624312844845,1.8017412201212395e-06,1.0000097655773168,634.303219465256,2.1488187573390147e-15,1.0333352088928296,1.0333333333333323,1.8755594972663658e-10,63.296335451759276,4.277900034210802e-13,0.00162908712612869,0.0016290979511520763,1.2990028063625259e-07,0.996758728633808,7.569326451566105e-08
16,checkerboard,graph,cylinder_135,0.2,ad902b6e719fad5a07602603f11248b250d83696f0ff859b939a9866ed97eb04,11cc34bf9050d982d8d0dc77ffee917075f727d69174c43e46a711ad52bf3449,667c507f53524149a991b85c26f763d589ecdd52cdbc7b17395debc5270facca,0.03499635313054563,0.03499448841854452,5.328587687311191e-05,1.0000097655773168,20.0676185341546,8.534839501805932e-15,0.03333520889282318,0.03333333333333317,1.8755594900082827e-10,15.128876204968266,5.060418750701956e-15,0.0016611442377224513,0.0016611550852113524,1.3016986681255172e-07,1.0065342980781014,1.3499831762880943e-08
16,checkerboard,graph,twist,0.2,ad902b6e719fad5a07602603f11248b250d83696f0ff859b939a9866ed97eb04,569f645be38c5bcc229a595b2b37c63d40dff1dbe9f3aa2b972cf75d21c18f64,02b259e3983bd668eb48aab4adf7b75576240d4a05cb144fcc8a8dc5e3cc4a6a,1.2546512755997568,1.247692067953776,0.005577664413138366,1.0,385.3476590469167,2.6764305057927917e-15,1.251403808593758,1.2444444444444427,6.959364149315306e-07,61.53181095361658,2.034875823397897e-13,0.0032474670059988546,0.003247623509333337,1.8780400137894532e-06,0.06665979029653789,1.1066656341318648e-09
16,checkerboard,graph,dome,0.2,ad902b6e719fad5a07602603f11248b250d83696f0ff859b939a9866ed97eb04,3191a4f2476fae389d847019f7f8bbbeb64639c979685fc456a95ddf18a85411,ead6ada564cc80764ac54649c59ce6a04e1a8b51625241ad5298d76f1e97b607,1.2442221280509986,1.247692067953776,0.002781086769645059,1.0000390617370902,382.10849079618174,2.6764305057927917e-15,1.2409744262695392,1.2444444444444427,3.470018174903444e-07,81.23792743915364,3.950554017251306e-12,0.0032477017814594444,0.003247623509333337,9.392655132885869e-07,1.9892761289828438,2.4362712524456098e-08
16,checkerboard,graph,saddle,0.2,ad902b6e719fad5a07602603f11248b250d83696f0ff859b939a9866ed97eb04,b74127e8a1e5827d1be6026b5f035fe80f10c4ce2efbcb539111a43df0cf0063,5167d975aa38a7ebb046d164c5ba1c2d2231c68ad15b068d819d92ad9865efba,1.2442221280509997,1.247692067953776,0.0027810867696441695,1.0000390617370902,382.1084907961808,2.6764305057927917e-15,1.2409744262695404,1.2444444444444427,3.470018174902334e-07,80.64401121519276,6.736797608652978e-12,0.0032477017814594557,0.003247623509333337,9.392655134238953e-07,0.4097252940422503,4.507034714190672e-09
16,checkerboard,isometric,cylinder_000,0.2,ad902b6e719fad5a07602603f11248b250d83696f0ff859b939a9866ed97eb04,1d26cd1ec3ae3d74b2cff1ecae8a45fba1c706d52f76d86f18f5fcb7cf91f75c,957ccaff5c2a266605ecee13653930bec1048fd42cb851359dd2f1bf15656903,0.0016667700881922312,0.0016666666666666668,6.205291533866938e-05,0.9999934895960476,0.00012716352962166644,0.0,2.1192541829813304e-07,0.0,2.1192541829813305e-11,0.022668296068030867,1.7182482776179756e-13,0.001666558162773933,0.0016666666666666668,1.3020467128045318e-06,1.0286524166776403,4.644476349867366e-08
16,checkerboard,isometric,cylinder_090,0.2,ad902b6e719fad5a07602603f11248b250d83696f0ff859b939a9866ed97eb04,7516cdf5c327ed2514c87c95c5263b3c2c7c7df688ba63c67cc47b4668af9624,46bcc3f45ada661ac7b50efb23abb570833bc949b0acc64cc26654e7d709da68,0.0016667700881922286,0.0016666666666666668,6.205291533710813e-05,0.9999934895960462,0.00012716352962164473,0.0,2.1192541829809654e-07,0.0,2.1192541829809654e-11,0.02266829606798362,1.7182482776544773e-13,0.0016665581627739305,0.0016666666666666668,1.3020467128357568e-06,1.0286524166776383,4.644476353510285e-08
16,checkerboard,isometric,cylinder_045,0.2,ad902b6e719fad5a07602603f11248b250d83696f0ff859b939a9866ed97eb04,926ec2e0944f61357792246ee8a53e1c9df51d4780f4c61fd26204801ca98e4e,7bbbc28be9026a6f05112faeb61ee09709044b98f1fe33ec51ab6a9f0e98d5c5,0.0016672928992772923,0.0016666666666666668,0.0003757395663753129,0.9999967445405349,0.0004132652659421594,0.0,6.887496071337445e-07,0.0,6.887496071337445e-11,0.04102658876203749,4.1579065344137126e-14,0.0016666041496701586,0.0016666666666666668,7.502039580985567e-07,1.0080081805224639,9.233239066028243e-08
16,checkerboard,isometric,cylinder_135,0.2,ad902b6e719fad5a07602603f11248b250d83696f0ff859b939a9866ed97eb04,36146c889c0487d5ec0e268b6eb59d463ed395d7540ce89fd9a92010b90cbb95,e9400dee1ebb1914f4200c23b7934014604203c5bd4750ab7894988f7c59fae6,0.0016672928992772804,0.0016666666666666668,0.00037573956636815717,0.999996744540536,0.00041326526594235685,0.0,6.887496071340685e-07,0.0,6.887496071340685e-11,0.04102658875986664,6.09888672418714e-14,0.0016666041496701462,0.0016666666666666668,7.502039582468756e-07,1.0080081805224488,2.269902469112517e-10
16,checkerboard,graph,cylinder_000,0.6,ad902b6e719fad5a07602603f11248b250d83696f0ff859b939a9866ed97eb04,7b22d4b6f5a455eedb1d6e663eb464ec0c47ea656db5e3c4037f9f64813aade3,dc936de29310b9c0c036adf84a5c8d82ce919e1dc81db8fbaf21359c90b9c464,32.30811478582136,32.4135104875067,0.0032515978707694138,1.0001757658031911,2390.1677412105464,3.0702463890868588e-15,32.29460334777835,32.399999999999935,1.053966522215859e-05,502.75145077471257,1.1750652319619804e-09,0.013511438043014556,0.013510487506764604,1.1406434999423898e-05,2.9278674065799155,1.365322441562733e-07
16,checkerboard,graph,cylinder_090,0.6,ad902b6e719fad5a07602603f11248b250d83696f0ff859b939a9866ed97eb04,69f53baf2ca11c4af23e32a626f9086c75eb9429a81fde062db175943ff170f1,9a5fb5927ec8dad310912361a02ff7d3764a39e984591d3d534bd0aecebdb23b,32.30811478582137,32.4135104875067,0.0032515978707691948,1.0001757658031911,2390.167741210547,3.0702463890868588e-15,32.294603347778356,32.399999999999935,1.053966522215788e-05,502.75145077471257,1.1750652305408949e-09,0.013511438043014558,0.013510487506764606,1.1406434999423898e-05,2.927867406579915,1.365322441562733e-07
16,checkerboard,graph,cylinder_045,0.6,ad902b6e719fad5a07602603f11248b250d83696f0ff859b939a9866ed97eb04,225830c2668c08b5db18f0ed89a0b7370552ef4461eb694b0b6691d6ba6e84c1,7708a974251ddabf4ac4899a62c269188533103d207058d9a5c43cd1f6f9eb55,83.71272947325392,83.71257835432118,1.8052117818535839e-06,1.0000878867629586,6654.724679068486,2.207181735933409e-15,83.70015192031869,83.69999999999987,1.519203188138363e-08,679.2092159191892,2.062627217469526e-10,0.012577552935222988,0.012578354321311904,9.616633066991676e-06,2.7699531157145554,1.4007378811020654e-07
16,checkerboard,graph,cylinder_135,0.6,ad902b6e719fad5a07602603f11248b250d83696f0ff859b939a9866ed97eb04,5e9053aad62b7a69c1ce0d437b33f5f612ddcb72aba2bb7ad25d86e059159aa0,0e1af401c1049f8e137893518c601f35e2c6c408a53ed76ef9d2895d96a2b090,2.7147306346607123,2.7145795876250736,5.564288346059406e-05,1.0000878867629586,185.21193686615575,8.717306711871647e-15,2.700151920318613,2.699999999999985,1.519203186277629e-08,143.1782850904985,2.0759523033930804e-11,0.01457871434209929,0.014579587625088285,1.047939586794333e-05,2.984719829291256,1.6183056474050606e-07
16,checkerboard,graph,twist,0.6,ad902b6e719fad5a07602603f11248b250d83696f0ff859b939a9866ed97eb04,a596a52bbfee969abd24bb503ab279d2b90f66e0dfa0a076ec0f40d185928067,920b207d7d78d0fbb26dd80fe9daa09b7617b032a9f9f3c3a3612dfcaec97638,101.38825051125463,100.82454852612463,0.0055909200028198954,1.0,4130.21130628042,2.6786333292543506e-15,101.3637084960938,100.79999999999983,5.637084960939802e-05,658.7368072766717,1.0476216232291335e-10,0.024542015160812627,0.024548526124805688,7.813156791672271e-05,0.17932830331699087,1.6426380256007178e-08
16,checkerboard,graph,dome,0.6,ad902b6e719fad5a07602603f11248b250d83696f0ff859b939a9866ed97eb04,0529dd803a716c6b6bdd313e6140ea5351ca4f7daba9fa7e53f108c16c5791b5,ee594342f8236c4b2f1b758616e8fd525c1dc7046041cfc5aa1f961c888375c6,100.54348031308032,100.82454852612463,0.0027876962223290238,1.0003515007236206,4094.159651183817,2.6786333292543506e-15,100.51892852783209,100.79999999999983,2.8107147216773854e-05,868.3761697532118,1.015222173350594e-09,0.0245517852482297,0.024548526124805688,3.910948108815093e-05,5.472889308082944,1.0014254017698399e-07
16,checkerboard,graph,saddle,0.6,ad902b6e719fad5a07602603f11248b250d83696f0ff859b939a9866ed97eb04,3644bdd18070cfb017d937884e26995e3cc3d752d81e426328fad4f37bc0248b,3baba6aa5326ec7b0df945163609e6b8c8bac7ccb5bba38b85850be5240daf42,100.54348031308032,100.82454852612463,0.0027876962223290238,1.0003515007236206,4094.159651183818,2.6786333292543506e-15,100.51892852783209,100.79999999999983,2.8107147216773854e-05,860.9799023552166,2.4471122230806943e-10,0.024551785248229693,0.024548526124805688,3.9109481088067666e-05,1.1109052403183075,2.084070462038401e-08
16,checkerboard,isometric,cylinder_000,0.6,ad902b6e719fad5a07602603f11248b250d83696f0ff859b939a9866ed97eb04,87596afa3a5aeed37ace8048896616bca70fb881095771c7cf28ce57b69c064a,4be7caff89ff3bf9bbfcb6e80977a53ef85612aedf452964a400043b8dc2db39,0.015008377690351625,0.014999999999999998,0.0005585126901084629,0.9999414072799564,0.0011449726091280032,0.0,1.716452844797888e-05,0.0,1.716452844797888e-09,0.2049482995632104,1.2888575827730838e-13,0.014991213161903647,0.014999999999999998,0.00010544205715621452,3.082917501439549,6.599607597912449e-08
16,checkerboard,isometric,cylinder_090,0.6,ad902b6e719fad5a07602603f11248b250d83696f0ff859b939a9866ed97eb04,be5d534a61dc4e30aab0b1fdb96965b3fc2633d350b65067fa20c61267785a47,8f3a60fa798579d31c36bd9039ae9ce93f8cf18eab57dd80f3bda755ca9b628a,0.01500837769035163,0.014999999999999998,0.0005585126901088099,0.9999414072799564,0.0011449726091280943,0.0,1.716452844798025e-05,0.0,1.716452844798025e-09,0.20494829956301103,1.2888575814042786e-13,0.01499121316190365,0.014999999999999998,0.00010544205715617289,3.082917501439552,6.599607602075785e-08
16,checkerboard,isometric,cylinder_045,0.6,ad902b6e719fad5a07602603f11248b250d83696f0ff859b939a9866ed97eb04,bcfce5bf0d67b56e16c55d2abe910d71365e6e23922f6cceb05e8b40a0be6988,dcbc0f00b27144604b13342243dc6be51dd750f3daf6042e91f7e5851546ecec,0.015050716078797773,0.014999999999999998,0.0033810719198516578,0.9999706827868646,0.0037198478263844705,0.0,5.5778884528872815e-05,0.0,5.577888452887282e-09,0.37156539737535105,1.046298070118924e-12,0.0149949371942689,0.014999999999999998,6.075366877317939e-05,3.022529111579368,8.491769624766055e-07
16,checkerboard,isometric,cylinder_135,0.6,ad902b6e719fad5a07602603f11248b250d83696f0ff859b939a9866ed97eb04,8dfb89c6ef2d6af605ac7734f7d5a09831616dfc0104c08a576066aa4cdb750d,49d4db4ff9519e0331a197bd7da67c4fa5fd7c98f83659927dcf65d7c1b97d67,0.015050716078797427,0.014999999999999998,0.0033810719198286436,0.9999706827868651,0.0037198478263851084,0.0,5.577888452888107e-05,0.0,5.5778884528881065e-09,0.3715653973744166,1.170027768291807e-12,0.014994937194268546,0.014999999999999998,6.0753668777425995e-05,3.0225291115792174,5.7148177148858004e-08
32,checkerboard,rest,rest,0.0,e3d10587abe507eed03db430d9a9e72cbb7a909be1d7132e011b3326df86bc74,0602a0b665ee1db8ecd143c24b73b1a86d2ab429c718a86302ba77a00197df21,415770ec18ee75ffebde9dbfed923fbcb1c1294f73e1bea51752afc52fe09c5e,6.162975822039155e-29,0.0,,1.0,,0.0,6.162975822039155e-29,0.0,6.162975822039155e-33,1.1102230246251565e-12,0.0,0.0,0.0,0.0,0.0,0.0
32,checkerboard,affine,extension,0.0,e3d10587abe507eed03db430d9a9e72cbb7a909be1d7132e011b3326df86bc74,5b333c755b594a970fe52ff348f43fa11f451f4c269eaccae79038b3b4312bdb,4f295cc67cb0a7a7b042a20bd485dc259d6a019d86782584a6603c1e1aa31736,0.5498776012500008,0.5498776012499998,1.8171329763045904e-15,1.006969999999998,,0.0,0.5498776012500008,0.5498776012499998,9.992007221626409e-20,26.244364215598058,3.3891577833067287e-11,0.0,0.0,0.0,0.0,0.0
32,checkerboard,affine,shear,0.0,e3d10587abe507eed03db430d9a9e72cbb7a909be1d7132e011b3326df86bc74,56c12991c8be2eb960c0bdb38099b579a903fc9a8b9f1255bd035bf41de2b709,21df8d9fb1f80c1dec1ec0bc87a28c309ce45cd9c7fcdc775a89988b9c9e3db0,1.0002000000000009,1.0002,8.88000819536218e-16,0.9999999999999964,,0.0,1.0002000000000009,1.0002,8.881784197001253e-20,35.092067813645464,7.446077134876105e-11,0.0,0.0,0.0,0.0,0.0
32,checkerboard,graph,cylinder_000,0.2,e3d10587abe507eed03db430d9a9e72cbb7a909be1d7132e011b3326df86bc74,e88bfae2fa228dabb93e0750c06dc31b72b507687d6d8d8a04f2def3f2091cc8,3a4d4b4826004c72927b4f888831aa1e89d9465817eb716d2efe0aedfa76f1ed,0.40131950281252093,0.40164496299874836,0.0008103181073092064,1.0000048828005792,242.96796727352614,2.9143354396410407e-15,0.39967453479767256,0.39999999999999936,3.254652023267912e-08,35.37764948795268,6.2246651610919916e-12,0.0016449680148483557,0.001644962998749007,6.019319218585062e-08,2.0775810434586703,3.497841674637847e-08
32,checkerboard,graph,cylinder_090,0.2,e3d10587abe507eed03db430d9a9e72cbb7a909be1d7132e011b3326df86bc74,f09d28e1c404590091a134b57c77f73e9eb674ac7e1f5a3b2eb512ae0d476d5f,f5da03b586ba9cd1c729efb7abd86abe0b9c9c652df6596e9dd17a1e9c5c5aa0,0.4013195028125209,0.4016449629987483,0.0008103181073092065,1.0000048828005792,242.96796727352637,3.1918911957973306e-15,0.3996745347976725,0.3999999999999993,3.254652023267912e-08,35.377649487952674,6.2246651610919916e-12,0.001644968014848354,0.001644962998749007,6.019319216503394e-08,2.0775810434586695,3.497841675158264e-08
32,checkerboard,graph,cylinder_045,0.2,e3d10587abe507eed03db430d9a9e72cbb7a909be1d7132e011b3326df86bc74,ba48d04eb0a1c8d9ae8a5b82f4d7c75fdf8bb212791647650acf8132b7a5180c,a508261e00775ba231cb6a9c38cdccbf9f93181d0a6c6d86d9992e84d749e72d,1.034962545800398,1.0349624312844845,1.1064741091758795e-07,1.0000024414032698,634.2989791346467,2.1488187573390147e-15,1.0333334505558092,1.0333333333333323,1.172224768364316e-11,45.38226476469004,7.076401020711387e-13,0.0016290952445888406,0.0016290979511520763,3.247875882822493e-08,2.0474567480260037,2.921588848452117e-08
32,checkerboard,graph,cylinder_135,0.2,e3d10587abe507eed03db430d9a9e72cbb7a909be1d7132e011b3326df86bc74,30ac4a47ed86f08ec6db48f8b7d66540caea5ac6ffc8de5f0cc2b3ff651eaac5,81084b0b56d5769ef85d45e53bac45a885c3a73c51a6b8cc0d48eccd76fb08c2,0.034994602928698604,0.03499448841854452,3.2722339790075863e-06,1.0000024414032698,20.066461752503237,8.534839501805932e-15,0.03333345055580236,0.03333333333333317,1.1722246918977052e-11,10.989451320427483,1.3210302990396272e-14,0.0016611523728962386,0.0016611550852113524,3.25477813659103e-08,2.0675217285994965,3.097499768137113e-08
32,checkerboard,graph,twist,0.2,e3d10587abe507eed03db430d9a9e72cbb7a909be1d7132e011b3326df86bc74,7521ea30c5c26c64ba951414ed1bcfd3c9fc1f929898f1b57b9059c08016d420,ad9f40500506def54de1737099003797cf70a34a92ddadeaf212c5eaaf843a76,1.2494290724146901,1.247692067953776,0.0013921740031279369,1.0,383.7256690367189,2.6764305057927917e-15,1.2461814880371178,1.2444444444444427,1.737043592675125e-07,43.748088969489004,1.1655268306043354e-12,0.003247584377572276,0.003247623509333337,4.6958113273341817e-07,0.06662629721744741,1.1428677119257324e-09
32,checkerboard,graph,dome,0.2,e3d10587abe507eed03db430d9a9e72cbb7a909be1d7132e011b3326df86bc74,8faa1f0e25a19224b83e52c0c881a4e63293d071232561c4983a5e2595c67eb3,434b68b5004399b0af79d2894fd40c1d4905afb6e869acec45a08e12dd0f8423,1.246824169718346,1.247692067953776,0.0006956029117451602,1.0000097655773168,382.91662518069626,2.6764305057927917e-15,1.2435765266418537,1.2444444444444427,8.679178025889911e-08,58.41032947248359,6.852730694006936e-12,0.0032476430764922177,0.003247623509333337,2.3480590656717315e-07,4.087981546438522,7.176013611456811e-08
32,checkerboard,graph,saddle,0.2,e3d10587abe507eed03db430d9a9e72cbb7a909be1d7132e011b3326df86bc74,1d001372b6ba61d879f0f0113ca889e0ea6357be65d0da1da0dc1f6a5eaa2fb3,8f9d380039a4471e484bf224608d9a6556c3065d4f53b0d3eda44b64668a728b,1.246824169718346,1.247692067953776,0.0006956029117451602,1.0000097655773168,382.9166251806942,2.6764305057927917e-15,1.2435765266418537,1.2444444444444427,8.679178025889911e-08,58.18581380719201,8.126650019590897e-12,0.003247643076492235,0.003247623509333337,2.3480590677533997e-07,0.5781286968861893,4.559933713954578e-08
32,checkerboard,isometric,cylinder_000,0.2,e3d10587abe507eed03db430d9a9e72cbb7a909be1d7132e011b3326df86bc74,55547baefff8e04e2211c99c4d1310b7b9e4f4f744a2b52cf108b0e9d5fdb32e,3aeb136f3563d4338539a6d3940fa96e3d71fb48a3628dba349c7c843bdfc4aa,0.0016666527855634012,0.0016666666666666668,8.328661959319111e-06,0.999998372396623,7.947394624847746e-06,0.0,1.324544212271857e-08,0.0,1.324544212271857e-12,0.004038306265779823,1.9204142109226648e-13,0.0016666395401212786,0.0016666666666666668,3.255185446584055e-07,2.091164293969476,4.105945125565391e-09
32,checkerboard,isometric,cylinder_090,0.2,e3d10587abe507eed03db430d9a9e72cbb7a909be1d7132e011b3326df86bc74,51a603fede7fb4bff8fddb33841914c6fa6c31156e0834b836c68314b09e6c8d,143e8931d41b360832a332c88a7b26210960fbfbc8f01e91ff97eeadc00800eb,0.001666652785563399,0.0016666666666666668,8.328661960620154e-06,0.9999983723966216,7.947394624853411e-06,0.0,1.3245442122727992e-08,0.0,1.3245442122727993e-12,0.004038306265803079,1.9204142109132417e-13,0.0016666395401212764,0.0016666666666666668,3.2551854468442637e-07,2.0911642939694746,4.105945112554965e-09
32,checkerboard,isometric,cylinder_045,0.2,e3d10587abe507eed03db430d9a9e72cbb7a909be1d7132e011b3326df86bc74,95a09e435847b1539c7853f228319382aa628e8189b38b717a3faabd72e42f76,beb7f28e7a535395460580a14e76381e0befdcdc1d90f813e8b50f8b507c2c18,0.0016666950803367144,0.0016666666666666668,1.7048202028595652e-05,0.9999991861822133,2.5828763902968016e-05,0.0,4.304756186294335e-08,0.0,4.304756186294335e-12,0.007294361539229128,4.08360292555814e-13,0.0016666520327748514,0.0016666666666666668,1.7560670178412563e-07,2.0707427794361397,6.253106501347139e-08
32,checkerboard,isometric,cylinder_135,0.2,e3d10587abe507eed03db430d9a9e72cbb7a909be1d7132e011b3326df86bc74,944306b2812d0f9910d031dcc87ee28c6290f767b932cae47b3b9c4182607013,1df0e87058cf73a4f889d2d23c15f43a41478d030d5976fa6b4af2e65e9f8326,0.001666695080336596,0.0016666666666666668,1.7048201957558726e-05,0.9999991861822163,2.58287639029038e-05,0.0,4.304756186283327e-08,0.0,4.304756186283327e-12,0.00729436153775241,4.0320323720189776e-13,0.0016666520327747333,0.0016666666666666668,1.7560670320226207e-07,2.070742779435834,4.995005371821737e-08
32,checkerboard,graph,cylinder_000,0.6,e3d10587abe507eed03db430d9a9e72cbb7a909be1d7132e011b3326df86bc74,e8068a2de2dcf06f54d4e2d41bd70a993d9e0a80b2dbd39e209e06cbd8c287c5,f52ea19bb3dc82eb967d764503f0dd244c0d80b55b4f6fbaf610d857e678a4ad,32.38714804372165,32.4135104875067,0.0008133165272304496,1.000043944346947,2396.1435862162234,3.0702463890868588e-15,32.37363731861117,32.399999999999935,2.6362681388761187e-06,363.39121934534614,1.3411283546815867e-09,0.013510725110481688,0.013510487506764604,2.85124460500108e-06,5.954044641513173,6.085472497377453e-07
32,checkerboard,graph,cylinder_090,0.6,e3d10587abe507eed03db430d9a9e72cbb7a909be1d7132e011b3326df86bc74,0025d87d77634cb8a3c16a1f54924fc7f08f5cc47316769724a3e491f1f33cc2,c0bc5591f78487017e80654e9ad01257ed228ab96755ac0f26a41f44f10d1997,32.38714804372166,32.4135104875067,0.0008133165272302304,1.000043944346947,2396.1435862162257,3.0702463890868588e-15,32.37363731861118,32.399999999999935,2.6362681388754084e-06,363.39121934534614,1.3411283546815867e-09,0.013510725110481677,0.013510487506764606,2.851244604855363e-06,5.954044641513171,6.085472497169286e-07
32,checkerboard,graph,cylinder_045,0.6,e3d10587abe507eed03db430d9a9e72cbb7a909be1d7132e011b3326df86bc74,e5fe312abf5d7a42e27f2f9efa398b1ed5f3a5667ddb3c609ae9d0ceb906aa82,f0bbd682c989bcc3452f03e4d4dd94b13c8e88a19f7c6423f70e282680492780,83.71258764905247,83.71257835432118,1.1103147779943255e-07,1.0000219724148565,6654.395333278107,2.207181735933409e-15,83.70000949501998,83.69999999999987,9.495020108829522e-10,487.9465319741688,2.8767044568667188e-11,0.01257815403248479,0.012578354321311904,2.4034659253657775e-06,5.690071075925276,2.9270047889606854e-07
32,checkerboard,graph,cylinder_135,0.6,e3d10587abe507eed03db430d9a9e72cbb7a909be1d7132e011b3326df86bc74,cb257cc1499e50745a6b7fb5d095195f884751360a9de817d2584bffd7d5374b,9b1f09778214608a7f3257dbee16786055500c0bedcce717424f327ea9807c71,2.7145888641111107,2.7145795876250736,3.4172827642963883e-06,1.0000219724148565,185.19385016815792,8.717306711871647e-15,2.7000094950199216,2.699999999999985,9.495019936522907e-10,104.17469311610715,5.796974988925286e-12,0.014579369091188964,0.014579587625088285,2.622406791844001e-06,6.128842715415741,1.6220118721071985e-07
32,checkerboard,graph,twist,0.6,e3d10587abe507eed03db430d9a9e72cbb7a909be1d7132e011b3326df86bc74,c08dbba9aefde47fe8b6ecb8233fa2583bca8655c421751ad337318b64e2b05f,5aae512d2c4510c3ba14177f7558cc54dccc44c7465e1802cb898b958b9e7cc9,100.96524742829253,100.82454852612463,0.0013954825905463063,1.0,4112.157204733568,2.6786333292543506e-15,100.94070053100592,100.79999999999983,1.407005310060896e-05,468.86678794699856,1.478482076322507e-10,0.024546897286614317,0.024548526124805688,1.954605829644629e-05,0.17865111421391514,1.3357907155397974e-08
32,checkerboard,graph,dome,0.6,e3d10587abe507eed03db430d9a9e72cbb7a909be1d7132e011b3326df86bc74,f2c1ed6aa05ed7f25f5644147d29babfe78d81413ab1da9e44b9d2c464f55e36,e14a914f1773b1ce56a94c6a454f793014803eb7b1c3895ceb649543830da643,100.75424799876089,100.82454852612463,0.0006972560590789656,1.0000878867629586,4103.15289507087,2.6786333292543506e-15,100.72969865798956,100.79999999999983,7.030134201026783e-06,625.8864273829074,9.554668650935128e-10,0.02454934077133622,0.024548526124805688,9.77575836638711e-06,11.246093001458286,1.7596437269784548e-07
32,checkerboard,graph,saddle,0.6,e3d10587abe507eed03db430d9a9e72cbb7a909be1d7132e011b3326df86bc74,0fb2bda57c14aa0df65ae3864aab4f0c003938948403292ca220eb8a407ede61,cfe22c30e7316f5d2d9427996cd8cc453d4470e4d5a8ce50b7b420cbdf27f40f,100.75424799876089,100.82454852612463,0.0006972560590789656,1.0000878867629586,4103.15289507086,2.6786333292543506e-15,100.72969865798956,100.79999999999983,7.030134201026783e-06,623.0794879079737,3.2934599971667924e-10,0.024549340771336282,0.024548526124805688,9.775758367136511e-06,1.5671019755258326,1.2061550845599012e-07
32,checkerboard,isometric,cylinder_000,0.6,e3d10587abe507eed03db430d9a9e72cbb7a909be1d7132e011b3326df86bc74,ca73b6d8e77c5997c560d09fa64b0b0a7b6efc2f6a4ea9fc9063dbea66982ffc,d9faeeffbc6a0066c2ff6bece8c937d4991121e90f29c294636a3bc434307c3b,0.014998875731876056,0.014999999999999998,7.495120826275793e-05,0.9999853516268684,7.15343753745256e-05,0.0,1.072858460540044e-06,0.0,1.072858460540044e-10,0.036431762629494255,1.6403923081021988e-13,0.014997802873415516,0.014999999999999998,2.6365519013776817e-05,6.27190148593435,1.2287803498670091e-06
32,checkerboard,isometric,cylinder_090,0.6,e3d10587abe507eed03db430d9a9e72cbb7a909be1d7132e011b3326df86bc74,1254d36650940620d2d5d5f6bb33a8189372fae8137e14e2e5fd89e0dbdde5c2,cfcec62fd1e43135643eb27c26c0a02b1994ecc4d6a9fe65bfede2b86afaa0f4,0.01499887573187604,0.014999999999999998,7.495120826379877e-05,0.9999853516268634,7.15343753745756e-05,0.0,1.072858460540793e-06,0.0,1.072858460540793e-10,0.03643176263004111,1.6403923073534216e-13,0.0149978028734155,0.014999999999999998,2.6365519013964167e-05,6.271901485934341,1.2287803497004757e-06
32,checkerboard,isometric,cylinder_045,0.6,e3d10587abe507eed03db430d9a9e72cbb7a909be1d7132e011b3326df86bc74,9db0b70a0016bbe945d8b4f993a1a2a995e661eafd7a4359f7da5a4cf466db6d,2a82f8d56261a1445291503a36c90fdb815c4bd4305fbf6013cb794bf75cbccb,0.015002301411322165,0.014999999999999998,0.00015342742147779942,0.9999926745099336,0.00023246495898914714,0.0,3.4866988470213513e-06,0.0,3.4866988470213516e-10,0.065869519411511,4.0545719590214474e-13,0.014998814712475144,0.014999999999999998,1.4223450298243845e-05,6.211439225985933,6.132478553508292e-07
32,checkerboard,isometric,cylinder_135,0.6,e3d10587abe507eed03db430d9a9e72cbb7a909be1d7132e011b3326df86bc74,a08aceb9d501f03f9974f6ab9845885578c3fef31d89204ee7faecd16537ed09,ff319724f17219e4c3926906a14286cf303609aaf515daab7fd2a0dba414b7e2,0.015002301411321523,0.014999999999999998,0.00015342742143500956,0.9999926745099366,0.0002324649589890845,0.0,3.4866988470202625e-06,0.0,3.4866988470202623e-10,0.06586951941047783,4.745011773490206e-13,0.014998814712474502,0.014999999999999998,1.4223450305946017e-05,6.211439225985354,3.2923792898237325e-07
