resolution,diagonal,family,field,curvature_inv_m,structure_sha256,current_positions_sha256,float32_positions_sha256,total_energy_j,reference_total_energy_j,total_relative_error,minimum_area_ratio,membrane_to_bending_ratio,reference_quadrature_error,membrane_energy_j,reference_membrane_energy_j,membrane_normalized_error,membrane_force_norm_n,membrane_float32_normalized_energy_difference,bending_energy_j,reference_bending_energy_j,bending_normalized_error,bending_force_norm_n,bending_float32_normalized_energy_difference
4,forward,rest,rest,0.0,a4aff64b60859fd6a0cb6c61e84811748f69567442d8a09836e9ebc2ebb43a69,4e6d932e82e1339443f38ff2afc165d580003ad04de31d2f56bddcb2bf2329fc,560a5da7af7e04ca0ba30663a103a633db49511eefc5554e0ba1bc54c84a10b6,8.80425117434165e-29,0.0,,1.0,,0.0,8.80425117434165e-29,0.0,8.80425117434165e-33,7.930164461608263e-13,0.0,0.0,0.0,0.0,0.0,0.0
4,forward,affine,extension,0.0,a4aff64b60859fd6a0cb6c61e84811748f69567442d8a09836e9ebc2ebb43a69,5dcb04c3c6c0c5e0a0b3ca19a73e4a9d78de58f70cfa8fbd4abd47a038868b17,da59ebc42cae27301cad6683cc8216117013861ac0bc036e6bf677e782f7f650,0.5050145892857177,0.5050145892857146,6.155514186921277e-15,1.0069699999999997,,0.0,0.5050145892857177,0.5050145892857146,3.1086244689504383e-19,67.18234153821953,9.731251426892129e-11,0.0,0.0,0.0,0.0,0.0
4,forward,affine,shear,0.0,a4aff64b60859fd6a0cb6c61e84811748f69567442d8a09836e9ebc2ebb43a69,66aca2c7e1a40b56e562429a888a77269f3c18df40c4e303fb7b5793ddeb6088,12b7fb833460f543e6bf3e065cc2400696f9b8973c679a12821deca9f1b3e798,0.7694505494505516,0.7694505494505494,2.8857553624932665e-15,0.9999999999999996,,0.0,0.7694505494505516,0.7694505494505494,2.220446049250313e-19,72.00486622984371,7.358400729851056e-11,0.0,0.0,0.0,0.0,0.0
4,forward,graph,cylinder_000,0.2,a4aff64b60859fd6a0cb6c61e84811748f69567442d8a09836e9ebc2ebb43a69,688d90f76f3fe0bc72fc019ddb06c74abbb64c43f4b7ed5a5b0910a954680ad1,3aa5ba2021ed45ed2eb3b058c9f5ee78e21602501e60894616d1c71872dd3be1,0.4187250720054373,0.4413680912074157,0.05130189438941023,1.000312451187128,230.59512391141638,3.2834845953289063e-15,0.4169170673076976,0.4395604395604388,2.2643372252741154e-06,95.36041402848619,6.842599414857986e-12,0.0018080046977396506,0.0018076516469769308,3.855314328900152e-06,0.128334292705253,4.182342124604832e-09
4,forward,graph,cylinder_090,0.2,a4aff64b60859fd6a0cb6c61e84811748f69567442d8a09836e9ebc2ebb43a69,03d3472b88ee82e556e8e3445948ee9a0ee105dccf02db6b2fd7b261889a4b28,83804f421dabb5d782bd428f14248eb681429bd99ffea1db1e2a60917a848fc0,0.4187250720054373,0.4413680912074157,0.05130189438941023,1.000312451187128,230.5951239114165,3.1571967262777944e-15,0.4169170673076976,0.4395604395604388,2.2643372252741154e-06,95.36041402848619,6.842599414857986e-12,0.0018080046977396497,0.0018076516469769308,3.85531432889068e-06,0.12833429270525296,4.182342131708524e-09
4,forward,graph,cylinder_045,0.2,a4aff64b60859fd6a0cb6c61e84811748f69567442d8a09836e9ebc2ebb43a69,0e3c242927c3e0a7a6c33ac38c8b5817272466418e781d849f247db3693debaa,c16f9c9defe7b6e06b9b3184f653f73db4c1d9193d5404606a5b7f34380ca8ba,1.1571654374270826,1.137321353059873,0.01744808915599861,1.0001562377948756,645.4426858443945,1.9554250691785035e-15,1.155375386332428,1.1355311355311344,1.9844250801293707e-06,132.03502798857764,1.0010844553320908e-11,0.0017900510946543902,0.0017902175287385451,1.8174601989716982e-06,0.12075240574945456,4.430798140886427e-10
4,forward,graph,cylinder_135,0.2,a4aff64b60859fd6a0cb6c61e84811748f69567442d8a09836e9ebc2ebb43a69,d48203bf10d288e24e725e4f9daa15a70271260d24c181b4baf2a0841897e48f,2b0f0c659f11f70ded04e07f71717ad0a903992983803bc4d362e7ed2bbb4959,0.035763480613174976,0.03845548177862035,0.07000305394540689,1.0001562377948756,18.593734274788684,8.713862964526741e-15,0.033938229739012005,0.036630036630036444,2.6918068910244397e-07,27.26275876090393,8.235430462577576e-14,0.001825250874162969,0.0018254451485839036,2.121476676605425e-06,0.11572722990639112,2.415724197242508e-10
4,forward,graph,twist,0.2,a4aff64b60859fd6a0cb6c61e84811748f69567442d8a09836e9ebc2ebb43a69,a4deab3309d5a170250a523196b6c72ae38f69885115506bbda48866e55b30cf,db82b0f6a72b4ae711185c6244cfb470fa9c4ea3a97dedc04f36bbfe1f13154a,1.5607037769325465,1.370019539451622,0.1391835897152604,1.0,624.1919527772678,2.59792187762287e-15,1.558207417582431,1.3675213675213655,1.906860500610654e-05,135.5592905938303,1.6707528627257774e-11,0.0024963593501155733,0.0024981719302564127,1.9793375137965757e-05,0.06915978511706374,6.871601877615762e-10
4,forward,graph,dome,0.2,a4aff64b60859fd6a0cb6c61e84811748f69567442d8a09836e9ebc2ebb43a69,c2c293637a4d948023d16816d07e00d5ddbfbeac6ed6911b59fc7889fffee7a3,0b6ca47ee690107b96d0c58748a0d1cae3095ac36a8c8819cb7cbca56d524a96,1.311732598985638,1.372160829677556,0.044038737577225526,1.000624804809475,281.6246805610014,2.59792187762287e-15,1.3070913461538547,1.3675213675213655,6.043002136751086e-06,159.43020945546456,1.8928687040009606e-11,0.004641252831783441,0.004639462156190481,1.9554177475121292e-05,0.22429062025060403,8.291153775208392e-09
4,forward,graph,saddle,0.2,a4aff64b60859fd6a0cb6c61e84811748f69567442d8a09836e9ebc2ebb43a69,67a054c46b292490f46dc1deb5af2504fe189e3e962ecd5f96ce42c0bf434d9e,bacb6405d9100b016f62864e6fbfb30665b5ed13cc1cf984ed1841712756c250,1.3095904822940465,1.370019539451622,0.044108171757727896,1.000624804809475,523.0172638990028,2.59792187762287e-15,1.3070913461538554,1.3675213675213655,6.043002136751019e-06,156.49170714341835,5.8559479709785475e-12,0.002499136140191084,0.0024981719302564136,1.052917248660013e-05,0.12044853047788431,1.5322362631291219e-09
4,forward,isometric,cylinder_000,0.2,a4aff64b60859fd6a0cb6c61e84811748f69567442d8a09836e9ebc2ebb43a69,a09e398e476d2a7914efa7a8aa9e43e28e2c36c78aa698bce2611eab659ce07b,4eb9061a531084df440235e044aa3d5ba317d277e106d37bb20ff4034cf0645f,0.001889204139954107,0.0018315018315018317,0.03150546041494225,0.9998958365884931,0.03258058129166713,0.0,5.9609264568324095e-05,0.0,5.960926456832409e-09,0.7916944002828128,2.565102192729241e-12,0.0018295948753857829,0.0018315018315018317,2.0823960787253258e-05,0.12930862740327048,8.48936321396626e-10
4,forward,isometric,cylinder_090,0.2,a4aff64b60859fd6a0cb6c61e84811748f69567442d8a09836e9ebc2ebb43a69,2301c0720b3cbe1804c27ce45ac0a3fbb95b02d5a7cb7266e83ed03c8346e433,0f915b734adc790d7a90d806fa3d036f978f5b2b414554f2fd53727cfdc3f5be,0.0018892041399541026,0.0018315018315018317,0.03150546041493989,0.9998958365884929,0.03258058129166542,0.0,5.9609264568320924e-05,0.0,5.960926456832093e-09,0.7916944002826853,2.5651021930470474e-12,0.0018295948753857816,0.0018315018315018317,2.0823960787267464e-05,0.12930862740327037,8.489363308682163e-10
4,forward,isometric,cylinder_045,0.2,a4aff64b60859fd6a0cb6c61e84811748f69567442d8a09836e9ebc2ebb43a69,a8ccec4039165918f9c4d276bda8f6eb45212ae03f1a82743c46d9c7b2e7bb2c,3719abfcb209d5e351b8896dbe5a4d669e45c80891cfa0a330230b10302dece9,0.00184545169694692,0.0018315018315018317,0.007616626533018203,0.9999479174804613,0.008141582147592835,0.0,1.490355804796899e-05,0.0,1.4903558047968989e-09,0.39593923114661145,1.6659173965090927e-13,0.001830548138898951,0.0018315018315018317,1.0414323223458316e-05,0.12239161686453891,1.9845279185075335e-09
4,forward,isometric,cylinder_135,0.2,a4aff64b60859fd6a0cb6c61e84811748f69567442d8a09836e9ebc2ebb43a69,a5bc141cdcd9902c3489b68dbf57e8ca664ce2a4ec510962f997ca04bf97ba75,02ef35dcb54eed73c60450c7f4b5ec66b7dd26616f284ef1825196e1f93c56f2,0.0020937143315160112,0.0018315018315018317,0.143168025007742,0.9999478523973133,0.1450422388535644,0.0,0.0002652103161425056,0.0,2.652103161425056e-08,1.3579359294245343,8.928940546139297e-13,0.0018285040153735055,0.0018315018315018317,3.273615212132196e-05,0.115999866699473,6.820813624585503e-10
4,forward,graph,cylinder_000,0.6,a4aff64b60859fd6a0cb6c61e84811748f69567442d8a09836e9ebc2ebb43a69,90b958f29652e2e36d63a1c8dd99a9cc7e051fb519b91f51d71af1d09ea90d78,e922929e6ee5cf4e1b6ce9e179d5a49fe105659a318ff85e39071ecb68c44a52,33.785145896847396,35.61924229396341,0.05149172972235987,1.002808556006579,2272.0360336400045,2.993490229359687e-15,33.770282451923144,35.604395604395535,0.00018341131524723906,959.1095982880064,7.250116688339858e-10,0.014863444924251549,0.014846689567873194,0.00018296849165162733,0.3641179829628685,2.5358799643285244e-08
4,forward,graph,cylinder_090,0.6,a4aff64b60859fd6a0cb6c61e84811748f69567442d8a09836e9ebc2ebb43a69,6c27ec1fd34577189c5e2a7d576a58500a917af3158da963803e4caf247a3ce1,b10376619c74405c1e54a28568477d24083cff348f88c526aec59a1e712b5b77,33.78514589684739,35.6192422939634,0.05149172972235988,1.002808556006579,2272.0360336400045,2.993490229359688e-15,33.77028245192314,35.60439560439553,0.00018341131524723906,959.1095982880063,7.250116695445286e-10,0.014863444924251545,0.014846689567873194,0.00018296849165158944,0.3641179829628684,2.5358799643285244e-08
4,forward,graph,cylinder_045,0.6,a4aff64b60859fd6a0cb6c61e84811748f69567442d8a09836e9ebc2ebb43a69,7a5fb48c884f967ea1adf5f2fb54662fed8b42ae36324f512b89cb7e1641ef73,7c0797d77b238a1d6cd1c80402ca6540a31ae9f5e3eea9c3196d90c8d3e11e4b,93.59922380597402,91.99184434540788,0.017473064835299985,1.0014052626184866,6772.9558833801975,2.4720435442454182e-15,93.58540629292591,91.97802197802183,0.0001607384314904081,1385.4360742032163,6.097323918652365e-10,0.013817513048116885,0.01382236738605704,5.3009370306496337e-05,0.3336095356876175,3.332143186249303e-08
4,forward,graph,cylinder_135,0.6,a4aff64b60859fd6a0cb6c61e84811748f69567442d8a09836e9ebc2ebb43a69,8d65ac0df15a2248699479203fd4968a8263534e2e0dcf681d1a14ac38065805,c9d3ccc7f800e6cc14e5b6c0e9c2f882031224d1626ad476e56e1dbf1d094fe9,2.7650006045581335,2.983054491895685,0.07309752065540774,1.0014052626184866,171.76939188779522,8.830796176611108e-15,2.7489966088599034,2.9670329670329507,2.1803635817304735e-05,254.38143404796926,3.8513005495843797e-11,0.016003995698230265,0.01602152486273438,0.0001914184763849244,0.33706295309736783,1.1835522271824715e-08
4,forward,graph,twist,0.6,a4aff64b60859fd6a0cb6c61e84811748f69567442d8a09836e9ebc2ebb43a69,f9d2cd4e29357d0821e3e7212baefd03720e7673e9526c59477e3cdc325745e2,338b187cd1d90628cbe905f77accd2ac8faf8ccdc11115b52033692b812d2388,126.23364405658478,110.78811425086502,0.13941504384437306,1.0,6698.150194506472,2.8224336448248478e-15,126.21480082417597,110.76923076923056,0.0015445570054945406,1435.1262909712384,1.149519756893369e-09,0.01884323240880621,0.018883481634465914,0.00043952154420398234,0.1894961598771441,1.833556985367246e-08
4,forward,graph,dome,0.6,a4aff64b60859fd6a0cb6c61e84811748f69567442d8a09836e9ebc2ebb43a69,46e78a12a857574f1d0f9bebd579f08901f4711869ea366542b3d1943e58ae9f,430f3c9f05f5d33db221657db2065dcfa8c06c8e0f4ca7333bc5b9b6948e7d46,105.90954310169359,110.804300092266,0.04417479273364469,1.0056092680559383,3012.582760839637,2.8224336448248478e-15,105.87439903846163,110.76923076923056,0.0004894831730768927,1672.668040321697,2.6838247038085686e-10,0.03514406323196027,0.035069323035436695,0.0008161629460374056,0.6050838306254563,6.435169666890727e-08
4,forward,graph,saddle,0.6,a4aff64b60859fd6a0cb6c61e84811748f69567442d8a09836e9ebc2ebb43a69,68f4dcdb35020e14f7467945a0e35465e7c36a0801e2df24c63a69c31398502a,540f2e6d616a4e37f97e89accdbaa5f91d04a575cea0868b2a71e9eacd32c427,105.8933227648173,110.78811425086502,0.0441815579148149,1.0056092680559383,5594.796555845034,2.8224336448248478e-15,105.87439903846163,110.76923076923056,0.0004894831730768927,1635.2070767457906,7.522987147012827e-10,0.018923726355670932,0.018883481634465914,0.0004394723555587924,0.32552115937420445,2.3696910357723363e-08
4,forward,isometric,cylinder_000,0.6,a4aff64b60859fd6a0cb6c61e84811748f69567442d8a09836e9ebc2ebb43a69,3968ddb60f2f5c1da81a94758696da2e14815c494a812545587c51d1f7d60cea,14c31665cdf02ef7998dd133bdd261e2259a87573fb6db3b81e8054b30233788,0.02115152501355604,0.016483516483516484,0.2831925174890663,0.9990627636365645,0.2952867661981433,0.0,0.004821917110868306,0.0,4.821917110868306e-07,7.211759755215764,8.341925738716838e-13,0.016329607902687733,0.016483516483516484,0.0016806817026499595,0.38477945365708116,2.3876903267050494e-08
4,forward,isometric,cylinder_090,0.6,a4aff64b60859fd6a0cb6c61e84811748f69567442d8a09836e9ebc2ebb43a69,398b1c95e9f401f4b1beb12bdfd41278b91018442f78ca183e8ae89d4239d025,6e20409577caf5a1508fcf9214c9fea73c25abeb6cc3a2a84857f5af971d914e,0.021151525013556025,0.016483516483516484,0.2831925174890655,0.9990627636365643,0.29528676619814226,0.0,0.00482191711086829,0.0,4.821917110868289e-07,7.211759755215863,8.341925722236965e-13,0.016329607902687737,0.016483516483516484,0.0016806817026499216,0.38477945365708116,2.3876903380709577e-08
4,forward,isometric,cylinder_045,0.6,a4aff64b60859fd6a0cb6c61e84811748f69567442d8a09836e9ebc2ebb43a69,95e1e55f72ddd293d6b3c3991d5cc31d4dc2fde6283fe19ef56814744c36a2bf,5171b87937bf17b9be47d6914a0916c4ff2a067ecf03e6e80e31776e306eb6d0,0.017612789970372997,0.016483516483516484,0.06850925820262849,0.9995313159135544,0.0735312578090129,0.0,0.001206383689926891,0.0,1.2063836899268909e-07,3.613347892904484,7.549857798400811e-13,0.016406406280446106,0.016483516483516484,0.0008420434175285304,0.3669859661010083,1.0977124992109232e-07
4,forward,isometric,cylinder_135,0.6,a4aff64b60859fd6a0cb6c61e84811748f69567442d8a09836e9ebc2ebb43a69,cbc852e684ce878e3b026977cdb5f94d3a9c063da7908435ed8b19e5e0edcb03,c4c7b356fd0f02ae58d21a9e6340bce30c9f1063a795ab601d83c2eaa4d54a2d,0.03766294986041828,0.016483516483516484,1.2848856248653755,0.9995260577661731,1.3187967599285342,0.0,0.02142049579489722,0.0,2.1420495794897218e-06,12.283285022801694,1.030153164958969e-11,0.016242454065521057,0.016483516483516484,0.002632401604510059,0.3436030769316205,5.642279992390531e-09
8,forward,rest,rest,0.0,d596a90ff62e06310a897633166783be3e4c3877bad53fc1c44b60365dc546f1,bd678fa93f59093c55a1c819d54c5dccaae6f5b86c7ecba869430fed13507c38,b0266b6785b388615bd7e2e72db311db56bfd73e6573dde9bed7817b9b7e0135,8.804251174341651e-29,0.0,,1.0,,0.0,8.804251174341651e-29,0.0,8.804251174341651e-33,5.607473066727769e-13,0.0,0.0,0.0,0.0,0.0,0.0
8,forward,affine,extension,0.0,d596a90ff62e06310a897633166783be3e4c3877bad53fc1c44b60365dc546f1,941e240e9459ee7af672e81c3ffb9cddcdabfcd4fb34aa16f679fb7ccbbdd78f,3a0196fe18af1c8735778e303b7a4e7fe161104c14d44d2d4b0f284f51525e0d,0.505014589285717,0.5050145892857146,4.616635640190958e-15,1.0069699999999997,,0.0,0.505014589285717,0.5050145892857146,2.3314683517128286e-19,49.172439006001305,9.728091798777427e-11,0.0,0.0,0.0,0.0,0.0
8,forward,affine,shear,0.0,d596a90ff62e06310a897633166783be3e4c3877bad53fc1c44b60365dc546f1,99a1d09b95649c4de9714b6a752c3a4b6d5935be189cf00b6a99153f2544bb86,882c5a13537ec558a6ab5f08c82f4c71be8df86b3ecad02039e42e6f0ab8602e,0.7694505494505497,0.7694505494505494,4.3286330437398996e-16,0.9999999999999991,,0.0,0.7694505494505497,0.7694505494505494,3.3306690738754693e-20,52.702165654765366,6.167174235738315e-11,0.0,0.0,0.0,0.0,0.0
8,forward,graph,cylinder_000,0.2,d596a90ff62e06310a897633166783be3e4c3877bad53fc1c44b60365dc546f1,bb0bf3af5910d733446cca77095f86328a5409043209a0c7d3538c41a5ad77d0,747b4160f7d8fabdd3fe33c5e7858b4ff727c5bf9e20de5759bbd4acfc3a062c,0.4356603862352564,0.4413680912074157,0.012931847783887632,1.0000781219484807,239.99727859698447,3.2834845953289063e-15,0.43385264637706566,0.4395604395604388,5.707793183373111e-07,74.30038757684542,4.820473742395137e-12,0.001807739858190696,0.0018076516469769308,9.632664543172096e-07,0.18567999649238326,2.2928405889795913e-09
8,forward,graph,cylinder_090,0.2,d596a90ff62e06310a897633166783be3e4c3877bad53fc1c44b60365dc546f1,c970582ffe17a654387dde28f14f0b382f713274eb1b8b1a102c0cd3d51bd046,036adfc44ab237af70f4f6327069f803f2eac7455db73bda64768f9c62de5115,0.4356603862352563,0.4413680912074157,0.012931847783887758,1.0000781219484807,239.99727859698461,3.1571967262777944e-15,0.4338526463770656,0.4395604395604388,5.707793183373166e-07,74.30038757684542,4.8204737479462524e-12,0.0018077398581906948,0.0018076516469769308,9.632664543030021e-07,0.18567999649238323,2.292840584243796e-09
8,forward,graph,cylinder_045,0.2,d596a90ff62e06310a897633166783be3e4c3877bad53fc1c44b60365dc546f1,661c1d1e9e4b8e8c978a68f77e4feb3208ccc58423941384d0c5b6e164dcd061,e4d7a8ac790237f2fb509d1e395b37db21607da0117246992a1066443201e0fd,1.1423175867747908,1.137321353059873,0.004392983303686239,1.0000390617370902,637.1035253801547,1.9554250691785035e-15,1.140527410821611,1.1355311355311344,4.996275290476637e-07,99.16510906206723,1.2878816457728703e-12,0.0017901759531797714,0.0017902175287385451,4.540051018088551e-07,0.16837873271057568,5.014348636832311e-10
8,forward,graph,cylinder_135,0.2,d596a90ff62e06310a897633166783be3e4c3877bad53fc1c44b60365dc546f1,2ae83595e459d06796ac81b4a92b7dbdcfd04ff47c2d647e990231c263a268a1,6b1a3fe212e244a327e133e7b3b09eedc5db64d72aacc74984d3ff8f7d1f6f8e,0.03775062243621566,0.03845548177862035,0.01832922927509811,1.0000390617370902,19.680779013394936,8.713862964526741e-15,0.03592522589715083,0.036630036630036444,7.048107328856134e-08,22.766545429845298,2.998959927613676e-13,0.0018253965390648288,0.0018254451485839036,5.308159482974444e-07,0.16607558212420911,6.965534763044012e-10
8,forward,graph,twist,0.2,d596a90ff62e06310a897633166783be3e4c3877bad53fc1c44b60365dc546f1,958ec1b8a688f7cf4ae2b2c98ac9db249d7c12a7d4264f7ece70bfa35c3d9638,f1982ba592c5d16500489b5b84c00c3f501479eb71062cfd96b83206f0ef92b1,1.417708484608008,1.370019539451622,0.03480895256097914,1.0,566.6013161284078,2.59792187762287e-15,1.415210765796716,1.3675213675213655,4.768939827535035e-06,98.23840742175751,9.611701923262217e-12,0.002497718811291976,0.0024981719302564127,4.948059091646334e-06,0.06905975195384692,1.7482369379755168e-09
8,forward,graph,dome,0.2,d596a90ff62e06310a897633166783be3e4c3877bad53fc1c44b60365dc546f1,cedabc8f717bb4291fff8510a72d5e14233103e3d404cfad74589f8d74af4873,a2bdb289fe230e4fe8fe1e1921cf505e3288822f81e36c0d8011868474dc7c52,1.3569375142443203,1.372160829677556,0.011094410439345559,1.0001562377948756,291.44913347869993,2.59792187762287e-15,1.3522976047390212,1.3675213675213655,1.5223762782344386e-06,123.57808580183229,3.945745774558418e-12,0.004639909505299152,0.004639462156190481,4.8850522666825725e-06,0.3245713163372235,9.283232368338667e-09
8,forward,graph,saddle,0.2,d596a90ff62e06310a897633166783be3e4c3877bad53fc1c44b60365dc546f1,d8c59db56d5796db52030f28ec4058013f6bb4311b115715974e9d4124d19ae8,2e748a1117ea0d102f693bc011337359f83ca9701db43b40c29249bcd11052c2,1.3547960175495666,1.370019539451622,0.011111901300436095,1.0001562377948756,541.2626764604424,2.59792187762287e-15,1.352297604739021,1.3675213675213655,1.5223762782344608e-06,122.13471207992806,7.461407558473355e-12,0.0024984128105456985,0.0024981719302564136,2.6304127589913023e-06,0.17482989516827177,4.377466230748306e-09
8,forward,isometric,cylinder_000,0.2,d596a90ff62e06310a897633166783be3e4c3877bad53fc1c44b60365dc546f1,75b945f8af0fa05edc521e7f934da6f75d2d2258f64c169ec4fb2da98e03793b,e4425fe1f0a51b62848a47b1ec8356492c21e07ac550d24fa9274cf38c00f143,0.0018347509763139106,0.0018315018315018317,0.001774033067395062,0.9999739585367825,0.0020349503144678365,0.0,3.7260447602635426e-06,0.0,3.7260447602635424e-10,0.14478120218709234,6.439823919972427e-13,0.001831024931553647,0.0018315018315018317,5.207747434176623e-06,0.1873088790975256,7.268305942343885e-09
8,forward,isometric,cylinder_090,0.2,d596a90ff62e06310a897633166783be3e4c3877bad53fc1c44b60365dc546f1,b8dc3110a7893b7d2aaf269c81707f8a6defd7990821f9d445ff0ceab379c33c,07ed8ee41a5f381474ae44682a1e402987e21bf8a5361abcd78ee6119168d931,0.0018347509763139093,0.0018315018315018317,0.0017740330673943515,0.999973958536782,0.0020349503144670325,0.0,3.7260447602620713e-06,0.0,3.726044760262071e-10,0.1447812021869344,6.4398239214433e-13,0.0018310249315536473,0.0018315018315018317,5.207747434174256e-06,0.18730887909752583,7.268305937608091e-09
8,forward,isometric,cylinder_045,0.2,d596a90ff62e06310a897633166783be3e4c3877bad53fc1c44b60365dc546f1,47b7bc38f41ce053bf62f0cbc7c9680d1db778a2a7460e09bc80dcb18e98424c,882d7b917378575236f4e9d2c6c6567d41179ff79eb686795a69c153602c90dc,0.0018321948987114634,0.0018315018315018317,0.0003784146964589088,0.9999869792175263,0.0005086819367131531,0.0,9.315305967244572e-07,0.0,9.315305967244572e-11,0.07239481100015004,2.6439391484633003e-14,0.0018312633681147389,0.0018315018315018317,2.604020187054077e-06,0.17062969680474221,7.698627934107915e-10
8,forward,isometric,cylinder_135,0.2,d596a90ff62e06310a897633166783be3e4c3877bad53fc1c44b60365dc546f1,fac00485d390cc01e55fc390cb0fc9024bb3dde2ba27bdedc9e09c11e24d3376,53eaecc72b476bd347804bcbe0a357c2eed72e5b96e004a1d50ab3654bc3eba9,0.0018473998114389577,0.0018315018315018317,0.008680297045670783,0.9999869751488465,0.0090561093840414,0.0,1.658010353721689e-05,0.0,1.658010353721689e-09,0.24846945572184997,1.9668084906658826e-13,0.0018308197079017407,0.0018315018315018317,7.448789712993673e-06,0.16660350018642803,3.7674957190439447e-10
8,forward,graph,cylinder_000,0.6,d596a90ff62e06310a897633166783be3e4c3877bad53fc1c44b60365dc546f1,bd4b5d78a0a6a8800fa04f31e380b81164ed996f6ea3f91eecfec6d6668552b6,c27cc3c1fde0c5614352d82dd759650366902ea645c3a33e5c60c74c60a15932,35.15691522642475,35.61924229396341,0.012979699672528194,1.0007028779812717,2366.3303654158567,2.993490229359687e-15,35.14206435654194,35.604395604395535,4.623312478535979e-05,755.2818302066983,1.1524006865215598e-09,0.014850869882813722,0.014846689567873194,4.564903915056553e-05,0.52591480769432,9.191715092643492e-08
8,forward,graph,cylinder_090,0.6,d596a90ff62e06310a897633166783be3e4c3877bad53fc1c44b60365dc546f1,6a4333b06ec9ce29e4b0865ee6acd9c88bce63b9d6220e4a7f548fe713321184,abddf28ee5a1c27c921e36867edf4337f05478b22e5d8198cb0607c1d9bb8475,35.15691522642475,35.6192422939634,0.012979699672527998,1.0007028779812717,2366.3303654158576,2.993490229359688e-15,35.14206435654194,35.60439560439553,4.6233124785359084e-05,755.2818302066983,1.1524006865215598e-09,0.014850869882813715,0.014846689567873194,4.564903915048976e-05,0.5259148076943199,9.191715092643492e-08
8,forward,graph,cylinder_045,0.6,d596a90ff62e06310a897633166783be3e4c3877bad53fc1c44b60365dc546f1,4add849b910bb74d52f722713c451850f1a1980b35a41a17664a4dec2459baf8,ff21ea3eb4a246a592975f2ef0e1eea6a3c9f6e37ba4126131aa908edf2ce575,92.39654142683253,91.99184434540788,0.004399271308281423,1.0003515007236206,6684.155687931444,2.4720435442454182e-15,92.38272027654972,91.97802197802183,4.046982985278902e-05,1047.1085783385145,5.714780854759738e-10,0.013821150282802515,0.01382236738605704,1.329076753942386e-05,0.46549620302490086,3.3489971592373654e-08
8,forward,graph,cylinder_135,0.6,d596a90ff62e06310a897633166783be3e4c3877bad53fc1c44b60365dc546f1,11318367095aa6ec0d179aa356b757c6389a3a7962576a43667ec7f014b0e1cd,2f5f59139d77c31a0051e97d43170d45654d75376a1a4149e3c85602a228fb0e,2.9259604170404976,2.983054491895685,0.01913946761961602,1.0003515007236206,181.67706877886505,8.830796176611108e-15,2.9099432976691415,2.9670329670329507,5.708966936380921e-06,213.82908926701532,1.615053681902623e-11,0.016017119371356033,0.01602152486273438,4.810796585154625e-05,0.48543682376254027,9.36834173820289e-09
8,forward,graph,twist,0.6,d596a90ff62e06310a897633166783be3e4c3877bad53fc1c44b60365dc546f1,9d78bf92bd8021a556dfb241256e4e3071b42a34ad5dcc8c976e954df4395288,adee6a4be805d11cf39037316bcc17a80d6c9eff91824ead14255fa36723bb2d,114.65094544823468,110.78811425086502,0.034866837688226994,1.0,6073.731200585825,2.8224336448248478e-15,114.63207202953309,110.76923076923056,0.0003862841260302531,1031.3279562305188,4.3067696964271815e-10,0.018873418701584387,0.018883481634465914,0.00010988722706627651,0.18791920305954116,2.252066221550275e-08
8,forward,graph,dome,0.6,d596a90ff62e06310a897633166783be3e4c3877bad53fc1c44b60365dc546f1,e596140e45fb2eca86ec0c02ac9419eb7357906dcf99377862241217a168d6fd,bcb6d5176faa08f3d6c4494fbac896b703d1335dfe78d824f9ca39d97b42af5a,109.57119394274311,110.804300092266,0.011128684974284367,1.0014052626184866,3121.7577046510864,2.8224336448248478e-15,109.53610598385998,110.76923076923056,0.00012331247853705776,1308.684393176888,1.7305886757412737e-09,0.03508795888311987,0.035069323035436695,0.00020350345670028857,0.878172319453462,4.62136026130322e-08
8,forward,graph,saddle,0.6,d596a90ff62e06310a897633166783be3e4c3877bad53fc1c44b60365dc546f1,d40249d308d4b46ded722f1bb0af5158335cdcc29ca8d4053e5d0d0604cbde7d,5d714f001459e723d6b30fd17260ffb4204d2617b776a49ee6bd391c2ef5d9e9,109.55499950018168,110.78811425086502,0.011130388480944053,1.0014052626184866,5797.550022923445,2.8224336448248478e-15,109.53610598386,110.76923076923056,0.00012331247853705632,1290.1219829656216,5.760648818409209e-10,0.018893516321679935,0.018883481634465914,0.0001095787843771076,0.4736990633666074,1.681330967076566e-08
8,forward,isometric,cylinder_000,0.6,d596a90ff62e06310a897633166783be3e4c3877bad53fc1c44b60365dc546f1,f65d5bdedd7e88c3a223e8fa05b8af3e4fed09bf40b1ea8039978501d50d1f60,e016a807221727c0b3843a392b37503a9f332a98874b2fb888829296aec6ad2a,0.016746631374771084,0.016483516483516484,0.015962303402779047,0.9997656414789395,0.01834663817459723,0.0,0.00030170903988746247,0.0,3.017090398874625e-08,1.3129527953235565,4.5070113310939977e-13,0.01644492233488362,0.016483516483516484,0.00042144810307085734,0.5609192956319119,2.1815097419997097e-07
8,forward,isometric,cylinder_090,0.6,d596a90ff62e06310a897633166783be3e4c3877bad53fc1c44b60365dc546f1,f7ef8ea550fc4bb491d290057f2e0af5b5ec38d3c87433b2ef40fa1093f43f3d,4698157b7162ce0ebe6cb3a922f8c669b2054863558c44e5dbcf3738001a01dc,0.016746631374771077,0.016483516483516484,0.015962303402778627,0.9997656414789395,0.018346638174597488,0.0,0.00030170903988746653,0.0,3.017090398874665e-08,1.312952795323492,4.5070113270282393e-13,0.01644492233488361,0.016483516483516484,0.00042144810307097097,0.560919295631911,2.1815097416208462e-07
8,forward,isometric,cylinder_045,0.6,d596a90ff62e06310a897633166783be3e4c3877bad53fc1c44b60365dc546f1,beac348aba1c2916324a35ab44a4d5cfead742e962d4fb6b04e5df3d93456a9c,8f34d109b9c2d5a1b9271b2fc3c1bae699ac1c975661b6c38d9b2a2776d95b11,0.01653965104256405,0.016483516483516484,0.003405496582218915,0.9998828166198014,0.004582145479314149,0.0,7.544140376689482e-05,0.0,7.544140376689483e-09,0.6568179513810943,3.9224020277172766e-13,0.016464209638797155,0.016483516483516484,0.00021083074433507693,0.5119846758882087,8.143803019278194e-08
8,forward,isometric,cylinder_135,0.6,d596a90ff62e06310a897633166783be3e4c3877bad53fc1c44b60365dc546f1,9d4ca47ce760d34c503254636945434905224455e26b1c5afe0925d10f4c0d95,cb615fc782d8e8bd83dddfdf7724eaf782aef50b3b9ff4d1e12a060ba453d8f2,0.01777038292199338,0.016483516483516484,0.07806989726759828,0.9998824872692864,0.08168957348778325,0.0,0.0013420255100837595,0.0,1.3420255100837595e-07,2.2472057413478597,5.341723732072389e-12,0.01642835741190962,0.016483516483516484,0.0006023370619469695,0.49858458896053937,6.37375654297112e-09
16,forward,rest,rest,0.0,1dafeb9d9f6c2fafd229cd628a21e6f2bb5525799312ff11b20efaedece7c231,bcc29bcab9dfaaf8ac58eacc51f07f204d712ea4dfa3cc0eb4a5e9461836699a,f1faf4d6171c4fa4cfe1f0cc6f12af125db66325139148cf46cbbc5fe6cbac1a,8.804251174341651e-29,0.0,,1.0,,0.0,8.804251174341651e-29,0.0,8.804251174341651e-33,3.9650822308041317e-13,0.0,0.0,0.0,0.0,0.0,0.0
16,forward,affine,extension,0.0,1dafeb9d9f6c2fafd229cd628a21e6f2bb5525799312ff11b20efaedece7c231,ab36a5e316313a91345ba1c87c7af2004786a7686783869b1dcb2819a003bb49,8286e79eab5cf399f1604bdaf84d985190210f9331cbbd75969e9d48983710d6,0.5050145892857161,0.5050145892857146,2.857917301070593e-15,1.0069699999999997,,0.0,0.5050145892857161,0.5050145892857146,1.4432899320127034e-19,35.34491747803978,9.72019274181335e-11,0.0,0.0,0.0,0.0,0.0
16,forward,affine,shear,0.0,1dafeb9d9f6c2fafd229cd628a21e6f2bb5525799312ff11b20efaedece7c231,59db9fc5f9120105204026ef387a68dc93303e62bc680916820e037d51706d6c,6aec2622ff8a8fc335b47302b77e0ecaab246983ecc56703c40e722dd66b3d83,0.7694505494505499,0.7694505494505494,7.214388406233166e-16,0.9999999999999982,,0.0,0.7694505494505499,0.7694505494505494,5.551115123125783e-20,37.88206836261088,5.865821282036165e-11,0.0,0.0,0.0,0.0,0.0
16,forward,graph,cylinder_000,0.2,1dafeb9d9f6c2fafd229cd628a21e6f2bb5525799312ff11b20efaedece7c231,36e27213b77a79773fc77563e3c380bcbca3f6d4798f1eea8a46e67d396abedc,4c42118ecc0c0cfa27dfa1bba7225b014c700db62a21862f8b1fc60625576bdd,0.43993823057865583,0.4413680912074157,0.0032396103326099678,1.0000195310592688,242.37259064724765,3.2834845953289063e-15,0.4381305568820878,0.4395604395604388,1.42988267835098e-07,54.820389780831356,5.4518535019809635e-12,0.0018076736965680618,0.0018076516469769308,2.4078153515082017e-07,0.26794170548500734,9.190693191886769e-09
16,forward,graph,cylinder_090,0.2,1dafeb9d9f6c2fafd229cd628a21e6f2bb5525799312ff11b20efaedece7c231,aa34b72abcc982b1a6bfaf5b63821e6ed2732c188c9f63472240799d7240f8fc,00f56c6a6ed93c765fa92376cd87481bc0b57da3fb95e125dfa789d58c846a0c,0.43993823057865583,0.4413680912074157,0.0032396103326099678,1.0000195310592688,242.37259064724765,3.1571967262777944e-15,0.4381305568820878,0.4395604395604388,1.42988267835098e-07,54.820389780831356,5.451853496429848e-12,0.0018076736965680618,0.0018076516469769308,2.4078153515082017e-07,0.26794170548500723,9.190693194254667e-09
16,forward,graph,cylinder_045,0.2,1dafeb9d9f6c2fafd229cd628a21e6f2bb5525799312ff11b20efaedece7c231,11a8b31c405576fcc7c478ae520fe415f81e473fa2ad12b7664cbea9361681bb,df5775a777befb289e44526ff6c1adcd22a4b13f2bc758ca03d510440cbcea87,1.1385726122775526,1.137321353059873,0.0011001808893442851,1.0000097655773168,635.0004877674965,1.9554250691785035e-15,1.1367824051406459,1.1355311355311344,1.2512696095114962e-07,72.26221757824048,1.5482369830621679e-12,0.00179020713690676,0.0017902175287385451,1.1347880309283026e-07,0.238916494091544,3.1272399682313875e-09
16,forward,graph,cylinder_135,0.2,1dafeb9d9f6c2fafd229cd628a21e6f2bb5525799312ff11b20efaedece7c231,11cc34bf9050d982d8d0dc77ffee917075f727d69174c43e46a711ad52bf3449,667c507f53524149a991b85c26f763d589ecdd52cdbc7b17395debc5270facca,0.03827727575233225,0.03845548177862035,0.004634086430485758,1.0000097655773168,19.968874719314975,8.713862964526741e-15,0.03645184275868314,0.036630036630036444,1.7819387135330212e-08,17.219418362543706,4.502914083270859e-14,0.0018254329936491088,0.0018254451485839036,1.3273188795903666e-07,0.23846354837196373,5.657670833908445e-10
16,forward,graph,twist,0.2,1dafeb9d9f6c2fafd229cd628a21e6f2bb5525799312ff11b20efaedece7c231,569f645be38c5bcc229a595b2b37c63d40dff1dbe9f3aa2b972cf75d21c18f64,02b259e3983bd668eb48aab4adf7b75576240d4a05cb144fcc8a8dc5e3cc4a6a,1.3819428936023586,1.370019539451622,0.008703054086009026,1.0,552.2067441323319,2.59792187762287e-15,1.3794448349502177,1.3675213675213655,1.1923467428852197e-06,71.19841658713852,1.4956194060999905e-13,0.0024980586521407004,0.0024981719302564127,1.2369970235778097e-06,0.06900383626583252,1.2596205976704576e-09
16,forward,graph,dome,0.2,1dafeb9d9f6c2fafd229cd628a21e6f2bb5525799312ff11b20efaedece7c231,3191a4f2476fae389d847019f7f8bbbeb64639c979685fc456a95ddf18a85411,ead6ada564cc80764ac54649c59ce6a04e1a8b51625241ad5298d76f1e97b607,1.3683477347092736,1.372160829677556,0.0027788979876203395,1.0000390617370902,293.92960830475494,2.59792187762287e-15,1.3637081607357602,1.3675213675213655,3.813206785605372e-07,90.95641344198513,4.341297810128708e-12,0.004639573973513506,0.004639462156190481,1.2210451674321205e-06,0.4685582224980188,1.5062539570204203e-08
16,forward,graph,saddle,0.2,1dafeb9d9f6c2fafd229cd628a21e6f2bb5525799312ff11b20efaedece7c231,b74127e8a1e5827d1be6026b5f035fe80f10c4ce2efbcb539111a43df0cf0063,5167d975aa38a7ebb046d164c5ba1c2d2231c68ad15b068d819d92ad9865efba,1.3662063928753452,1.370019539451622,0.0027832789726510232,1.0000390617370902,545.8692725659737,2.59792187762287e-15,1.363708160735761,1.3675213675213655,3.813206785604484e-07,90.3691149700723,7.403073021272633e-12,0.002498232139584196,0.0024981719302564136,6.574858593861622e-07,0.25233565992254064,2.846397203770667e-09
16,forward,isometric,cylinder_000,0.2,1dafeb9d9f6c2fafd229cd628a21e6f2bb5525799312ff11b20efaedece7c231,1d26cd1ec3ae3d74b2cff1ecae8a45fba1c706d52f76d86f18f5fcb7cf91f75c,957ccaff5c2a266605ecee13653930bec1048fd42cb851359dd2f1bf15656903,0.0018316154815299231,0.0018315018315018317,6.205291533790566e-05,0.9999934895960476,0.00012716352962100847,0.0,2.3288507505168843e-07,0.0,2.3288507505168844e-11,0.026005785659098807,1.8881849203380398e-13,0.0018313825964548715,0.0018315018315018317,1.3020467128056505e-06,0.2704021610971299,4.699225834534602e-08
16,forward,isometric,cylinder_090,0.2,1dafeb9d9f6c2fafd229cd628a21e6f2bb5525799312ff11b20efaedece7c231,7516cdf5c327ed2514c87c95c5263b3c2c7c7df688ba63c67cc47b4668af9624,46bcc3f45ada661ac7b50efb23abb570833bc949b0acc64cc26654e7d709da68,0.0018316154815299199,0.0018315018315018317,6.205291533612974e-05,0.9999934895960462,0.00012716352962097068,0.0,2.3288507505161884e-07,0.0,2.3288507505161884e-11,0.026005785659045474,1.8881849204076287e-13,0.0018313825964548682,0.0018315018315018317,1.3020467128411692e-06,0.2704021610971279,4.6992258378496584e-08
16,forward,isometric,cylinder_045,0.2,1dafeb9d9f6c2fafd229cd628a21e6f2bb5525799312ff11b20efaedece7c231,926ec2e0944f61357792246ee8a53e1c9df51d4780f4c61fd26204801ca98e4e,7bbbc28be9026a6f05112faeb61ee09709044b98f1fe33ec51ab6a9f0e98d5c5,0.0018315004347119685,0.0018315018315018317,7.626472653308145e-07,0.9999967447948405,3.179001312779125e-05,0.0,5.822157199851072e-08,0.0,5.8221571998510714e-12,0.013003081944022325,1.0913479306311496e-13,0.00183144221313997,0.0018315018315018317,6.510325115294171e-07,0.2420589069898249,6.462688963929791e-10
16,forward,isometric,cylinder_135,0.2,1dafeb9d9f6c2fafd229cd628a21e6f2bb5525799312ff11b20efaedece7c231,36146c889c0487d5ec0e268b6eb59d463ed395d7540ce89fd9a92010b90cbb95,e9400dee1ebb1914f4200c23b7934014604203c5bd4750ab7894988f7c59fae6,0.0018323764480121815,0.0018315018315018317,0.00047754061465099957,0.9999967445405353,0.0005658840425311174,0.0,1.0363261514080037e-06,0.0,1.0363261514080037e-10,0.044639350648401,5.329740955336769e-14,0.0018313401218607735,0.0018315018315018317,1.7658692803555144e-06,0.23925658624094756,5.851050419950625e-10
16,forward,graph,cylinder_000,0.6,1dafeb9d9f6c2fafd229cd628a21e6f2bb5525799312ff11b20efaedece7c231,7b22d4b6f5a455eedb1d6e663eb464ec0c47ea656db5e3c4037f9f64813aade3,dc936de29310b9c0c036adf84a5c8d82ce919e1dc81db8fbaf21359c90b9c464,35.50342284156196,35.61924229396341,0.0032515978707689094,1.0001757658031911,2390.1677412105482,2.993490229359687e-15,35.48857510744875,35.604395604395535,1.1582049694678176e-05,559.7718434908545,1.291280473481038e-09,0.014847734113202806,0.014846689567873194,1.140643499935999e-05,0.7579735512477095,1.1760064704297023e-07
16,forward,graph,cylinder_090,0.6,1dafeb9d9f6c2fafd229cd628a21e6f2bb5525799312ff11b20efaedece7c231,69f53baf2ca11c4af23e32a626f9086c75eb9429a81fde062db175943ff170f1,9a5fb5927ec8dad310912361a02ff7d3764a39e984591d3d534bd0aecebdb23b,35.50342284156195,35.6192422939634,0.00325159787076891,1.0001757658031911,2390.1677412105473,2.993490229359688e-15,35.488575107448746,35.60439560439553,1.1582049694678176e-05,559.7718434908546,1.2912804749021233e-09,0.01484773411320281,0.014846689567873194,1.1406434999397875e-05,0.7579735512477097,1.1760064700508386e-07
16,forward,graph,cylinder_045,0.6,1dafeb9d9f6c2fafd229cd628a21e6f2bb5525799312ff11b20efaedece7c231,225830c2668c08b5db18f0ed89a0b7370552ef4461eb694b0b6691d6ba6e84c1,7708a974251ddabf4ac4899a62c269188533103d207058d9a5c43cd1f6f9eb55,92.09319687928937,91.99184434540788,0.0011017556458692848,1.0000878867629586,6661.767892206513,2.4720435442454182e-15,92.0793748163916,91.97802197802183,1.013528383697775e-05,765.9590452310766,2.5077827956465627e-10,0.013822062897765271,0.01382236738605704,3.325012146122366e-06,0.6608470737023915,4.784845200514476e-08
16,forward,graph,cylinder_135,0.6,1dafeb9d9f6c2fafd229cd628a21e6f2bb5525799312ff11b20efaedece7c231,5e9053aad62b7a69c1ce0d437b33f5f612ddcb72aba2bb7ad25d86e059159aa0,0e1af401c1049f8e137893518c601f35e2c6c408a53ed76ef9d2895d96a2b090,2.9686196854987013,2.983054491895685,0.004838934869007644,1.0000878867629586,184.30221470280787,8.830796176611108e-15,2.9525992634532345,2.9670329670329507,1.4433703579716183e-06,162.27553950913133,1.7239021277148936e-11,0.016020422045466887,0.01602152486273438,1.204276456101938e-05,0.6975179302389274,9.212350899207021e-09
16,forward,graph,twist,0.6,1dafeb9d9f6c2fafd229cd628a21e6f2bb5525799312ff11b20efaedece7c231,a596a52bbfee969abd24bb503ab279d2b90f66e0dfa0a076ec0f40d185928067,920b207d7d78d0fbb26dd80fe9daa09b7617b032a9f9f3c3a3612dfcaec97638,111.75391259683384,110.78811425086502,0.008717526717549308,1.0,5917.866300791986,2.8224336448248478e-15,111.7350316309668,110.76923076923056,9.658008617362412e-05,747.1163150693837,1.1078059571900667e-10,0.018880965867041192,0.018883481634465914,2.74721802779701e-05,0.1870170975627529,1.8903898604399892e-08
16,forward,graph,dome,0.6,1dafeb9d9f6c2fafd229cd628a21e6f2bb5525799312ff11b20efaedece7c231,0529dd803a716c6b6bdd313e6140ea5351ca4f7daba9fa7e53f108c16c5791b5,ee594342f8236c4b2f1b758616e8fd525c1dc7046041cfc5aa1f961c888375c6,110.49543499852174,110.804300092266,0.002787482917965002,1.0003515007236206,3149.3535778337105,2.8224336448248478e-15,110.46036101959571,110.76923076923056,3.088697496348516e-05,967.0546428210738,1.1156307337500948e-09,0.03507397892604237,0.035069323035436695,5.0842325414011674e-05,1.269113750617037,1.1652304430009862e-07
16,forward,graph,saddle,0.6,1dafeb9d9f6c2fafd229cd628a21e6f2bb5525799312ff11b20efaedece7c231,3644bdd18070cfb017d937884e26995e3cc3d752d81e426328fad4f37bc0248b,3baba6aa5326ec7b0df945163609e6b8c8bac7ccb5bba38b85850be5240daf42,110.47924700824822,110.78811425086502,0.002787909557855727,1.0003515007236206,5848.799501691173,2.8224336448248478e-15,110.46036101959574,110.76923076923056,3.088697496348232e-05,959.441067993875,2.6891357407521353e-10,0.01888598865248437,0.018883481634465914,2.7376636761551192e-05,0.683839973594768,3.9488690842248704e-08
16,forward,isometric,cylinder_000,0.6,1dafeb9d9f6c2fafd229cd628a21e6f2bb5525799312ff11b20efaedece7c231,87596afa3a5aeed37ace8048896616bca70fb881095771c7cf28ce57b69c064a,4be7caff89ff3bf9bbfcb6e80977a53ef85612aedf452964a400043b8dc2db39,0.016492722736650155,0.016483516483516484,0.000558512690109402,0.9999414072799564,0.0011449726091273989,0.0,1.8862119173593242e-05,0.0,1.886211917359324e-09,0.2350342050248147,1.4163270132816213e-13,0.016473860617476563,0.016483516483516484,0.00010544205715593848,0.8108281469568305,9.086210322223341e-08
16,forward,isometric,cylinder_090,0.6,1dafeb9d9f6c2fafd229cd628a21e6f2bb5525799312ff11b20efaedece7c231,be5d534a61dc4e30aab0b1fdb96965b3fc2633d350b65067fa20c61267785a47,8f3a60fa798579d31c36bd9039ae9ce93f8cf18eab57dd80f3bda755ca9b628a,0.016492722736650145,0.016483516483516484,0.0005585126901087705,0.9999414072799564,0.0011449726091274806,0.0,1.8862119173594573e-05,0.0,1.8862119173594572e-09,0.2350342050246042,1.4163270119433093e-13,0.01647386061747655,0.016483516483516484,0.00010544205715609003,0.8108281469568275,9.086210310857434e-08
16,forward,isometric,cylinder_045,0.6,1dafeb9d9f6c2fafd229cd628a21e6f2bb5525799312ff11b20efaedece7c231,bcfce5bf0d67b56e16c55d2abe910d71365e6e23922f6cceb05e8b40a0be6988,dcbc0f00b27144604b13342243dc6be51dd750f3daf6042e91f7e5851546ecec,0.01648340369028011,0.016483516483516484,6.842789673261925e-06,0.9999707033824862,0.00028617271325248253,0.0,4.715750838470975e-06,0.0,4.715750838470975e-10,0.11753243585110555,3.2844263794924406e-13,0.01647868793944164,0.016483516483516484,5.272770129728113e-05,0.7262210216088791,1.2133394841767895e-07
16,forward,isometric,cylinder_135,0.6,1dafeb9d9f6c2fafd229cd628a21e6f2bb5525799312ff11b20efaedece7c231,8dfb89c6ef2d6af605ac7734f7d5a09831616dfc0104c08a576066aa4cdb750d,49d4db4ff9519e0331a197bd7da67c4fa5fd7c98f83659927dcf65d7c1b97d67,0.016554350621080544,0.016483516483516484,0.004297271012219617,0.9999706827868643,0.005095641252311646,0.0,8.392736817056108e-05,0.0,8.392736817056108e-09,0.40299427645175034,1.529266620399429e-12,0.016470423252909983,0.016483516483516484,0.00014297807822299515,0.7173414072667708,7.766213810794787e-09
32,forward,rest,rest,0.0,bc45dfcf59f6d2ebe955d9ec7eac85ecc5005cf4eabc13da4205af460606e627,0602a0b665ee1db8ecd143c24b73b1a86d2ab429c718a86302ba77a00197df21,415770ec18ee75ffebde9dbfed923fbcb1c1294f73e1bea51752afc52fe09c5e,8.804251174341651e-29,0.0,,1.0,,0.0,8.804251174341651e-29,0.0,8.804251174341651e-33,2.8037365333638845e-13,0.0,0.0,0.0,0.0,0.0,0.0
32,forward,affine,extension,0.0,bc45dfcf59f6d2ebe955d9ec7eac85ecc5005cf4eabc13da4205af460606e627,5b333c755b594a970fe52ff348f43fa11f451f4c269eaccae79038b3b4312bdb,4f295cc67cb0a7a7b042a20bd485dc259d6a019d86782584a6603c1e1aa31736,0.5050145892857163,0.5050145892857146,3.297596885850684e-15,1.006969999999998,,0.0,0.5050145892857163,0.5050145892857146,1.6653345369377348e-19,25.193378076834843,9.703604744171201e-11,0.0,0.0,0.0,0.0,0.0
32,forward,affine,shear,0.0,bc45dfcf59f6d2ebe955d9ec7eac85ecc5005cf4eabc13da4205af460606e627,56c12991c8be2eb960c0bdb38099b579a903fc9a8b9f1255bd035bf41de2b709,21df8d9fb1f80c1dec1ec0bc87a28c309ce45cd9c7fcdc775a89988b9c9e3db0,0.76945054945055,0.7694505494505494,8.657266087479799e-16,0.9999999999999964,,0.0,0.76945054945055,0.7694505494505494,6.661338147750939e-20,27.00182483619131,5.716611851669384e-11,0.0,0.0,0.0,0.0,0.0
32,forward,graph,cylinder_000,0.2,bc45dfcf59f6d2ebe955d9ec7eac85ecc5005cf4eabc13da4205af460606e627,e88bfae2fa228dabb93e0750c06dc31b72b507687d6d8d8a04f2def3f2091cc8,3a4d4b4826004c72927b4f888831aa1e89d9465817eb716d2efe0aedfa76f1ed,0.44101044265112316,0.4413680912074157,0.0008103181073062281,1.0000048828005792,242.96796727352682,3.2834845953289063e-15,0.43920278549194913,0.4395604395604388,3.576540684896434e-08,39.54244288770379,6.840291377763208e-12,0.0018076571591740173,0.0018076516469769308,6.01931921854603e-08,0.38265069226504306,3.212571232590576e-08
32,forward,graph,cylinder_090,0.2,bc45dfcf59f6d2ebe955d9ec7eac85ecc5005cf4eabc13da4205af460606e627,f09d28e1c404590091a134b57c77f73e9eb674ac7e1f5a3b2eb512ae0d476d5f,f5da03b586ba9cd1c729efb7abd86abe0b9c9c652df6596e9dd17a1e9c5c5aa0,0.44101044265112316,0.4413680912074157,0.0008103181073062281,1.0000048828005792,242.96796727352697,3.1571967262777944e-15,0.43920278549194913,0.4395604395604388,3.576540684896434e-08,39.5424428877038,6.840291388865438e-12,0.0018076571591740163,0.0018076516469769308,6.019319217362081e-08,0.3826506922650432,3.212571233537735e-08
32,forward,graph,cylinder_045,0.2,bc45dfcf59f6d2ebe955d9ec7eac85ecc5005cf4eabc13da4205af460606e627,ba48d04eb0a1c8d9ae8a5b82f4d7c75fdf8bb212791647650acf8132b7a5180c,a508261e00775ba231cb6a9c38cdccbf9f93181d0a6c6d86d9992e84d749e72d,1.1376343054136102,1.137321353059873,0.00027516616380702006,1.0000024414032698,634.473587987476,1.9554250691785035e-15,1.135844090482701,1.1355311355311344,3.129549515665797e-08,51.8643259501335,7.32539118253328e-13,0.0017902149309091833,0.0017902175287385451,2.8368296630682658e-08,0.33843564310338026,2.215020493351663e-09
32,forward,graph,cylinder_135,0.2,bc45dfcf59f6d2ebe955d9ec7eac85ecc5005cf4eabc13da4205af460606e627,30ac4a47ed86f08ec6db48f8b7d66540caea5ac6ffc8de5f0cc2b3ff651eaac5,81084b0b56d5769ef85d45e53bac45a885c3a73c51a6b8cc0d48eccd76fb08c2,0.03841080582263158,0.03845548177862035,0.00116175780207248,1.0000024414032698,20.04191944445888,8.713862964526741e-15,0.036585363712941035,0.036630036630036444,4.46729170954091e-09,12.55069042100815,4.849007861906784e-14,0.0018254421096905481,0.0018254451485839036,3.318471544193867e-08,0.3397546057502733,4.749278300578835e-10
32,forward,graph,twist,0.2,bc45dfcf59f6d2ebe955d9ec7eac85ecc5005cf4eabc13da4205af460606e627,7521ea30c5c26c64ba951414ed1bcfd3c9fc1f929898f1b57b9059c08016d420,ad9f40500506def54de1737099003797cf70a34a92ddadeaf212c5eaaf843a76,1.373000447855668,1.370019539451622,0.0021758145181194704,1.0,548.6082938962977,2.59792187762287e-15,1.370502304244839,1.3675213675213655,2.980936723473437e-07,51.10367388638353,1.421799056267048e-12,0.0024981436108290084,0.0024981719302564127,3.0924814725429363e-07,0.06897450558986007,1.8287922157363133e-09
32,forward,graph,dome,0.2,bc45dfcf59f6d2ebe955d9ec7eac85ecc5005cf4eabc13da4205af460606e627,8faa1f0e25a19224b83e52c0c881a4e63293d071232561c4983a5e2595c67eb3,434b68b5004399b0af79d2894fd40c1d4905afb6e869acec45a08e12dd0f8423,1.3712071018036216,1.372160829677556,0.0006950554580096537,1.0000097655773168,294.5512501389964,2.59792187762287e-15,1.366567611694347,1.3675213675213655,9.537558270185098e-08,65.52920841229287,7.530568657543313e-12,0.004639490109274616,0.004639462156190481,3.052476787511124e-07,0.6692576842860094,5.5799133701177336e-08
32,forward,graph,saddle,0.2,bc45dfcf59f6d2ebe955d9ec7eac85ecc5005cf4eabc13da4205af460606e627,1d001372b6ba61d879f0f0113ca889e0ea6357be65d0da1da0dc1f6a5eaa2fb3,8f9d380039a4471e484bf224608d9a6556c3065d4f53b0d3eda44b64668a728b,1.3690657986762647,1.370019539451622,0.0006961512211271185,1.0000097655773168,547.0237502581356,2.59792187762287e-15,1.3665676116943475,1.3675213675213655,9.537558270180657e-08,65.30756571018176,8.930378170290965e-12,0.0024981869819171044,0.0024981719302564136,1.6436413474383084e-07,0.36038915365082386,3.074083425532586e-08
32,forward,isometric,cylinder_000,0.2,bc45dfcf59f6d2ebe955d9ec7eac85ecc5005cf4eabc13da4205af460606e627,55547baefff8e04e2211c99c4d1310b7b9e4f4f744a2b52cf108b0e9d5fdb32e,3aeb136f3563d4338539a6d3940fa96e3d71fb48a3628dba349c7c843bdfc4aa,0.0018314865775422011,0.0018315018315018317,8.32866195829649e-06,0.999998372396623,7.947394624687639e-06,0.0,1.4555430903793126e-08,0.0,1.4555430903793126e-12,0.004632978857432534,2.1103452866953256e-13,0.0018314720221112974,0.0018315018315018317,3.255185446348566e-07,0.38622839260513714,6.142068459278823e-09
32,forward,isometric,cylinder_090,0.2,bc45dfcf59f6d2ebe955d9ec7eac85ecc5005cf4eabc13da4205af460606e627,51a603fede7fb4bff8fddb33841914c6fa6c31156e0834b836c68314b09e6c8d,143e8931d41b360832a332c88a7b26210960fbfbc8f01e91ff97eeadc00800eb,0.0018314865775421998,0.0018315018315018317,8.32866195900686e-06,0.9999983723966216,7.947394624696868e-06,0.0,1.4555430903810017e-08,0.0,1.4555430903810017e-12,0.004632978857455261,2.110345286678438e-13,0.001831472022111296,0.0018315018315018317,3.25518544649064e-07,0.38622839260514025,6.142068447439336e-09
32,forward,isometric,cylinder_045,0.2,bc45dfcf59f6d2ebe955d9ec7eac85ecc5005cf4eabc13da4205af460606e627,95a09e435847b1539c7853f228319382aa628e8189b38b717a3faabd72e42f76,beb7f28e7a535395460580a14e76381e0befdcdc1d90f813e8b50f8b507c2c18,0.0018314905656166272,0.0018315018315018317,6.151173321680604e-06,0.9999991861980968,1.9868350741635334e-06,0.0,3.6388624639471497e-09,0.0,3.6388624639471496e-13,0.002316497852278284,4.792286293343241e-13,0.0018314869267541632,0.0018315018315018317,1.627598445399971e-07,0.3428542636461726,2.071236509543911e-09
32,forward,isometric,cylinder_135,0.2,bc45dfcf59f6d2ebe955d9ec7eac85ecc5005cf4eabc13da4205af460606e627,944306b2812d0f9910d031dcc87ee28c6290f767b932cae47b3b9c4182607013,1df0e87058cf73a4f889d2d23c15f43a41478d030d5976fa6b4af2e65e9f8326,0.0018315273029813263,0.0018315018315018317,1.3907427804062641e-05,0.9999991861822146,3.536598327874179e-05,0.0,6.477147326495621e-08,0.0,6.477147326495621e-12,0.00795320099862757,3.617196310020896e-13,0.0018314625315080614,0.0018315018315018317,4.291559319722065e-07,0.34088840640100554,7.372101587521662e-10
32,forward,graph,cylinder_000,0.6,bc45dfcf59f6d2ebe955d9ec7eac85ecc5005cf4eabc13da4205af460606e627,e8068a2de2dcf06f54d4e2d41bd70a993d9e0a80b2dbd39e209e06cbd8c287c5,f52ea19bb3dc82eb967d764503f0dd244c0d80b55b4f6fbaf610d857e678a4ad,35.59027257551831,35.61924229396341,0.0008133165272301953,1.000043944346947,2396.143586216225,2.993490229359687e-15,35.575425624847455,35.604395604395535,2.8969979548080003e-06,404.59244011178447,1.4737674220555164e-09,0.014846950670858994,0.014846689567873194,2.8512446049371724e-06,1.0818127714744048,5.925491598902932e-07
32,forward,graph,cylinder_090,0.6,bc45dfcf59f6d2ebe955d9ec7eac85ecc5005cf4eabc13da4205af460606e627,0025d87d77634cb8a3c16a1f54924fc7f08f5cc47316769724a3e491f1f33cc2,c0bc5591f78487017e80654e9ad01257ed228ab96755ac0f26a41f44f10d1997,35.59027257551831,35.6192422939634,0.0008133165272299959,1.000043944346947,2396.1435862162257,2.993490229359688e-15,35.575425624847455,35.60439560439553,2.89699795480729e-06,404.59244011178447,1.4737674227660591e-09,0.01484695067085899,0.014846689567873194,2.851244604880343e-06,1.081812771474403,5.925491599281795e-07
32,forward,graph,cylinder_045,0.6,bc45dfcf59f6d2ebe955d9ec7eac85ecc5005cf4eabc13da4205af460606e627,e5fe312abf5d7a42e27f2f9efa398b1ed5f3a5667ddb3c609ae9d0ceb906aa82,f0bbd682c989bcc3452f03e4d4dd94b13c8e88a19f7c6423f70e282680492780,92.01719362034886,91.99184434540788,0.00027556002514525214,1.0000219724148565,6656.159218440074,2.4720435442454182e-15,92.00337132909804,91.97802197802183,2.53493510762155e-06,550.8609032946767,8.497920163108575e-11,0.013822291250818335,0.01382236738605704,8.313968066645665e-07,0.9363599962689606,3.3770805169391905e-08
32,forward,graph,cylinder_135,0.6,bc45dfcf59f6d2ebe955d9ec7eac85ecc5005cf4eabc13da4205af460606e627,cb257cc1499e50745a6b7fb5d095195f884751360a9de817d2584bffd7d5374b,9b1f09778214608a7f3257dbee16786055500c0bedcce717424f327ea9807c71,2.9794357098163458,2.983054491895685,0.0012131129649729363,1.0000219724148565,184.96775426986926,8.830796176611108e-15,2.963414460748119,2.9670329670329507,3.618506284831735e-07,118.47077565022576,7.619427400129553e-12,0.01602124906822665,0.01602152486273438,3.0116760243890924e-06,0.9941587998536552,3.7099707643484246e-09
32,forward,graph,twist,0.6,bc45dfcf59f6d2ebe955d9ec7eac85ecc5005cf4eabc13da4205af460606e627,c08dbba9aefde47fe8b6ecb8233fa2583bca8655c421751ad337318b64e2b05f,5aae512d2c4510c3ba14177f7558cc54dccc44c7465e1802cb898b958b9e7cc9,111.02956949652167,110.78811425086502,0.0021794327603582918,1.0,5878.915038054925,2.8224336448248478e-15,111.01068664383112,110.76923076923056,2.4145587460056105e-05,536.6252138893944,1.9649343698802113e-10,0.018882852690546736,0.018883481634465914,6.868067597423504e-06,0.18654318661737168,3.3060413894003822e-09
32,forward,graph,dome,0.6,bc45dfcf59f6d2ebe955d9ec7eac85ecc5005cf4eabc13da4205af460606e627,f2c1ed6aa05ed7f25f5644147d29babfe78d81413ab1da9e44b9d2c464f55e36,e14a914f1773b1ce56a94c6a454f793014803eb7b1c3895ceb649543830da643,110.72704703405749,110.804300092266,0.0006972027091384031,1.0000878867629586,3156.271457746819,2.8224336448248478e-15,110.6919765472413,110.76923076923056,7.725422198926424e-06,697.962839458851,1.0499709063083173e-09,0.03507048681619465,0.035069323035436695,1.2708485876887775e-05,1.8133178379333486,1.804331638416423e-07
32,forward,graph,saddle,0.6,bc45dfcf59f6d2ebe955d9ec7eac85ecc5005cf4eabc13da4205af460606e627,0fb2bda57c14aa0df65ae3864aab4f0c003938948403292ca220eb8a407ede61,cfe22c30e7316f5d2d9427996cd8cc453d4470e4d5a8ce50b7b420cbdf27f40f,110.71086065552694,110.78811425086502,0.0006973094168129593,1.0000878867629586,5861.646992958371,2.8224336448248478e-15,110.6919765472413,110.76923076923056,7.725422198926424e-06,695.0757090322701,3.619190906078984e-10,0.018884108285643297,0.018883481634465914,6.8430308570217865e-06,0.9766468520350665,9.560854794032901e-08
32,forward,isometric,cylinder_000,0.6,bc45dfcf59f6d2ebe955d9ec7eac85ecc5005cf4eabc13da4205af460606e627,ca73b6d8e77c5997c560d09fa64b0b0a7b6efc2f6a4ea9fc9063dbea66982ffc,d9faeeffbc6a0066c2ff6bece8c937d4991121e90f29c294636a3bc434307c3b,0.01648228102403963,0.016483516483516484,7.495120826251274e-05,0.9999853516268684,7.153437537436263e-05,0.0,1.1789653412501106e-06,0.0,1.1789653412501106e-10,0.04178836422350883,1.802628909889072e-13,0.01648110205869838,0.016483516483516484,2.6365519013690216e-05,1.158547570141905,1.2730420569818933e-06
32,forward,isometric,cylinder_090,0.6,bc45dfcf59f6d2ebe955d9ec7eac85ecc5005cf4eabc13da4205af460606e627,1254d36650940620d2d5d5f6bb33a8189372fae8137e14e2e5fd89e0dbdde5c2,cfcec62fd1e43135643eb27c26c0a02b1994ecc4d6a9fe65bfede2b86afaa0f4,0.01648228102403961,0.016483516483516484,7.495120826377562e-05,0.9999853516268634,7.153437537440866e-05,0.0,1.1789653412508677e-06,0.0,1.1789653412508677e-10,0.04178836422407295,1.8026289091294954e-13,0.016481102058698356,0.016483516483516484,2.6365519013955422e-05,1.158547570141901,1.2730420567924616e-06
32,forward,isometric,cylinder_045,0.6,bc45dfcf59f6d2ebe955d9ec7eac85ecc5005cf4eabc13da4205af460606e627,9db0b70a0016bbe945d8b4f993a1a2a995e661eafd7a4359f7da5a4cf466db6d,2a82f8d56261a1445291503a36c90fdb815c4bd4305fbf6013cb794bf75cbccb,0.016482603977699493,0.016483516483516484,5.535868623079976e-05,0.9999926757973319,1.7882493597474935e-05,0.0,2.94744789329118e-07,0.0,2.94744789329118e-11,0.020894864857546172,4.1637435958243403e-13,0.016482309232910164,0.016483516483516484,1.3183176621014562e-05,1.0285802501908383,1.1553878722300736e-07
32,forward,isometric,cylinder_135,0.6,bc45dfcf59f6d2ebe955d9ec7eac85ecc5005cf4eabc13da4205af460606e627,a08aceb9d501f03f9974f6ab9845885578c3fef31d89204ee7faecd16537ed09,ff319724f17219e4c3926906a14286cf303609aaf515daab7fd2a0dba414b7e2,0.01648557974854511,0.016483516483516484,0.00012517141173673993,0.9999926745099346,0.0003183342229326406,0.0,5.246254156606934e-06,0.0,5.246254156606934e-10,0.07170087108077669,2.2167386828221656e-13,0.016480333494388506,0.016483516483516484,3.4758241277523245e-05,1.0225146333007022,4.126579529750707e-09
4,backward,rest,rest,0.0,7f7bcdd9b08343f0fe24ff0d31a166af7447086db11947e4e35886587d6bb807,4e6d932e82e1339443f38ff2afc165d580003ad04de31d2f56bddcb2bf2329fc,560a5da7af7e04ca0ba30663a103a633db49511eefc5554e0ba1bc54c84a10b6,8.80425117434165e-29,0.0,,1.0,,0.0,8.80425117434165e-29,0.0,8.80425117434165e-33,7.930164461608263e-13,0.0,0.0,0.0,0.0,0.0,0.0
4,backward,affine,extension,0.0,7f7bcdd9b08343f0fe24ff0d31a166af7447086db11947e4e35886587d6bb807,5dcb04c3c6c0c5e0a0b3ca19a73e4a9d78de58f70cfa8fbd4abd47a038868b17,da59ebc42cae27301cad6683cc8216117013861ac0bc036e6bf677e782f7f650,0.5050145892857177,0.5050145892857146,6.155514186921277e-15,1.0069699999999997,,0.0,0.5050145892857177,0.5050145892857146,3.1086244689504383e-19,67.18234153821953,9.731251426892129e-11,0.0,0.0,0.0,0.0,0.0
4,backward,affine,shear,0.0,7f7bcdd9b08343f0fe24ff0d31a166af7447086db11947e4e35886587d6bb807,66aca2c7e1a40b56e562429a888a77269f3c18df40c4e303fb7b5793ddeb6088,12b7fb833460f543e6bf3e065cc2400696f9b8973c679a12821deca9f1b3e798,0.7694505494505508,0.7694505494505494,1.875740985620623e-15,0.9999999999999996,,0.0,0.7694505494505508,0.7694505494505494,1.4432899320127034e-19,72.00486622984381,7.358402449586521e-11,0.0,0.0,0.0,0.0,0.0
4,backward,graph,cylinder_000,0.2,7f7bcdd9b08343f0fe24ff0d31a166af7447086db11947e4e35886587d6bb807,688d90f76f3fe0bc72fc019ddb06c74abbb64c43f4b7ed5a5b0910a954680ad1,3aa5ba2021ed45ed2eb3b058c9f5ee78e21602501e60894616d1c71872dd3be1,0.4187250720054373,0.4413680912074157,0.05130189438941023,1.000312451187128,230.59512391141638,3.2834845953289063e-15,0.4169170673076976,0.4395604395604388,2.2643372252741154e-06,95.36041402848616,6.842599414857986e-12,0.0018080046977396506,0.0018076516469769308,3.855314328900152e-06,0.128334292705253,4.182342129340627e-09
4,backward,graph,cylinder_090,0.2,7f7bcdd9b08343f0fe24ff0d31a166af7447086db11947e4e35886587d6bb807,03d3472b88ee82e556e8e3445948ee9a0ee105dccf02db6b2fd7b261889a4b28,83804f421dabb5d782bd428f14248eb681429bd99ffea1db1e2a60917a848fc0,0.4187250720054373,0.4413680912074157,0.05130189438941023,1.000312451187128,230.59512391141632,3.1571967262777944e-15,0.4169170673076976,0.4395604395604388,2.2643372252741154e-06,95.3604140284862,6.842599414857986e-12,0.001808004697739651,0.0018076516469769308,3.8553143289048875e-06,0.12833429270525312,4.182342129340627e-09
4,backward,graph,cylinder_045,0.2,7f7bcdd9b08343f0fe24ff0d31a166af7447086db11947e4e35886587d6bb807,0e3c242927c3e0a7a6c33ac38c8b5817272466418e781d849f247db3693debaa,c16f9c9defe7b6e06b9b3184f653f73db4c1d9193d5404606a5b7f34380ca8ba,1.117459002213161,1.137321353059873,0.01746415012192805,1.0007809450624048,623.2776410320431,1.9554250691785035e-15,1.115668998969787,1.1355311355311344,1.986213656134739e-06,130.10759109505852,9.514317844683262e-12,0.0017900032433738945,0.0017902175287385451,2.3399961819850574e-06,0.11462516467914176,1.1836013047005627e-09
4,backward,graph,cylinder_135,0.2,7f7bcdd9b08343f0fe24ff0d31a166af7447086db11947e4e35886587d6bb807,d48203bf10d288e24e725e4f9daa15a70271260d24c181b4baf2a0841897e48f,2b0f0c659f11f70ded04e07f71717ad0a903992983803bc4d362e7ed2bbb4959,0.04112921563023566,0.03845548177862035,0.06952802898186015,1.0001562377948756,21.533372584360205,8.713862964526741e-15,0.03930395776099054,0.036630036630036444,2.6739211309540974e-07,29.268521194343887,1.9429210393329122e-13,0.0018252578692451178,0.0018254451485839036,2.0450903795414095e-06,0.12190696453125856,1.4371979531468959e-09
4,backward,graph,twist,0.2,7f7bcdd9b08343f0fe24ff0d31a166af7447086db11947e4e35886587d6bb807,a4deab3309d5a170250a523196b6c72ae38f69885115506bbda48866e55b30cf,db82b0f6a72b4ae711185c6244cfb470fa9c4ea3a97dedc04f36bbfe1f13154a,1.4233409112844215,1.370019539451622,0.03892015427323217,1.0012492197250393,569.2188204187516,2.59792187762287e-15,1.4208447802197905,1.3675213675213655,5.3323412698425e-06,129.73340256000395,1.6400493252355376e-11,0.002496131064630877,0.0024981719302564127,2.2286252630849718e-05,0.06913624753435758,1.585959719333646e-09
4,backward,graph,dome,0.2,7f7bcdd9b08343f0fe24ff0d31a166af7447086db11947e4e35886587d6bb807,c2c293637a4d948023d16816d07e00d5ddbfbeac6ed6911b59fc7889fffee7a3,0b6ca47ee690107b96d0c58748a0d1cae3095ac36a8c8819cb7cbca56d524a96,1.311732598985639,1.372160829677556,0.044038737577224873,1.000624804809475,281.6246805610016,2.59792187762287e-15,1.3070913461538556,1.3675213675213655,6.043002136750997e-06,159.43020945546465,1.892868666253378e-11,0.004641252831783441,0.004639462156190481,1.9554177475121292e-05,0.22429370855524347,7.776825685715249e-09
4,backward,graph,saddle,0.2,7f7bcdd9b08343f0fe24ff0d31a166af7447086db11947e4e35886587d6bb807,67a054c46b292490f46dc1deb5af2504fe189e3e962ecd5f96ce42c0bf434d9e,bacb6405d9100b016f62864e6fbfb30665b5ed13cc1cf984ed1841712756c250,1.309590482294046,1.370019539451622,0.044108171757728215,1.000624804809475,523.0172638990025,2.59792187762287e-15,1.307091346153855,1.3675213675213655,6.043002136751063e-06,156.49170714341827,5.8559487259302046e-12,0.0024991361401910843,0.0024981719302564136,1.0529172486604866e-05,0.12044897539558923,2.0097023349131824e-09
4,backward,isometric,cylinder_000,0.2,7f7bcdd9b08343f0fe24ff0d31a166af7447086db11947e4e35886587d6bb807,a09e398e476d2a7914efa7a8aa9e43e28e2c36c78aa698bce2611eab659ce07b,4eb9061a531084df440235e044aa3d5ba317d277e106d37bb20ff4034cf0645f,0.001889204139954107,0.0018315018315018317,0.03150546041494225,0.9998958365884931,0.03258058129166713,0.0,5.9609264568324095e-05,0.0,5.960926456832409e-09,0.7916944002828268,2.565102192729241e-12,0.0018295948753857829,0.0018315018315018317,2.0823960787253258e-05,0.12930862740327048,8.489363261324212e-10
4,backward,isometric,cylinder_090,0.2,7f7bcdd9b08343f0fe24ff0d31a166af7447086db11947e4e35886587d6bb807,2301c0720b3cbe1804c27ce45ac0a3fbb95b02d5a7cb7266e83ed03c8346e433,0f915b734adc790d7a90d806fa3d036f978f5b2b414554f2fd53727cfdc3f5be,0.0018892041399541067,0.0018315018315018317,0.031505460414942135,0.9998958365884929,0.03258058129166716,0.0,5.9609264568324135e-05,0.0,5.9609264568324135e-09,0.791694400282691,2.5651021927258526e-12,0.0018295948753857825,0.0018315018315018317,2.0823960787257995e-05,0.12930862740327054,8.489363308682163e-10
4,backward,isometric,cylinder_045,0.2,7f7bcdd9b08343f0fe24ff0d31a166af7447086db11947e4e35886587d6bb807,a8ccec4039165918f9c4d276bda8f6eb45212ae03f1a82743c46d9c7b2e7bb2c,3719abfcb209d5e351b8896dbe5a4d669e45c80891cfa0a330230b10302dece9,0.002093714331516004,0.0018315018315018317,0.14316802500773798,0.9999478523973133,0.14504223885355988,0.0,0.0002652103161424975,0.0,2.6521031614249748e-08,1.3579359294252136,1.3864914744955714e-12,0.0018285040153735066,0.0018315018315018317,3.2736152121310116e-05,0.11599986669947296,9.725114007326506e-10
4,backward,isometric,cylinder_135,0.2,7f7bcdd9b08343f0fe24ff0d31a166af7447086db11947e4e35886587d6bb807,a5bc141cdcd9902c3489b68dbf57e8ca664ce2a4ec510962f997ca04bf97ba75,02ef35dcb54eed73c60450c7f4b5ec66b7dd26616f284ef1825196e1f93c56f2,0.0018454516969469224,0.0018315018315018317,0.007616626533019506,0.9999479174804622,0.008141582147593236,0.0,1.4903558047969737e-05,0.0,1.4903558047969737e-09,0.3959392311454535,1.3529810062766295e-15,0.0018305481388989527,0.0018315018315018317,1.0414323223439371e-05,0.12239161686453946,2.7626068570263394e-09
4,backward,graph,cylinder_000,0.6,7f7bcdd9b08343f0fe24ff0d31a166af7447086db11947e4e35886587d6bb807,90b958f29652e2e36d63a1c8dd99a9cc7e051fb519b91f51d71af1d09ea90d78,e922929e6ee5cf4e1b6ce9e179d5a49fe105659a318ff85e39071ecb68c44a52,33.785145896847396,35.61924229396341,0.05149172972235987,1.002808556006579,2272.036033640004,2.993490229359687e-15,33.770282451923144,35.604395604395535,0.00018341131524723906,959.1095982880064,7.250116688339858e-10,0.01486344492425155,0.014846689567873194,0.00018296849165164628,0.3641179829628685,2.5358799624342064e-08
4,backward,graph,cylinder_090,0.6,7f7bcdd9b08343f0fe24ff0d31a166af7447086db11947e4e35886587d6bb807,6c27ec1fd34577189c5e2a7d576a58500a917af3158da963803e4caf247a3ce1,b10376619c74405c1e54a28568477d24083cff348f88c526aec59a1e712b5b77,33.78514589684739,35.6192422939634,0.05149172972235988,1.002808556006579,2272.0360336400036,2.993490229359688e-15,33.77028245192314,35.60439560439553,0.00018341131524723906,959.1095982880063,7.250116695445286e-10,0.014863444924251552,0.014846689567873194,0.00018296849165166522,0.3641179829628687,2.5358799643285244e-08
4,backward,graph,cylinder_045,0.6,7f7bcdd9b08343f0fe24ff0d31a166af7447086db11947e4e35886587d6bb807,7a5fb48c884f967ea1adf5f2fb54662fed8b42ae36324f512b89cb7e1641ef73,7c0797d77b238a1d6cd1c80402ca6540a31ae9f5e3eea9c3196d90c8d3e11e4b,90.38298802226265,91.99184434540788,0.017489119112606907,1.0070067030561416,6548.916343806817,2.4720435442454182e-15,90.36918891655229,91.97802197802183,0.00016088330614695394,1359.5088447139087,4.783041731570847e-10,0.013799105710368811,0.01382236738605704,0.0002540174985154655,0.3160125518213118,1.112320905924391e-08
4,backward,graph,cylinder_135,0.6,7f7bcdd9b08343f0fe24ff0d31a166af7447086db11947e4e35886587d6bb807,8d65ac0df15a2248699479203fd4968a8263534e2e0dcf681d1a14ac38065805,c9d3ccc7f800e6cc14e5b6c0e9c2f882031224d1626ad476e56e1dbf1d094fe9,3.199628884487992,2.983054491895685,0.07260155427287451,1.0014052626184866,198.87304808486064,8.830796176611108e-15,3.183620578640124,2.9670329670329507,2.1658761160717343e-05,274.73683280525864,4.8875250469038176e-11,0.016008305847867575,0.01602152486273438,0.00014435164234550017,0.3549799836376908,1.6959260927262853e-08
4,backward,graph,twist,0.6,7f7bcdd9b08343f0fe24ff0d31a166af7447086db11947e4e35886587d6bb807,f9d2cd4e29357d0821e3e7212baefd03720e7673e9526c59477e3cdc325745e2,338b187cd1d90628cbe905f77accd2ac8faf8ccdc11115b52033692b812d2388,115.10719052123497,110.78811425086502,0.03898501476963468,1.0111874208078342,6133.690953558423,2.8224336448248478e-15,115.08842719780228,110.76923076923056,0.0004319196428571715,1354.2467271911235,8.621392936447591e-10,0.0187633234326934,0.018883481634465914,0.0013121275633558532,0.1867214586890842,3.7024767285398495e-09
4,backward,graph,dome,0.6,7f7bcdd9b08343f0fe24ff0d31a166af7447086db11947e4e35886587d6bb807,46e78a12a857574f1d0f9bebd579f08901f4711869ea366542b3d1943e58ae9f,430f3c9f05f5d33db221657db2065dcfa8c06c8e0f4ca7333bc5b9b6948e7d46,105.90954310169359,110.804300092266,0.04417479273364469,1.0056092680559383,3012.582760839634,2.8224336448248478e-15,105.87439903846163,110.76923076923056,0.0004894831730768927,1672.6680403216967,2.6838232400905326e-10,0.0351440632319603,0.035069323035436695,0.0008161629460377844,0.6054623057468417,7.291875695675243e-08
4,backward,graph,saddle,0.6,7f7bcdd9b08343f0fe24ff0d31a166af7447086db11947e4e35886587d6bb807,68f4dcdb35020e14f7467945a0e35465e7c36a0801e2df24c63a69c31398502a,540f2e6d616a4e37f97e89accdbaa5f91d04a575cea0868b2a71e9eacd32c427,105.89332276481728,110.78811425086502,0.044181557914815026,1.0056092680559383,5594.796555845034,2.8224336448248478e-15,105.87439903846162,110.76923076923056,0.0004894831730768943,1635.2070767457908,7.52298697648257e-10,0.01892372635567093,0.018883481634465914,0.00043947235555875453,0.32559695569842756,2.235826748284153e-08
4,backward,isometric,cylinder_000,0.6,7f7bcdd9b08343f0fe24ff0d31a166af7447086db11947e4e35886587d6bb807,3968ddb60f2f5c1da81a94758696da2e14815c494a812545587c51d1f7d60cea,14c31665cdf02ef7998dd133bdd261e2259a87573fb6db3b81e8054b30233788,0.02115152501355604,0.016483516483516484,0.2831925174890663,0.9990627636365645,0.2952867661981433,0.0,0.004821917110868306,0.0,4.821917110868306e-07,7.211759755215766,8.341925738716838e-13,0.016329607902687733,0.016483516483516484,0.0016806817026499595,0.38477945365708116,2.3876903229164133e-08
4,backward,isometric,cylinder_090,0.6,7f7bcdd9b08343f0fe24ff0d31a166af7447086db11947e4e35886587d6bb807,398b1c95e9f401f4b1beb12bdfd41278b91018442f78ca183e8ae89d4239d025,6e20409577caf5a1508fcf9214c9fea73c25abeb6cc3a2a84857f5af971d914e,0.02115152501355609,0.016483516483516484,0.2831925174890695,0.9990627636365643,0.2952867661981459,0.0,0.00482191711086835,0.0,4.821917110868351e-07,7.21175975521591,8.341925782952286e-13,0.01632960790268774,0.016483516483516484,0.0016806817026498839,0.3847794536570815,2.3876903267050494e-08
4,backward,isometric,cylinder_045,0.6,7f7bcdd9b08343f0fe24ff0d31a166af7447086db11947e4e35886587d6bb807,95e1e55f72ddd293d6b3c3991d5cc31d4dc2fde6283fe19ef56814744c36a2bf,5171b87937bf17b9be47d6914a0916c4ff2a067ecf03e6e80e31776e306eb6d0,0.037662949860418606,0.016483516483516484,1.2848856248653953,0.9995260577661732,1.3187967599285566,0.0,0.021420495794897562,0.0,2.142049579489756e-06,12.283285022801458,4.4429396703349334e-12,0.016242454065521043,0.016483516483516484,0.002632401604510211,0.34360307693161984,4.371273394421226e-08
4,backward,isometric,cylinder_135,0.6,7f7bcdd9b08343f0fe24ff0d31a166af7447086db11947e4e35886587d6bb807,cbc852e684ce878e3b026977cdb5f94d3a9c063da7908435ed8b19e5e0edcb03,c4c7b356fd0f02ae58d21a9e6340bce30c9f1063a795ab601d83c2eaa4d54a2d,0.017612789970372987,0.016483516483516484,0.06850925820262785,0.999531315913554,0.07353125780901174,0.0,0.0012063836899268727,0.0,1.2063836899268726e-07,3.613347892905211,4.425158111861019e-12,0.016406406280446116,0.016483516483516484,0.0008420434175284167,0.3669859661010092,2.2454234960556094e-08
8,backward,rest,rest,0.0,c25a0c53ea5978d3d27795642ee386ad7d09bcc5fd6d08c7e7bb8c0ecf9b4b5b,bd678fa93f59093c55a1c819d54c5dccaae6f5b86c7ecba869430fed13507c38,b0266b6785b388615bd7e2e72db311db56bfd73e6573dde9bed7817b9b7e0135,8.804251174341651e-29,0.0,,1.0,,0.0,8.804251174341651e-29,0.0,8.804251174341651e-33,5.607473066727769e-13,0.0,0.0,0.0,0.0,0.0,0.0
8,backward,affine,extension,0.0,c25a0c53ea5978d3d27795642ee386ad7d09bcc5fd6d08c7e7bb8c0ecf9b4b5b,941e240e9459ee7af672e81c3ffb9cddcdabfcd4fb34aa16f679fb7ccbbdd78f,3a0196fe18af1c8735778e303b7a4e7fe161104c14d44d2d4b0f284f51525e0d,0.505014589285717,0.5050145892857146,4.616635640190958e-15,1.0069699999999997,,0.0,0.505014589285717,0.5050145892857146,2.3314683517128286e-19,49.172439006001305,9.728091798777427e-11,0.0,0.0,0.0,0.0,0.0
8,backward,affine,shear,0.0,c25a0c53ea5978d3d27795642ee386ad7d09bcc5fd6d08c7e7bb8c0ecf9b4b5b,99a1d09b95649c4de9714b6a752c3a4b6d5935be189cf00b6a99153f2544bb86,882c5a13537ec558a6ab5f08c82f4c71be8df86b3ecad02039e42e6f0ab8602e,0.76945054945055,0.7694505494505494,8.657266087479799e-16,0.9999999999999991,,0.0,0.76945054945055,0.7694505494505494,6.661338147750939e-20,52.70216565476537,6.1672078677244e-11,0.0,0.0,0.0,0.0,0.0
8,backward,graph,cylinder_000,0.2,c25a0c53ea5978d3d27795642ee386ad7d09bcc5fd6d08c7e7bb8c0ecf9b4b5b,bb0bf3af5910d733446cca77095f86328a5409043209a0c7d3538c41a5ad77d0,747b4160f7d8fabdd3fe33c5e7858b4ff727c5bf9e20de5759bbd4acfc3a062c,0.4356603862352564,0.4413680912074157,0.012931847783887632,1.0000781219484807,239.99727859698456,3.2834845953289063e-15,0.43385264637706566,0.4395604395604388,5.707793183373111e-07,74.30038757684541,4.820473742395137e-12,0.0018077398581906954,0.0018076516469769308,9.63266454310106e-07,0.18567999649238326,2.292840584243796e-09
8,backward,graph,cylinder_090,0.2,c25a0c53ea5978d3d27795642ee386ad7d09bcc5fd6d08c7e7bb8c0ecf9b4b5b,c970582ffe17a654387dde28f14f0b382f713274eb1b8b1a102c0cd3d51bd046,036adfc44ab237af70f4f6327069f803f2eac7455db73bda64768f9c62de5115,0.4356603862352563,0.4413680912074157,0.012931847783887758,1.0000781219484807,239.9972785969845,3.1571967262777944e-15,0.4338526463770656,0.4395604395604388,5.707793183373166e-07,74.30038757684542,4.8204737479462524e-12,0.0018077398581906956,0.0018076516469769308,9.632664543124739e-07,0.18567999649238331,2.2928405889795913e-09
8,backward,graph,cylinder_045,0.2,c25a0c53ea5978d3d27795642ee386ad7d09bcc5fd6d08c7e7bb8c0ecf9b4b5b,661c1d1e9e4b8e8c978a68f77e4feb3208ccc58423941384d0c5b6e164dcd061,e4d7a8ac790237f2fb509d1e395b37db21607da0117246992a1066443201e0fd,1.1323239063054245,1.137321353059873,0.004394049879572938,1.000195293430238,631.5252624361052,1.9554250691785035e-15,1.1305337423806756,1.1355311355311344,4.997393150458773e-07,98.84561269272703,1.1410361766550636e-12,0.001790163924748866,0.0017902175287385451,5.853555672956974e-07,0.16449274354072566,6.125419608257048e-10
8,backward,graph,cylinder_135,0.2,c25a0c53ea5978d3d27795642ee386ad7d09bcc5fd6d08c7e7bb8c0ecf9b4b5b,2ae83595e459d06796ac81b4a92b7dbdcfd04ff47c2d647e990231c263a268a1,6b1a3fe212e244a327e133e7b3b09eedc5db64d72aacc74984d3ff8f7d1f6f8e,0.03915912787644544,0.03845548177862035,0.018297679947837465,1.0000390617370902,20.452373599316342,8.713862964526741e-15,0.03733372950292031,0.036630036630036444,7.036928728838681e-08,23.088674691868782,3.189105188261543e-13,0.0018253983735251277,0.0018254451485839036,5.107836418329763e-07,0.16999432172228626,3.555825805676149e-11
8,backward,graph,twist,0.2,c25a0c53ea5978d3d27795642ee386ad7d09bcc5fd6d08c7e7bb8c0ecf9b4b5b,958ec1b8a688f7cf4ae2b2c98ac9db249d7c12a7d4264f7ece70bfa35c3d9638,f1982ba592c5d16500489b5b84c00c3f501479eb71062cfd96b83206f0ef92b1,1.3833677681959762,1.370019539451622,0.009743093700471718,1.000312451187128,552.8651395764431,2.59792187762287e-15,1.3808701064560553,1.3675213675213655,1.3348738934689797e-06,97.26360684584928,9.375010945333884e-12,0.0024976617399208013,0.0024981719302564127,5.571278464876795e-06,0.06903411038370924,5.143590615930282e-11
8,backward,graph,dome,0.2,c25a0c53ea5978d3d27795642ee386ad7d09bcc5fd6d08c7e7bb8c0ecf9b4b5b,cedabc8f717bb4291fff8510a72d5e14233103e3d404cfad74589f8d74af4873,a2bdb289fe230e4fe8fe1e1921cf505e3288822f81e36c0d8011868474dc7c52,1.3569375142443203,1.372160829677556,0.011094410439345559,1.0001562377948756,291.4491334787,2.59792187762287e-15,1.3522976047390212,1.3675213675213655,1.5223762782344386e-06,123.57808580183229,3.945742355071502e-12,0.004639909505299151,0.004639462156190481,4.885052266673101e-06,0.32457764227586106,8.282901083969674e-09
8,backward,graph,saddle,0.2,c25a0c53ea5978d3d27795642ee386ad7d09bcc5fd6d08c7e7bb8c0ecf9b4b5b,d8c59db56d5796db52030f28ec4058013f6bb4311b115715974e9d4124d19ae8,2e748a1117ea0d102f693bc011337359f83ca9701db43b40c29249bcd11052c2,1.3547960175495664,1.370019539451622,0.011111901300436256,1.0001562377948756,541.2626764604421,2.59792187762287e-15,1.3522976047390207,1.3675213675213655,1.522376278234483e-06,122.13471207992806,7.461408646491919e-12,0.0024984128105456993,0.0024981719302564136,2.630412759000774e-06,0.17483156517534854,4.462538083643829e-09
8,backward,isometric,cylinder_000,0.2,c25a0c53ea5978d3d27795642ee386ad7d09bcc5fd6d08c7e7bb8c0ecf9b4b5b,75b945f8af0fa05edc521e7f934da6f75d2d2258f64c169ec4fb2da98e03793b,e4425fe1f0a51b62848a47b1ec8356492c21e07ac550d24fa9274cf38c00f143,0.0018347509763139104,0.0018315018315018317,0.0017740330673949435,0.9999739585367825,0.0020349503144678365,0.0,3.7260447602635426e-06,0.0,3.7260447602635424e-10,0.14478120218709187,6.439823919972427e-13,0.0018310249315536468,0.0018315018315018317,5.207747434178992e-06,0.18730887909752564,7.268305942343885e-09
8,backward,isometric,cylinder_090,0.2,c25a0c53ea5978d3d27795642ee386ad7d09bcc5fd6d08c7e7bb8c0ecf9b4b5b,b8dc3110a7893b7d2aaf269c81707f8a6defd7990821f9d445ff0ceab379c33c,07ed8ee41a5f381474ae44682a1e402987e21bf8a5361abcd78ee6119168d931,0.0018347509763139095,0.0018315018315018317,0.00177403306739447,0.999973958536782,0.0020349503144673,0.0,3.7260447602625605e-06,0.0,3.7260447602625607e-10,0.14478120218696208,6.439823920954138e-13,0.001831024931553647,0.0018315018315018317,5.207747434176623e-06,0.18730887909752583,7.268305939975988e-09
8,backward,isometric,cylinder_045,0.2,c25a0c53ea5978d3d27795642ee386ad7d09bcc5fd6d08c7e7bb8c0ecf9b4b5b,47b7bc38f41ce053bf62f0cbc7c9680d1db778a2a7460e09bc80dcb18e98424c,882d7b917378575236f4e9d2c6c6567d41179ff79eb686795a69c153602c90dc,0.001847399811438919,0.0018315018315018317,0.00868029704564971,0.9999869751488457,0.009056109384019165,0.0,1.6580103537176202e-05,0.0,1.6580103537176202e-09,0.24846945572117338,3.0830409559100476e-13,0.0018308197079017429,0.0018315018315018317,7.448789712969994e-06,0.1666035001864284,1.5218822759302528e-10
8,backward,isometric,cylinder_135,0.2,c25a0c53ea5978d3d27795642ee386ad7d09bcc5fd6d08c7e7bb8c0ecf9b4b5b,fac00485d390cc01e55fc390cb0fc9024bb3dde2ba27bdedc9e09c11e24d3376,53eaecc72b476bd347804bcbe0a357c2eed72e5b96e004a1d50ab3654bc3eba9,0.0018321948987114704,0.0018315018315018317,0.00037841469646269745,0.9999869792175283,0.0005086819367190798,0.0,9.315305967353086e-07,0.0,9.315305967353086e-11,0.0723948110011813,3.602810775644463e-14,0.001831263368114735,0.0018315018315018317,2.6040201870966994e-06,0.17062969680474102,1.534317668749896e-10
8,backward,graph,cylinder_000,0.6,c25a0c53ea5978d3d27795642ee386ad7d09bcc5fd6d08c7e7bb8c0ecf9b4b5b,bd4b5d78a0a6a8800fa04f31e380b81164ed996f6ea3f91eecfec6d6668552b6,c27cc3c1fde0c5614352d82dd759650366902ea645c3a33e5c60c74c60a15932,35.15691522642475,35.61924229396341,0.012979699672528194,1.0007028779812717,2366.330365415857,2.993490229359687e-15,35.14206435654194,35.604395604395535,4.623312478535979e-05,755.2818302066983,1.1524006865215598e-09,0.01485086988281372,0.014846689567873194,4.564903915054659e-05,0.52591480769432,9.191715088854856e-08
8,backward,graph,cylinder_090,0.6,c25a0c53ea5978d3d27795642ee386ad7d09bcc5fd6d08c7e7bb8c0ecf9b4b5b,6a4333b06ec9ce29e4b0865ee6acd9c88bce63b9d6220e4a7f548fe713321184,abddf28ee5a1c27c921e36867edf4337f05478b22e5d8198cb0607c1d9bb8475,35.15691522642475,35.6192422939634,0.012979699672527998,1.0007028779812717,2366.3303654158576,2.993490229359688e-15,35.14206435654194,35.60439560439553,4.6233124785359084e-05,755.2818302066983,1.1524006865215598e-09,0.014850869882813717,0.014846689567873194,4.5649039150508705e-05,0.5259148076943201,9.191715092643492e-08
8,backward,graph,cylinder_045,0.6,c25a0c53ea5978d3d27795642ee386ad7d09bcc5fd6d08c7e7bb8c0ecf9b4b5b,4add849b910bb74d52f722713c451850f1a1980b35a41a17664a4dec2459baf8,ff21ea3eb4a246a592975f2ef0e1eea6a3c9f6e37ba4126131aa908edf2ce575,91.58704967822638,91.99184434540788,0.004400332117068945,1.0017562702573914,6627.795192820608,2.4720435442454182e-15,91.57323313283402,91.97802197802183,4.047888451878095e-05,1042.792400212489,5.354981539085202e-10,0.01381654539235437,0.01382236738605704,6.357617123315748e-05,0.4548810691190096,1.672942066793803e-08
8,backward,graph,cylinder_135,0.6,c25a0c53ea5978d3d27795642ee386ad7d09bcc5fd6d08c7e7bb8c0ecf9b4b5b,11318367095aa6ec0d179aa356b757c6389a3a7962576a43667ec7f014b0e1cd,2f5f59139d77c31a0051e97d43170d45654d75376a1a4149e3c85602a228fb0e,3.040050332969303,2.983054491895685,0.01910653701716257,1.0003515007236206,188.78675056785139,8.830796176611108e-15,3.0240320897364468,2.9670329670329507,5.699912270349605e-06,217.14264167556775,2.058148877992494e-11,0.016018243232856465,0.01602152486273438,3.5835398266826634e-05,0.4961752569531785,2.258621054476717e-08
8,backward,graph,twist,0.6,c25a0c53ea5978d3d27795642ee386ad7d09bcc5fd6d08c7e7bb8c0ecf9b4b5b,9d78bf92bd8021a556dfb241256e4e3071b42a34ad5dcc8c976e954df4395288,adee6a4be805d11cf39037316bcc17a80d6c9eff91824ead14255fa36723bb2d,111.8693320643972,110.78811425086502,0.009759330419542142,1.002808556006579,5932.629269555012,2.8224336448248478e-15,111.85047862293965,110.76923076923056,0.00010812478537090868,1017.7142601369701,5.232479168171266e-10,0.018853441457556172,0.018883481634465914,0.0003280387318543863,0.184554765227713,7.281017207066975e-09
8,backward,graph,dome,0.6,c25a0c53ea5978d3d27795642ee386ad7d09bcc5fd6d08c7e7bb8c0ecf9b4b5b,e596140e45fb2eca86ec0c02ac9419eb7357906dcf99377862241217a168d6fd,bcb6d5176faa08f3d6c4494fbac896b703d1335dfe78d824f9ca39d97b42af5a,109.57119394274311,110.804300092266,0.011128684974284367,1.0014052626184866,3121.7577046510874,2.8224336448248478e-15,109.53610598385998,110.76923076923056,0.00012331247853705776,1308.6843931768879,1.7305877690887428e-09,0.03508795888311986,0.035069323035436695,0.00020350345670013702,0.8790747210803784,7.312096563238945e-08
8,backward,graph,saddle,0.6,c25a0c53ea5978d3d27795642ee386ad7d09bcc5fd6d08c7e7bb8c0ecf9b4b5b,d40249d308d4b46ded722f1bb0af5158335cdcc29ca8d4053e5d0d0604cbde7d,5d714f001459e723d6b30fd17260ffb4204d2617b776a49ee6bd391c2ef5d9e9,109.55499950018167,110.78811425086502,0.011130388480944182,1.0014052626184866,5797.550022923443,2.8224336448248478e-15,109.53610598385998,110.76923076923056,0.00012331247853705776,1290.1219829656216,5.760648321029294e-10,0.01889351632167994,0.018883481634465914,0.00010957878437714548,0.473952148388405,2.022026320047665e-08
8,backward,isometric,cylinder_000,0.6,c25a0c53ea5978d3d27795642ee386ad7d09bcc5fd6d08c7e7bb8c0ecf9b4b5b,f65d5bdedd7e88c3a223e8fa05b8af3e4fed09bf40b1ea8039978501d50d1f60,e016a807221727c0b3843a392b37503a9f332a98874b2fb888829296aec6ad2a,0.016746631374771077,0.016483516483516484,0.015962303402778627,0.9997656414789395,0.018346638174597238,0.0,0.00030170903988746247,0.0,3.017090398874625e-08,1.3129527953235562,4.5070113310939977e-13,0.016444922334883615,0.016483516483516484,0.00042144810307093313,0.560919295631912,2.1815097419997097e-07
8,backward,isometric,cylinder_090,0.6,c25a0c53ea5978d3d27795642ee386ad7d09bcc5fd6d08c7e7bb8c0ecf9b4b5b,f7ef8ea550fc4bb491d290057f2e0af5b5ec38d3c87433b2ef40fa1093f43f3d,4698157b7162ce0ebe6cb3a922f8c669b2054863558c44e5dbcf3738001a01dc,0.01674663137477108,0.016483516483516484,0.01596230340277884,0.9997656414789395,0.018346638174597345,0.0,0.00030170903988746426,0.0,3.017090398874643e-08,1.3129527953234923,4.507011329305064e-13,0.016444922334883615,0.016483516483516484,0.00042144810307093313,0.5609192956319119,2.1815097416208462e-07
8,backward,isometric,cylinder_045,0.6,c25a0c53ea5978d3d27795642ee386ad7d09bcc5fd6d08c7e7bb8c0ecf9b4b5b,beac348aba1c2916324a35ab44a4d5cfead742e962d4fb6b04e5df3d93456a9c,8f34d109b9c2d5a1b9271b2fc3c1bae699ac1c975661b6c38d9b2a2776d95b11,0.01777038292199328,0.016483516483516484,0.07806989726759239,0.9998824872692872,0.08168957348777671,0.0,0.0013420255100836528,0.0,1.3420255100836528e-07,2.2472057413477464,1.939150800177314e-12,0.01642835741190963,0.016483516483516484,0.0006023370619468558,0.4985845889605406,5.415981948669879e-08
8,backward,isometric,cylinder_135,0.6,c25a0c53ea5978d3d27795642ee386ad7d09bcc5fd6d08c7e7bb8c0ecf9b4b5b,9d4ca47ce760d34c503254636945434905224455e26b1c5afe0925d10f4c0d95,cb615fc782d8e8bd83dddfdf7724eaf782aef50b3b9ff4d1e12a060ba453d8f2,0.016539651042564066,0.016483516483516484,0.0034054965822199676,0.9998828166198026,0.004582145479315967,0.0,7.544140376692469e-05,0.0,7.544140376692469e-09,0.6568179513814243,1.9490631482070997e-12,0.01646420963879714,0.016483516483516484,0.00021083074433522848,0.5119846758882085,3.923220465079646e-08
16,backward,rest,rest,0.0,ead040316bcafb7937e996a489a70a2c1c7ca89e6d735b782899f771b7197d9f,bcc29bcab9dfaaf8ac58eacc51f07f204d712ea4dfa3cc0eb4a5e9461836699a,f1faf4d6171c4fa4cfe1f0cc6f12af125db66325139148cf46cbbc5fe6cbac1a,8.804251174341651e-29,0.0,,1.0,,0.0,8.804251174341651e-29,0.0,8.804251174341651e-33,3.9650822308041317e-13,0.0,0.0,0.0,0.0,0.0,0.0
16,backward,affine,extension,0.0,ead040316bcafb7937e996a489a70a2c1c7ca89e6d735b782899f771b7197d9f,ab36a5e316313a91345ba1c87c7af2004786a7686783869b1dcb2819a003bb49,8286e79eab5cf399f1604bdaf84d985190210f9331cbbd75969e9d48983710d6,0.5050145892857161,0.5050145892857146,2.857917301070593e-15,1.0069699999999997,,0.0,0.5050145892857161,0.5050145892857146,1.4432899320127034e-19,35.34491747803978,9.72019274181335e-11,0.0,0.0,0.0,0.0,0.0
16,backward,affine,shear,0.0,ead040316bcafb7937e996a489a70a2c1c7ca89e6d735b782899f771b7197d9f,59db9fc5f9120105204026ef387a68dc93303e62bc680916820e037d51706d6c,6aec2622ff8a8fc335b47302b77e0ecaab246983ecc56703c40e722dd66b3d83,0.7694505494505501,0.7694505494505494,1.0100143768726432e-15,0.9999999999999982,,0.0,0.7694505494505501,0.7694505494505494,7.771561172376096e-20,37.88206836261088,5.865931425041992e-11,0.0,0.0,0.0,0.0,0.0
16,backward,graph,cylinder_000,0.2,ead040316bcafb7937e996a489a70a2c1c7ca89e6d735b782899f771b7197d9f,36e27213b77a79773fc77563e3c380bcbca3f6d4798f1eea8a46e67d396abedc,4c42118ecc0c0cfa27dfa1bba7225b014c700db62a21862f8b1fc60625576bdd,0.4399382305786559,0.4413680912074157,0.003239610332609842,1.0000195310592688,242.3725906472475,3.2834845953289063e-15,0.4381305568820878,0.4395604395604388,1.42988267835098e-07,54.820389780831356,5.4518535019809635e-12,0.0018076736965680629,0.0018076516469769308,2.4078153516265963e-07,0.2679417054850074,9.190693184783077e-09
16,backward,graph,cylinder_090,0.2,ead040316bcafb7937e996a489a70a2c1c7ca89e6d735b782899f771b7197d9f,aa34b72abcc982b1a6bfaf5b63821e6ed2732c188c9f63472240799d7240f8fc,00f56c6a6ed93c765fa92376cd87481bc0b57da3fb95e125dfa789d58c846a0c,0.43993823057865583,0.4413680912074157,0.0032396103326099678,1.0000195310592688,242.37259064724762,3.1571967262777944e-15,0.4381305568820878,0.4395604395604388,1.42988267835098e-07,54.82038978083136,5.451853496429848e-12,0.001807673696568062,0.0018076516469769308,2.4078153515318805e-07,0.26794170548500723,9.190693189518871e-09
16,backward,graph,cylinder_045,0.2,ead040316bcafb7937e996a489a70a2c1c7ca89e6d735b782899f771b7197d9f,11a8b31c405576fcc7c478ae520fe415f81e473fa2ad12b7664cbea9361681bb,df5775a777befb289e44526ff6c1adcd22a4b13f2bc758ca03d510440cbcea87,1.1360700001810955,1.137321353059873,0.0011002632417045168,1.0000488269329653,633.6036096503553,1.9554250691785035e-15,1.134279796055394,1.1355311355311344,1.2513394757402984e-07,72.20776260627332,1.5967111854919836e-12,0.0017902041257014452,0.0017902175287385451,1.4636116513073656e-07,0.23618982412477973,1.4561020016297387e-09
16,backward,graph,cylinder_135,0.2,ead040316bcafb7937e996a489a70a2c1c7ca89e6d735b782899f771b7197d9f,11cc34bf9050d982d8d0dc77ffee917075f727d69174c43e46a711ad52bf3449,667c507f53524149a991b85c26f763d589ecdd52cdbc7b17395debc5270facca,0.03863359409275609,0.03845548177862035,0.004631649530776712,1.0000097655773168,20.164065954648862,8.713862964526741e-15,0.03680816063514253,0.036630036630036444,1.7812400510608394e-08,17.272819420585808,5.021226073820273e-14,0.0018254334576135595,0.0018254451485839036,1.2766539615819903e-07,0.24121403279637846,1.1273181228354383e-09
16,backward,graph,twist,0.2,ead040316bcafb7937e996a489a70a2c1c7ca89e6d735b782899f771b7197d9f,569f645be38c5bcc229a595b2b37c63d40dff1dbe9f3aa2b972cf75d21c18f64,02b259e3983bd668eb48aab4adf7b75576240d4a05cb144fcc8a8dc5e3cc4a6a,1.37335771449935,1.370019539451622,0.0024365893708817657,1.0000781219484807,548.773143796779,2.59792187762287e-15,1.3708596701150522,1.3675213675213655,3.338302593686615e-07,71.03214905912438,5.637652567003215e-14,0.002498044384297908,0.0024981719302564127,1.39280186686885e-06,0.06897649073392528,2.9010317606492637e-10
16,backward,graph,dome,0.2,ead040316bcafb7937e996a489a70a2c1c7ca89e6d735b782899f771b7197d9f,3191a4f2476fae389d847019f7f8bbbeb64639c979685fc456a95ddf18a85411,ead6ada564cc80764ac54649c59ce6a04e1a8b51625241ad5298d76f1e97b607,1.3683477347092732,1.372160829677556,0.002778897987620663,1.0000390617370902,293.9296083047547,2.59792187762287e-15,1.3637081607357597,1.3675213675213655,3.813206785605816e-07,90.95641344198512,4.341241033323229e-12,0.004639573973513508,0.004639462156190481,1.2210451674510638e-06,0.4685647049054398,1.2322812485317247e-08
16,backward,graph,saddle,0.2,ead040316bcafb7937e996a489a70a2c1c7ca89e6d735b782899f771b7197d9f,b74127e8a1e5827d1be6026b5f035fe80f10c4ce2efbcb539111a43df0cf0063,5167d975aa38a7ebb046d164c5ba1c2d2231c68ad15b068d819d92ad9865efba,1.3662063928753452,1.370019539451622,0.0027832789726510232,1.0000390617370902,545.8692725659733,2.59792187762287e-15,1.363708160735761,1.3675213675213655,3.813206785604484e-07,90.3691149700723,7.403076152101562e-12,0.0024982321395841975,0.0024981719302564136,6.574858594003696e-07,0.2523374780966484,2.746372234161548e-09
16,backward,isometric,cylinder_000,0.2,ead040316bcafb7937e996a489a70a2c1c7ca89e6d735b782899f771b7197d9f,1d26cd1ec3ae3d74b2cff1ecae8a45fba1c706d52f76d86f18f5fcb7cf91f75c,957ccaff5c2a266605ecee13653930bec1048fd42cb851359dd2f1bf15656903,0.001831615481529923,0.0018315018315018317,6.205291533778726e-05,0.9999934895960476,0.00012716352962100847,0.0,2.3288507505168843e-07,0.0,2.3288507505168844e-11,0.026005785659097877,1.8881849203380398e-13,0.0018313825964548713,0.0018315018315018317,1.3020467128080184e-06,0.2704021610971297,4.699225834534602e-08
16,backward,isometric,cylinder_090,0.2,ead040316bcafb7937e996a489a70a2c1c7ca89e6d735b782899f771b7197d9f,7516cdf5c327ed2514c87c95c5263b3c2c7c7df688ba63c67cc47b4668af9624,46bcc3f45ada661ac7b50efb23abb570833bc949b0acc64cc26654e7d709da68,0.0018316154815299205,0.0018315018315018317,6.205291533648492e-05,0.9999934895960462,0.00012716352962100118,0.0,2.3288507505167475e-07,0.0,2.3288507505167474e-11,0.026005785659043816,1.8881849203517246e-13,0.0018313825964548689,0.0018315018315018317,1.3020467128340653e-06,0.27040216109712845,4.6992258371392896e-08
16,backward,isometric,cylinder_045,0.2,ead040316bcafb7937e996a489a70a2c1c7ca89e6d735b782899f771b7197d9f,926ec2e0944f61357792246ee8a53e1c9df51d4780f4c61fd26204801ca98e4e,7bbbc28be9026a6f05112faeb61ee09709044b98f1fe33ec51ab6a9f0e98d5c5,0.0018323764480121778,0.0018315018315018317,0.00047754061464898686,0.9999967445405347,0.0005658840425294145,0.0,1.0363261514048847e-06,0.0,1.0363261514048847e-10,0.04463935064811436,1.0008726807661591e-14,0.0018313401218607729,0.0018315018315018317,1.7658692803626183e-06,0.23925658624094198,7.334386852020368e-10
16,backward,isometric,cylinder_135,0.2,ead040316bcafb7937e996a489a70a2c1c7ca89e6d735b782899f771b7197d9f,36146c889c0487d5ec0e268b6eb59d463ed395d7540ce89fd9a92010b90cbb95,e9400dee1ebb1914f4200c23b7934014604203c5bd4750ab7894988f7c59fae6,0.0018315004347119765,0.0018315018315018317,7.62647260950204e-07,0.9999967447948419,3.179001312812734e-05,0.0,5.822157199912647e-08,0.0,5.822157199912647e-12,0.013003081944337155,1.0234475836039426e-13,0.0018314422131399774,0.0018315018315018317,6.510325114489085e-07,0.24205890698983654,8.826271631016263e-10
16,backward,graph,cylinder_000,0.6,ead040316bcafb7937e996a489a70a2c1c7ca89e6d735b782899f771b7197d9f,7b22d4b6f5a455eedb1d6e663eb464ec0c47ea656db5e3c4037f9f64813aade3,dc936de29310b9c0c036adf84a5c8d82ce919e1dc81db8fbaf21359c90b9c464,35.50342284156196,35.61924229396341,0.0032515978707689094,1.0001757658031911,2390.167741210548,2.993490229359687e-15,35.48857510744875,35.604395604395535,1.1582049694678176e-05,559.7718434908546,1.291280473481038e-09,0.01484773411320281,0.014846689567873194,1.1406434999397875e-05,0.7579735512477094,1.1760064704297023e-07
16,backward,graph,cylinder_090,0.6,ead040316bcafb7937e996a489a70a2c1c7ca89e6d735b782899f771b7197d9f,69f53baf2ca11c4af23e32a626f9086c75eb9429a81fde062db175943ff170f1,9a5fb5927ec8dad310912361a02ff7d3764a39e984591d3d534bd0aecebdb23b,35.50342284156195,35.6192422939634,0.00325159787076891,1.0001757658031911,2390.1677412105473,2.993490229359688e-15,35.488575107448746,35.60439560439553,1.1582049694678176e-05,559.7718434908546,1.2912804749021233e-09,0.01484773411320281,0.014846689567873194,1.1406434999397875e-05,0.7579735512477095,1.1760064702402705e-07
16,backward,graph,cylinder_045,0.6,ead040316bcafb7937e996a489a70a2c1c7ca89e6d735b782899f771b7197d9f,225830c2668c08b5db18f0ed89a0b7370552ef4461eb694b0b6691d6ba6e84c1,7708a974251ddabf4ac4899a62c269188533103d207058d9a5c43cd1f6f9eb55,91.890484391957,91.99184434540788,0.001101836300512667,1.0004393566078855,6647.65588545099,2.4720435442454182e-15,91.8766634804863,91.97802197802183,1.0135849753552861e-05,765.2230491593178,2.610606983921571e-10,0.013820911470698548,0.01382236738605704,1.5898595714743874e-05,0.6534268766883838,4.2322144322426425e-09
16,backward,graph,cylinder_135,0.6,ead040316bcafb7937e996a489a70a2c1c7ca89e6d735b782899f771b7197d9f,5e9053aad62b7a69c1ce0d437b33f5f612ddcb72aba2bb7ad25d86e059159aa0,0e1af401c1049f8e137893518c601f35e2c6c408a53ed76ef9d2895d96a2b090,2.9974817173325987,2.983054491895685,0.0048363935275433974,1.0000878867629586,186.1004772595288,8.830796176611108e-15,2.981461011446452,2.9670329670329507,1.4428044413501428e-06,162.8271684059645,1.850186164276124e-11,0.01602070588614675,0.01602152486273438,8.943224336918075e-06,0.7051455061199418,1.6588280562501722e-08
16,backward,graph,twist,0.6,ead040316bcafb7937e996a489a70a2c1c7ca89e6d735b782899f771b7197d9f,a596a52bbfee969abd24bb503ab279d2b90f66e0dfa0a076ec0f40d185928067,920b207d7d78d0fbb26dd80fe9daa09b7617b032a9f9f3c3a3612dfcaec97638,111.05850925087448,110.78811425086502,0.00244064990037816,1.0007028779812717,5882.59168274822,2.8224336448248478e-15,111.03963327931845,110.76923076923056,2.7040251008789083e-05,744.7967322084173,1.3349441161381037e-10,0.018875971556034148,0.018883481634465914,8.201005647489336e-05,0.18339782522838177,4.38194394394853e-09
16,backward,graph,dome,0.6,ead040316bcafb7937e996a489a70a2c1c7ca89e6d735b782899f771b7197d9f,0529dd803a716c6b6bdd313e6140ea5351ca4f7daba9fa7e53f108c16c5791b5,ee594342f8236c4b2f1b758616e8fd525c1dc7046041cfc5aa1f961c888375c6,110.49543499852176,110.804300092266,0.002787482917964874,1.0003515007236206,3149.353577833711,2.8224336448248478e-15,110.46036101959572,110.76923076923056,3.0886974963483735e-05,967.054642821074,1.11562690676692e-09,0.03507397892604237,0.035069323035436695,5.0842325414011674e-05,1.270005481153119,1.2330223252587924e-07
16,backward,graph,saddle,0.6,ead040316bcafb7937e996a489a70a2c1c7ca89e6d735b782899f771b7197d9f,3644bdd18070cfb017d937884e26995e3cc3d752d81e426328fad4f37bc0248b,3baba6aa5326ec7b0df945163609e6b8c8bac7ccb5bba38b85850be5240daf42,110.47924700824822,110.78811425086502,0.002787909557855727,1.0003515007236206,5848.79950169117,2.8224336448248478e-15,110.46036101959574,110.76923076923056,3.088697496348232e-05,959.4410679938749,2.6891332112199963e-10,0.018885988652484382,0.018883481634465914,2.737663676166485e-05,0.6840941741938978,3.898580134595319e-08
16,backward,isometric,cylinder_000,0.6,ead040316bcafb7937e996a489a70a2c1c7ca89e6d735b782899f771b7197d9f,87596afa3a5aeed37ace8048896616bca70fb881095771c7cf28ce57b69c064a,4be7caff89ff3bf9bbfcb6e80977a53ef85612aedf452964a400043b8dc2db39,0.016492722736650155,0.016483516483516484,0.000558512690109402,0.9999414072799564,0.0011449726091273989,0.0,1.8862119173593242e-05,0.0,1.886211917359324e-09,0.2350342050248142,1.4163270132816213e-13,0.016473860617476563,0.016483516483516484,0.00010544205715593848,0.8108281469568303,9.086210318434706e-08
16,backward,isometric,cylinder_090,0.6,ead040316bcafb7937e996a489a70a2c1c7ca89e6d735b782899f771b7197d9f,be5d534a61dc4e30aab0b1fdb96965b3fc2633d350b65067fa20c61267785a47,8f3a60fa798579d31c36bd9039ae9ce93f8cf18eab57dd80f3bda755ca9b628a,0.01649272273665015,0.016483516483516484,0.000558512690108981,0.9999414072799564,0.0011449726091274908,0.0,1.8862119173594746e-05,0.0,1.8862119173594746e-09,0.23503420502461575,1.4163270117705147e-13,0.016473860617476552,0.016483516483516484,0.00010544205715605215,0.8108281469568278,9.086210307068797e-08
16,backward,isometric,cylinder_045,0.6,ead040316bcafb7937e996a489a70a2c1c7ca89e6d735b782899f771b7197d9f,bcfce5bf0d67b56e16c55d2abe910d71365e6e23922f6cceb05e8b40a0be6988,dcbc0f00b27144604b13342243dc6be51dd750f3daf6042e91f7e5851546ecec,0.0165543506210805,0.016483516483516484,0.004297271012216881,0.9999706827868643,0.005095641252310121,0.0,8.392736817053586e-05,0.0,8.392736817053586e-09,0.40299427645198554,1.0874800204845003e-12,0.01647042325290996,0.016483516483516484,0.00014297807822322245,0.7173414072667577,6.727878992668356e-08
16,backward,isometric,cylinder_135,0.6,ead040316bcafb7937e996a489a70a2c1c7ca89e6d735b782899f771b7197d9f,8dfb89c6ef2d6af605ac7734f7d5a09831616dfc0104c08a576066aa4cdb750d,49d4db4ff9519e0331a197bd7da67c4fa5fd7c98f83659927dcf65d7c1b97d67,0.016483403690280146,0.016483516483516484,6.842789671157127e-06,0.9999707033824876,0.0002861727132528821,0.0,4.715750838477568e-06,0.0,4.715750838477568e-10,0.11753243585068839,4.654090221266438e-13,0.01647868793944167,0.016483516483516484,5.2727701296978035e-05,0.7262210216089019,1.649393503777574e-08
32,backward,rest,rest,0.0,530428b03bc1fb6fd322f3d532424c724894f827dfeb97b00c28ed1924915ddb,0602a0b665ee1db8ecd143c24b73b1a86d2ab429c718a86302ba77a00197df21,415770ec18ee75ffebde9dbfed923fbcb1c1294f73e1bea51752afc52fe09c5e,8.804251174341651e-29,0.0,,1.0,,0.0,8.804251174341651e-29,0.0,8.804251174341651e-33,2.8037365333638845e-13,0.0,0.0,0.0,0.0,0.0,0.0
32,backward,affine,extension,0.0,530428b03bc1fb6fd322f3d532424c724894f827dfeb97b00c28ed1924915ddb,5b333c755b594a970fe52ff348f43fa11f451f4c269eaccae79038b3b4312bdb,4f295cc67cb0a7a7b042a20bd485dc259d6a019d86782584a6603c1e1aa31736,0.5050145892857163,0.5050145892857146,3.297596885850684e-15,1.006969999999998,,0.0,0.5050145892857163,0.5050145892857146,1.6653345369377348e-19,25.193378076834843,9.703604744171201e-11,0.0,0.0,0.0,0.0,0.0
32,backward,affine,shear,0.0,530428b03bc1fb6fd322f3d532424c724894f827dfeb97b00c28ed1924915ddb,56c12991c8be2eb960c0bdb38099b579a903fc9a8b9f1255bd035bf41de2b709,21df8d9fb1f80c1dec1ec0bc87a28c309ce45cd9c7fcdc775a89988b9c9e3db0,0.7694505494505501,0.7694505494505494,1.0100143768726432e-15,0.9999999999999964,,0.0,0.7694505494505501,0.7694505494505494,7.771561172376096e-20,27.00182483619132,5.716759732266041e-11,0.0,0.0,0.0,0.0,0.0
32,backward,graph,cylinder_000,0.2,530428b03bc1fb6fd322f3d532424c724894f827dfeb97b00c28ed1924915ddb,e88bfae2fa228dabb93e0750c06dc31b72b507687d6d8d8a04f2def3f2091cc8,3a4d4b4826004c72927b4f888831aa1e89d9465817eb716d2efe0aedfa76f1ed,0.44101044265112316,0.4413680912074157,0.0008103181073062281,1.0000048828005792,242.96796727352722,3.2834845953289063e-15,0.43920278549194913,0.4395604395604388,3.576540684896434e-08,39.54244288770379,6.840291377763208e-12,0.0018076571591740145,0.0018076516469769308,6.019319215467764e-08,0.3826506922650429,3.2125712328273654e-08
32,backward,graph,cylinder_090,0.2,530428b03bc1fb6fd322f3d532424c724894f827dfeb97b00c28ed1924915ddb,f09d28e1c404590091a134b57c77f73e9eb674ac7e1f5a3b2eb512ae0d476d5f,f5da03b586ba9cd1c729efb7abd86abe0b9c9c652df6596e9dd17a1e9c5c5aa0,0.44101044265112316,0.4413680912074157,0.0008103181073062281,1.0000048828005792,242.9679672735268,3.1571967262777944e-15,0.43920278549194913,0.4395604395604388,3.576540684896434e-08,39.5424428877038,6.840291388865438e-12,0.0018076571591740176,0.0018076516469769308,6.01931921878282e-08,0.3826506922650432,3.2125712330641554e-08
32,backward,graph,cylinder_045,0.2,530428b03bc1fb6fd322f3d532424c724894f827dfeb97b00c28ed1924915ddb,ba48d04eb0a1c8d9ae8a5b82f4d7c75fdf8bb212791647650acf8132b7a5180c,a508261e00775ba231cb6a9c38cdccbf9f93181d0a6c6d86d9992e84d749e72d,1.1370083903908024,1.137321353059873,0.00027517523365629923,1.0000122069567452,634.1242239379275,1.9554250691785035e-15,1.1352181762129505,1.1355311355311344,3.129593181838697e-08,51.85488499404622,7.442189087214502e-13,0.0017902141778518047,0.0017902175287385451,3.6591683205081793e-08,0.3365140070247582,1.2953718251697275e-10
32,backward,graph,cylinder_135,0.2,530428b03bc1fb6fd322f3d532424c724894f827dfeb97b00c28ed1924915ddb,30ac4a47ed86f08ec6db48f8b7d66540caea5ac6ffc8de5f0cc2b3ff651eaac5,81084b0b56d5769ef85d45e53bac45a885c3a73c51a6b8cc0d48eccd76fb08c2,0.03850014740651029,0.03845548177862035,0.001161489229209786,1.0000024414032698,20.090860536593574,8.713862964526741e-15,0.036674705180494385,0.036630036630036444,4.466855045794082e-09,12.559790914012634,4.681327478439634e-14,0.0018254422260159007,0.0018254451485839036,3.1914442591958814e-08,0.34169338796907317,1.3984703257918783e-09
32,backward,graph,twist,0.2,530428b03bc1fb6fd322f3d532424c724894f827dfeb97b00c28ed1924915ddb,7521ea30c5c26c64ba951414ed1bcfd3c9fc1f929898f1b57b9059c08016d420,ad9f40500506def54de1737099003797cf70a34a92ddadeaf212c5eaaf843a76,1.370854153079916,1.370019539451622,0.0006091983393377364,1.0000195310592688,547.7499215445022,2.59792187762287e-15,1.3683560130360477,1.3675213675213655,8.34645514682153e-08,51.07485312104731,1.4483826138445011e-12,0.0024981400438683133,0.0024981719302564127,3.4819935804508704e-07,0.0689461793755423,1.3098934778001114e-09
32,backward,graph,dome,0.2,530428b03bc1fb6fd322f3d532424c724894f827dfeb97b00c28ed1924915ddb,8faa1f0e25a19224b83e52c0c881a4e63293d071232561c4983a5e2595c67eb3,434b68b5004399b0af79d2894fd40c1d4905afb6e869acec45a08e12dd0f8423,1.3712071018036216,1.372160829677556,0.0006950554580096537,1.0000097655773168,294.55125013899635,2.59792187762287e-15,1.366567611694347,1.3675213675213655,9.537558270185098e-08,65.52920841229286,7.530374390718463e-12,0.004639490109274617,0.004639462156190481,3.05247678760584e-07,0.6692629707733692,5.6086204519231735e-08
32,backward,graph,saddle,0.2,530428b03bc1fb6fd322f3d532424c724894f827dfeb97b00c28ed1924915ddb,1d001372b6ba61d879f0f0113ca889e0ea6357be65d0da1da0dc1f6a5eaa2fb3,8f9d380039a4471e484bf224608d9a6556c3065d4f53b0d3eda44b64668a728b,1.3690657986762642,1.370019539451622,0.0006961512211274426,1.0000097655773168,547.023750258136,2.59792187762287e-15,1.366567611694347,1.3675213675213655,9.537558270185098e-08,65.30756571018175,8.930389805428262e-12,0.0024981869819171013,0.0024981719302564136,1.6436413471068027e-07,0.36039065989576485,3.161036388804952e-08
32,backward,isometric,cylinder_000,0.2,530428b03bc1fb6fd322f3d532424c724894f827dfeb97b00c28ed1924915ddb,55547baefff8e04e2211c99c4d1310b7b9e4f4f744a2b52cf108b0e9d5fdb32e,3aeb136f3563d4338539a6d3940fa96e3d71fb48a3628dba349c7c843bdfc4aa,0.0018314865775421996,0.0018315018315018317,8.328661959125254e-06,0.999998372396623,7.947394624687645e-06,0.0,1.4555430903793126e-08,0.0,1.4555430903793126e-12,0.004632978857432391,2.1103452866953256e-13,0.0018314720221112959,0.0018315018315018317,3.255185446514319e-07,0.3862283926051369,6.142068454543028e-09
32,backward,isometric,cylinder_090,0.2,530428b03bc1fb6fd322f3d532424c724894f827dfeb97b00c28ed1924915ddb,51a603fede7fb4bff8fddb33841914c6fa6c31156e0834b836c68314b09e6c8d,143e8931d41b360832a332c88a7b26210960fbfbc8f01e91ff97eeadc00800eb,0.0018314865775422007,0.0018315018315018317,8.32866195853328e-06,0.9999983723966216,7.947394624694876e-06,0.0,1.4555430903806375e-08,0.0,1.4555430903806375e-12,0.004632978857454441,2.1103452866820808e-13,0.001831472022111297,0.0018315018315018317,3.2551854463959244e-07,0.3862283926051406,6.142068452175131e-09
32,backward,isometric,cylinder_045,0.2,530428b03bc1fb6fd322f3d532424c724894f827dfeb97b00c28ed1924915ddb,95a09e435847b1539c7853f228319382aa628e8189b38b717a3faabd72e42f76,beb7f28e7a535395460580a14e76381e0befdcdc1d90f813e8b50f8b507c2c18,0.0018315273029813274,0.0018315018315018317,1.3907427804654616e-05,0.9999991861822133,3.536598327858753e-05,0.0,6.477147326467373e-08,0.0,6.477147326467373e-12,0.007953200998887269,3.3119386825204054e-13,0.0018314625315080627,0.0018315018315018317,4.291559319579991e-07,0.3408884064010076,2.4271247241192115e-09
32,backward,isometric,cylinder_135,0.2,530428b03bc1fb6fd322f3d532424c724894f827dfeb97b00c28ed1924915ddb,944306b2812d0f9910d031dcc87ee28c6290f767b932cae47b3b9c4182607013,1df0e87058cf73a4f889d2d23c15f43a41478d030d5976fa6b4af2e65e9f8326,0.0018314905656166313,0.0018315018315018317,6.151173319431102e-06,0.9999991861981057,1.9868350742230942e-06,0.0,3.6388624640562425e-09,0.0,3.6388624640562426e-13,0.002316497851805643,4.4511092254533496e-13,0.0018314869267541673,0.0018315018315018317,1.6275984449500706e-07,0.34285426364617405,1.1934043768566799e-09
32,backward,graph,cylinder_000,0.6,530428b03bc1fb6fd322f3d532424c724894f827dfeb97b00c28ed1924915ddb,e8068a2de2dcf06f54d4e2d41bd70a993d9e0a80b2dbd39e209e06cbd8c287c5,f52ea19bb3dc82eb967d764503f0dd244c0d80b55b4f6fbaf610d857e678a4ad,35.59027257551831,35.61924229396341,0.0008133165272301953,1.000043944346947,2396.14358621623,2.993490229359687e-15,35.575425624847455,35.604395604395535,2.8969979548080003e-06,404.5924401117845,1.4737674220555164e-09,0.014846950670858963,0.014846689567873194,2.851244604596195e-06,1.0818127714744021,5.925491598902932e-07
32,backward,graph,cylinder_090,0.6,530428b03bc1fb6fd322f3d532424c724894f827dfeb97b00c28ed1924915ddb,0025d87d77634cb8a3c16a1f54924fc7f08f5cc47316769724a3e491f1f33cc2,c0bc5591f78487017e80654e9ad01257ed228ab96755ac0f26a41f44f10d1997,35.59027257551831,35.6192422939634,0.0008133165272299959,1.000043944346947,2396.1435862162243,2.993490229359688e-15,35.575425624847455,35.60439560439553,2.89699795480729e-06,404.5924401117845,1.4737674227660591e-09,0.014846950670858998,0.014846689567873194,2.8512446049750585e-06,1.0818127714744035,5.925491598902932e-07
32,backward,graph,cylinder_045,0.6,530428b03bc1fb6fd322f3d532424c724894f827dfeb97b00c28ed1924915ddb,e5fe312abf5d7a42e27f2f9efa398b1ed5f3a5667ddb3c609ae9d0ceb906aa82,f0bbd682c989bcc3452f03e4d4dd94b13c8e88a19f7c6423f70e282680492780,91.96649427662926,91.99184434540788,0.0002755686545802676,1.0001098572469427,6652.629849534432,2.4720435442454182e-15,91.9526722732482,91.97802197802183,2.534970477363174e-06,550.7333211854606,8.263907602668041e-11,0.013822003381066403,0.01382236738605704,3.9749344977597216e-06,0.931129351834076,3.619289305339945e-09
32,backward,graph,cylinder_135,0.6,530428b03bc1fb6fd322f3d532424c724894f827dfeb97b00c28ed1924915ddb,cb257cc1499e50745a6b7fb5d095195f884751360a9de817d2584bffd7d5374b,9b1f09778214608a7f3257dbee16786055500c0bedcce717424f327ea9807c71,2.986672439827744,2.983054491895685,0.0012128333363966405,1.0000219724148565,185.41862225400985,8.830796176611108e-15,2.9706511196199474,2.9670329670329507,3.6181525869967145e-07,118.56492663810384,7.258638001772511e-12,0.016021320207796466,0.01602152486273438,2.2348319220111268e-06,0.9995809898151029,2.9071344880560175e-08
32,backward,graph,twist,0.6,530428b03bc1fb6fd322f3d532424c724894f827dfeb97b00c28ed1924915ddb,c08dbba9aefde47fe8b6ecb8233fa2583bca8655c421751ad337318b64e2b05f,5aae512d2c4510c3ba14177f7558cc54dccc44c7465e1802cb898b958b9e7cc9,110.85571866003181,110.78811425086502,0.0006102135560653123,1.0001757658031911,5870.0964385124,2.8224336448248478e-15,110.83683705591902,110.76923076923056,6.7606286688459245e-06,536.2237618464901,1.9104609947362406e-10,0.018881604112795002,0.018883481634465914,2.0502536646360702e-05,0.1828054747330345,1.215037717564038e-08
32,backward,graph,dome,0.6,530428b03bc1fb6fd322f3d532424c724894f827dfeb97b00c28ed1924915ddb,f2c1ed6aa05ed7f25f5644147d29babfe78d81413ab1da9e44b9d2c464f55e36,e14a914f1773b1ce56a94c6a454f793014803eb7b1c3895ceb649543830da643,110.72704703405749,110.804300092266,0.0006972027091384031,1.0000878867629586,3156.2714577468205,2.8224336448248478e-15,110.6919765472413,110.76923076923056,7.725422198926424e-06,697.962839458851,1.0499566357680123e-09,0.03507048681619464,0.035069323035436695,1.270848587673623e-05,1.8140247282131186,1.8850210592780136e-07
32,backward,graph,saddle,0.6,530428b03bc1fb6fd322f3d532424c724894f827dfeb97b00c28ed1924915ddb,0fb2bda57c14aa0df65ae3864aab4f0c003938948403292ca220eb8a407ede61,cfe22c30e7316f5d2d9427996cd8cc453d4470e4d5a8ce50b7b420cbdf27f40f,110.71086065552694,110.78811425086502,0.0006973094168129593,1.0000878867629586,5861.646992958379,2.8224336448248478e-15,110.6919765472413,110.76923076923056,7.725422198926424e-06,695.0757090322701,3.6191822800901716e-10,0.018884108285643273,0.018883481634465914,6.843030856756581e-06,0.9768493520766515,9.248391106816965e-08
32,backward,isometric,cylinder_000,0.6,530428b03bc1fb6fd322f3d532424c724894f827dfeb97b00c28ed1924915ddb,ca73b6d8e77c5997c560d09fa64b0b0a7b6efc2f6a4ea9fc9063dbea66982ffc,d9faeeffbc6a0066c2ff6bece8c937d4991121e90f29c294636a3bc434307c3b,0.016482281024039612,0.016483516483516484,7.495120826356515e-05,0.9999853516268684,7.153437537436271e-05,0.0,1.1789653412501106e-06,0.0,1.1789653412501106e-10,0.04178836422350884,1.802628909889072e-13,0.016481102058698363,0.016483516483516484,2.636551901387965e-05,1.1585475701419032,1.2730420570197796e-06
32,backward,isometric,cylinder_090,0.6,530428b03bc1fb6fd322f3d532424c724894f827dfeb97b00c28ed1924915ddb,1254d36650940620d2d5d5f6bb33a8189372fae8137e14e2e5fd89e0dbdde5c2,cfcec62fd1e43135643eb27c26c0a02b1994ecc4d6a9fe65bfede2b86afaa0f4,0.0164822810240396,0.016483516483516484,7.495120826419659e-05,0.9999853516268634,7.153437537441071e-05,0.0,1.178965341250901e-06,0.0,1.1789653412509008e-10,0.04178836422408078,1.8026289090987904e-13,0.01648110205869835,0.016483516483516484,2.6365519014031194e-05,1.158547570141901,1.2730420567924616e-06
32,backward,isometric,cylinder_045,0.6,530428b03bc1fb6fd322f3d532424c724894f827dfeb97b00c28ed1924915ddb,9db0b70a0016bbe945d8b4f993a1a2a995e661eafd7a4359f7da5a4cf466db6d,2a82f8d56261a1445291503a36c90fdb815c4bd4305fbf6013cb794bf75cbccb,0.016485579748545094,0.016483516483516484,0.00012517141173568752,0.9999926745099331,0.00031833422293252105,0.0,5.246254156604959e-06,0.0,5.246254156604959e-10,0.07170087108089293,4.3999142759182484e-13,0.01648033349438849,0.016483516483516484,3.475824127771268e-05,1.0225146333006974,7.136463184398423e-08
32,backward,isometric,cylinder_135,0.6,530428b03bc1fb6fd322f3d532424c724894f827dfeb97b00c28ed1924915ddb,a08aceb9d501f03f9974f6ab9845885578c3fef31d89204ee7faecd16537ed09,ff319724f17219e4c3926906a14286cf303609aaf515daab7fd2a0dba414b7e2,0.01648260397769952,0.016483516483516484,5.535868622911592e-05,0.9999926757973346,1.78824935974773e-05,0.0,2.947447893291575e-07,0.0,2.9474478932915746e-11,0.020894864857370136,5.010503124218852e-13,0.01648230923291019,0.016483516483516484,1.3183176620711472e-05,1.0285802501908263,1.741955709927412e-08
4,checkerboard,rest,rest,0.0,1553d4e28bf1f9a34d4f308989de918d135f3a4e1eb2f7b64cc9248bae595938,4e6d932e82e1339443f38ff2afc165d580003ad04de31d2f56bddcb2bf2329fc,560a5da7af7e04ca0ba30663a103a633db49511eefc5554e0ba1bc54c84a10b6,8.80425117434165e-29,0.0,,1.0,,0.0,8.80425117434165e-29,0.0,8.80425117434165e-33,1.5860328923216525e-12,0.0,0.0,0.0,0.0,0.0,0.0
4,checkerboard,affine,extension,0.0,1553d4e28bf1f9a34d4f308989de918d135f3a4e1eb2f7b64cc9248bae595938,5dcb04c3c6c0c5e0a0b3ca19a73e4a9d78de58f70cfa8fbd4abd47a038868b17,da59ebc42cae27301cad6683cc8216117013861ac0bc036e6bf677e782f7f650,0.5050145892857177,0.5050145892857146,6.155514186921277e-15,1.0069699999999997,,0.0,0.5050145892857177,0.5050145892857146,3.1086244689504383e-19,67.18234153821953,9.731251426892129e-11,0.0,0.0,0.0,0.0,0.0
4,checkerboard,affine,shear,0.0,1553d4e28bf1f9a34d4f308989de918d135f3a4e1eb2f7b64cc9248bae595938,66aca2c7e1a40b56e562429a888a77269f3c18df40c4e303fb7b5793ddeb6088,12b7fb833460f543e6bf3e065cc2400696f9b8973c679a12821deca9f1b3e798,0.769450549450551,0.7694505494505494,2.1643165218699497e-15,0.9999999999999996,,0.0,0.769450549450551,0.7694505494505494,1.6653345369377348e-19,72.00486622984377,7.358401434842676e-11,0.0,0.0,0.0,0.0,0.0
4,checkerboard,graph,cylinder_000,0.2,1553d4e28bf1f9a34d4f308989de918d135f3a4e1eb2f7b64cc9248bae595938,688d90f76f3fe0bc72fc019ddb06c74abbb64c43f4b7ed5a5b0910a954680ad1,3aa5ba2021ed45ed2eb3b058c9f5ee78e21602501e60894616d1c71872dd3be1,0.4187250720054373,0.4413680912074157,0.05130189438941023,1.000312451187128,230.59512391141638,3.2834845953289063e-15,0.4169170673076976,0.4395604395604388,2.2643372252741154e-06,95.36041402848618,6.842599414857986e-12,0.0018080046977396506,0.0018076516469769308,3.855314328900152e-06,0.34220794677616306,4.804822172736755e-09
4,checkerboard,graph,cylinder_090,0.2,1553d4e28bf1f9a34d4f308989de918d135f3a4e1eb2f7b64cc9248bae595938,03d3472b88ee82e556e8e3445948ee9a0ee105dccf02db6b2fd7b261889a4b28,83804f421dabb5d782bd428f14248eb681429bd99ffea1db1e2a60917a848fc0,0.4187250720054373,0.4413680912074157,0.05130189438941023,1.000312451187128,230.59512391141638,3.1571967262777944e-15,0.4169170673076976,0.4395604395604388,2.2643372252741154e-06,95.36041402848609,6.842599414857986e-12,0.0018080046977396506,0.0018076516469769308,3.855314328900152e-06,0.3422079467761632,4.80482216800096e-09
4,checkerboard,graph,cylinder_045,0.2,1553d4e28bf1f9a34d4f308989de918d135f3a4e1eb2f7b64cc9248bae595938,0e3c242927c3e0a7a6c33ac38c8b5817272466418e781d849f247db3693debaa,c16f9c9defe7b6e06b9b3184f653f73db4c1d9193d5404606a5b7f34380ca8ba,1.1378487930874588,1.137321353059873,0.00046375637471927575,1.0001562377948756,634.6599034438851,1.9554250691785035e-15,1.136058765453306,1.1355311355311344,5.276299221717018e-08,131.3416311482387,7.802869084194697e-12,0.001790027634152806,0.0017902175287385451,2.07364887627081e-06,0.33194489889303075,1.6861873265109487e-09
4,checkerboard,graph,cylinder_135,0.2,1553d4e28bf1f9a34d4f308989de918d135f3a4e1eb2f7b64cc9248bae595938,d48203bf10d288e24e725e4f9daa15a70271260d24c181b4baf2a0841897e48f,2b0f0c659f11f70ded04e07f71717ad0a903992983803bc4d362e7ed2bbb4959,0.038982921604833506,0.03845548177862035,0.01371559532785239,1.0001562377948756,20.357520171533512,8.713862964526741e-15,0.03715766655219907,0.036630036630036444,5.276299221626257e-08,28.269386842263028,2.8144368918736617e-13,0.0018252550526344398,0.0018254451485839036,2.0758477681449665e-06,0.3352007854133346,1.310580395406241e-09
4,checkerboard,graph,twist,0.2,1553d4e28bf1f9a34d4f308989de918d135f3a4e1eb2f7b64cc9248bae595938,a4deab3309d5a170250a523196b6c72ae38f69885115506bbda48866e55b30cf,db82b0f6a72b4ae711185c6244cfb470fa9c4ea3a97dedc04f36bbfe1f13154a,1.4963149329271077,1.370019539451622,0.09218510381686826,1.0,598.4247246082161,2.59792187762287e-15,1.4938186813186924,1.3675213675213655,1.2629731379732689e-05,138.89597487592968,9.671434431091086e-12,0.0024962516084152163,0.0024981719302564127,2.0969914505864267e-05,0.05123754983168496,4.175992474736434e-10
4,checkerboard,graph,dome,0.2,1553d4e28bf1f9a34d4f308989de918d135f3a4e1eb2f7b64cc9248bae595938,c2c293637a4d948023d16816d07e00d5ddbfbeac6ed6911b59fc7889fffee7a3,0b6ca47ee690107b96d0c58748a0d1cae3095ac36a8c8819cb7cbca56d524a96,1.3117325989856385,1.372160829677556,0.0440387375772252,1.000624804809475,281.6246805610014,2.59792187762287e-15,1.3070913461538551,1.3675213675213655,6.043002136751041e-06,159.43020945546454,1.892868677355608e-11,0.004641252831783442,0.004639462156190481,1.9554177475130765e-05,0.6603131638482745,1.6447621594903315e-09
4,checkerboard,graph,saddle,0.2,1553d4e28bf1f9a34d4f308989de918d135f3a4e1eb2f7b64cc9248bae595938,67a054c46b292490f46dc1deb5af2504fe189e3e962ecd5f96ce42c0bf434d9e,bacb6405d9100b016f62864e6fbfb30665b5ed13cc1cf984ed1841712756c250,1.3095904822940458,1.370019539451622,0.04410817175772838,1.000624804809475,523.0172638990025,2.59792187762287e-15,1.3070913461538547,1.3675213675213655,6.043002136751086e-06,156.49170714341824,5.855948481681139e-12,0.002499136140191084,0.0024981719302564136,1.052917248660013e-05,0.16115622341141145,1.6894326366513611e-09
4,checkerboard,isometric,cylinder_000,0.2,1553d4e28bf1f9a34d4f308989de918d135f3a4e1eb2f7b64cc9248bae595938,a09e398e476d2a7914efa7a8aa9e43e28e2c36c78aa698bce2611eab659ce07b,4eb9061a531084df440235e044aa3d5ba317d277e106d37bb20ff4034cf0645f,0.0018892041399541065,0.0018315018315018317,0.03150546041494202,0.9998958365884931,0.03258058129166714,0.0,5.9609264568324095e-05,0.0,5.960926456832409e-09,0.7916944002828198,2.565102192729241e-12,0.0018295948753857825,0.0018315018315018317,2.0823960787257995e-05,0.34423648204979723,7.854268679451797e-10
4,checkerboard,isometric,cylinder_090,0.2,1553d4e28bf1f9a34d4f308989de918d135f3a4e1eb2f7b64cc9248bae595938,2301c0720b3cbe1804c27ce45ac0a3fbb95b02d5a7cb7266e83ed03c8346e433,0f915b734adc790d7a90d806fa3d036f978f5b2b414554f2fd53727cfdc3f5be,0.0018892041399541034,0.0018315018315018317,0.03150546041494036,0.9998958365884929,0.03258058129166535,0.0,5.960926456832083e-05,0.0,5.960926456832083e-09,0.7916944002826376,2.5651021930565346e-12,0.0018295948753857827,0.0018315018315018317,2.0823960787255626e-05,0.3442364820497974,7.854268655772822e-10
4,checkerboard,isometric,cylinder_045,0.2,1553d4e28bf1f9a34d4f308989de918d135f3a4e1eb2f7b64cc9248bae595938,a8ccec4039165918f9c4d276bda8f6eb45212ae03f1a82743c46d9c7b2e7bb2c,3719abfcb209d5e351b8896dbe5a4d669e45c80891cfa0a330230b10302dece9,0.001970073354833427,0.0018315018315018317,0.07566005173905108,0.9999478523973133,0.076533158794511,0.0,0.00014005693709531324,0.0,1.4005693709531324e-08,1.028999338846766,4.907218157567056e-13,0.0018300164177381137,0.0018315018315018317,1.6220718299800784e-05,0.335547584237765,6.945487027150768e-09
4,checkerboard,isometric,cylinder_135,0.2,1553d4e28bf1f9a34d4f308989de918d135f3a4e1eb2f7b64cc9248bae595938,a5bc141cdcd9902c3489b68dbf57e8ca664ce2a4ec510962f997ca04bf97ba75,02ef35dcb54eed73c60450c7f4b5ec66b7dd26616f284ef1825196e1f93c56f2,0.001970073354833353,0.0018315018315018317,0.07566005173901058,0.9999478523973133,0.07653315879447752,0.0,0.00014005693709525104,0.0,1.4005693709525104e-08,1.0289993388444045,1.6949512802213713e-12,0.0018300164177381018,0.0018315018315018317,1.622071829993102e-05,0.33554758423776243,5.613545321263638e-09
4,checkerboard,graph,cylinder_000,0.6,1553d4e28bf1f9a34d4f308989de918d135f3a4e1eb2f7b64cc9248bae595938,90b958f29652e2e36d63a1c8dd99a9cc7e051fb519b91f51d71af1d09ea90d78,e922929e6ee5cf4e1b6ce9e179d5a49fe105659a318ff85e39071ecb68c44a52,33.785145896847396,35.61924229396341,0.05149172972235987,1.002808556006579,2272.036033640004,2.993490229359687e-15,33.770282451923144,35.604395604395535,0.00018341131524723906,959.1095982880063,7.250116688339858e-10,0.01486344492425155,0.014846689567873194,0.00018296849165164628,0.9755297285242532,2.806949932571134e-08
4,checkerboard,graph,cylinder_090,0.6,1553d4e28bf1f9a34d4f308989de918d135f3a4e1eb2f7b64cc9248bae595938,6c27ec1fd34577189c5e2a7d576a58500a917af3158da963803e4caf247a3ce1,b10376619c74405c1e54a28568477d24083cff348f88c526aec59a1e712b5b77,33.78514589684739,35.6192422939634,0.05149172972235988,1.002808556006579,2272.036033640004,2.993490229359688e-15,33.77028245192314,35.60439560439553,0.00018341131524723906,959.1095982880063,7.250116695445286e-10,0.014863444924251549,0.014846689567873194,0.00018296849165162733,0.9755297285242535,2.806949932571134e-08
4,checkerboard,graph,cylinder_045,0.6,1553d4e28bf1f9a34d4f308989de918d135f3a4e1eb2f7b64cc9248bae595938,7a5fb48c884f967ea1adf5f2fb54662fed8b42ae36324f512b89cb7e1641ef73,7c0797d77b238a1d6cd1c80402ca6540a31ae9f5e3eea9c3196d90c8d3e11e4b,92.03456818521926,91.99184434540788,0.00046443073421764344,1.0014052626184866,6664.219083393925,2.4720435442454182e-15,92.02076000171715,91.97802197802183,4.2738023695321206e-06,1375.1103156681677,8.426236959735433e-10,0.013808183502102576,0.01382236738605704,0.00015488801278275115,0.9189598462874208,8.074937807328596e-08
4,checkerboard,graph,cylinder_135,0.6,1553d4e28bf1f9a34d4f308989de918d135f3a4e1eb2f7b64cc9248bae595938,8d65ac0df15a2248699479203fd4968a8263534e2e0dcf681d1a14ac38065805,c9d3ccc7f800e6cc14e5b6c0e9c2f882031224d1626ad476e56e1dbf1d094fe9,3.0257774822951764,2.983054491895685,0.014321894057101664,1.0014052626184866,188.0343970509197,8.830796176611108e-15,3.0097709907280352,2.9670329670329507,4.27380236950845e-06,265.0754400453556,5.0429586861966414e-11,0.01600649156714125,0.01602152486273438,0.0001641635878769898,0.9903991897693867,4.779316477993011e-09
4,checkerboard,graph,twist,0.6,1553d4e28bf1f9a34d4f308989de918d135f3a4e1eb2f7b64cc9248bae595938,f9d2cd4e29357d0821e3e7212baefd03720e7673e9526c59477e3cdc325745e2,338b187cd1d90628cbe905f77accd2ac8faf8ccdc11115b52033692b812d2388,121.01811763254618,110.78811425086502,0.09233845571661839,1.0,6434.612054274798,2.8224336448248478e-15,120.99931318681328,110.76923076923056,0.0010230082417582722,1464.6725593573904,1.757437686933372e-09,0.018804445732890467,0.018883481634465914,0.0008630720452038904,0.13897202727570518,1.5518921512858163e-08
4,checkerboard,graph,dome,0.6,1553d4e28bf1f9a34d4f308989de918d135f3a4e1eb2f7b64cc9248bae595938,46e78a12a857574f1d0f9bebd579f08901f4711869ea366542b3d1943e58ae9f,430f3c9f05f5d33db221657db2065dcfa8c06c8e0f4ca7333bc5b9b6948e7d46,105.90954310169356,110.804300092266,0.04417479273364495,1.0056092680559383,3012.5827608396344,2.8224336448248478e-15,105.8743990384616,110.76923076923056,0.0004894831730768957,1672.6680403216965,2.6838246327542947e-10,0.03514406323196029,0.035069323035436695,0.0008161629460376328,1.8026973285244876,3.8767550183393945e-08
4,checkerboard,graph,saddle,0.6,1553d4e28bf1f9a34d4f308989de918d135f3a4e1eb2f7b64cc9248bae595938,68f4dcdb35020e14f7467945a0e35465e7c36a0801e2df24c63a69c31398502a,540f2e6d616a4e37f97e89accdbaa5f91d04a575cea0868b2a71e9eacd32c427,105.8933227648173,110.78811425086502,0.0441815579148149,1.0056092680559383,5594.796555845034,2.8224336448248478e-15,105.87439903846163,110.76923076923056,0.0004894831730768927,1635.2070767457906,7.52298700490428e-10,0.018923726355670932,0.018883481634465914,0.0004394723555587924,0.43481153409570567,2.5912184213744413e-08
4,checkerboard,isometric,cylinder_000,0.6,1553d4e28bf1f9a34d4f308989de918d135f3a4e1eb2f7b64cc9248bae595938,3968ddb60f2f5c1da81a94758696da2e14815c494a812545587c51d1f7d60cea,14c31665cdf02ef7998dd133bdd261e2259a87573fb6db3b81e8054b30233788,0.02115152501355604,0.016483516483516484,0.2831925174890663,0.9990627636365645,0.2952867661981433,0.0,0.004821917110868306,0.0,4.821917110868306e-07,7.211759755215766,8.341925738716838e-13,0.016329607902687733,0.016483516483516484,0.0016806817026499595,1.02079436196404,2.7381171399804002e-08
4,checkerboard,isometric,cylinder_090,0.6,1553d4e28bf1f9a34d4f308989de918d135f3a4e1eb2f7b64cc9248bae595938,398b1c95e9f401f4b1beb12bdfd41278b91018442f78ca183e8ae89d4239d025,6e20409577caf5a1508fcf9214c9fea73c25abeb6cc3a2a84857f5af971d914e,0.021151525013556063,0.016483516483516484,0.2831925174890678,0.9990627636365643,0.2952867661981444,0.0,0.004821917110868325,0.0,4.821917110868325e-07,7.211759755215853,8.341925757798796e-13,0.016329607902687737,0.016483516483516484,0.0016806817026499216,1.0207943619640403,2.7381171399804002e-08
4,checkerboard,isometric,cylinder_045,0.6,1553d4e28bf1f9a34d4f308989de918d135f3a4e1eb2f7b64cc9248bae595938,95e1e55f72ddd293d6b3c3991d5cc31d4dc2fde6283fe19ef56814744c36a2bf,5171b87937bf17b9be47d6914a0916c4ff2a067ecf03e6e80e31776e306eb6d0,0.027677203036846232,0.016483516483516484,0.6790836509020047,0.9995260577661732,0.6913715102601328,0.0,0.01131343974241219,0.0,1.131343974241219e-06,9.399601016281755,9.64110235136123e-12,0.016363763294434043,0.016483516483516484,0.0013077048247802545,0.9988711977647897,4.8708615982689935e-08
4,checkerboard,isometric,cylinder_135,0.6,1553d4e28bf1f9a34d4f308989de918d135f3a4e1eb2f7b64cc9248bae595938,cbc852e684ce878e3b026977cdb5f94d3a9c063da7908435ed8b19e5e0edcb03,c4c7b356fd0f02ae58d21a9e6340bce30c9f1063a795ab601d83c2eaa4d54a2d,0.02767720303684617,0.016483516483516484,0.6790836509020008,0.9995260577661731,0.6913715102601347,0.0,0.011313439742412182,0.0,1.1313439742412182e-06,9.39960101628284,6.767371378557652e-13,0.016363763294433988,0.016483516483516484,0.0013077048247808606,0.9988711977647848,2.8422197930200175e-08
8,checkerboard,rest,rest,0.0,b314289237b209cfbc55aab0b6a14acfc4a5d443cdd7eeb01b0bbb43cc394f2d,bd678fa93f59093c55a1c819d54c5dccaae6f5b86c7ecba869430fed13507c38,b0266b6785b388615bd7e2e72db311db56bfd73e6573dde9bed7817b9b7e0135,8.804251174341651e-29,0.0,,1.0,,0.0,8.804251174341651e-29,0.0,8.804251174341651e-33,1.5860328923216527e-12,0.0,0.0,0.0,0.0,0.0,0.0
8,checkerboard,affine,extension,0.0,b314289237b209cfbc55aab0b6a14acfc4a5d443cdd7eeb01b0bbb43cc394f2d,941e240e9459ee7af672e81c3ffb9cddcdabfcd4fb34aa16f679fb7ccbbdd78f,3a0196fe18af1c8735778e303b7a4e7fe161104c14d44d2d4b0f284f51525e0d,0.505014589285717,0.5050145892857146,4.616635640190958e-15,1.0069699999999997,,0.0,0.505014589285717,0.5050145892857146,2.3314683517128286e-19,49.172439006001305,9.728091798777427e-11,0.0,0.0,0.0,0.0,0.0
8,checkerboard,affine,shear,0.0,b314289237b209cfbc55aab0b6a14acfc4a5d443cdd7eeb01b0bbb43cc394f2d,99a1d09b95649c4de9714b6a752c3a4b6d5935be189cf00b6a99153f2544bb86,882c5a13537ec558a6ab5f08c82f4c71be8df86b3ecad02039e42e6f0ab8602e,0.7694505494505497,0.7694505494505494,4.3286330437398996e-16,0.9999999999999991,,0.0,0.7694505494505497,0.7694505494505494,3.3306690738754693e-20,52.70216565476538,6.167191983763587e-11,0.0,0.0,0.0,0.0,0.0
8,checkerboard,graph,cylinder_000,0.2,b314289237b209cfbc55aab0b6a14acfc4a5d443cdd7eeb01b0bbb43cc394f2d,bb0bf3af5910d733446cca77095f86328a5409043209a0c7d3538c41a5ad77d0,747b4160f7d8fabdd3fe33c5e7858b4ff727c5bf9e20de5759bbd4acfc3a062c,0.4356603862352564,0.4413680912074157,0.012931847783887632,1.0000781219484807,239.99727859698453,3.2834845953289063e-15,0.43385264637706566,0.4395604395604388,5.707793183373111e-07,74.30038757684541,4.820473742395137e-12,0.0018077398581906956,0.0018076516469769308,9.632664543124739e-07,0.6934071414024654,2.8421279507986894e-09
8,checkerboard,graph,cylinder_090,0.2,b314289237b209cfbc55aab0b6a14acfc4a5d443cdd7eeb01b0bbb43cc394f2d,c970582ffe17a654387dde28f14f0b382f713274eb1b8b1a102c0cd3d51bd046,036adfc44ab237af70f4f6327069f803f2eac7455db73bda64768f9c62de5115,0.4356603862352563,0.4413680912074157,0.012931847783887758,1.0000781219484807,239.99727859698453,3.1571967262777944e-15,0.4338526463770656,0.4395604395604388,5.707793183373166e-07,74.3003875768454,4.8204737479462524e-12,0.0018077398581906954,0.0018076516469769308,9.63266454310106e-07,0.6934071414024654,2.842127948430792e-09
8,checkerboard,graph,cylinder_045,0.2,b314289237b209cfbc55aab0b6a14acfc4a5d443cdd7eeb01b0bbb43cc394f2d,661c1d1e9e4b8e8c978a68f77e4feb3208ccc58423941384d0c5b6e164dcd061,e4d7a8ac790237f2fb509d1e395b37db21607da0117246992a1066443201e0fd,1.1373542823691545,1.137321353059873,2.8953390519720733e-05,1.0000390617370902,634.3331263399099,1.9554250691785035e-15,1.1355641124012805,1.1355311355311344,3.29768701461397e-09,99.53705897801558,7.468630158768974e-14,0.0017901699678739213,0.0017902175287385451,5.193646416921417e-07,0.6814641925089849,3.3639415971328796e-08
8,checkerboard,graph,cylinder_135,0.2,b314289237b209cfbc55aab0b6a14acfc4a5d443cdd7eeb01b0bbb43cc394f2d,2ae83595e459d06796ac81b4a92b7dbdcfd04ff47c2d647e990231c263a268a1,6b1a3fe212e244a327e133e7b3b09eedc5db64d72aacc74984d3ff8f7d1f6f8e,0.03848841099870799,0.03845548177862035,0.0008562945662002034,1.0000390617370902,20.08494781525352,8.713862964526741e-15,0.03666301350017284,0.036630036630036444,3.2976870136397495e-09,23.107894448074028,2.526347783748939e-13,0.001825397498535152,0.0018254451485839036,5.203385323671472e-07,0.6881515273951836,2.919829481060759e-10
8,checkerboard,graph,twist,0.2,b314289237b209cfbc55aab0b6a14acfc4a5d443cdd7eeb01b0bbb43cc394f2d,958ec1b8a688f7cf4ae2b2c98ac9db249d7c12a7d4264f7ece70bfa35c3d9638,f1982ba592c5d16500489b5b84c00c3f501479eb71062cfd96b83206f0ef92b1,1.4008064132012659,1.370019539451622,0.022471850118259643,1.0,559.8406308696667,2.59792187762287e-15,1.3983087225274837,1.3675213675213655,3.0787355006118177e-06,100.93733503197896,1.453115714422637e-11,0.0024976906737821537,0.0024981719302564127,5.255320698908539e-06,0.05131355308046593,1.169635371577049e-09
8,checkerboard,graph,dome,0.2,b314289237b209cfbc55aab0b6a14acfc4a5d443cdd7eeb01b0bbb43cc394f2d,cedabc8f717bb4291fff8510a72d5e14233103e3d404cfad74589f8d74af4873,a2bdb289fe230e4fe8fe1e1921cf505e3288822f81e36c0d8011868474dc7c52,1.3569375142443203,1.372160829677556,0.011094410439345559,1.0001562377948756,291.4491334786997,2.59792187762287e-15,1.3522976047390212,1.3675213675213655,1.5223762782344386e-06,123.57808580183227,3.945744153632802e-12,0.004639909505299156,0.004639462156190481,4.88505226672993e-06,1.3596210470301275,4.795038275814955e-09
8,checkerboard,graph,saddle,0.2,b314289237b209cfbc55aab0b6a14acfc4a5d443cdd7eeb01b0bbb43cc394f2d,d8c59db56d5796db52030f28ec4058013f6bb4311b115715974e9d4124d19ae8,2e748a1117ea0d102f693bc011337359f83ca9701db43b40c29249bcd11052c2,1.3547960175495664,1.370019539451622,0.011111901300436256,1.0001562377948756,541.2626764604423,2.59792187762287e-15,1.3522976047390207,1.3675213675213655,1.522376278234483e-06,122.13471207992804,7.461408180198247e-12,0.0024984128105456985,0.0024981719302564136,2.6304127589913023e-06,0.22384804768570268,5.232189717423174e-09
8,checkerboard,isometric,cylinder_000,0.2,b314289237b209cfbc55aab0b6a14acfc4a5d443cdd7eeb01b0bbb43cc394f2d,75b945f8af0fa05edc521e7f934da6f75d2d2258f64c169ec4fb2da98e03793b,e4425fe1f0a51b62848a47b1ec8356492c21e07ac550d24fa9274cf38c00f143,0.0018347509763139108,0.0018315018315018317,0.0017740330673951803,0.9999739585367825,0.002034950314467836,0.0,3.7260447602635426e-06,0.0,3.7260447602635424e-10,0.1447812021870921,6.439823919972427e-13,0.0018310249315536473,0.0018315018315018317,5.207747434174256e-06,0.6977774528247062,9.30479706701126e-09
8,checkerboard,isometric,cylinder_090,0.2,b314289237b209cfbc55aab0b6a14acfc4a5d443cdd7eeb01b0bbb43cc394f2d,b8dc3110a7893b7d2aaf269c81707f8a6defd7990821f9d445ff0ceab379c33c,07ed8ee41a5f381474ae44682a1e402987e21bf8a5361abcd78ee6119168d931,0.001834750976313909,0.0018315018315018317,0.0017740330673942332,0.999973958536782,0.0020349503144671158,0.0,3.726044760262223e-06,0.0,3.726044760262223e-10,0.14478120218693993,6.439823921291681e-13,0.0018310249315536468,0.0018315018315018317,5.207747434178992e-06,0.6977774528247062,9.304797071747055e-09
8,checkerboard,isometric,cylinder_045,0.2,b314289237b209cfbc55aab0b6a14acfc4a5d443cdd7eeb01b0bbb43cc394f2d,47b7bc38f41ce053bf62f0cbc7c9680d1db778a2a7460e09bc80dcb18e98424c,882d7b917378575236f4e9d2c6c6567d41179ff79eb686795a69c153602c90dc,0.0018399426405720546,0.0018315018315018317,0.004608681752341699,0.9999869751488457,0.004781498509356607,0.0,8.75581706694315e-06,0.0,8.75581706694315e-10,0.18551415252913855,2.1187261361621405e-13,0.0018311868235051114,0.0018315018315018317,3.439887324186083e-06,0.6890606010173814,2.067781366505046e-08
8,checkerboard,isometric,cylinder_135,0.2,b314289237b209cfbc55aab0b6a14acfc4a5d443cdd7eeb01b0bbb43cc394f2d,fac00485d390cc01e55fc390cb0fc9024bb3dde2ba27bdedc9e09c11e24d3376,53eaecc72b476bd347804bcbe0a357c2eed72e5b96e004a1d50ab3654bc3eba9,0.0018399426405720845,0.0018315018315018317,0.004608681752358038,0.9999869751488465,0.004781498509377381,0.0,8.755817066981153e-06,0.0,8.755817066981153e-10,0.18551415253147924,1.4991141027127725e-13,0.0018311868235051034,0.0018315018315018317,3.4398873242736955e-06,0.6890606010173783,7.429904429201438e-10
8,checkerboard,graph,cylinder_000,0.6,b314289237b209cfbc55aab0b6a14acfc4a5d443cdd7eeb01b0bbb43cc394f2d,bd4b5d78a0a6a8800fa04f31e380b81164ed996f6ea3f91eecfec6d6668552b6,c27cc3c1fde0c5614352d82dd759650366902ea645c3a33e5c60c74c60a15932,35.15691522642475,35.61924229396341,0.012979699672528194,1.0007028779812717,2366.330365415857,2.993490229359687e-15,35.14206435654194,35.604395604395535,4.623312478535979e-05,755.2818302066983,1.1524006865215598e-09,0.014850869882813719,0.014846689567873194,4.5649039150527644e-05,1.9851013314379815,1.0358488452759383e-07
8,checkerboard,graph,cylinder_090,0.6,b314289237b209cfbc55aab0b6a14acfc4a5d443cdd7eeb01b0bbb43cc394f2d,6a4333b06ec9ce29e4b0865ee6acd9c88bce63b9d6220e4a7f548fe713321184,abddf28ee5a1c27c921e36867edf4337f05478b22e5d8198cb0607c1d9bb8475,35.15691522642475,35.6192422939634,0.012979699672527998,1.0007028779812717,2366.330365415857,2.993490229359688e-15,35.14206435654194,35.60439560439553,4.6233124785359084e-05,755.2818302066983,1.1524006865215598e-09,0.014850869882813719,0.014846689567873194,4.5649039150527644e-05,1.9851013314379815,1.0358488452759383e-07
8,checkerboard,graph,cylinder_045,0.6,b314289237b209cfbc55aab0b6a14acfc4a5d443cdd7eeb01b0bbb43cc394f2d,4add849b910bb74d52f722713c451850f1a1980b35a41a17664a4dec2459baf8,ff21ea3eb4a246a592975f2ef0e1eea6a3c9f6e37ba4126131aa908edf2ce575,91.99451194511681,91.99184434540788,2.8998219656432565e-05,1.0003515007236206,6656.180187247869,2.4720435442454182e-15,91.98069310450299,91.97802197802183,2.671126481160968e-07,1051.008778413711,7.020972958571292e-10,0.013818840613828732,0.01382236738605704,3.8512352733137546e-05,1.89252208090357,3.392317425605223e-07
8,checkerboard,graph,cylinder_135,0.6,b314289237b209cfbc55aab0b6a14acfc4a5d443cdd7eeb01b0bbb43cc394f2d,11318367095aa6ec0d179aa356b757c6389a3a7962576a43667ec7f014b0e1cd,2f5f59139d77c31a0051e97d43170d45654d75376a1a4149e3c85602a228fb0e,2.98572179500091,2.983054491895685,0.0008941516531029381,1.0003515007236206,185.40138832815205,8.830796176611108e-15,2.9697040935139194,2.9670329670329507,2.6711264809686773e-07,217.13168140734808,2.7907915267633142e-11,0.016017701486990367,0.01602152486273438,4.1751263124614464e-05,2.0399684851852746,4.175370221570773e-08
8,checkerboard,graph,twist,0.6,b314289237b209cfbc55aab0b6a14acfc4a5d443cdd7eeb01b0bbb43cc394f2d,9d78bf92bd8021a556dfb241256e4e3071b42a34ad5dcc8c976e954df4395288,adee6a4be805d11cf39037316bcc17a80d6c9eff91824ead14255fa36723bb2d,113.28187002686359,110.78811425086502,0.022509235696094487,1.0,6004.346684664517,2.8224336448248478e-15,113.26300652472537,110.76923076923056,0.0002493775755494809,1059.618762500644,3.1189996434477507e-10,0.018863502138210354,0.018883481634465914,0.0002181760991107237,0.13873639005707666,1.202580818551735e-08
8,checkerboard,graph,dome,0.6,b314289237b209cfbc55aab0b6a14acfc4a5d443cdd7eeb01b0bbb43cc394f2d,e596140e45fb2eca86ec0c02ac9419eb7357906dcf99377862241217a168d6fd,bcb6d5176faa08f3d6c4494fbac896b703d1335dfe78d824f9ca39d97b42af5a,109.57119394274311,110.804300092266,0.011128684974284367,1.0014052626184866,3121.7577046510833,2.8224336448248478e-15,109.53610598385998,110.76923076923056,0.00012331247853705776,1308.6843931768879,1.7305881698348458e-09,0.035087958883119906,0.035069323035436695,0.00020350345670066742,3.735758182943761,1.94178335584938e-07
8,checkerboard,graph,saddle,0.6,b314289237b209cfbc55aab0b6a14acfc4a5d443cdd7eeb01b0bbb43cc394f2d,d40249d308d4b46ded722f1bb0af5158335cdcc29ca8d4053e5d0d0604cbde7d,5d714f001459e723d6b30fd17260ffb4204d2617b776a49ee6bd391c2ef5d9e9,109.55499950018167,110.78811425086502,0.011130388480944182,1.0014052626184866,5797.550022923446,2.8224336448248478e-15,109.53610598385998,110.76923076923056,0.00012331247853705776,1290.1219829656216,5.76064851998126e-10,0.018893516321679932,0.018883481634465914,0.00010957878437706971,0.6068865681799327,7.616015947897735e-09
8,checkerboard,isometric,cylinder_000,0.6,b314289237b209cfbc55aab0b6a14acfc4a5d443cdd7eeb01b0bbb43cc394f2d,f65d5bdedd7e88c3a223e8fa05b8af3e4fed09bf40b1ea8039978501d50d1f60,e016a807221727c0b3843a392b37503a9f332a98874b2fb888829296aec6ad2a,0.016746631374771084,0.016483516483516484,0.015962303402779047,0.9997656414789395,0.01834663817459723,0.0,0.00030170903988746247,0.0,3.017090398874625e-08,1.3129527953235562,4.5070113310939977e-13,0.01644492233488362,0.016483516483516484,0.00042144810307085734,2.0865429290543207,2.542989904802395e-07
8,checkerboard,isometric,cylinder_090,0.6,b314289237b209cfbc55aab0b6a14acfc4a5d443cdd7eeb01b0bbb43cc394f2d,f7ef8ea550fc4bb491d290057f2e0af5b5ec38d3c87433b2ef40fa1093f43f3d,4698157b7162ce0ebe6cb3a922f8c669b2054863558c44e5dbcf3738001a01dc,0.016746631374771098,0.016483516483516484,0.01596230340277989,0.9997656414789395,0.01834663817459717,0.0,0.0003017090398874617,0.0,3.017090398874617e-08,1.3129527953234899,4.5070113318529394e-13,0.016444922334883635,0.016483516483516484,0.0004214481030707058,2.086542929054323,2.5429899059389856e-07
8,checkerboard,isometric,cylinder_045,0.6,b314289237b209cfbc55aab0b6a14acfc4a5d443cdd7eeb01b0bbb43cc394f2d,beac348aba1c2916324a35ab44a4d5cfead742e962d4fb6b04e5df3d93456a9c,8f34d109b9c2d5a1b9271b2fc3c1bae699ac1c975661b6c38d9b2a2776d95b11,0.017166759554414622,0.016483516483516484,0.04145007963448705,0.9998824872692872,0.04306308987037465,0.0,0.0007087334569251602,0.0,7.087334569251602e-08,1.6882145085782154,1.4303198949999935e-12,0.01645802609748946,0.016483516483516484,0.00027835501541508445,2.0631191023283626,3.688383070549195e-08
8,checkerboard,isometric,cylinder_135,0.6,b314289237b209cfbc55aab0b6a14acfc4a5d443cdd7eeb01b0bbb43cc394f2d,9d4ca47ce760d34c503254636945434905224455e26b1c5afe0925d10f4c0d95,cb615fc782d8e8bd83dddfdf7724eaf782aef50b3b9ff4d1e12a060ba453d8f2,0.01716675955441488,0.016483516483516484,0.04145007963450262,0.9998824872692867,0.0430630898703851,0.0,0.0007087334569253357,0.0,7.087334569253356e-08,1.6882145085796274,7.452464103837632e-12,0.016458026097489545,0.016483516483516484,0.0002783550154141752,2.063119102328378,1.388140970978724e-07
16,checkerboard,rest,rest,0.0,2de4395af4e3c747d5d6304380f69f072e3e61667e434695cc1364cd2afb1a65,bcc29bcab9dfaaf8ac58eacc51f07f204d712ea4dfa3cc0eb4a5e9461836699a,f1faf4d6171c4fa4cfe1f0cc6f12af125db66325139148cf46cbbc5fe6cbac1a,8.804251174341651e-29,0.0,,1.0,,0.0,8.804251174341651e-29,0.0,8.804251174341651e-33,1.5860328923216527e-12,0.0,0.0,0.0,0.0,0.0,0.0
16,checkerboard,affine,extension,0.0,2de4395af4e3c747d5d6304380f69f072e3e61667e434695cc1364cd2afb1a65,ab36a5e316313a91345ba1c87c7af2004786a7686783869b1dcb2819a003bb49,8286e79eab5cf399f1604bdaf84d985190210f9331cbbd75969e9d48983710d6,0.5050145892857161,0.5050145892857146,2.857917301070593e-15,1.0069699999999997,,0.0,0.5050145892857161,0.5050145892857146,1.4432899320127034e-19,35.34491747803978,9.72019274181335e-11,0.0,0.0,0.0,0.0,0.0
16,checkerboard,affine,shear,0.0,2de4395af4e3c747d5d6304380f69f072e3e61667e434695cc1364cd2afb1a65,59db9fc5f9120105204026ef387a68dc93303e62bc680916820e037d51706d6c,6aec2622ff8a8fc335b47302b77e0ecaab246983ecc56703c40e722dd66b3d83,0.7694505494505499,0.7694505494505494,7.214388406233166e-16,0.9999999999999982,,0.0,0.7694505494505499,0.7694505494505494,5.551115123125783e-20,37.88206836261089,5.865892191980748e-11,0.0,0.0,0.0,0.0,0.0
16,checkerboard,graph,cylinder_000,0.2,2de4395af4e3c747d5d6304380f69f072e3e61667e434695cc1364cd2afb1a65,36e27213b77a79773fc77563e3c380bcbca3f6d4798f1eea8a46e67d396abedc,4c42118ecc0c0cfa27dfa1bba7225b014c700db62a21862f8b1fc60625576bdd,0.43993823057865583,0.4413680912074157,0.0032396103326099678,1.0000195310592688,242.37259064724762,3.2834845953289063e-15,0.4381305568820878,0.4395604395604388,1.42988267835098e-07,54.820389780831356,5.4518535019809635e-12,0.001807673696568062,0.0018076516469769308,2.4078153515318805e-07,1.4387475662157387,8.291120397324602e-09
16,checkerboard,graph,cylinder_090,0.2,2de4395af4e3c747d5d6304380f69f072e3e61667e434695cc1364cd2afb1a65,aa34b72abcc982b1a6bfaf5b63821e6ed2732c188c9f63472240799d7240f8fc,00f56c6a6ed93c765fa92376cd87481bc0b57da3fb95e125dfa789d58c846a0c,0.43993823057865583,0.4413680912074157,0.0032396103326099678,1.0000195310592688,242.3725906472476,3.1571967262777944e-15,0.4381305568820878,0.4395604395604388,1.42988267835098e-07,54.82038978083135,5.451853496429848e-12,0.0018076736965680622,0.0018076516469769308,2.4078153515555593e-07,1.4387475662157385,8.291120394956705e-09
16,checkerboard,graph,cylinder_045,0.2,2de4395af4e3c747d5d6304380f69f072e3e61667e434695cc1364cd2afb1a65,11a8b31c405576fcc7c478ae520fe415f81e473fa2ad12b7664cbea9361681bb,df5775a777befb289e44526ff6c1adcd22a4b13f2bc758ca03d510440cbcea87,1.1373234022186376,1.137321353059873,1.8017412221787132e-06,1.0000097655773168,634.3032194652563,1.9554250691785035e-15,1.135533196585529,1.1355311355311344,2.0610543947086058e-10,72.49905613948738,4.70098893146087e-13,0.0017902056331084528,0.0017902175287385451,1.2990028060781179e-07,1.4233568287967007,9.85671039902946e-08
16,checkerboard,graph,cylinder_135,0.2,2de4395af4e3c747d5d6304380f69f072e3e61667e434695cc1364cd2afb1a65,11cc34bf9050d982d8d0dc77ffee917075f727d69174c43e46a711ad52bf3449,667c507f53524149a991b85c26f763d589ecdd52cdbc7b17395debc5270facca,0.03845753091268781,0.03845548177862035,5.328587688119205e-05,1.0000097655773168,20.067618534154757,8.713862964526741e-15,0.03663209768442138,0.036630036630036444,2.0610543849386432e-10,17.366276292297982,5.560900351309073e-15,0.001825433228266431,0.0018254451485839036,1.3016986680172703e-07,1.437314555573818,1.732831075462737e-08
16,checkerboard,graph,twist,0.2,2de4395af4e3c747d5d6304380f69f072e3e61667e434695cc1364cd2afb1a65,569f645be38c5bcc229a595b2b37c63d40dff1dbe9f3aa2b972cf75d21c18f64,02b259e3983bd668eb48aab4adf7b75576240d4a05cb144fcc8a8dc5e3cc4a6a,1.3776670719757798,1.370019539451622,0.005582060915144992,1.0,550.4966557813106,2.59792187762287e-15,1.3751690204327036,1.3675213675213655,7.647652911338065e-07,72.4411187862813,2.2361270612947237e-13,0.0024980515430760423,0.0024981719302564127,1.3146280096446026e-06,0.05127676176656768,7.751213018832025e-10
16,checkerboard,graph,dome,0.2,2de4395af4e3c747d5d6304380f69f072e3e61667e434695cc1364cd2afb1a65,3191a4f2476fae389d847019f7f8bbbeb64639c979685fc456a95ddf18a85411,ead6ada564cc80764ac54649c59ce6a04e1a8b51625241ad5298d76f1e97b607,1.3683477347092732,1.372160829677556,0.002778897987620663,1.0000390617370902,293.9296083047556,2.59792187762287e-15,1.3637081607357597,1.3675213675213655,3.813206785605816e-07,90.95641344198512,4.3412681449694905e-12,0.004639573973513493,0.004639462156190481,1.2210451672900468e-06,2.8418230414040653,3.1672057824727594e-08
16,checkerboard,graph,saddle,0.2,2de4395af4e3c747d5d6304380f69f072e3e61667e434695cc1364cd2afb1a65,b74127e8a1e5827d1be6026b5f035fe80f10c4ce2efbcb539111a43df0cf0063,5167d975aa38a7ebb046d164c5ba1c2d2231c68ad15b068d819d92ad9865efba,1.3662063928753452,1.370019539451622,0.0027832789726510232,1.0000390617370902,545.8692725659735,2.59792187762287e-15,1.363708160735761,1.3675213675213655,3.813206785604484e-07,90.3691149700723,7.403074286926881e-12,0.002498232139584197,0.0024981719302564136,6.574858593956337e-07,0.31517330310942326,3.1550506975758227e-09
16,checkerboard,isometric,cylinder_000,0.2,2de4395af4e3c747d5d6304380f69f072e3e61667e434695cc1364cd2afb1a65,1d26cd1ec3ae3d74b2cff1ecae8a45fba1c706d52f76d86f18f5fcb7cf91f75c,957ccaff5c2a266605ecee13653930bec1048fd42cb851359dd2f1bf15656903,0.0018316154815299231,0.0018315018315018317,6.205291533790566e-05,0.9999934895960476,0.00012716352962100847,0.0,2.3288507505168843e-07,0.0,2.3288507505168844e-11,0.026005785659098345,1.8881849203380398e-13,0.0018313825964548715,0.0018315018315018317,1.3020467128056505e-06,1.4480087126760584,4.655973983735787e-08
16,checkerboard,isometric,cylinder_090,0.2,2de4395af4e3c747d5d6304380f69f072e3e61667e434695cc1364cd2afb1a65,7516cdf5c327ed2514c87c95c5263b3c2c7c7df688ba63c67cc47b4668af9624,46bcc3f45ada661ac7b50efb23abb570833bc949b0acc64cc26654e7d709da68,0.0018316154815299199,0.0018315018315018317,6.205291533612974e-05,0.9999934895960462,0.00012716352962097684,0.0,2.3288507505163012e-07,0.0,2.3288507505163012e-11,0.02600578565904799,1.8881849203963527e-13,0.0018313825964548682,0.0018315018315018317,1.3020467128411692e-06,1.4480087126760557,4.6559739875244234e-08
16,checkerboard,isometric,cylinder_045,0.2,2de4395af4e3c747d5d6304380f69f072e3e61667e434695cc1364cd2afb1a65,926ec2e0944f61357792246ee8a53e1c9df51d4780f4c61fd26204801ca98e4e,7bbbc28be9026a6f05112faeb61ee09709044b98f1fe33ec51ab6a9f0e98d5c5,0.0018319792903758422,0.0018315018315018317,0.00026069254520969665,0.9999967445405349,0.0002988229193151639,0.0,5.472738617020128e-07,0.0,5.472738617020128e-11,0.033097331264726707,6.022499762792141e-14,0.0018314320165141401,0.0018315018315018317,7.623796655921964e-07,1.4394298823342857,1.1928401020412648e-07
16,checkerboard,isometric,cylinder_135,0.2,2de4395af4e3c747d5d6304380f69f072e3e61667e434695cc1364cd2afb1a65,36146c889c0487d5ec0e268b6eb59d463ed395d7540ce89fd9a92010b90cbb95,e9400dee1ebb1914f4200c23b7934014604203c5bd4750ab7894988f7c59fae6,0.0018319792903758242,0.0018315018315018317,0.0002606925451998699,0.999996744540536,0.0002988229193153938,0.0,5.472738617024283e-07,0.0,5.472738617024283e-11,0.03309733126275438,6.453313161288423e-14,0.0018314320165141217,0.0018315018315018317,7.623796657934677e-07,1.4394298823342682,2.758977940379992e-10
16,checkerboard,graph,cylinder_000,0.6,2de4395af4e3c747d5d6304380f69f072e3e61667e434695cc1364cd2afb1a65,7b22d4b6f5a455eedb1d6e663eb464ec0c47ea656db5e3c4037f9f64813aade3,dc936de29310b9c0c036adf84a5c8d82ce919e1dc81db8fbaf21359c90b9c464,35.50342284156196,35.61924229396341,0.0032515978707689094,1.0001757658031911,2390.1677412105473,2.993490229359687e-15,35.48857510744875,35.604395604395535,1.1582049694678176e-05,559.7718434908546,1.291280473481038e-09,0.014847734113202811,0.014846689567873194,1.140643499941682e-05,4.123412891501504,1.3255661377699345e-07
16,checkerboard,graph,cylinder_090,0.6,2de4395af4e3c747d5d6304380f69f072e3e61667e434695cc1364cd2afb1a65,69f53baf2ca11c4af23e32a626f9086c75eb9429a81fde062db175943ff170f1,9a5fb5927ec8dad310912361a02ff7d3764a39e984591d3d534bd0aecebdb23b,35.50342284156195,35.6192422939634,0.00325159787076891,1.0001757658031911,2390.1677412105473,2.993490229359688e-15,35.488575107448746,35.60439560439553,1.1582049694678176e-05,559.7718434908546,1.2912804749021233e-09,0.01484773411320281,0.014846689567873194,1.1406434999397875e-05,4.123412891501504,1.325566138148798e-07
16,checkerboard,graph,cylinder_045,0.6,2de4395af4e3c747d5d6304380f69f072e3e61667e434695cc1364cd2afb1a65,225830c2668c08b5db18f0ed89a0b7370552ef4461eb694b0b6691d6ba6e84c1,7708a974251ddabf4ac4899a62c269188533103d207058d9a5c43cd1f6f9eb55,91.99201041016914,91.99184434540788,1.8052117819927852e-06,1.0000878867629586,6654.724679068483,2.4720435442454182e-15,91.97818892342714,91.97802197802183,1.669454053114805e-08,768.731562538831,2.266623326363515e-10,0.01382148674200329,0.01382236738605704,9.616633066963988e-06,3.9554338783762217,1.827175130387354e-07
16,checkerboard,graph,cylinder_135,0.6,2de4395af4e3c747d5d6304380f69f072e3e61667e434695cc1364cd2afb1a65,5e9053aad62b7a69c1ce0d437b33f5f612ddcb72aba2bb7ad25d86e059159aa0,0e1af401c1049f8e137893518c601f35e2c6c408a53ed76ef9d2895d96a2b090,2.9832204776491373,2.983054491895685,5.5642883461605074e-05,1.0000878867629586,185.21193686615587,8.830796176611108e-15,2.9671999124380393,2.9670329670329507,1.6694540508854772e-08,163.69504467672846,2.281266260339976e-11,0.016020565211098126,0.01602152486273438,1.0479395867890039e-05,4.261872792935466,2.1381065611419945e-07
16,checkerboard,graph,twist,0.6,2de4395af4e3c747d5d6304380f69f072e3e61667e434695cc1364cd2afb1a65,a596a52bbfee969abd24bb503ab279d2b90f66e0dfa0a076ec0f40d185928067,920b207d7d78d0fbb26dd80fe9daa09b7617b032a9f9f3c3a3612dfcaec97638,111.40756912824881,110.78811425086502,0.005591347786470256,1.0,5900.301866114888,2.8224336448248478e-15,111.38869065504818,110.76923076923056,6.194598858176192e-05,760.7469518025605,1.151232581264594e-10,0.0188784732006251,0.018883481634465914,5.469209754169715e-05,0.13794484870537754,1.1501284971071611e-08
16,checkerboard,graph,dome,0.6,2de4395af4e3c747d5d6304380f69f072e3e61667e434695cc1364cd2afb1a65,0529dd803a716c6b6bdd313e6140ea5351ca4f7daba9fa7e53f108c16c5791b5,ee594342f8236c4b2f1b758616e8fd525c1dc7046041cfc5aa1f961c888375c6,110.49543499852176,110.804300092266,0.002787482917964874,1.0003515007236206,3149.353577833706,2.8224336448248478e-15,110.46036101959572,110.76923076923056,3.0886974963483735e-05,967.0546428210739,1.1156287627045459e-09,0.03507397892604243,0.035069323035436695,5.084232541461786e-05,7.818413297261346,1.3018044554502504e-07
16,checkerboard,graph,saddle,0.6,2de4395af4e3c747d5d6304380f69f072e3e61667e434695cc1364cd2afb1a65,3644bdd18070cfb017d937884e26995e3cc3d752d81e426328fad4f37bc0248b,3baba6aa5326ec7b0df945163609e6b8c8bac7ccb5bba38b85850be5240daf42,110.47924700824822,110.78811425086502,0.002787909557855727,1.0003515007236206,5848.79950169117,2.8224336448248478e-15,110.46036101959574,110.76923076923056,3.088697496348232e-05,959.441067993875,2.689134333877519e-10,0.018885988652484382,0.018883481634465914,2.737663676166485e-05,0.8545424925525447,1.458705055079612e-08
16,checkerboard,isometric,cylinder_000,0.6,2de4395af4e3c747d5d6304380f69f072e3e61667e434695cc1364cd2afb1a65,87596afa3a5aeed37ace8048896616bca70fb881095771c7cf28ce57b69c064a,4be7caff89ff3bf9bbfcb6e80977a53ef85612aedf452964a400043b8dc2db39,0.016492722736650135,0.016483516483516484,0.0005585126901081391,0.9999414072799564,0.0011449726091274002,0.0,1.8862119173593242e-05,0.0,1.886211917359324e-09,0.23503420502481445,1.4163270132816213e-13,0.016473860617476542,0.016483516483516484,0.0001054420571561658,4.340295034259781,7.121792380743174e-08
16,checkerboard,isometric,cylinder_090,0.6,2de4395af4e3c747d5d6304380f69f072e3e61667e434695cc1364cd2afb1a65,be5d534a61dc4e30aab0b1fdb96965b3fc2633d350b65067fa20c61267785a47,8f3a60fa798579d31c36bd9039ae9ce93f8cf18eab57dd80f3bda755ca9b628a,0.01649272273665014,0.016483516483516484,0.00055851269010856,0.9999414072799564,0.0011449726091274969,0.0,1.8862119173594838e-05,0.0,1.8862119173594837e-09,0.2350342050246192,1.4163270116790351e-13,0.016473860617476545,0.016483516483516484,0.00010544205715612792,4.340295034259783,7.12179238453181e-08
16,checkerboard,isometric,cylinder_045,0.6,2de4395af4e3c747d5d6304380f69f072e3e61667e434695cc1364cd2afb1a65,bcfce5bf0d67b56e16c55d2abe910d71365e6e23922f6cceb05e8b40a0be6988,dcbc0f00b27144604b13342243dc6be51dd750f3daf6042e91f7e5851546ecec,0.016522184253752688,0.016483516483516484,0.0023458447276630337,0.9999706827868646,0.0026897638563275826,0.0,4.432155950451737e-05,0.0,4.432155950451737e-09,0.29979782106923036,8.730064215032251e-13,0.01647786269424817,0.016483516483516484,6.173937881000193e-05,4.316102166756014,1.1267716081608813e-06
16,checkerboard,isometric,cylinder_135,0.6,2de4395af4e3c747d5d6304380f69f072e3e61667e434695cc1364cd2afb1a65,8dfb89c6ef2d6af605ac7734f7d5a09831616dfc0104c08a576066aa4cdb750d,49d4db4ff9519e0331a197bd7da67c4fa5fd7c98f83659927dcf65d7c1b97d67,0.016522184253752188,0.016483516483516484,0.0023458447276327246,0.9999706827868651,0.0026897638563281867,0.0,4.432155950452596e-05,0.0,4.432155950452596e-09,0.2997978210683236,1.0573658419671265e-12,0.016477862694247662,0.016483516483516484,6.173937881553334e-05,4.316102166755847,6.858805041337623e-08
32,checkerboard,rest,rest,0.0,93dfd3b72fb3bd5d171e5ba57dbd2ecfa90a6583449019af40c4061200b1075e,0602a0b665ee1db8ecd143c24b73b1a86d2ab429c718a86302ba77a00197df21,415770ec18ee75ffebde9dbfed923fbcb1c1294f73e1bea51752afc52fe09c5e,8.804251174341651e-29,0.0,,1.0,,0.0,8.804251174341651e-29,0.0,8.804251174341651e-33,1.5860328923216517e-12,0.0,0.0,0.0,0.0,0.0,0.0
32,checkerboard,affine,extension,0.0,93dfd3b72fb3bd5d171e5ba57dbd2ecfa90a6583449019af40c4061200b1075e,5b333c755b594a970fe52ff348f43fa11f451f4c269eaccae79038b3b4312bdb,4f295cc67cb0a7a7b042a20bd485dc259d6a019d86782584a6603c1e1aa31736,0.5050145892857163,0.5050145892857146,3.297596885850684e-15,1.006969999999998,,0.0,0.5050145892857163,0.5050145892857146,1.6653345369377348e-19,25.193378076834843,9.703604744171201e-11,0.0,0.0,0.0,0.0,0.0
32,checkerboard,affine,shear,0.0,93dfd3b72fb3bd5d171e5ba57dbd2ecfa90a6583449019af40c4061200b1075e,56c12991c8be2eb960c0bdb38099b579a903fc9a8b9f1255bd035bf41de2b709,21df8d9fb1f80c1dec1ec0bc87a28c309ce45cd9c7fcdc775a89988b9c9e3db0,0.7694505494505502,0.7694505494505494,1.1543021449973065e-15,0.9999999999999964,,0.0,0.7694505494505502,0.7694505494505494,8.881784197001253e-20,27.001824836191304,5.71671268545515e-11,0.0,0.0,0.0,0.0,0.0
32,checkerboard,graph,cylinder_000,0.2,93dfd3b72fb3bd5d171e5ba57dbd2ecfa90a6583449019af40c4061200b1075e,e88bfae2fa228dabb93e0750c06dc31b72b507687d6d8d8a04f2def3f2091cc8,3a4d4b4826004c72927b4f888831aa1e89d9465817eb716d2efe0aedfa76f1ed,0.44101044265112316,0.4413680912074157,0.0008103181073062281,1.0000048828005792,242.96796727352685,3.2834845953289063e-15,0.43920278549194913,0.4395604395604388,3.576540684896434e-08,39.54244288770379,6.840291377763208e-12,0.0018076571591740171,0.0018076516469769308,6.01931921830924e-08,2.94722089502519,3.437935945341426e-08
32,checkerboard,graph,cylinder_090,0.2,93dfd3b72fb3bd5d171e5ba57dbd2ecfa90a6583449019af40c4061200b1075e,f09d28e1c404590091a134b57c77f73e9eb674ac7e1f5a3b2eb512ae0d476d5f,f5da03b586ba9cd1c729efb7abd86abe0b9c9c652df6596e9dd17a1e9c5c5aa0,0.44101044265112316,0.4413680912074157,0.0008103181073062281,1.0000048828005792,242.96796727352705,3.1571967262777944e-15,0.43920278549194913,0.4395604395604388,3.576540684896434e-08,39.5424428877038,6.840291388865438e-12,0.0018076571591740158,0.0018076516469769308,6.019319216888501e-08,2.947220895025189,3.437935945578216e-08
32,checkerboard,graph,cylinder_045,0.2,93dfd3b72fb3bd5d171e5ba57dbd2ecfa90a6583449019af40c4061200b1075e,ba48d04eb0a1c8d9ae8a5b82f4d7c75fdf8bb212791647650acf8132b7a5180c,a508261e00775ba231cb6a9c38cdccbf9f93181d0a6c6d86d9992e84d749e72d,1.1373214789015387,1.137321353059873,1.1064741325396818e-07,1.0000024414032698,634.2989791346474,1.9554250691785035e-15,1.1355312643470454,1.1355311355311344,1.2881591104907386e-11,51.96621779136449,7.776265187331433e-13,0.0017902145544932333,0.0017902175287385451,3.247875880532658e-08,2.9246539626567483,3.806367246611021e-08
32,checkerboard,graph,cylinder_135,0.2,93dfd3b72fb3bd5d171e5ba57dbd2ecfa90a6583449019af40c4061200b1075e,30ac4a47ed86f08ec6db48f8b7d66540caea5ac6ffc8de5f0cc2b3ff651eaac5,81084b0b56d5769ef85d45e53bac45a885c3a73c51a6b8cc0d48eccd76fb08c2,0.038455607613954876,0.03845548177862035,3.272233988687877e-06,1.0000024414032698,20.06646175250342,8.713862964526741e-15,0.03663016544593703,0.036630036630036444,1.2881590058522185e-11,12.60895271599451,1.451682246633723e-14,0.001825442168017846,0.0018254451485839036,3.2547781349387056e-08,2.9533145848202107,4.0473020850584346e-08
32,checkerboard,graph,twist,0.2,93dfd3b72fb3bd5d171e5ba57dbd2ecfa90a6583449019af40c4061200b1075e,7521ea30c5c26c64ba951414ed1bcfd3c9fc1f929898f1b57b9059c08016d420,ad9f40500506def54de1737099003797cf70a34a92ddadeaf212c5eaaf843a76,1.3719283484630995,1.370019539451622,0.0013932713778970244,1.0,548.1795271953135,2.59792187762287e-15,1.3694302066341977,1.3675213675213655,1.908839112832128e-07,51.595021167987014,1.2807986893292877e-12,0.002498141828901751,0.0024981719302564127,3.287067929079283e-07,0.05125099785957658,8.080026044077204e-10
32,checkerboard,graph,dome,0.2,93dfd3b72fb3bd5d171e5ba57dbd2ecfa90a6583449019af40c4061200b1075e,8faa1f0e25a19224b83e52c0c881a4e63293d071232561c4983a5e2595c67eb3,434b68b5004399b0af79d2894fd40c1d4905afb6e869acec45a08e12dd0f8423,1.3712071018036216,1.372160829677556,0.0006950554580096537,1.0000097655773168,294.55125013899755,2.59792187762287e-15,1.366567611694347,1.3675213675213655,9.537558270185098e-08,65.52920841229287,7.530473311589958e-12,0.004639490109274598,0.004639462156190481,3.05247678552209e-07,5.839973637769323,9.327916902286681e-08
32,checkerboard,graph,saddle,0.2,93dfd3b72fb3bd5d171e5ba57dbd2ecfa90a6583449019af40c4061200b1075e,1d001372b6ba61d879f0f0113ca889e0ea6357be65d0da1da0dc1f6a5eaa2fb3,8f9d380039a4471e484bf224608d9a6556c3065d4f53b0d3eda44b64668a728b,1.3690657986762647,1.370019539451622,0.0006961512211271185,1.0000097655773168,547.0237502581356,2.59792187762287e-15,1.3665676116943475,1.3675213675213655,9.537558270180657e-08,65.30756571018175,8.930384609584507e-12,0.0024981869819171044,0.0024981719302564136,1.6436413474383084e-07,0.44471438222014625,3.192141599103054e-08
32,checkerboard,isometric,cylinder_000,0.2,93dfd3b72fb3bd5d171e5ba57dbd2ecfa90a6583449019af40c4061200b1075e,55547baefff8e04e2211c99c4d1310b7b9e4f4f744a2b52cf108b0e9d5fdb32e,3aeb136f3563d4338539a6d3940fa96e3d71fb48a3628dba349c7c843bdfc4aa,0.0018314865775421998,0.0018315018315018317,8.32866195900686e-06,0.999998372396623,7.947394624687645e-06,0.0,1.4555430903793126e-08,0.0,1.4555430903793126e-12,0.004632978857432462,2.1103452866953256e-13,0.001831472022111296,0.0018315018315018317,3.25518544649064e-07,2.9663901601880798,4.53347308146737e-09
32,checkerboard,isometric,cylinder_090,0.2,93dfd3b72fb3bd5d171e5ba57dbd2ecfa90a6583449019af40c4061200b1075e,51a603fede7fb4bff8fddb33841914c6fa6c31156e0834b836c68314b09e6c8d,143e8931d41b360832a332c88a7b26210960fbfbc8f01e91ff97eeadc00800eb,0.0018314865775421977,0.0018315018315018317,8.328661960190808e-06,0.9999983723966216,7.947394624694393e-06,0.0,1.4555430903805468e-08,0.0,1.4555430903805469e-12,0.004632978857455021,2.1103452866829873e-13,0.001831472022111294,0.0018315018315018317,3.25518544672743e-07,2.966390160188079,4.53347307199578e-09
32,checkerboard,isometric,cylinder_045,0.2,93dfd3b72fb3bd5d171e5ba57dbd2ecfa90a6583449019af40c4061200b1075e,95a09e435847b1539c7853f228319382aa628e8189b38b717a3faabd72e42f76,beb7f28e7a535395460580a14e76381e0befdcdc1d90f813e8b50f8b507c2c18,0.0018315198181101367,0.0018315018315018317,9.820688134518344e-06,0.9999991861822133,1.867618703785155e-05,0.0,3.420516786444407e-08,0.0,3.420516786444407e-12,0.005876887104637327,4.1405094539569746e-13,0.0018314856129422723,0.0018315018315018317,1.7710667038837132e-07,2.957921290526027,8.16236555915839e-08
32,checkerboard,isometric,cylinder_135,0.2,93dfd3b72fb3bd5d171e5ba57dbd2ecfa90a6583449019af40c4061200b1075e,944306b2812d0f9910d031dcc87ee28c6290f767b932cae47b3b9c4182607013,1df0e87058cf73a4f889d2d23c15f43a41478d030d5976fa6b4af2e65e9f8326,0.0018315198181099671,0.0018315018315018317,9.82068804193355e-06,0.9999991861822163,1.8676187037836427e-05,0.0,3.42051678644132e-08,0.0,3.42051678644132e-12,0.005876887103203493,4.0380329873944424e-13,0.0018314856129421028,0.0018315018315018317,1.7710667224006722e-07,2.9579212905256895,6.480052134815241e-08
32,checkerboard,graph,cylinder_000,0.6,93dfd3b72fb3bd5d171e5ba57dbd2ecfa90a6583449019af40c4061200b1075e,e8068a2de2dcf06f54d4e2d41bd70a993d9e0a80b2dbd39e209e06cbd8c287c5,f52ea19bb3dc82eb967d764503f0dd244c0d80b55b4f6fbaf610d857e678a4ad,35.59027257551831,35.61924229396341,0.0008133165272301953,1.000043944346947,2396.1435862162243,2.993490229359687e-15,35.575425624847455,35.604395604395535,2.8969979548080003e-06,404.59244011178447,1.4737674220555164e-09,0.014846950670858996,0.014846689567873194,2.8512446049561155e-06,8.447893928602397,6.051877042255459e-07
32,checkerboard,graph,cylinder_090,0.6,93dfd3b72fb3bd5d171e5ba57dbd2ecfa90a6583449019af40c4061200b1075e,0025d87d77634cb8a3c16a1f54924fc7f08f5cc47316769724a3e491f1f33cc2,c0bc5591f78487017e80654e9ad01257ed228ab96755ac0f26a41f44f10d1997,35.59027257551831,35.6192422939634,0.0008133165272299959,1.000043944346947,2396.1435862162257,2.993490229359688e-15,35.575425624847455,35.60439560439553,2.89699795480729e-06,404.59244011178447,1.4737674227660591e-09,0.014846950670858988,0.014846689567873194,2.8512446048614e-06,8.447893928602397,6.051877042444892e-07
32,checkerboard,graph,cylinder_045,0.6,93dfd3b72fb3bd5d171e5ba57dbd2ecfa90a6583449019af40c4061200b1075e,e5fe312abf5d7a42e27f2f9efa398b1ed5f3a5667ddb3c609ae9d0ceb906aa82,f0bbd682c989bcc3452f03e4d4dd94b13c8e88a19f7c6423f70e282680492780,91.99185455939833,91.99184434540788,1.1103147808971823e-07,1.0000219724148565,6654.3953332781075,2.4720435442454182e-15,91.97803241210988,91.97802197802183,1.0434088054012136e-09,552.0886785738884,3.161214010560798e-11,0.013822147288444823,0.01382236738605704,2.4034659254134477e-06,8.127882414378684,3.8031547127663486e-07
32,checkerboard,graph,cylinder_135,0.6,93dfd3b72fb3bd5d171e5ba57dbd2ecfa90a6583449019af40c4061200b1075e,cb257cc1499e50745a6b7fb5d095195f884751360a9de817d2584bffd7d5374b,9b1f09778214608a7f3257dbee16786055500c0bedcce717424f327ea9807c71,2.983064685836388,2.983054491895685,3.4172827651552573e-06,1.0000219724148565,185.19385016815798,8.830796176611108e-15,2.9670434011207956,2.9670329670329507,1.0434087844846118e-09,119.038409503846,6.3703021968564145e-12,0.016021284715592277,0.01602152486273438,2.6224067917607337e-06,8.754514051582357,2.1470750151464378e-07
32,checkerboard,graph,twist,0.6,93dfd3b72fb3bd5d171e5ba57dbd2ecfa90a6583449019af40c4061200b1075e,c08dbba9aefde47fe8b6ecb8233fa2583bca8655c421751ad337318b64e2b05f,5aae512d2c4510c3ba14177f7558cc54dccc44c7465e1802cb898b958b9e7cc9,110.94272896605118,110.78811425086502,0.0013955893755538754,1.0,5874.510292476524,2.8224336448248478e-15,110.92384673736916,110.76923076923056,1.5461596813860013e-05,542.116129269165,1.6247055754092798e-10,0.018882228682011018,0.018883481634465914,1.3682240807468686e-05,0.13742393401070888,9.407524115545572e-09
32,checkerboard,graph,dome,0.6,93dfd3b72fb3bd5d171e5ba57dbd2ecfa90a6583449019af40c4061200b1075e,f2c1ed6aa05ed7f25f5644147d29babfe78d81413ab1da9e44b9d2c464f55e36,e14a914f1773b1ce56a94c6a454f793014803eb7b1c3895ceb649543830da643,110.72704703405749,110.804300092266,0.0006972027091384031,1.0000878867629586,3156.2714577468237,2.8224336448248478e-15,110.6919765472413,110.76923076923056,7.725422198926424e-06,697.962839458851,1.049963587718139e-09,0.0350704868161946,0.035069323035436695,1.2708485876357366e-05,16.06584714494042,2.2867914034302437e-07
32,checkerboard,graph,saddle,0.6,93dfd3b72fb3bd5d171e5ba57dbd2ecfa90a6583449019af40c4061200b1075e,0fb2bda57c14aa0df65ae3864aab4f0c003938948403292ca220eb8a407ede61,cfe22c30e7316f5d2d9427996cd8cc453d4470e4d5a8ce50b7b420cbdf27f40f,110.71086065552694,110.78811425086502,0.0006973094168129593,1.0000878867629586,5861.646992958371,2.8224336448248478e-15,110.6919765472413,110.76923076923056,7.725422198926424e-06,695.0757090322701,3.619186827563681e-10,0.018884108285643297,0.018883481634465914,6.8430308570217865e-06,1.2054630580967947,8.441560804914316e-08
32,checkerboard,isometric,cylinder_000,0.6,93dfd3b72fb3bd5d171e5ba57dbd2ecfa90a6583449019af40c4061200b1075e,ca73b6d8e77c5997c560d09fa64b0b0a7b6efc2f6a4ea9fc9063dbea66982ffc,d9faeeffbc6a0066c2ff6bece8c937d4991121e90f29c294636a3bc434307c3b,0.01648228102403962,0.016483516483516484,7.495120826314418e-05,0.9999853516268684,7.153437537436268e-05,0.0,1.1789653412501106e-06,0.0,1.1789653412501106e-10,0.04178836422350883,1.802628909889072e-13,0.01648110205869837,0.016483516483516484,2.6365519013803878e-05,8.897213799237216,1.2380748938173312e-06
32,checkerboard,isometric,cylinder_090,0.6,93dfd3b72fb3bd5d171e5ba57dbd2ecfa90a6583449019af40c4061200b1075e,1254d36650940620d2d5d5f6bb33a8189372fae8137e14e2e5fd89e0dbdde5c2,cfcec62fd1e43135643eb27c26c0a02b1994ecc4d6a9fe65bfede2b86afaa0f4,0.01648228102403961,0.016483516483516484,7.495120826377562e-05,0.9999853516268634,7.153437537441255e-05,0.0,1.1789653412509316e-06,0.0,1.1789653412509316e-10,0.04178836422407811,1.8026289090680854e-13,0.016481102058698356,0.016483516483516484,2.6365519013955422e-05,8.89721379923721,1.2380748936657858e-06
32,checkerboard,isometric,cylinder_045,0.6,93dfd3b72fb3bd5d171e5ba57dbd2ecfa90a6583449019af40c4061200b1075e,9db0b70a0016bbe945d8b4f993a1a2a995e661eafd7a4359f7da5a4cf466db6d,2a82f8d56261a1445291503a36c90fdb815c4bd4305fbf6013cb794bf75cbccb,0.016484973344532434,0.016483516483516484,8.838290163429297e-05,0.9999926745099336,0.00016809036383136792,0.0,2.7704994729684528e-06,0.0,2.770499472968453e-10,0.05307415135564148,4.0135048657292403e-13,0.016482202845059465,0.016483516483516484,1.4344931950649729e-05,8.872623810453536,8.174713647406128e-07
32,checkerboard,isometric,cylinder_135,0.6,93dfd3b72fb3bd5d171e5ba57dbd2ecfa90a6583449019af40c4061200b1075e,a08aceb9d501f03f9974f6ab9845885578c3fef31d89204ee7faecd16537ed09,ff319724f17219e4c3926906a14286cf303609aaf515daab7fd2a0dba414b7e2,0.016484973344531504,0.016483516483516484,8.838290157788438e-05,0.9999926745099366,0.00016809036383130807,0.0,2.7704994729673105e-06,0.0,2.770499472967311e-10,0.053074151354670716,4.751106879548664e-13,0.01648220284505854,0.016483516483516484,1.4344931960765388e-05,8.872623810452904,4.2411798348795933e-07
