shape,frame,phase_start_s,physical_start_s,wind_velocity,compute_audit_s,gmres_iterations,matrix_rebuilds,gauss_retries,wind_free_l2_n,wind_local_node_max_n,wind_local_component_max_n,held_free_l2_n,vector_change_n_s,rise_n_s,drop_n_s,direction_change_weighted_n_s,direction_angle_rad
reference_rectangle,0,0.0,2.0,"[0.0, 0.0, 0.0]",2.0630266570005915,192,2,0,0.0,0.0,0.0,0.020081229116391573,0.0,0.0,-0.0,0.0,
reference_rectangle,1,0.016666666666666666,2.0166666666666666,"[-0.00020461909917519409, 0.00010585701397545651, -0.00020653589065703913]",1.9647728849959094,192,2,0,1.3762958536160597e-10,5.910207519505127e-12,5.910207519505127e-12,0.020081229116391573,8.257775121696358e-09,8.257775121696358e-09,-8.257775121696358e-09,0.0,
reference_rectangle,2,0.03333333333333333,2.033333333333333,"[-0.0009103224696260057, 0.0004709434201294458, -0.0009188500135480777]",1.9625231870013522,192,2,0,2.7240055679719975e-09,1.169770416829594e-10,1.169770416829594e-10,0.020081229116391756,1.5518255895662668e-07,1.551825589566235e-07,-1.551825589566235e-07,7.036505653268118e-15,8.521067175564902e-07
reference_rectangle,3,0.05,2.05,"[-0.002399623981236367, 0.001241414072984899, -0.0024221027177052773]",1.992420474998653,192,2,0,1.8927361864479716e-08,8.128195364683075e-10,8.128195364683075e-10,0.020081229116400492,9.722013777941082e-07,9.72201377790463e-07,-9.72201377790463e-07,1.009972358177993e-12,6.179456031310031e-06
reference_rectangle,4,0.06666666666666667,2.066666666666667,"[-0.004941086201673721, 0.002556206303384603, -0.004987372359616002]",1.973765791997721,192,2,0,8.024277894446025e-08,3.446243430574286e-09,3.4462434305742847e-09,0.020081229116551875,3.6789250252976356e-06,3.6789250247988323e-06,-3.6789250247988323e-06,2.9422710386940616e-11,2.5908444609124362e-05
reference_rectangle,5,0.08333333333333333,2.0833333333333335,"[-0.00878932039638902, 0.0045470399184912, -0.00887165530322282]",2.0558246660002624,213,2,0,2.53848955591251e-07,1.0910998570906199e-08,1.0910998570905942e-08,0.020081229117995446,1.0416370671276508e-05,1.0416370598807444e-05,-1.0416370598807444e-05,6.908199021490575e-10,0.00014348537272947136
reference_rectangle,6,0.1,2.1,"[-0.014184986528616722, 0.0073384172017871875, -0.014317865919923492]",2.367542610001692,284,3,0,6.608976594538987e-07,2.8653174805930853e-08,2.8653174805850504e-08,0.02008122912725095,2.442293626869157e-05,2.442292223175886e-05,-2.442292223175886e-05,1.6228208030833427e-08,0.0010654766966086383
reference_rectangle,7,0.11666666666666667,2.1166666666666667,"[-0.021354793259374803, 0.011047622913074918, -0.021554836588570995]",2.5524929680032074,369,3,0,1.4966317432794913e-06,6.974844832092095e-08,6.974844827511098e-08,0.02008122917182322,5.014673051324946e-05,5.0144045029535554e-05,-5.0144045029535554e-05,3.448667998731461e-07,0.008696956374539624
reference_rectangle,8,0.13333333333333333,2.1333333333333333,"[-0.030511497947464737, 0.015784724288476593, -0.030797317695473496]",2.7571200579986908,473,3,0,3.0624017047096535e-06,2.456727873874841e-07,2.4567274236984544e-07,0.02008122935349318,9.43651695399739e-05,9.394619768580974e-05,-9.394619768580974e-05,6.209506555012344e-06,0.06916357808001426
reference_rectangle,9,0.15,2.15,"[-0.041853906649471515, 0.021652571040434283, -0.04224597763439437]",3.0527755949951825,626,3,0,6.71567826574092e-06,2.1144774923114963e-06,2.114446818175359e-06,0.020081231518761088,0.000248050995091419,0.000219196593661876,-0.000219196593661876,7.840896247400886e-05,0.43003508987316713
reference_rectangle,10,0.16666666666666666,2.1666666666666665,"[-0.05556687411976364, 0.028746795357709902, -0.05608740280655219]",3.0379059919941938,636,3,0,1.2951273271421307e-05,3.519858164923014e-06,3.5189597760592583e-06,0.020081238243454622,0.0005343324223449796,0.0003741357003408232,-0.0003741357003408232,0.00027470740500841375,0.6957017938198611
reference_rectangle,11,0.18333333333333332,2.183333333333333,"[-0.07182130381049315, 0.03715581190538524, -0.07249409762062076]",3.155592531998991,682,3,0,2.1722202235411258e-05,5.347271877465317e-06,5.346987794873436e-06,0.020081252983902183,0.0009050532167196317,0.0005262557378393971,-0.0005262557378393971,0.0005685576943721108,0.7490516680857962
reference_rectangle,12,0.2,2.2,"[-0.09077414787159548, 0.046960817824861896, -0.09162448449272899]",2.9505635739988065,605,3,0,3.686805236332938e-05,1.4137467206446638e-05,1.413288313102439e-05,0.020081329066078735,0.0014462377196311819,0.0009087510076750872,-0.0009087510076750872,0.0008635850407478888,0.6753598050183239
reference_rectangle,13,0.21666666666666667,2.216666666666667,"[-0.11001798987239077, 0.058219335341738655, -0.09916805701317656]",3.0259548920003,621,3,0,4.7808465784858465e-05,6.409648231030696e-06,6.406900291002004e-06,0.020081400449370925,0.0020180461395253985,0.0006564248052917452,-0.0006564248052917452,0.0016757908318147461,0.7769579343671233
reference_rectangle,14,0.23333333333333334,2.2333333333333334,"[-0.13155462802857004, 0.07101021106637252, -0.10586913877562815]",3.0156086499991943,639,3,0,6.958830451832878e-05,8.357811227936297e-06,8.35501479374723e-06,0.020081520234852098,0.0024331314149173546,0.0013067903240082189,-0.0013067903240082189,0.0017011808965558897,0.6021083555059272
reference_rectangle,15,0.25,2.25,"[-0.15545293255809925, 0.0853926912678443, -0.11158190241588051]",3.058271802998206,655,3,0,9.839886784855549e-05,9.437962250101602e-06,9.436837272713581e-06,0.020081701735476843,0.003161910728643413,0.0017286337998136025,-0.0017286337998136025,0.0022264694513172856,0.5397770524718482
reference_rectangle,16,0.26666666666666666,2.2666666666666666,"[-0.1817719315345341, 0.10141883120722393, -0.11616972780409204]",2.9230819109943695,687,3,0,0.0001363399586413022,1.3897491329190657e-05,1.3888564493653049e-05,0.020082076312074648,0.004171752774048055,0.002276465447564802,-0.002276465447564802,0.0029698934214166255,0.5084972472304846
reference_rectangle,17,0.2833333333333333,2.283333333333333,"[-0.2105608108870201, 0.11913349513757068, -0.1195052020447829]",2.6588037100009387,664,3,0,0.00018449764952885035,1.643075929178283e-05,1.6420490919448317e-05,0.020082672223324605,0.005482671768636221,0.0028894614532528895,-0.0028894614532528895,0.004005466423913729,0.49467016797389884
reference_rectangle,18,0.3,2.3,"[-0.24185891440029245, 0.138574356303933, -0.12147011947683485]",2.6955324490045314,673,3,0,0.00024621127150958546,2.1218918289926876e-05,2.1209142608594384e-05,0.020083569034482888,0.007102394508490964,0.003702817318844107,-0.003702817318844107,0.005246510535235581,0.47849737524271463
reference_rectangle,19,0.31666666666666665,2.316666666666667,"[-0.275695743714676, 0.1597718969433486, -0.12195548167349134]",2.6985771719992044,715,2,0,0.000323360512084592,3.069098221503392e-05,3.066580158811725e-05,0.02008504928186933,0.008792021991211896,0.004628954434500392,-0.004628954434500392,0.006522427486973759,0.4451869378518411
reference_rectangle,20,0.3333333333333333,2.3333333333333335,"[-0.3120909583260854, 0.1827494082848443, -0.12086149744235751]",2.706799708001199,724,2,0,0.00041735586632882975,4.3841773889735e-05,4.375792496137842e-05,0.020087289005029905,0.011025736205221438,0.005639721254654266,-0.005639721254654266,0.00833935818722083,0.4332072289870589
reference_rectangle,21,0.35,2.35,"[-0.3510543755860252, 0.2075229905494363, -0.11809758282540021]",2.910888133003027,813,2,0,0.0005417969081223614,5.616628089186624e-05,5.605788574399835e-05,0.020091211168369604,0.014796608850086209,0.007466462507611897,-0.007466462507611897,0.011212019947311207,0.4515671135120856
reference_rectangle,22,0.36666666666666664,2.3666666666666667,"[-0.39258597070158957, 0.23410155295013, -0.11358236109894791]",2.93868806300452,781,3,0,0.0006944471056843024,6.752334774189131e-05,6.744379299699396e-05,0.02009716349929413,0.019181537115607335,0.009159011853716462,-0.009159011853716462,0.0148864582611322,0.4620334994194472
reference_rectangle,23,0.38333333333333336,2.3833333333333333,"[-0.43667587673546227, 0.26248681369191984, -0.10724366277369073]",2.9040052950003883,806,2,0,0.0008642935743502688,8.629074545381764e-05,8.614147257722991e-05,0.020105836759894413,0.022693520331388516,0.010190788119957982,-0.010190788119957982,0.01817547481973516,0.4397443188739688
reference_rectangle,24,0.4,2.4,"[-0.48330438460591674, 0.2926732999717897, -0.09901852559468047]",2.972725787003583,836,2,0,0.0010663502299082727,0.00011008389166359804,0.00010947919743815332,0.020118526376034777,0.027309410794685983,0.012123399333480238,-0.012123399333480238,0.022030859160202976,0.42809512036209085
reference_rectangle,25,0.4166666666666667,2.4166666666666665,"[-0.43788058659694146, 0.2933121945872635, -0.07634191276944086]",3.0021080559963593,849,2,0,0.0010566939960094212,0.00011391755197662736,0.00011362314815427745,0.02011915734164508,0.02691533855729146,-0.0005793740339310894,0.0005793740339310894,0.026786988598643865,0.4257039942550131
reference_rectangle,26,0.43333333333333335,2.433333333333333,"[-0.3832855022104213, 0.2918621696092073, -0.050140361197905485]",3.2512220480057294,918,3,0,0.0010647867817411994,0.00011048156115137872,0.00010922448437213859,0.02012065966794326,0.031029418047768497,0.00048556714390668963,-0.00048556714390668963,0.030907490439366084,0.4924480610396568
reference_rectangle,27,0.45,2.45,"[-0.3193518690903656, 0.28825706696290376, -0.020362914360762912]",3.6144980269964435,900,3,0,0.0010440695886083427,0.00013124518639357597,0.0001293988522009234,0.02012235433114088,0.02871938107224249,-0.0012430315879714002,0.0012430315879714002,0.028411967144665765,0.4575253692608247
reference_rectangle,28,0.4666666666666667,2.466666666666667,"[-0.24595503911016678, 0.2824409207868111, 0.013025236596959564]",3.616380896004557,1097,3,0,0.001020768465900734,0.00012372672324345918,0.00012228585670826902,0.020123171540205733,0.02908113927704148,-0.0013980673624565225,0.0013980673624565225,0.02872154971526468,0.47336010197054784
reference_rectangle,29,0.48333333333333334,2.4833333333333334,"[-0.16301297837259887, 0.27436795743256276, 0.05004275286589599]",3.998262537003029,1187,3,0,0.000976741543236031,0.00014347684738547057,0.00014319790888398946,0.02012005797264452,0.028973469195279294,-0.002641615359882184,0.002641615359882184,0.02822370986462576,0.4863762832438911
reference_rectangle,30,0.5,2.5,"[-0.07048626720981821, 0.26400259546496746, 0.09069214797234174]",4.539175905003503,1433,3,0,0.0009497807888876987,0.00018681911404769337,0.00018647568472406767,0.020113113135139526,0.027579911220917467,-0.0016176452608999384,0.0016176452608999384,0.02714978604663054,0.48104678486170693
reference_rectangle,31,0.5166666666666667,2.5166666666666666,"[0.03162189981663646, 0.25131944566200914, 0.13495978777825343]",4.780687571997987,1571,3,0,0.0009125321034564847,0.00017832989605795865,0.00015969154235492502,0.02010073135143708,0.030332487352816587,-0.0022349211258728395,0.0022349211258728395,0.029650931265107865,0.548396518016746
reference_rectangle,32,0.5333333333333333,2.533333333333333,"[0.14326571391584458, 0.23630331101484728, 0.1828158904812491]",4.669896715000505,1441,3,0,0.0010286381927236906,0.0001862775524438116,0.00017089440976726647,0.020089293831999595,0.03344044214877382,0.0069663653560323585,-0.0069663653560323585,0.030805654115371076,0.5703393486618016
reference_rectangle,33,0.55,2.55,"[0.26435675206750303, 0.21894918672781635, 0.23421452661460798]",4.996305870001379,1493,3,0,0.0012369703422026779,0.00030052151152222,0.000251107592391755,0.02006951419036723,0.039507447810005834,0.012499928968739233,-0.012499928968739233,0.034176414433122713,0.5610793684822797
reference_rectangle,34,0.5666666666666667,2.566666666666667,"[0.39476397702192656, 0.19926226021842658, 0.2890936190472708]",5.103546758000448,1582,3,0,0.0016420863283709967,0.0003360617644899277,0.0002651783065513594,0.02004330000661133,0.04794381351327282,0.02430695917009913,-0.02430695917009913,0.03586722179418162,0.48809783329941253
reference_rectangle,35,0.5833333333333334,2.5833333333333335,"[0.5343137373000477, 0.17725791111736305, 0.34737494298383936]",4.9194077830034075,1609,3,0,0.0023603996330580136,0.00036927191915117705,0.0003150123384418933,0.020025259123901636,0.06980839574182172,0.04309879828122101,-0.04309879828122101,0.04580360935409929,0.46918406245995053
reference_rectangle,36,0.6,2.6,"[0.6827897671934174, 0.15296171126848637, 0.40896412596457704]",5.330678127997089,1714,3,0,0.0035191911041778127,0.0007904454763594886,0.0006844591989590809,0.020057532312514753,0.10106627997688786,0.06952748826718795,-0.06952748826718795,0.06007246462412894,0.42741471901476896
reference_rectangle,37,0.6166666666666667,2.6166666666666667,"[0.7010789644254496, 0.10852327887585296, 0.3461421788196402]",5.798780883997097,1672,3,0,0.003924846256561767,0.0006979908850204082,0.0006248149321562796,0.020072020995117835,0.09523937464200741,0.024339309143037238,-0.024339309143037238,0.08718872032079554,0.4159115178100298
reference_rectangle,38,0.6333333333333333,2.6333333333333333,"[0.718550831244311, 0.060691802676947494, 0.2779514230322342]",6.095324678994075,1801,3,0,0.004665869623177867,0.0009182618295745489,0.0008264404643120324,0.020157215575556973,0.10526103137293227,0.04446140199696604,-0.04446140199696604,0.0875062210766422,0.3737626568495412
reference_rectangle,39,0.65,2.65,"[0.7351608328739423, 0.009562019952676524, 0.20452435441086492]",6.666718166001374,2025,3,0,0.005215772117428189,0.00104219335041659,0.0009725877028158528,0.020225462038371347,0.12799103042264626,0.0329941496550193,-0.0329941496550193,0.11696464769527196,0.4209023088416298
reference_rectangle,40,0.6666666666666666,2.6666666666666665,"[0.7508662015860189, -0.044755422943986274, 0.12601810795321994]",6.790856015002646,2074,3,0,0.005793721061520442,0.0013195949578667693,0.0011052704484148077,0.02029630576985147,0.15635111449516104,0.034676936645535186,-0.034676936645535186,0.14465328335874625,0.46644744539054367
reference_rectangle,41,0.6833333333333333,2.683333333333333,"[0.76562593669995, -0.10213397058800001, 0.04261445784616759]",6.264798377997067,1803,3,0,0.006421796008561412,0.0009383689474861578,0.0007858788952046296,0.02037585133410037,0.18938774867697336,0.037684496822458155,-0.037684496822458155,0.17629094698211992,0.5127301268063666
reference_rectangle,42,0.7,2.7,"[0.77940080458288, -0.16243115848225664, -0.04548018253424244]",6.208777169005771,1789,3,0,0.006920723009555689,0.0009688585104963975,0.0007541746000440287,0.020453406147667615,0.18088963073209421,0.029935620059656637,-0.029935620059656637,0.17184470702875473,0.44977497779084236
reference_rectangle,43,0.7166666666666667,2.716666666666667,"[0.7921533386496866, -0.22548861305758106, -0.13803476062277922]",6.279486289997294,1775,4,0,0.007761464495547272,0.0008728502216800688,0.0007708538960014522,0.020648375831084035,0.19100127494556207,0.05044448915949497,-0.05044448915949497,0.1739560750571296,0.4220510622926194
reference_rectangle,44,0.7333333333333333,2.7333333333333334,"[0.803847839362983, -0.29113205167273076, -0.23479358466503095]",6.581704635995266,1953,3,0,0.008273993105665785,0.0010623855672470535,0.0009758617942707642,0.020786802931508294,0.1908953530668619,0.03075171660711083,-0.03075171660711083,0.18247362519884075,0.3943877830493593
reference_rectangle,45,0.75,2.75,"[0.8144503742331162, -0.35917128261439635, -0.3354763237174044]",6.66544278699439,1948,4,0,0.008981340961809822,0.0011343525161405848,0.000941142329185032,0.02099789416488068,0.21725777125448184,0.042440871368642184,-0.042440871368642184,0.2045095214164765,0.4149224753349104
reference_rectangle,46,0.7666666666666667,2.7666666666666666,"[0.8239287778181674, -0.4294002050972011, -0.4397780076471251]",8.17157458600559,2554,4,0,0.00963235686697858,0.0016172416199928337,0.0015960723457323256,0.021198613580927412,0.23654833402508843,0.03906095431012554,-0.03906095431012554,0.22527910313112245,0.4211559012270358
reference_rectangle,47,0.7833333333333333,2.783333333333333,"[0.8322526517239529, -0.5015968092637012, -0.5473690271322378]",7.282017060999351,2176,4,0,0.010484011717596152,0.0025983396399214495,0.0022844215453536013,0.021540171452471883,0.2702398625588411,0.05109929103705429,-0.05109929103705429,0.2543582046982903,0.44374243139453584
reference_rectangle,48,0.8,2.8,"[0.8393933646040224, -0.5755231761843855, -0.6578951336616059]",6.624642555005266,1902,4,0,0.010914482024817165,0.002104708402739437,0.001637636319530972,0.021751558032730527,0.2675665965262818,0.02582821843326078,-0.02582821843326078,0.2610124379065392,0.4179731656822844
reference_rectangle,49,0.8166666666666667,2.816666666666667,"[0.8259586213744922, -0.44946234662527174, -0.5788627253649784]",6.833447559001797,1991,4,0,0.009365268023165991,0.0012512369708298058,0.0008822760596402631,0.020981011973768098,0.276752439026067,-0.09295284009907046,0.09295284009907046,0.2414674780049979,0.4330985984123915
reference_rectangle,50,0.8333333333333334,2.8333333333333335,"[0.8107314184715525, -0.3188096058282499, -0.49645392804897864]",7.407028151996201,2214,4,0,0.008594452634664488,0.0011296962732971574,0.000941650814170443,0.020574752873236162,0.25050049129178276,-0.04624892331009017,0.04624892331009017,0.23584498226375852,0.46144197912655033
reference_rectangle,51,0.85,2.85,"[0.7937616270203254, -0.18404083828366632, -0.41096676925448905]",7.806874866997532,2353,4,0,0.008711141129218091,0.0010346424277173519,0.0008983893915150223,0.020485512625726374,0.25498168948923916,0.007001309673216188,-0.007001309673216188,0.253172658217425,0.49603104550978583
reference_rectangle,52,0.8666666666666667,2.8666666666666667,"[0.7751055328970544, -0.045664370561295485, -0.3227207448646112]",8.375639534002403,2545,4,0,0.009474351666728234,0.0014439339680894377,0.001214715274019899,0.020683376009255357,0.2879880381355177,0.045792632250608555,-0.045792632250608555,0.272631677816265,0.5277170452968454
reference_rectangle,53,0.8833333333333333,2.8833333333333333,"[0.7548258367291067, 0.0957790286896594, -0.23205681910466677]",9.29366841299634,2915,4,0,0.010725894308739128,0.0013723990038165205,0.0011276812128910283,0.02111199595014102,0.31959512966491666,0.07509255852065362,-0.07509255852065362,0.2919621133813604,0.5194203003194684
reference_rectangle,54,0.9,2.9,"[0.7329916538949722, 0.23971614874056665, -0.1393374245421967]",12.341604572000506,4136,4,0,0.013451136242220038,0.002199344063710798,0.001844585655955869,0.022387564733472188,0.4494833181619742,0.16351451600885464,-0.16351451600885464,0.3738746926128544,0.5894499719753696
reference_rectangle,55,0.9166666666666666,2.9166666666666665,"[0.7096785145242636, 0.38554133678336566, -0.04494646208696175]",16.542996423995646,5813,4,0,0.023798149227629704,0.009235710023147619,0.008746391922993143,0.029239310174886703,1.104471388489252,0.62082077912458,-0.62082077912458,0.6867601535384439,0.8789535341706597
reference_rectangle,56,0.9333333333333333,2.933333333333333,"[0.6849683634977162, 0.5326164979305674, 0.05071069900905792]",12.185473726996861,4097,4,0,0.03631288124693051,0.024634705204652385,0.02203244915238145,0.03981560615726672,1.9942126729031555,0.7508839211580483,-0.7508839211580483,1.4955916813076393,1.1023938927804404
reference_rectangle,57,0.95,2.95,"[0.6589495604471886, 0.6802710952152543, 0.14720722115166224]",9.255091033002827,2915,4,0,0.016510605809918966,0.004347718626759239,0.004061674910959128,0.024382401266318268,1.7927183095403625,-1.1881365262206927,1.1881365262206927,0.9052094763164901,0.9489754611233633
reference_rectangle,58,0.9666666666666667,2.966666666666667,"[0.6317168797556615, 0.8278021495910801, 0.2440947984044316]",9.480830364998837,2989,4,0,0.014264626153352639,0.0022322657215921604,0.002084929882546904,0.02319612255551926,0.530079265953318,-0.13475877939397968,0.13475877939397968,0.47652016699422517,0.5642162020447914
reference_rectangle,59,0.9833333333333333,2.9833333333333334,"[0.6033715105572393, 0.9744742399322698, 0.3409036564887269]",9.21758019200206,2873,4,0,0.013960782589367685,0.0018802890794713425,0.0016391166518331412,0.02320201190249765,0.41485065994576265,-0.018230613839097243,0.018230613839097243,0.4100121419379035,0.49450393153091055
reference_rectangle,60,1.0,3.0,"[0.574505130504518, 1.1204635973610262, 0.43751119647701725]",10.180810215002566,3283,4,0,0.014581574912214118,0.002453640469789731,0.0017846751006238108,0.02368733691976944,0.3891228177179339,0.03724753937078603,-0.03724753937078603,0.37900116484634605,0.456410471864142
reference_rectangle,61,1.0166666666666666,3.0166666666666666,"[0.4222092576127, 1.0485788238152625, 0.4471920258374708]",10.59221343399986,3420,4,0,0.011066349780063958,0.001908086951311856,0.0017721407177106717,0.022154600327563986,0.4154144684608076,-0.21091350792900965,0.21091350792900965,0.311780221616503,0.473986500349993
reference_rectangle,62,1.0333333333333334,3.033333333333333,"[0.26991338472088205, 0.9766940502694988, 0.4568728551979243]",11.992205636997824,3927,5,0,0.008330123821901632,0.001556864239126009,0.0011741987042139398,0.021256260807900662,0.3088970751328446,-0.16417355748973955,0.16417355748973955,0.22701579825810647,0.458204381595166
reference_rectangle,63,1.05,3.05,"[0.1176175118290641, 0.9048092767237352, 0.46655368455837787]",20.09873517199594,7189,5,0,0.007160408957407799,0.0013499753011231772,0.001335438195638443,0.021015761961724954,0.31145097042695946,-0.07018289186962998,0.07018289186962998,0.28133033877371455,0.6671312397166341
reference_rectangle,64,1.0666666666666667,3.066666666666667,"[-0.034678361062753904, 0.8329245031779715, 0.47623451391883137]",18.38338736800506,6518,5,0,0.023663559846780778,0.0186358147204494,0.01697706661396742,0.030552967659463536,1.3857602093798866,0.9901890533623787,-0.9901890533623787,0.5332854855582019,1.3391207167749652
reference_rectangle,65,1.0833333333333333,3.0833333333333335,"[-0.1869742339545719, 0.7610397296322079, 0.48591534327928493]",17.363170074000664,6121,5,0,0.018193668134732013,0.007252889984137705,0.0054091454368694,0.02665326143906596,1.3210552806140448,-0.3281935027229259,0.3281935027229259,1.1220380304368953,1.0795254782140993
reference_rectangle,66,1.1,3.1,"[-0.3392701068463898, 0.6891549560864443, 0.49559617263973843]",13.02964166199672,4389,5,0,0.013454255757660735,0.007228549116423533,0.005912957702972772,0.02396078976232624,1.0432046327384144,-0.28436474262427675,0.28436474262427675,0.8631244003891002,1.128078963541205
reference_rectangle,67,1.1166666666666667,3.1166666666666667,"[-0.4915659797382078, 0.6172701825406806, 0.505277002000192]",11.641440245999547,3775,5,0,0.00702868215400463,0.0019127682435816438,0.001790624158604715,0.021198176772798415,0.7553969648060648,-0.3855344162193663,0.3855344162193663,0.4695231977391625,1.1807563846633802
reference_rectangle,68,1.1333333333333333,3.1333333333333333,"[-0.6438618526300258, 0.5453854089949169, 0.5149578313606455]",11.868341919995146,3889,5,0,0.006117032346149074,0.001092942724577591,0.000976316428572619,0.02115092263668575,0.4260873936966644,-0.05469898847133333,0.05469898847133333,0.3942064136178158,1.133833869471463
reference_rectangle,69,1.15,3.15,"[-0.7961577255218438, 0.47350063544915333, 0.5246386607210991]",13.897033551002096,4723,5,0,0.006236391522420026,0.0014318818381419951,0.0012405799980505347,0.021341983612293284,0.3792783874477995,0.007161550576257076,-0.007161550576257076,0.3755643532863881,1.0741790279809311
reference_rectangle,70,1.1666666666666667,3.1666666666666665,"[-0.9484535984136618, 0.4016158619033896, 0.5343194900815527]",17.331777126004454,5995,6,0,0.00694284077838585,0.0009675538835149632,0.0008457019918310761,0.021660334192154,0.3716753979200502,0.04238695535794947,-0.04238695535794947,0.34996063871134486,0.973220692489278
reference_rectangle,71,1.1833333333333333,3.183333333333333,"[-1.10074947130548, 0.329731088357626, 0.5440003194420061]",14.997074389997579,5108,5,0,0.008031598833188795,0.0011363084673044967,0.0010823979479557956,0.02219979440682201,0.4205302175511128,0.06532548328817668,-0.06532548328817668,0.3862430012518805,0.9641047758847261
reference_rectangle,72,1.2,3.2,"[-1.2530453441972977, 0.2578463148118624, 0.5536811488024597]",14.45413089000067,4930,5,0,0.009657843798485452,0.0012723124735053964,0.0012641399288471366,0.0229968055543716,0.44387465086340305,0.09757469791779945,-0.09757469791779945,0.39488082883646547,0.8442851534642398
reference_rectangle,73,1.2166666666666666,3.216666666666667,"[-1.0624509512526061, 0.26297104521259457, 0.591718496660706]",15.574410405002709,5268,6,0,0.007093469124513083,0.000929058249719105,0.0007907249658764575,0.021673674884434953,0.3992452962111438,-0.15386248043834216,0.15386248043834216,0.31573026057070647,0.7599916833870592
reference_rectangle,74,1.2333333333333334,3.2333333333333334,"[-0.8718565583079145, 0.26809577561332676, 0.6297558445189523]",15.259236530000635,5078,6,0,0.005453945141763039,0.0006817490594288824,0.000636248245408371,0.020989229535444222,0.33179291207010353,-0.09837143896500264,0.09837143896500264,0.27785207995910555,0.8769140675628907
reference_rectangle,75,1.25,3.25,"[-0.6812621653632229, 0.2732205060140589, 0.6677931923771986]",15.083913743001176,5061,6,0,0.004127293033316157,0.0006222656501490989,0.000524807296501191,0.020547129202111176,0.27613037530905005,-0.07959912650681292,0.07959912650681292,0.23001333689760842,0.9659484361433835
reference_rectangle,76,1.2666666666666666,3.2666666666666666,"[-0.4906677724185313, 0.2783452364147911, 0.7058305402354449]",14.366050536998955,4769,6,0,0.0037875407263114,0.0011440609008252927,0.000904472980688282,0.02040738104385878,0.23402391133318373,-0.0203851384202854,0.0203851384202854,0.22333270124132112,1.0273374113898643
reference_rectangle,77,1.2833333333333334,3.283333333333333,"[-0.3000733794738397, 0.2834699668155233, 0.7438678880936912]",17.194093034995603,5845,6,0,0.003886473795715662,0.0009006746296910812,0.000715470825373011,0.020388105383925232,0.23111296478708063,0.005935984164255701,-0.005935984164255701,0.2280771599813055,1.0513905880272039
reference_rectangle,78,1.3,3.3,"[-0.10947898652914811, 0.2885946972162554, 0.7819052359519374]",16.486047064005106,5572,6,0,0.004604078666712528,0.0008822771472339701,0.0008726924036658858,0.020515462019755907,0.2439733476013003,0.04305629225981198,-0.04305629225981198,0.2206369673215702,0.9855834914158792
reference_rectangle,79,1.3166666666666667,3.316666666666667,"[0.08111540641554349, 0.2937194276169876, 0.8199425838101837]",15.249332666004193,5054,6,0,0.005697733691723357,0.00103927915624429,0.0009151056493437368,0.020747356529722944,0.2666462503906832,0.06561930150064975,-0.06561930150064975,0.23232186944670533,0.8679929189087772
reference_rectangle,80,1.3333333333333333,3.3333333333333335,"[0.2717097993602351, 0.2988441580177198, 0.85797993166843]",18.22379781700147,6103,7,0,0.006702738531567528,0.0009368565358561827,0.0009261429540458415,0.021023996490595092,0.3002028617299661,0.06030029039065021,-0.06030029039065021,0.27114207723740136,0.8155423086171847
reference_rectangle,81,1.35,3.35,"[0.4623041923049267, 0.303968888418452, 0.8960172795266763]",18.82621505499992,6309,7,0,0.007803443408406061,0.0012393122423463255,0.0011455225468467725,0.021378571169145544,0.3246509447947191,0.066042292610312,-0.066042292610312,0.29459303110558765,0.7499720800549887
reference_rectangle,82,1.3666666666666667,3.3666666666666667,"[0.6528985852496183, 0.3090936188191842, 0.9340546273849226]",21.818251807002525,7593,7,0,0.00944854679349521,0.0018353886056396978,0.0013227464997767058,0.02204992711741627,0.3668171164827071,0.09870620310534889,-0.09870620310534889,0.3210617733169233,0.699926645738602
reference_rectangle,83,1.3833333333333333,3.3833333333333333,"[0.8434929781943097, 0.3142183492199163, 0.9720919752431689]",19.201807347002614,6409,7,0,0.010666847172072058,0.0014240713256780488,0.001374572447875465,0.022587796313578972,0.38452428576480363,0.07309802271461094,-0.07309802271461094,0.35530038962067056,0.6374672672730541
reference_rectangle,84,1.4,3.4,"[1.0340873711390013, 0.3193430796206485, 1.0101293231014152]",19.656415242003277,6630,7,0,0.012224865294135825,0.0015263185563498534,0.0013695444937144596,0.023305189885798175,0.403347391319378,0.093481087323826,-0.093481087323826,0.36651049257920865,0.5807916027018969
reference_rectangle,85,1.4166666666666667,3.4166666666666665,"[0.954753807419365, 0.3485092417203982, 1.0141134899434738]",22.32980483499705,7768,8,0,0.009621424390553322,0.0013802305413882453,0.0013734407191166808,0.022089345396820118,0.4136041003853427,-0.15620645421495016,0.15620645421495016,0.33975446646818325,0.5973811868267035
reference_rectangle,86,1.4333333333333333,3.433333333333333,"[0.8754202436997288, 0.37767540382014797, 1.0180976567855324]",18.6170783139969,7405,7,0,0.007571948090788348,0.0010259225827806515,0.0009604069769292154,0.021315214201307688,0.33899060598703024,-0.12296857798589843,0.12296857798589843,0.2802431142735549,0.6270685156831101
reference_rectangle,87,1.45,3.45,"[0.7960866799800925, 0.4068415659198977, 1.022081823627591]",20.878682663998916,8327,8,0,0.006332984283674277,0.0011081591644403086,0.0010120367402454123,0.020827146923535694,0.2722900943249852,-0.0743378284268443,0.0743378284268443,0.2395589506590195,0.6413906649179992
reference_rectangle,88,1.4666666666666666,3.466666666666667,"[0.7167531162604563, 0.4360077280196474, 1.0260659904696499]",22.873546761999023,9065,8,0,0.005474838392842711,0.0007515822141135302,0.0006640403735744284,0.020581052849357195,0.22808098087382142,-0.051488753449893954,0.051488753449893954,0.20659143679057496,0.6397668750008364
reference_rectangle,89,1.4833333333333334,3.4833333333333334,"[0.6374195525408201, 0.4651738901193971, 1.0300501573117085]",26.65905074899638,10444,8,0,0.005591387772526034,0.0010274006922623728,0.0008929645238582783,0.02056717931347632,0.22084736069223604,0.006992962780999409,-0.006992962780999409,0.21842393815511107,0.677834947734455
reference_rectangle,90,1.5,3.5,"[0.5580859888211838, 0.4943400522191468, 1.034034324153767]",28.39154166499793,11493,8,0,0.0058196289801750335,0.0012511738673433794,0.001231831937803698,0.020630592347541783,0.23476720203990759,0.013694472458939955,-0.013694472458939955,0.22972562825319753,0.6988979959303202
reference_rectangle,91,1.5166666666666666,3.5166666666666666,"[0.4787524251015476, 0.5235062143188965, 1.0380184909958257]",24.9680384240055,9872,8,0,0.0073911193971593556,0.003399971085439579,0.0031037699178500795,0.021149414120514246,0.30045147798263494,0.09428942501905932,-0.09428942501905932,0.25313545036998103,0.7418413255832886
reference_rectangle,92,1.5333333333333334,3.533333333333333,"[0.3994188613819113, 0.5526723764186463, 1.0420026578378843]",28.190294806001475,11352,8,0,0.008140587544760368,0.003473310246834077,0.00255300471053152,0.021429752426994818,0.2862458816826214,0.04496808885606076,-0.04496808885606076,0.26936442174487063,0.6171532096366827
reference_rectangle,93,1.55,3.55,"[0.320085297662275, 0.581838538518396, 1.045986824679943]",25.519720858996152,10019,8,0,0.007880152597478766,0.0022153569122233922,0.0019319073851537772,0.021373490644166108,0.27908186139477,-0.01562609683689615,0.01562609683689615,0.27415061397804785,0.5882797595871672
reference_rectangle,94,1.5666666666666667,3.566666666666667,"[0.24075173394263882, 0.6110047006181456, 1.0499709915220017]",26.792679584003054,10517,8,0,0.00801106914276288,0.0015953650076594552,0.0014239425694455746,0.021391893447154853,0.27991818658328355,0.007854992717046885,-0.007854992717046885,0.27751222996707603,0.5957128992897542
reference_rectangle,95,1.5833333333333333,3.5833333333333335,"[0.16141817022300253, 0.6401708627178955, 1.0539551583640603]",34.30955271200219,13780,8,0,0.008064859980349042,0.001315789988089303,0.001242807569183159,0.0213614618932824,0.28694126502911144,0.0032274502551696976,-0.0032274502551696976,0.28596465584401903,0.6040795457962833
reference_rectangle,96,1.6,3.6,"[0.08208460650336637, 0.6693370248176451, 1.0579393252061189]",34.60041932500462,13847,9,0,0.008139766559370896,0.001261550368356365,0.0011719929844475076,0.02137879284890991,0.2938445052570907,0.004494394741311261,-0.004494394741311261,0.2924551067289924,0.6139799807262796
reference_rectangle,97,1.6166666666666667,3.6166666666666667,"[-0.035352291857884105, 0.5536646346388793, 1.0401773429863297]",31.75866519799456,12487,8,0,0.006473556020262886,0.0011332506533561762,0.0010756382638039492,0.02082997441611601,0.2993441368423349,-0.09997263234648063,0.09997263234648063,0.25162616448270364,0.6597302614694576
reference_rectangle,98,1.6333333333333333,3.6333333333333333,"[-0.15278919021913456, 0.4379922444601133, 1.0224153607665405]",29.957274403001065,11745,9,0,0.005094492127452458,0.0008500261315523861,0.0008176817165591627,0.020513223442962743,0.25718496926039086,-0.08274383356862566,0.08274383356862566,0.2160217239088593,0.7223171241538556
reference_rectangle,99,1.65,3.65,"[-0.27022608858038505, 0.32231985428134746, 1.0046533785467513]",29.133428218003246,11384,8,0,0.004066165637020636,0.0007101134916435697,0.0007053885179808114,0.020339567414284724,0.22348644451664018,-0.061699589425909335,0.061699589425909335,0.19190126097138224,0.8084117274012114
reference_rectangle,100,1.6666666666666667,3.6666666666666665,"[-0.38766298694163553, 0.20664746410258156, 0.9868913963269622]",44.14354491899576,17953,8,0,0.0034000782079363586,0.0004598946097984593,0.00044041592954137865,0.020258014337140914,0.19815323817075214,-0.03996524574505664,0.03996524574505664,0.1774742019827507,0.9000227656504749
reference_rectangle,101,1.6833333333333333,3.683333333333333,"[-0.505099885302886, 0.09097507392381565, 0.969129414107173]",32.28522439600056,12320,9,0,0.00309566160461701,0.0003422434501930741,0.00034163556552382847,0.02022121747313358,0.17647956742163723,-0.018264996199160912,0.018264996199160912,0.16748973590039912,0.9354845420119938
reference_rectangle,102,1.7,3.7,"[-0.6225367836641365, -0.024697316254950197, 0.9513674318873839]",46.908555894005985,18704,9,0,0.003183181193716357,0.0005287371256186249,0.00048612395621578123,0.020257646431882208,0.17428983628767195,0.005251175345960812,-0.005251175345960812,0.17179911251055446,0.9615642920844563
reference_rectangle,103,1.7166666666666666,3.716666666666667,"[-0.7399736820253869, -0.14036970643371616, 0.9336054496675947]",40.50312784699781,15967,9,0,0.0035860092933635017,0.00048731289790922684,0.00045111130509937114,0.020349957925650353,0.17137395808560343,0.024169685978828685,-0.024169685978828685,0.1598479363912161,0.863520350889826
reference_rectangle,104,1.7333333333333334,3.7333333333333334,"[-0.8574105803866374, -0.256042096612482, 0.9158434674478055]",48.07616766299907,19208,9,0,0.0042581777822808965,0.0008387681943248442,0.0006431631789531392,0.020517285870154167,0.18742769263084155,0.04033010933504368,-0.04033010933504368,0.16797057574389906,0.8019968310727642
reference_rectangle,105,1.75,3.75,"[-0.9748474787478879, -0.37171448679124786, 0.8980814852280163]",39.306550014000095,15381,9,0,0.005346050118026913,0.0007983505243048357,0.000777072748800099,0.020805931067940948,0.21678937951161048,0.06527234014476097,-0.06527234014476097,0.18450077484136998,0.7388332140497097
reference_rectangle,106,1.7666666666666666,3.7666666666666666,"[-1.0922843771091382, -0.4873868769700138, 0.8803195030082271]",47.73077716300031,18643,9,0,0.006269547634229672,0.0009102778085755386,0.0007627925130532852,0.021090840853545657,0.22764239479655654,0.05540985097216554,-0.05540985097216554,0.20388689885476521,0.646849241898511
reference_rectangle,107,1.7833333333333334,3.783333333333333,"[-1.2097212754703888, -0.6030592671487798, 0.8625575207884381]",40.72269722299825,15743,9,0,0.007344878943348515,0.0010662391490868903,0.0009164220101497405,0.0215623812672338,0.25445386763338756,0.06451987854713058,-0.06451987854713058,0.22740740184592706,0.6141347683997539
reference_rectangle,108,1.8,3.8,"[-1.3271581738316391, -0.7187316573275454, 0.8447955385686489]",47.93908762699721,18529,9,0,0.008536361582023871,0.0011328784385292439,0.001038491411548571,0.022132205814679937,0.2662280905143107,0.07148895832052138,-0.07148895832052138,0.23788060137653946,0.5465657723007459
reference_rectangle,109,1.8166666666666667,3.816666666666667,"[-1.197364498171043, -0.7332283955538076, 0.6918376408516037]",43.68135125199478,16548,9,0,0.006383607970853496,0.0009812479466354558,0.0009095427764198591,0.021409113117103317,0.2893322614997674,-0.12916521667022252,0.12916521667022252,0.22388742781395196,0.5931964489293248
reference_rectangle,110,1.8333333333333333,3.8333333333333335,"[-1.0675708225104468, -0.7477251337800698, 0.5388797431345587]",54.15586861100019,21038,10,1,0.0052474595709223505,0.0007386064439855834,0.0006314735816099104,0.02114371203165566,0.225138891740047,-0.06816890399586872,0.06816890399586872,0.19454118712560237,0.6281671988652598
reference_rectangle,111,1.85,3.85,"[-0.9377771468498507, -0.762221872006332, 0.3859218454175135]",46.81697179799812,17579,9,0,0.004479326404073137,0.0006061654347050897,0.0005606331467068788,0.020978386358499173,0.20608745724590755,-0.04608799001095279,0.04608799001095279,0.18558482966953527,0.7050354256272838
reference_rectangle,112,1.8666666666666667,3.8666666666666667,"[-0.8079834711892545, -0.7767186102325941, 0.23296394770046835]",69.47366101700027,25974,9,0,0.0041501730473316725,0.0005962205495311156,0.0004702652509219674,0.020916906348594187,0.18723668592372766,-0.019749201404487896,0.019749201404487896,0.17922075207079194,0.736248582947185
reference_rectangle,113,1.8833333333333333,3.8833333333333333,"[-0.6781897955286583, -0.7912153484588563, 0.0800060499834232]",51.249881096002355,18910,9,0,0.004317614999276212,0.0006204429999121735,0.0005589273765396248,0.02098545030684306,0.17979633308754994,0.010046517116672378,-0.010046517116672378,0.1760001041216929,0.7224044299535135
reference_rectangle,114,1.9,3.9,"[-0.5483961198680622, -0.8057120866851186, -0.07295184773362184]",71.06157816699852,23730,9,0,0.004513128440158734,0.0006713644552049911,0.0005213536563000429,0.021031547197652527,0.18276096966346428,0.011730806452951315,-0.011730806452951315,0.1783898278780861,0.7029995438983271
reference_rectangle,115,1.9166666666666667,3.9166666666666665,"[-0.41860244420746606, -0.8202088249113808, -0.225909745450667]",63.00029337199521,23672,10,0,0.0048048745570143095,0.0006249316426704017,0.0005103586022295684,0.021107562523426545,0.20126539933874127,0.017504767011334525,-0.017504767011334525,0.1943202706115544,0.7339758639986244
reference_rectangle,116,1.9333333333333333,3.933333333333333,"[-0.2888087685468699, -0.834705563137643, -0.37886764316771215]",56.92224709899892,21127,9,0,0.005847642946273067,0.0012210053236355821,0.0010900143378324123,0.02143966100203997,0.2328510105363709,0.06256610335552545,-0.06256610335552545,0.20330895465476762,0.7207151185604743
reference_rectangle,117,1.95,3.95,"[-0.1590150928862737, -0.8492023013639052, -0.5318255408847573]",61.17664177400002,21852,10,0,0.007098279254061232,0.0012227610702601885,0.0011421599880562972,0.021903029700341296,0.2697096694000761,0.0750381784672899,-0.0750381784672899,0.2351342222134241,0.6833888610778488
reference_rectangle,118,1.9666666666666666,3.966666666666667,"[-0.029221417225677504, -0.8636990395901674, -0.6847834386018025]",75.77627902299719,27062,11,1,0.008624203730877909,0.0017684193882838042,0.0016896577371686415,0.02254324413182598,0.2885657142761006,0.09155546860900061,-0.09155546860900061,0.24826899094541877,0.5915183961423679
reference_rectangle,119,1.9833333333333334,3.9833333333333334,"[0.10057225843491868, -0.8781957778164295, -0.8377413363188476]",88.04193500700057,32664,11,1,0.010190048774923556,0.0024346969877562558,0.0023593083679116908,0.023313950015469962,0.3015903027182103,0.09395070264273883,-0.09395070264273883,0.26364662772937125,0.5151877616250532
reference_rectangle,120,2.0,4.0,"[0.2303659340955149, -0.8926925160426917, -0.9906992340358924]",65.65716718199837,23382,11,1,0.011202447178560669,0.0020419936216863684,0.001964360020230932,0.023813119625083538,0.31693595650839435,0.060743904218226764,-0.060743904218226764,0.2966719040793648,0.4901224169943866
reference_rectangle,121,2.0166666666666666,4.016666666666667,"[0.1277709646198688, -0.7771651163680325, -0.9509963662407109]",104.01746198500041,38855,12,2,0.007938388515257308,0.002240919149234024,0.0021487993094229676,0.022242308838332996,0.3545242091527888,-0.19584351979820164,0.19584351979820164,0.2487701352788879,0.5284199981972724
reference_rectangle,122,2.033333333333333,4.033333333333333,"[0.02517599514422275, -0.6616377166933733, -0.9112934984455294]",82.16516389000026,30483,10,0,0.005549154930461518,0.0010122505854118925,0.0009361353677934653,0.02137240253794202,0.2826388761100278,-0.1433540150877474,0.1433540150877474,0.2036574884541781,0.6216382056822446
reference_rectangle,123,2.05,4.05,"[-0.07741897433142333, -0.546110317018714, -0.8715906306503479]",95.16483313000208,34839,10,0,0.004159252676184089,0.0007825852006412527,0.0007206878639775455,0.020966879465718374,0.22308029521620368,-0.08339413525664574,0.08339413525664574,0.17912988199323607,0.7341747297846837
reference_rectangle,124,2.066666666666667,4.066666666666666,"[-0.1800139438070694, -0.4305829173440549, -0.8318877628551664]",65.3500119379969,23881,10,0,0.003630521171824797,0.0006705562979025712,0.0006242317166660037,0.020844627239813205,0.1977774714878765,-0.031723890261557544,0.031723890261557544,0.18238687870602413,0.8639001367648877
reference_rectangle,125,2.0833333333333335,4.083333333333333,"[-0.28260891328271553, -0.31505551766939566, -0.7921848950599849]",61.21831980800198,21418,9,0,0.0037854739489568056,0.0007315841596691079,0.0006774066733638246,0.02090813931911478,0.17618364436004239,0.009297166627920527,-0.009297166627920527,0.17229966115194187,0.8131999868930299
reference_rectangle,126,2.1,4.1,"[-0.3852038827583616, -0.19952811799473646, -0.7524820272648034]",72.73114685500332,25364,11,1,0.004525121300629262,0.0007017988666663197,0.0005821497721834961,0.021134751752402623,0.19090189665648402,0.04437884110034738,-0.04437884110034738,0.16982091956221665,0.7662988136190072
reference_rectangle,127,2.1166666666666667,4.116666666666666,"[-0.48779885223400765, -0.08400071832007727, -0.712779159469622]",69.31826042300236,24036,9,0,0.005386919435630701,0.0008377699284913926,0.000738173524813282,0.02144085352918234,0.20322217029454845,0.051707888100086356,-0.051707888100086356,0.18012839591195118,0.6762509221621987
reference_rectangle,128,2.1333333333333333,4.133333333333334,"[-0.5903938217096537, 0.03152668135458192, -0.6730762916744404]",104.27997449900431,36013,15,4,0.00667478308761575,0.0010701646945613138,0.0009250617666026916,0.021962541535986643,0.22220882351328267,0.07727181911910291,-0.07727181911910291,0.1871654490079043,0.5874860042393263
reference_rectangle,129,2.15,4.15,"[-0.6929887911852998, 0.1470540810292411, -0.633373423879259]",124.39543075999973,45475,10,0,0.0075449890302910485,0.001135119234314374,0.0009901333664213982,0.022341842890458773,0.23501649923897938,0.052212356560517925,-0.052212356560517925,0.2155243395353433,0.5448708437773352
reference_rectangle,130,2.1666666666666665,4.166666666666667,"[-0.7955837606609459, 0.2625814807039004, -0.5936705560840774]",77.03046172999893,26903,11,1,0.008732047215406298,0.0014339428918792127,0.0010012119083548845,0.022918829506213736,0.26958881297540205,0.07122349110691499,-0.07122349110691499,0.24169172257997268,0.5404433590196555
reference_rectangle,131,2.183333333333333,4.183333333333334,"[-0.898178730136592, 0.3781088803785595, -0.553967688288896]",115.85561043499911,40835,15,4,0.009793555537542221,0.0014293243964175948,0.0010052415337214388,0.023492707711987065,0.2950464269528383,0.06369049932815538,-0.06369049932815538,0.27202962282108306,0.5252335255057172
reference_rectangle,132,2.2,4.2,"[-1.000773699612238, 0.49363628005321886, -0.5142648204937145]",91.41532667200227,32100,9,0,0.010603919832742888,0.00139908909087801,0.001056825067493537,0.023941052717138003,0.29289338624222816,0.048621857712040015,-0.048621857712040015,0.27757378611484346,0.47688081697060863
reference_rectangle,133,2.216666666666667,4.216666666666667,"[-0.8846461580347142, 0.5205302711410023, -0.336891942831007]",113.72625789699669,39423,12,2,0.008406018266526979,0.0010026894250437367,0.0008604933552690484,0.022751549691125625,0.3106649404511885,-0.13187409397295458,0.13187409397295458,0.25044385439384326,0.501805044087
reference_rectangle,134,2.2333333333333334,4.233333333333333,"[-0.7685186164571903, 0.5474242622287856, -0.1595190651682995]",136.85380003699538,46444,24,9,0.006775727470023166,0.0007110131423292405,0.0005812118014528334,0.021955380126892195,0.27057162252743167,-0.09781744779022877,0.09781744779022877,0.22649073655027677,0.5645815465347672
reference_rectangle,135,2.25,4.25,"[-0.6523910748796665, 0.5743182533165689, 0.017853812494407983]",109.27897693800332,37454,12,2,0.005565676485493488,0.0006084374385339769,0.0005736550911401616,0.02137851201572778,0.24493403469310798,-0.07260305907178069,0.07260305907178069,0.21201174501692122,0.6460558269609722
reference_rectangle,136,2.2666666666666666,4.266666666666667,"[-0.5362635333021426, 0.6012122444043523, 0.19522669015711547]",100.75756986300257,34668,11,1,0.0050504143878921815,0.0005237536259293858,0.0004965599633919606,0.0211264416110102,0.20893982384039508,-0.030915725856078373,0.030915725856078373,0.19684247191241994,0.6615918599460112
reference_rectangle,137,2.283333333333333,4.283333333333333,"[-0.4201359917246188, 0.6281062354921356, 0.37259956781982295]",84.49598537100246,28270,11,1,0.004465178705592047,0.0006069662951429611,0.0006028857334200155,0.02084702964012624,0.20506299008780754,-0.03511414093800808,0.03511414093800808,0.18996817741896294,0.7248363140529346
reference_rectangle,138,2.3,4.3,"[-0.304008450147095, 0.655000226579919, 0.5499724454825304]",87.76646295399405,29882,11,1,0.004376963440883721,0.0004880778106274868,0.00047669851188042196,0.020724623831352148,0.1942036362143495,-0.005292915882499534,0.005292915882499534,0.19220427198931675,0.7492834902003581
reference_rectangle,139,2.316666666666667,4.316666666666666,"[-0.18788090856957107, 0.6818942176677023, 0.7273453231452379]",111.39197488500213,37256,14,3,0.004426125535216611,0.0005026371675324355,0.0004950549784496789,0.020628988665900103,0.19258705114174288,0.0029497256599733852,-0.0029497256599733852,0.1914920430713995,0.7463701575177614
reference_rectangle,140,2.3333333333333335,4.333333333333333,"[-0.07175336699204726, 0.7087882087554858, 0.9047182008079454]",112.29460443899734,38548,11,1,0.004666761036138613,0.0005980134676162069,0.0005939376618076817,0.020586120955423226,0.19738565415380666,0.014438130055320127,-0.014438130055320127,0.1917143897441879,0.7385775312601329
reference_rectangle,141,2.35,4.35,"[0.044374174585476656, 0.735682199843269, 1.0820910784706528]",128.64999434399942,43709,15,4,0.005327445997398238,0.000650810567260484,0.0005926390666409608,0.020590196403138552,0.21497467774608423,0.03964109767557748,-0.03964109767557748,0.19775317175985935,0.7218152319752755
reference_rectangle,142,2.3666666666666667,4.366666666666666,"[0.16050171616300046, 0.7625761909310524, 1.2594639561333603]",121.52863202300068,41694,16,4,0.006066864370821958,0.0007172851606609486,0.0006312366635668954,0.020653102192984673,0.22859640280233587,0.04436510240542321,-0.04436510240542321,0.2101405167954239,0.6698692101824539
reference_rectangle,143,2.3833333333333333,4.383333333333334,"[0.27662925774052427, 0.7894701820188358, 1.4368368337960677]",120.01402578900161,41601,13,3,0.0067933048455176785,0.0009065197786171267,0.0007706086630946236,0.02075502867234406,0.23570557944718432,0.04358642848174322,-0.04358642848174322,0.21890524864894692,0.6108199932542483
reference_rectangle,144,2.4,4.4,"[0.39275679931804797, 0.8163641731066191, 1.6142097114587755]",119.39158568200219,41133,14,3,0.008243856277379454,0.001147311504509185,0.0009424564075677117,0.021057124290146122,0.2690449317746567,0.0870330859117065,-0.0870330859117065,0.23109883428273884,0.5748597425238511
reference_rectangle,145,2.4166666666666665,4.416666666666667,"[0.4102008101925578, 0.8920151604007966, 1.4844830839036853]",103.82458439200127,33533,18,5,0.008585737164987395,0.0010486703086661738,0.0009513096933497038,0.02127066345560566,0.2621681955046293,0.020512853256476477,-0.020512853256476477,0.25610789016295554,0.5237407866540794
reference_rectangle,146,2.433333333333333,4.433333333333334,"[0.4276448210670675, 0.9676661476949743, 1.354756456348595]",107.26050950500212,36355,12,2,0.008837093720118061,0.0011338181266236185,0.0007998463560861666,0.021485544704934703,0.26559272966537223,0.015081393307839995,-0.015081393307839995,0.2613659108352606,0.5129703220484124
reference_rectangle,147,2.45,4.45,"[0.44508883194157733, 1.043317134989152, 1.2250298287935049]",108.24511617000098,36797,15,4,0.009330196756919394,0.0011487417612595532,0.0009852328959463676,0.021783224190878612,0.28395002047742024,0.029586182208079966,-0.029586182208079966,0.2748405830696029,0.5243321861870014
reference_rectangle,148,2.466666666666667,4.466666666666667,"[0.46253284281608714, 1.1189681222833294, 1.0953032012384147]",94.79764506500214,31365,13,2,0.010166107847279551,0.0011653965140593248,0.001016357421472158,0.022161891055602935,0.2966962713200632,0.05015466542160941,-0.05015466542160941,0.28014610650743604,0.505803674422931
reference_rectangle,149,2.4833333333333334,4.483333333333333,"[0.47997685369059695, 1.194619109577507, 0.9655765736833246]",169.85967450700264,57382,22,8,0.010614801072648923,0.001203965177690798,0.0010371002705412298,0.0224489170964918,0.30441861059172026,0.02692159352216235,-0.02692159352216235,0.2967478996423346,0.49142885109594625
reference_rectangle,150,2.5,4.5,"[0.4974208645651067, 1.2702700968716845, 0.8358499461282344]",140.38412786400295,47040,19,6,0.011537027348623044,0.0011935735718427531,0.0011477941452214253,0.02294531939005216,0.3220650481389149,0.055333576558447214,-0.055333576558447214,0.30433104401517963,0.4825077060900795
reference_rectangle,151,2.5166666666666666,4.516666666666667,"[0.5148648754396165, 1.345921084165862, 0.7061233185731441]",162.5194906770048,54836,21,8,0.01247101700200387,0.001321477214951274,0.0012463986679320269,0.023425736842787027,0.3386321656879904,0.05603937920284959,-0.05603937920284959,0.32121400261925315,0.4683009567678725
reference_rectangle,152,2.533333333333333,4.533333333333333,"[0.5323088863141263, 1.4215720714600395, 0.576396691018054]",207.2938486359999,70469,28,13,0.01348879588537739,0.0012928193395967981,0.0012620674372828497,0.02396673938375551,0.3546296664804281,0.061066733002411236,-0.061066733002411236,0.3358946487973635,0.452757577952915
reference_rectangle,153,2.55,4.55,"[0.5497528971886361, 1.497223058754217, 0.4466700634629639]",130.24376730900258,44195,14,3,0.014321351787352651,0.0014615037757833749,0.0014494078622837826,0.024404257761268096,0.35737861551567063,0.04995335411851563,-0.04995335411851563,0.34343029993156865,0.4275901687078904
reference_rectangle,154,2.566666666666667,4.566666666666666,"[0.5671969080631458, 1.5728740460483948, 0.31694343590787377]",174.94824741999764,58934,28,12,0.01493909241961399,0.0014078309521150416,0.0013473365780599393,0.024720238637369288,0.36275916424156107,0.037064437935680344,-0.037064437935680344,0.3533210207312494,0.4141352537796062
reference_rectangle,155,2.5833333333333335,4.583333333333333,"[0.5846409189376557, 1.6485250333425723, 0.18721680835278343]",87.54636296600074,29405,10,0,0.015673090738354333,0.0015780111957152596,0.0014953110079201153,0.02509689444231224,0.3840221489814178,0.044039899124420565,-0.044039899124420565,0.37244853243191234,0.41856776162646214
reference_rectangle,156,2.6,4.6,"[0.6020849298121654, 1.7241760206367498, 0.057490180797693205]",172.34869001100014,58872,23,9,0.016194630312571987,0.0017003430817399319,0.0015809203229698989,0.025346061954007654,0.4052902724855288,0.03129237445305924,-0.03129237445305924,0.3975205825695768,0.4259332937942246
reference_rectangle,157,2.6166666666666667,4.616666666666666,"[0.42924742966365126, 1.4746712269494242, 0.02671042269292088]",107.68754062800144,37079,11,1,0.010305424517596617,0.001211894266972809,0.0011061969030441274,0.02218110375373025,0.5130424575106637,-0.3533523476985222,0.3533523476985222,0.29671831473514954,0.48460190569478423
reference_rectangle,158,2.6333333333333333,4.633333333333334,"[0.25640992951513714, 1.2251664332620984, -0.004069335411851442]",197.80696143199748,65114,39,19,0.006650292481634722,0.0008656717356280727,0.0008288985267122887,0.020895590640930446,0.34889513422407636,-0.21930792215771372,0.21930792215771372,0.21798182573944536,0.553328276868573
reference_rectangle,159,2.65,4.65,"[0.08357242936662301, 0.9756616395747728, -0.03484909351662377]",198.13205869000376,66851,31,15,0.00427563799908218,0.0005922531710776092,0.0005648173122808549,0.020403509732565616,0.2631754610903934,-0.1424792689531525,0.1424792689531525,0.17742105098105757,0.7061790783545647
reference_rectangle,160,2.6666666666666665,4.666666666666667,"[-0.08926507078189116, 0.7261568458874471, -0.06562885162139609]",190.9119563369968,65359,27,12,0.0037278176264406116,0.0006541897556032689,0.0005704281655847696,0.020433852930977332,0.21528841156104617,-0.03286922235849413,0.03286922235849413,0.19866709668472293,0.9203601975010198
reference_rectangle,161,2.683333333333333,4.683333333333334,"[-0.26210257093040534, 0.4766520522001214, -0.09640860972616842]",109.89243351099867,37193,14,3,0.00513432781174811,0.0008968767628533653,0.0006345215353770914,0.020907693206441837,0.23924808431517042,0.08439061111844989,-0.08439061111844989,0.190757594475796,0.8810805468673099
reference_rectangle,162,2.7,4.7,"[-0.4349400710789194, 0.22714725851279582, -0.12718836783094073]",155.3668899530021,52261,24,10,0.007404025770967547,0.001097578791326293,0.0008203193719071559,0.0218255836484635,0.2868371688545896,0.13618187755316621,-0.13618187755316621,0.21022288491884875,0.6963966672486391
reference_rectangle,163,2.716666666666667,4.716666666666667,"[-0.6077775712274337, -0.022357535174529986, -0.15796812593571308]",110.17293519400118,37775,11,1,0.010269613673028874,0.001269597843974374,0.0009418680755304114,0.023345656349610024,0.34013081301786924,0.17193527412367965,-0.17193527412367965,0.2491880153983509,0.5685561102216744
reference_rectangle,164,2.7333333333333334,4.733333333333333,"[-0.7806150713759478, -0.2718623288618556, -0.18874788404048537]",176.66361679600232,60480,22,9,0.013206251308196824,0.0016702584733830047,0.0012005205291859683,0.025164958535927626,0.38137615161364224,0.176198258110077,-0.176198258110077,0.2982661541961118,0.4889143565531008
reference_rectangle,165,2.75,4.75,"[-0.9534525715244618, -0.5213671225491814, -0.21952764214525772]",130.96325565099687,43854,20,7,0.016579154238979744,0.0020189244801447582,0.0015788610513037793,0.02751763523751084,0.4567709941266814,0.2023741758469752,-0.2023741758469752,0.36547272169106015,0.4654265608960659
reference_rectangle,166,2.7666666666666666,4.766666666666667,"[-1.126290071672976, -0.770871916236507, -0.25030740025003007]",153.6145996510022,52166,20,7,0.01962236268710199,0.0020624456522167064,0.0016892384484544904,0.029859753534156767,0.503872891136365,0.18259250688733478,-0.18259250688733478,0.4316750693176893,0.43743288830766774
reference_rectangle,167,2.783333333333333,4.783333333333333,"[-1.29912757182149, -1.0203767099238326, -0.28108715835480236]",157.12000187699596,53391,20,8,0.022224599269476696,0.0018348621696648078,0.0015142482529306319,0.03191694706161802,0.523848349759787,0.1561341949424823,-0.1561341949424823,0.4698537917994026,0.40177712499776297
reference_rectangle,168,2.8,4.8,"[-1.4719650719700041, -1.2698815036111584, -0.3118669164595747]",102.98001735000435,34105,11,1,0.02507310751393349,0.002490251087281677,0.002001648487348936,0.03430660472710952,0.5642417543799506,0.17091049466740768,-0.17091049466740768,0.5062683346778224,0.38197864219112254
reference_rectangle,169,2.816666666666667,4.816666666666666,"[-1.377183081496782, -1.2375572572056495, -0.24578696297605518]",192.49563317799766,63636,35,16,0.01765325887983377,0.0018972192436796495,0.0015176443936255953,0.028580122340443964,0.677485090822251,-0.4451909180459832,0.4451909180459832,0.4285038638064569,0.40736685515151533
reference_rectangle,170,2.8333333333333335,4.833333333333333,"[-1.28240109102356, -1.2052330108001406, -0.17970700949253568]",187.1893120829991,64230,22,9,0.013593341099043647,0.0015982246929500208,0.0013478321042895793,0.025783987788727803,0.49772758979104387,-0.2435950668474074,0.2435950668474074,0.3808767153024273,0.4713403029540358
reference_rectangle,171,2.85,4.85,"[-1.1876191005503378, -1.1729087643946317, -0.11362705600901618]",149.45423898000445,49860,23,9,0.010891762520412854,0.0014967314156036629,0.0012592586361152716,0.024088274565020936,0.3916282979173125,-0.16209471471784753,0.16209471471784753,0.31912099626803275,0.49330844876449786
reference_rectangle,172,2.8666666666666667,4.866666666666666,"[-1.0928371100771157, -1.1405845179891227, -0.047547102525496654]",168.13912799800164,55073,30,13,0.009339381014020454,0.0013546040332023895,0.0012069160946494044,0.02314870709645647,0.33506165024564816,-0.09314289038354404,0.09314289038354404,0.2980371301075113,0.5383417642933122
reference_rectangle,173,2.8833333333333333,4.883333333333334,"[-0.9980551196038936, -1.1082602715836138, 0.018532850958022873]",158.99043368599814,54092,17,5,0.007857200239951906,0.0010761070191495966,0.0010008031981373969,0.022365149042668217,0.28698647452751963,-0.08893084644411291,0.08893084644411291,0.2502733612896722,0.5373195034139293
reference_rectangle,174,2.9,4.9,"[-0.9032731291306715, -1.075936025178105, 0.08461280444154234]",196.42370335200394,67661,19,7,0.0067459025664064285,0.0009332515520100497,0.0008855389253327532,0.021817995594591136,0.2496536872185893,-0.06667786041272862,0.06667786041272862,0.22292266877342068,0.5579706232392129
reference_rectangle,175,2.9166666666666665,4.916666666666667,"[-0.8084911386574494, -1.043611778772596, 0.15069275792506187]",221.8271743389996,74349,36,17,0.00564835900113431,0.0009592900520821652,0.0008189157790380212,0.02134903624233957,0.22946673787393976,-0.0658526139163271,0.0658526139163271,0.20113954474447407,0.6025796650638544
reference_rectangle,176,2.933333333333333,4.933333333333334,"[-0.7137091481842273, -1.0112875323670871, 0.2167727114085814]",224.78474446899781,73964,39,19,0.004997193529837149,0.0007883991102110887,0.000689730639786904,0.021080012974870856,0.1983121689861414,-0.03906992827782969,0.03906992827782969,0.1828753034245175,0.6197998843287067
reference_rectangle,177,2.95,4.95,"[-0.6189271577110051, -0.9789632859615782, 0.28285266489210087]",226.66267362800136,74694,39,19,0.004118147611322643,0.0005623018084697966,0.0005266543849536647,0.02075078842705231,0.1952760288998557,-0.05274275511087036,0.05274275511087036,0.17068222174739153,0.7053008131930646
reference_rectangle,178,2.966666666666667,4.966666666666667,"[-0.524145167237783, -0.9466390395560693, 0.34893261837562045]",227.9574253269966,74648,41,20,0.003792792465740644,0.0005106935249179782,0.00044004097977715816,0.020604188675485087,0.18032146375493832,-0.01952130873491991,0.01952130873491991,0.17203469416028325,0.7752398762235939
reference_rectangle,179,2.9833333333333334,4.983333333333333,"[-0.4293631767645609, -0.9143147931505604, 0.4150125718591399]",238.04034571500233,78103,39,19,0.0036561162469841728,0.0005509809674468158,0.0005424007034120479,0.020517104273585926,0.17900048437551488,-0.00820057312538828,0.00820057312538828,0.17556115416504148,0.8233698061785403
reference_rectangle,180,3.0,5.0,"[-0.3345811862913388, -0.8819905467450516, 0.4810925253426594]",227.92339427799743,74394,44,21,0.003744773560128627,0.0008279929343925057,0.0007143838333097734,0.020496863871943438,0.18088084789888523,0.0053194387886672505,-0.0053194387886672505,0.1786495467201129,0.8387580082757168
reference_rectangle,181,3.0166666666666666,5.016666666666667,"[-0.3964247663584502, -0.9350388598429338, 0.4270188359017022]",220.82010073499987,71513,42,21,0.0036574519541788184,0.0005702512204408348,0.0005087369666778925,0.0205204559262544,0.17990372835844395,-0.005239296356988514,0.005239296356988514,0.17771842234476715,0.8337894928766771
reference_rectangle,182,3.033333333333333,5.033333333333333,"[-0.45826834642556163, -0.9880871729408159, 0.37294514646074495]",227.73981215700042,74573,38,19,0.004257628335775793,0.0006325938686668511,0.0005705601134553475,0.020682772763269297,0.1796298788866347,0.036010582895818474,-0.036010582895818474,0.16310863919381757,0.7615399564354308
reference_rectangle,183,3.05,5.05,"[-0.520111926492673, -1.041135486038698, 0.31887145701978775]",232.79210325900203,74927,44,22,0.005130367467008234,0.0010702816468631088,0.0008135524513574041,0.020906014761492116,0.2100456143391687,0.05236434787394649,-0.05236434787394649,0.18530615568911318,0.7423150940663849
reference_rectangle,184,3.066666666666667,5.066666666666666,"[-0.5819555065597845, -1.0941837991365804, 0.26479776757883056]",225.80500796999695,71378,51,25,0.0051541568331362865,0.0011427210104651695,0.0010042583805972454,0.0209323880419924,0.22858942866987297,0.0014273619676831266,-0.0014273619676831266,0.2280568372843039,0.7589570937535886
reference_rectangle,185,3.0833333333333335,5.083333333333333,"[-0.6437990866268959, -1.1472321122344624, 0.2107240781378733]",247.66017055599514,82249,36,17,0.005728294193738434,0.0008117081430328629,0.0007922125698447257,0.021068414219868388,0.22920756638345652,0.03444824163612886,-0.03444824163612886,0.21494827240293257,0.7098759929094633
reference_rectangle,186,3.1,5.1,"[-0.7056426666940072, -1.2002804253323447, 0.1566503886969161]",224.80012741999963,72978,42,21,0.006316807685205286,0.0010391327206851256,0.0008451977537404295,0.021209165259219877,0.22414455274673964,0.03531080948801113,-0.03531080948801113,0.21078269657324236,0.6233213049762428
reference_rectangle,187,3.1166666666666667,5.116666666666666,"[-0.7674862467611187, -1.2533287384302267, 0.10257669925595886]",218.42519133300084,69159,53,26,0.00670498644950836,0.0009893396284708612,0.0009345755927153973,0.02137707637519448,0.2337778784171871,0.023290725858184404,-0.023290725858184404,0.2257808957009167,0.6048946304628482
reference_rectangle,188,3.1333333333333333,5.133333333333334,"[-0.8293298268282301, -1.306377051528109, 0.04850300981500166]",231.44245104299625,72875,53,26,0.00730475057028871,0.0013874064809367298,0.001290397637794445,0.0216351631631417,0.24183983821999594,0.03598584724682101,-0.03598584724682101,0.22911952466950178,0.5775175308228421
reference_rectangle,189,3.15,5.15,"[-0.8911734068953414, -1.359425364625991, -0.0055706796259555325]",231.62136012200062,74165,47,23,0.008077025188028601,0.0011879360015708228,0.0010773843018676448,0.02191673255053788,0.2448955362695538,0.04633647706439348,-0.04633647706439348,0.22868695213253412,0.5278846922176251
reference_rectangle,190,3.1666666666666665,5.166666666666667,"[-0.9530169869624529, -1.4124736777238733, -0.059644369066912784]",224.3228744309963,70314,51,25,0.00893027337273638,0.001400514932117778,0.001171551571072813,0.022309660952861306,0.2761789657604662,0.05119489108246677,-0.05119489108246677,0.25810191583819797,0.5390886877414893
reference_rectangle,191,3.183333333333333,5.183333333333334,"[-1.0148605670295643, -1.4655219908217556, -0.11371805850787003]",233.42303813600302,72722,56,28,0.009428167763255129,0.0014145271095559523,0.0012001326695649974,0.022525660620612013,0.26924913749447343,0.02987366343112488,-0.02987366343112488,0.2604253827372749,0.4909505247194403
reference_rectangle,192,3.2,5.2,"[-1.0767041470966756, -1.5185703039196377, -0.16779174794882717]",224.68900214799942,70563,50,24,0.010626602220146263,0.0014841287627994073,0.0014451671994346875,0.023041234877465108,0.30467434074336286,0.07190606741346806,-0.07190606741346806,0.27887346458417567,0.49811288606280046
reference_rectangle,193,3.216666666666667,5.216666666666667,"[-0.9317178419517629, -1.3333458573398154, -0.11192287456820196]",223.76976669999567,68418,60,30,0.008478523782360477,0.001462292094593811,0.0012581303313126966,0.022099682689623718,0.3197649887561436,-0.12888470626714718,0.12888470626714718,0.26139491341794713,0.5196649570142194
reference_rectangle,194,3.2333333333333334,5.233333333333333,"[-0.7867315368068502, -1.1481214107599933, -0.056054001187576766]",239.59594240099977,75675,52,26,0.006457047336461973,0.001270095054760906,0.0012672536100698626,0.021376143296937287,0.28669838099104905,-0.1212885867539102,0.1212885867539102,0.22670475005280621,0.5938486676049826
reference_rectangle,195,3.25,5.25,"[-0.6417452316619374, -0.962896964180171, -0.00018512780695156827]",240.54779862999567,74683,58,29,0.005103377384109841,0.0009526910142063003,0.0009465875724240156,0.02098289088350997,0.23567936988104887,-0.08122019714112792,0.08122019714112792,0.1966887554743905,0.6539381552795036
reference_rectangle,196,3.2666666666666666,5.266666666666667,"[-0.4967589265170247, -0.7776725176003488, 0.05568374557367364]",243.97964417799813,76605,54,27,0.004100499566605037,0.0007057473695312797,0.0006874210968202037,0.020781139600678292,0.21731021035136008,-0.060172669050288265,0.060172669050288265,0.1871749026078284,0.7804368840293495
reference_rectangle,197,3.283333333333333,5.283333333333333,"[-0.35177262137211196, -0.5924480710205267, 0.11155261895429885]",222.74392450400046,67837,62,31,0.0034750228875274013,0.0006513618841708385,0.0006340600344687517,0.020655021885812287,0.1998095968158955,-0.03752860074465813,0.03752860074465813,0.18066669576858033,0.8961927058747857
reference_rectangle,198,3.3,5.3,"[-0.20678631622719923, -0.40722362444070437, 0.16742149233492404]",235.68108269700315,72901,60,30,0.00328300580658836,0.0004939166241187471,0.0004839992037396316,0.0206673166675141,0.19686584278297092,-0.011521024856342467,0.011521024856342467,0.19102156028392833,1.0124397041329798
reference_rectangle,199,3.316666666666667,5.316666666666666,"[-0.0618000110822865, -0.2219991778608823, 0.22329036571554928]",233.76310203100002,73004,56,28,0.0036769591335958597,0.0007140109007948692,0.0007010154410179151,0.020767578186304432,0.19613222345140335,0.023637199620449967,-0.023637199620449967,0.18397691977703504,0.9717744497664804
reference_rectangle,200,3.3333333333333335,5.333333333333333,"[0.08318629406262623, -0.036774731281060014, 0.27915923909617446]",228.66141180699924,70102,62,31,0.004312885665608456,0.000647665141278277,0.0006364273417465325,0.020910558477144084,0.2090946759845393,0.038155591920755794,-0.038155591920755794,0.18982329191162658,0.889448480620124
reference_rectangle,201,3.35,5.35,"[0.22817259920753896, 0.14844971529876227, 0.3350281124767997]",229.61900631199387,70928,60,30,0.004834141191241135,0.0008307575351336225,0.0008249782002625936,0.021024414117541364,0.23274253000199133,0.031275331537960735,-0.031275331537960735,0.2178427623474024,0.8689066064914865
reference_rectangle,202,3.3666666666666667,5.366666666666666,"[0.3731589043524517, 0.33367416187858434, 0.3908969858574249]",237.84647030100314,74147,59,29,0.005970854810815434,0.0010012675402943216,0.0009656876292951207,0.02126829498558174,0.2732743520821842,0.06820281717445795,-0.06820281717445795,0.23810852089317006,0.8459242120476986
reference_rectangle,203,3.3833333333333333,5.383333333333334,"[0.5181452094973644, 0.5188986084584066, 0.44676585923805007]",244.8929840980054,76579,56,28,0.007295407130718399,0.0008859085907031182,0.0008520160721207035,0.02169292811252433,0.3008987440971468,0.0794731391941779,-0.0794731391941779,0.26254975180688084,0.7503436108847034
reference_rectangle,204,3.4,5.4,"[0.6631315146422772, 0.7041230550382289, 0.5026347326186753]",238.55651299099554,73124,62,31,0.00877728054166188,0.0009530948917213718,0.0008630612110291035,0.02211086277443305,0.35115248656358744,0.08891240465660888,-0.08891240465660888,0.3097081782099815,0.7231989532084727
reference_rectangle,205,3.4166666666666665,5.416666666666667,"[0.6450141373943367, 0.644233343350116, 0.3518536196918691]",249.15491387100337,77727,58,29,0.006793333772073112,0.0008358102257672289,0.0007810079274549667,0.021386975130402937,0.3148207416938131,-0.11903680617532608,0.11903680617532608,0.25640328939189033,0.6399188769887592
reference_rectangle,206,3.433333333333333,5.433333333333334,"[0.6268967601463961, 0.584343631662003, 0.20107250676506289]",244.99519119800243,75749,60,30,0.005441941782094472,0.0006972804238913295,0.0006222826854569215,0.020963882624256584,0.27964494597777184,-0.08108351939871841,0.08108351939871841,0.2395372826207339,0.7511495674428738
reference_rectangle,207,3.45,5.45,"[0.6087793828984556, 0.5244539199738899, 0.05029139383825665]",248.3570139739968,76682,60,30,0.0046862588719328285,0.0007771586005186425,0.000565617559680442,0.020737629391268615,0.2544574047859612,-0.04534097460969862,0.04534097460969862,0.23235119519322814,0.8518826671675782
reference_rectangle,208,3.466666666666667,5.466666666666667,"[0.5906620056505151, 0.46456420828577694, -0.10048971908854953]",246.38121022999985,75280,64,32,0.004143538948755586,0.0005852780457097812,0.0004823358781139316,0.020583827402358458,0.22962475034502405,-0.032563195390634556,0.032563195390634556,0.21373708793399396,0.8886758283398358
reference_rectangle,209,3.4833333333333334,5.483333333333333,"[0.5725446284025746, 0.40467449659766397, -0.2512708320153557]",248.69945051799732,76920,63,31,0.0037252701747542373,0.0006049326427597055,0.0005460380465128208,0.020464078289946036,0.21572277721443028,-0.025096126440080913,0.025096126440080913,0.2031562890390568,0.9435214309712447
reference_rectangle,210,3.5,5.5,"[0.554427251154634, 0.34478478490955095, -0.402051944942162]",255.62556366100034,78524,62,31,0.003450557269914527,0.0004369970524956391,0.0003661608117548163,0.020362908492948556,0.19277471559342746,-0.016482774290382626,0.016482774290382626,0.18485128252237215,0.9255402366935725
reference_rectangle,211,3.5166666666666666,5.516666666666667,"[0.5363098739066935, 0.2848950732214379, -0.5528330578689682]",250.5612427649976,76580,62,31,0.003280234891787609,0.0005996262899630742,0.0005434856856220255,0.02030729003524473,0.19575005134121579,-0.010219342687615074,0.010219342687615074,0.1905974558839722,1.0109128195343264
reference_rectangle,212,3.533333333333333,5.533333333333333,"[0.518192496658753, 0.22500536153332495, -0.7036141707957744]",246.59470542299823,75079,64,32,0.003161878301550778,0.0005939453189236901,0.0004556673545591235,0.020298797688933015,0.1835592594517294,-0.007101395414209847,0.007101395414209847,0.1800823512170805,0.9890613378454873
reference_rectangle,213,3.55,5.55,"[0.5000751194108124, 0.165115649845212, -0.8543952837225806]",271.9070008280032,84495,59,29,0.0029574211449014368,0.0004656115300932804,0.0004259250317830079,0.020215405938043562,0.18042892231100613,-0.012267429398960484,0.012267429398960484,0.1740940926907863,1.0254580231474602
reference_rectangle,214,3.566666666666667,5.566666666666666,"[0.4819577421628719, 0.10522593815709902, -1.0051763966493867]",262.7397077419955,81162,60,30,0.002644752042521784,0.00041305465980923686,0.00032599233383771896,0.020194605349518974,0.16740612126761897,-0.018760146142779162,0.018760146142779162,0.15731240354692708,1.0372230359366967
reference_rectangle,215,3.5833333333333335,5.583333333333333,"[0.4638403649149314, 0.04533622646898594, -1.155957509576193]",262.7168899230019,79890,66,33,0.0024486342321943222,0.0003810889508191426,0.0003218542154329162,0.02019117690807978,0.1625011875233245,-0.011767068619647708,0.011767068619647708,0.15594964976707917,1.118939457359082
reference_rectangle,216,3.6,5.6,"[0.44572298766699087, -0.01455348521912706, -1.306738622502999]",259.47955242900207,79472,65,32,0.0024499599750794233,0.00041301692561070325,0.0003864593616530158,0.020194524159008655,0.16200225520395978,7.954457310606171e-05,-7.954457310606171e-05,0.16195839774002144,1.1675703625181755
reference_rectangle,217,3.6166666666666667,5.616666666666666,"[0.5081056840294665, -0.07756908644592246, -1.1355838439599621]",265.5008426639979,81379,65,32,0.0029180405750054775,0.0005682038054205356,0.0005662380035071664,0.019958768892686107,0.18025763288928445,0.028084835995563252,-0.028084835995563252,0.163151565769622,1.1765969804324103
reference_rectangle,218,3.6333333333333333,5.633333333333334,"[0.5704883803919422, -0.14058468767271787, -0.964429065416925]",273.9101266700018,85140,63,31,0.003792755743477314,0.0005119076138961732,0.0004140722307088936,0.019779248769779552,0.21330487307544002,0.052482910108310195,-0.052482910108310195,0.1813461803978139,1.0887604176920724
reference_rectangle,219,3.65,5.65,"[0.6328710767544178, -0.2036002888995133, -0.793274286873888]",258.5603177300072,79284,64,32,0.005182475790943938,0.0007238547007540655,0.0005433423493403396,0.019676187529445645,0.25553581350451054,0.08338320284799741,-0.08338320284799741,0.20663960904759515,0.9425498022816144
reference_rectangle,220,3.6666666666666665,5.666666666666667,"[0.6952537731168934, -0.2666158901263087, -0.622119508330851]",258.15891211800044,79313,65,32,0.006793420472140431,0.0008151104849900318,0.0007009539922520733,0.01972625528185552,0.2972964302702145,0.09665668087178958,-0.09665668087178958,0.24555860008294922,0.8118180220192803
reference_rectangle,221,3.683333333333333,5.683333333333334,"[0.7576364694793691, -0.3296314913531041, -0.4509647297878139]",274.02983672301343,83452,64,32,0.008793383148738851,0.001449769029461402,0.0012842636893618236,0.019970808205584646,0.355979479539179,0.11999776059590524,-0.11999776059590524,0.29457678827887845,0.7394319235663883
reference_rectangle,222,3.7,5.7,"[0.8200191658418448, -0.39264709257989955, -0.2798099512447769]",260.9703054929996,79740,64,32,0.010129628745441373,0.0013443791266998144,0.0011997780722114266,0.020285568448843844,0.3894211674804838,0.08017473580215134,-0.08017473580215134,0.3550550813553871,0.6863516021951213
reference_rectangle,223,3.716666666666667,5.716666666666667,"[0.8824018622043204, -0.45566269380669494, -0.10865517270173974]",262.00945303098706,79880,64,32,0.011805371678580218,0.0013665041506705506,0.0012103058429259097,0.020779391333742427,0.42140213448532027,0.10054457598833069,-0.10054457598833069,0.37907587972300566,0.6342875297232948
reference_rectangle,224,3.7333333333333334,5.733333333333333,"[0.944784558566796, -0.5186782950334903, 0.06249960584129721]",262.9946680330031,80033,65,32,0.013325850363786883,0.0019268529377095814,0.0017387071895297325,0.02135242029522126,0.4685597318639435,0.09122872111239987,-0.09122872111239987,0.4325791507620536,0.62062188949861
reference_rectangle,225,3.75,5.75,"[1.0071672549292716, -0.5816938962602857, 0.23365438438433417]",261.73102264199406,80601,60,30,0.014666310346844826,0.0018909515716714433,0.0017034862318523161,0.02195972081770605,0.488200051369999,0.08042759898347657,-0.08042759898347657,0.458997118772635,0.5822588130719887
reference_rectangle,226,3.7666666666666666,5.766666666666667,"[1.0695499512917472, -0.6447094974870811, 0.40480916292737135]",270.2112865149975,83062,65,32,0.015655604274935852,0.0017775207269607532,0.0014076856689268333,0.02249640467354519,0.521953922875685,0.05935763568546158,-0.05935763568546158,0.5019160324179125,0.5784019901778557
reference_rectangle,227,3.783333333333333,5.783333333333333,"[1.1319326476542229, -0.7077250987138765, 0.5759639414704083]",267.85109497600934,82157,65,32,0.01686044295196382,0.001699459049293034,0.0015969280339749583,0.02312131100550645,0.5468643519122375,0.07229032062167809,-0.07229032062167809,0.5223384426504178,0.5634976047072863
reference_rectangle,228,3.8,5.8,"[1.1943153440166985, -0.770740699940672, 0.7471187200134451]",272.9237501280004,83451,66,33,0.017799574983321798,0.0017958113682295534,0.0016635794614627396,0.02368024243887232,0.5550687068553476,0.05634792188147865,-0.05634792188147865,0.5374363427527306,0.5377142767294855
reference_rectangle,229,3.816666666666667,5.816666666666666,"[1.2235539854748048, -0.743378187391606, 0.676311208706023]",276.24385501899815,84410,65,32,0.015000895111830457,0.0017265538907981735,0.0014453956846735472,0.02224258444152683,0.578136804361102,-0.16792079228948045,0.16792079228948045,0.5078626256125054,0.5720252144647574
reference_rectangle,230,3.8333333333333335,5.833333333333333,"[1.2527926269329113, -0.71601567484254, 0.6055036973986008]",286.98660003799887,87191,64,32,0.012938503714370084,0.0016862008590349225,0.0012810703318453403,0.021384707739004416,0.5065515902515181,-0.12374348384762232,0.12374348384762232,0.4561902086701087,0.5964406045551738
reference_rectangle,231,3.85,5.85,"[1.2820312683910176, -0.6886531622934741, 0.5346961860911785]",274.01502475200687,83823,64,32,0.011589494837398639,0.001389701470825709,0.0011937125651622646,0.020945061092062178,0.4791534209713271,-0.08094053261828674,0.08094053261828674,0.4469699476042869,0.6543943265709089
reference_rectangle,232,3.8666666666666667,5.866666666666666,"[1.3112699098491238, -0.6612906497444081, 0.4638886747837564]",270.2331990770035,82284,64,32,0.010727681271523747,0.00130779750616038,0.0011827843112225632,0.020667346225949953,0.4370935291477057,-0.05170881395249349,0.05170881395249349,0.4175750677568792,0.6607019754705122
reference_rectangle,233,3.8833333333333333,5.883333333333334,"[1.3405085513072301, -0.6339281371953421, 0.3930811634763342]",277.80031234900525,84539,65,32,0.009842957210818603,0.0015429667849228966,0.0012007241205295846,0.020459941727260584,0.41303225307270564,-0.05308344364230864,0.05308344364230864,0.392353112835181,0.6772225330889386
reference_rectangle,234,3.9,5.9,"[1.3697471927653364, -0.6065656246462762, 0.322273652168912]",282.5517487650068,86080,67,33,0.009124879847267542,0.0014014671409529173,0.0011016571803081458,0.02028706453251288,0.37500343988442764,-0.04308464181306371,0.04308464181306371,0.3586745788243665,0.6674420118843177
reference_rectangle,235,3.9166666666666665,5.916666666666667,"[1.398985834223443, -0.5792031120972102, 0.25146614086148983]",289.95735864200105,88270,66,33,0.00845018827908889,0.001390315604742743,0.0011038131002999957,0.020130140953821738,0.34609749396966205,-0.04048149409071909,0.04048149409071909,0.3307705089500711,0.6645541368207999
reference_rectangle,236,3.933333333333333,5.933333333333334,"[1.4282244756815492, -0.5518405995481442, 0.18065862955406764]",300.13468204499804,91317,65,32,0.007690470381671637,0.0012600140887731011,0.0010627874707150099,0.019987787265164415,0.32290330659512645,-0.0455830738450352,0.0455830738450352,0.3049613190859891,0.673568460978018
reference_rectangle,237,3.95,5.95,"[1.4574631171396555, -0.5244780869990783, 0.1098511182466454]",280.8808830670023,84988,64,32,0.007308098477136071,0.0014166844132416897,0.0012562541579320679,0.019930996895119887,0.3183864607519774,-0.02294231427213394,0.02294231427213394,0.3095636006764363,0.7215330198648086
reference_rectangle,238,3.966666666666667,5.966666666666667,"[1.486701758597762, -0.49711557445001225, 0.03904360693922326]",283.9350777290092,86004,66,33,0.0068298290553415264,0.0011573649185923618,0.000993887276010618,0.01988099378985203,0.3068101882567385,-0.02869616530767267,0.02869616530767267,0.29530074290450653,0.7371953064631377
reference_rectangle,239,3.9833333333333334,5.983333333333333,"[1.5159404000558683, -0.4697530619009463, -0.03176390436819887]",284.6239680340077,86553,65,32,0.0064655487321400185,0.0011062289945200862,0.0009781040852978784,0.019905956509388055,0.3010365170913524,-0.021856819392090474,0.021856819392090474,0.2921253430781699,0.7720637462062485
triangular_flag,0,0.0,2.0,"[0.0, 0.0, 0.0]",1.2716880350053543,192,2,0,0.0,0.0,0.0,0.019572307940224163,0.0,0.0,-0.0,0.0,
triangular_flag,1,0.016666666666666666,2.0166666666666666,"[-0.00020461909917519409, 0.00010585701397545651, -0.00020653589065703913]",1.1626800850062864,192,2,0,1.3414162317550053e-10,9.456184560040037e-12,9.456184560040037e-12,0.019572307940224163,8.048497390530033e-09,8.048497390530033e-09,-8.048497390530033e-09,0.0,
triangular_flag,2,0.03333333333333333,2.033333333333333,"[-0.0009103224696260057, 0.0004709434201294458, -0.0009188500135480777]",1.1616601520072436,192,2,0,2.6549709836730283e-09,1.8716016790906917e-10,1.8716016790906917e-10,0.019572307940224343,1.512497616298563e-07,1.5124976162985168e-07,-1.5124976162985168e-07,8.452438126281511e-15,1.0501883415191449e-06
triangular_flag,3,0.05,2.05,"[-0.002399623981236367, 0.001241414072984899, -0.0024221027177052773]",1.1596035950060468,192,2,0,1.8447694040538152e-08,1.3004834648449777e-09,1.3004834648449777e-09,0.019572307940232857,9.475633834170397e-07,9.475633834119073e-07,-9.475633834119073e-07,1.1831437997751574e-12,7.427223668693689e-06
triangular_flag,4,0.06666666666666667,2.066666666666667,"[-0.004941086201673721, 0.002556206303384603, -0.004987372359616002]",1.1631952729949262,192,2,0,7.82093325105741e-08,5.5137998863408175e-09,5.513799886340816e-09,0.01957230794038041,3.5856983086968595e-06,3.5856983082021576e-06,-3.5856983082021576e-06,2.8927844562244563e-11,2.613501403797853e-05
triangular_flag,5,0.08333333333333333,2.0833333333333335,"[-0.00878932039638902, 0.0045470399184912, -0.00887165530322282]",1.1598333699948853,192,2,0,2.4741699179222496e-07,1.7446145636885168e-08,1.7446145636885062e-08,0.01957230794178759,1.0152459586474179e-05,1.0152459556899051e-05,-1.0152459556899051e-05,4.3569092082345673e-10,9.284717202622988e-05
triangular_flag,6,0.1,2.1,"[-0.014184986528616722, 0.0073384172017871875, -0.014317865919923492]",1.2115054479945684,225,2,0,6.441609750667888e-07,4.5552880084896967e-08,4.555288008487373e-08,0.019572307950816548,2.380464150525954e-05,2.3804638996473828e-05,-2.3804638996473828e-05,6.773219499305369e-09,0.00045626208538282947
triangular_flag,7,0.11666666666666667,2.1166666666666667,"[-0.021354793259374803, 0.011047622913074918, -0.021554836588570995]",1.3884099970018724,292,3,0,1.4588079284214083e-06,1.050889296909067e-07,1.050889296871981e-07,0.019572307994470097,4.887907542718065e-05,4.887881720127717e-05,-4.887881720127717e-05,1.055781301429898e-07,0.0027316713020420135
triangular_flag,8,0.13333333333333333,2.1333333333333333,"[-0.030511497947464737, 0.015784724288476593, -0.030797317695473496]",1.435891183995409,362,3,0,2.974417632329429e-06,2.413522726773345e-07,2.41352272019556e-07,0.019572308165269257,9.096374766277105e-05,9.093658223448125e-05,-9.093658223448125e-05,1.5567651671535144e-06,0.017786048191614473
triangular_flag,9,0.15,2.15,"[-0.041853906649471515, 0.021652571040434283, -0.04224597763439437]",1.4930570930009708,410,3,0,5.657510218032994e-06,8.838125953584078e-07,8.838123774199521e-07,0.019572308837771085,0.00016382813768279342,0.00016098555514221387,-0.00016098555514221387,2.2032410093707228e-05,0.12353357024354246
triangular_flag,10,0.16666666666666666,2.1666666666666665,"[-0.05556687411976364, 0.028746795357709902, -0.05608740280655219]",1.592486314009875,482,3,0,1.2089935218810779e-05,3.725036913010916e-06,3.7250110142830054e-06,0.019572316745584996,0.0004372072468199356,0.0003859455000466671,-0.0003859455000466671,0.00014051982587191553,0.41697676202118306
triangular_flag,11,0.18333333333333332,2.183333333333333,"[-0.07182130381049315, 0.03715581190538524, -0.07249409762062076]",1.6013121939904522,508,3,0,2.2451484566937285e-05,5.259294179703495e-06,5.25870827404547e-06,0.01957233828265639,0.0009400541852783077,0.0006216929608875904,-0.0006216929608875904,0.0005174339244587587,0.7293723354128324
triangular_flag,12,0.2,2.2,"[-0.09077414787159548, 0.046960817824861896, -0.09162448449272899]",1.62828198299394,527,3,0,4.350016456600936e-05,1.2372601803442533e-05,1.2371447992400091e-05,0.019572400368948466,0.0018771549257104497,0.0012629207999443244,-0.0012629207999443244,0.000997732486390613,0.7587265050824976
triangular_flag,13,0.21666666666666667,2.216666666666667,"[-0.11001798987239077, 0.058219335341738655, -0.09916805701317656]",1.785331651000888,638,3,0,7.004672470459558e-05,2.5363178218188878e-05,2.534509515541151e-05,0.019572540530024846,0.0029260563571088523,0.0015927936083151733,-0.0015927936083151733,0.0019342979302008649,0.7592102998144359
triangular_flag,14,0.23333333333333334,2.2333333333333334,"[-0.13155462802857004, 0.07101021106637252, -0.10586913877562815]",1.7863665049953852,697,2,0,9.316998957384102e-05,1.8385964499747302e-05,1.8379575990923436e-05,0.019572943420886592,0.003893623554873101,0.001387395892154726,-0.001387395892154726,0.0031544600824362614,0.7693986703084709
triangular_flag,15,0.25,2.25,"[-0.15545293255809925, 0.0853926912678443, -0.11158190241588051]",1.8831821809872054,770,2,0,0.00013097566851426453,2.6720333180967592e-05,2.670382406961839e-05,0.01957344306500332,0.005278955188024664,0.002268340736425411,-0.002268340736425411,0.00402036952122318,0.7356588357466793
triangular_flag,16,0.26666666666666666,2.2666666666666666,"[-0.1817719315345341, 0.10141883120722393, -0.11616972780409204]",2.055776766006602,906,2,0,0.00020079878984293368,4.0172847717856883e-05,4.013791827724592e-05,0.01957449892259436,0.008609200747753332,0.004189387279720148,-0.004189387279720148,0.006074321392752196,0.7936217677692722
triangular_flag,17,0.2833333333333333,2.283333333333333,"[-0.2105608108870201, 0.11913349513757068, -0.1195052020447829]",1.9178802450041985,739,3,0,0.00029751797396696764,8.326578529689755e-05,8.302352472860961e-05,0.01957673280791896,0.012156160249518159,0.005803151047442038,-0.005803151047442038,0.008775230298289468,0.7455045471476314
triangular_flag,18,0.3,2.3,"[-0.24185891440029245, 0.138574356303933, -0.12147011947683485]",2.2374572459957562,968,3,0,0.00042284589213772094,0.00010022418099752167,9.963565206432008e-05,0.019580172688621802,0.01711476131554182,0.007519675090245198,-0.007519675090245198,0.012896186417551133,0.739142988837696
triangular_flag,19,0.31666666666666665,2.316666666666667,"[-0.275695743714676, 0.1597718969433486, -0.12195548167349134]",2.6479785359988455,1277,3,0,0.0005468718531184357,0.0001371508679146032,0.00013553807923625565,0.01958539326100301,0.02027796971409624,0.007441557658842885,-0.007441557658842885,0.01658681526359748,0.6660186435289192
triangular_flag,20,0.3333333333333333,2.3333333333333335,"[-0.3120909583260854, 0.1827494082848443, -0.12086149744235751]",2.911469037004281,1440,3,0,0.0007076802125998841,0.00015612927041749801,0.00015497140722452507,0.019592755012602683,0.02708432446243972,0.009648501568886907,-0.009648501568886907,0.022247061474130834,0.6917176939944573
triangular_flag,21,0.35,2.35,"[-0.3510543755860252, 0.2075229905494363, -0.11809758282540021]",3.011666767997667,1491,3,0,0.0009405020530707156,0.00022947297568885763,0.00022436574611515972,0.019606879298553204,0.0337012440067682,0.01396931042824989,-0.01396931042824989,0.026604100284272233,0.6372862428213738
triangular_flag,22,0.36666666666666664,2.3666666666666667,"[-0.39258597070158957, 0.23410155295013, -0.11358236109894791]",3.0177990709926235,1499,3,0,0.0010652199841695708,0.00019713093015695396,0.00019282001919825398,0.01961540479359567,0.03766983381082879,0.007483075865931308,-0.007483075865931308,0.03469056141089734,0.6248691733067268
triangular_flag,23,0.38333333333333336,2.3833333333333333,"[-0.43667587673546227, 0.26248681369191984, -0.10724366277369073]",3.0098117029992864,1462,3,0,0.0014174435073470775,0.0003412456392047359,0.00033349358412335616,0.0196440521140843,0.04775517911724701,0.021133411390650406,-0.021133411390650406,0.037124350790881167,0.5893479383533267
triangular_flag,24,0.4,2.4,"[-0.48330438460591674, 0.2926732999717897, -0.09901852559468047]",3.0651528839953244,1518,3,0,0.0017145944602469138,0.00032322808252635587,0.0003135027272131085,0.01967319156201921,0.0605525465940788,0.017829057173990172,-0.017829057173990172,0.05261536677768046,0.6289821193531205
triangular_flag,25,0.4166666666666667,2.4166666666666665,"[-0.43788058659694146, 0.2933121945872635, -0.07634191276944086]",3.3133594499959145,1707,3,0,0.0017191190049249507,0.00039880244145187643,0.0003873312923130434,0.019671747340926124,0.05581560333415648,0.00027147268068221635,-0.00027147268068221635,0.05574144515284122,0.5486901570144607
triangular_flag,26,0.43333333333333335,2.433333333333333,"[-0.3832855022104213, 0.2918621696092073, -0.050140361197905485]",2.9589761800016277,1428,3,0,0.0016197878156939019,0.00032050466580784803,0.00031855254527844403,0.019662233193247867,0.05376155538598929,-0.00595987135386293,0.00595987135386293,0.051863614297592155,0.5401901942756359
triangular_flag,27,0.45,2.45,"[-0.3193518690903656, 0.28825706696290376, -0.020362914360762912]",3.0820182940078666,1502,3,0,0.0015687600022777702,0.000402606813949193,0.00039063324245954955,0.019661785286906396,0.05580625576183578,-0.0030616688049679014,0.0030616688049679014,0.054837481415915754,0.5911699481412946
triangular_flag,28,0.4666666666666667,2.466666666666667,"[-0.24595503911016678, 0.2824409207868111, 0.013025236596959564]",3.4018578740069643,1747,3,0,0.0015055099709977973,0.00039700221669116596,0.0003180216638631951,0.01965463296667479,0.05308587484146933,-0.0037950018767983745,0.0037950018767983745,0.05187163770703524,0.5824400200907269
triangular_flag,29,0.48333333333333334,2.4833333333333334,"[-0.16301297837259887, 0.27436795743256276, 0.05004275286589599]",3.0352671110013034,1474,3,0,0.0013750672483210694,0.0003792410233764778,0.00030634772940845855,0.019645705823262586,0.05449115427478012,-0.00782656336060367,0.00782656336060367,0.051537061414793195,0.6352906534037169
triangular_flag,30,0.5,2.5,"[-0.07048626720981821, 0.26400259546496746, 0.09069214797234174]",3.279142261002562,1694,3,0,0.0013900593821039226,0.000654829839107805,0.0005149752042334156,0.019649568148201235,0.05438924400316031,0.0008995280269711919,-0.0008995280269711919,0.05408774936250615,0.6679236086160149
triangular_flag,31,0.5166666666666667,2.5166666666666666,"[0.03162189981663646, 0.25131944566200914, 0.13495978777825343]",3.2984586880047573,1707,3,0,0.0012162102015617336,0.00029767403737089674,0.0002944042725674102,0.019612387583696846,0.063703977705336,-0.010430950832531344,0.010430950832531344,0.058783138193972524,0.8290940105598124
triangular_flag,32,0.5333333333333333,2.533333333333333,"[0.14326571391584458, 0.23630331101484728, 0.1828158904812491]",3.2507376760040643,1659,3,0,0.0012341192260048343,0.0002859254057569709,0.00027201834964258383,0.01959906220087459,0.05120063463007495,0.0010745414665860441,-0.0010745414665860441,0.05081658109096572,0.7112779079298255
triangular_flag,33,0.55,2.55,"[0.26435675206750303, 0.21894918672781635, 0.23421452661460798]",3.393381044996204,1769,3,0,0.0012754124573265324,0.00023347178311379036,0.00022018413525781307,0.019570280818308396,0.06154973664227056,0.002477593879301886,-0.002477593879301886,0.0604960879924337,0.8416137147191548
triangular_flag,34,0.5666666666666667,2.566666666666667,"[0.39476397702192656, 0.19926226021842658, 0.2890936190472708]",3.702520827995613,1959,4,0,0.0017444390599895489,0.0003971910917748194,0.00028611065685979226,0.01956518722756015,0.0742208766347359,0.02814159615978099,-0.02814159615978099,0.058724679455145735,0.7875934890174016
triangular_flag,35,0.5833333333333334,2.5833333333333335,"[0.5343137373000477, 0.17725791111736305, 0.34737494298383936]",3.945531696997932,2155,4,0,0.0025928073239174032,0.0005424793210214773,0.0005168952130605147,0.01957571159694434,0.10726147503126959,0.05090209583567126,-0.05090209583567126,0.07744245461768028,0.7579086243850358
triangular_flag,36,0.6,2.6,"[0.6827897671934174, 0.15296171126848637, 0.40896412596457704]",3.426781178000965,1748,4,0,0.0036364377677253115,0.0006615765118155128,0.0005834662033864805,0.019639312572505212,0.1380972776812886,0.0626178266284745,-0.0626178266284745,0.10393251503049716,0.6811754847516793
triangular_flag,37,0.6166666666666667,2.6166666666666667,"[0.7010789644254496, 0.10852327887585296, 0.3461421788196402]",4.080743320999318,2267,4,0,0.004277993436592911,0.0008762722849994427,0.0008187287815759991,0.019698006764070103,0.16705961304796985,0.03849334013205598,-0.03849334013205598,0.14987990537466364,0.7012136543446095
triangular_flag,38,0.6333333333333333,2.6333333333333333,"[0.718550831244311, 0.060691802676947494, 0.2779514230322342]",4.209117862992571,2356,4,0,0.004651632031091424,0.0011590936740261998,0.0010853424106731563,0.019773041856774618,0.18180525182719998,0.02241831566991077,-0.02241831566991077,0.17302014481709993,0.6875322252057666
triangular_flag,39,0.65,2.65,"[0.7351608328739423, 0.009562019952676524, 0.20452435441086492]",4.0181247489963425,2183,4,0,0.005320399119365027,0.0018695176953577957,0.0018026728249175249,0.019929504537615,0.20646744327755867,0.04012602529641621,-0.04012602529641621,0.18937452395093937,0.6922640793778426
triangular_flag,40,0.6666666666666666,2.6666666666666665,"[0.7508662015860189, -0.044755422943986274, 0.12601810795321994]",5.212165149001521,3075,4,0,0.006510410662775847,0.001259429414051516,0.0012301703816040058,0.02019003661319871,0.2723471831004322,0.07140069260464915,-0.07140069260464915,0.23758998980235144,0.7626203251762638
triangular_flag,41,0.6833333333333333,2.683333333333333,"[0.76562593669995, -0.10213397058800001, 0.04261445784616759]",4.586255179994623,2547,4,0,0.01076262811795882,0.004492765802037336,0.00367135071130171,0.021841783936457883,0.47751890834141664,0.25513304731097836,-0.25513304731097836,0.313940587979445,0.8270601068923119
triangular_flag,42,0.7,2.7,"[0.77940080458288, -0.16243115848225664, -0.04548018253424244]",4.42218336800579,2419,4,0,0.012008813998637015,0.0038311531423506073,0.00300900399702248,0.022256134500418835,0.49279989658133583,0.07477115284069175,-0.07477115284069175,0.4611288540353123,0.7302044947539721
triangular_flag,43,0.7166666666666667,2.716666666666667,"[0.7921533386496866, -0.22548861305758106, -0.13803476062277922]",5.284384382001008,3063,4,0,0.014255181421543096,0.0066934413646867795,0.0047137947726888525,0.023236166245369002,0.5830743082913961,0.13478204537436483,-0.13478204537436483,0.5206706300587267,0.7393479338846083
triangular_flag,44,0.7333333333333333,2.7333333333333334,"[0.803847839362983, -0.29113205167273076, -0.23479358466503095]",8.138672026994755,5216,4,0,0.016630949828861315,0.006624601041974651,0.0061077295056288505,0.02439161591978425,0.7537827631442353,0.14254610443909316,-0.14254610443909316,0.6852771266641509,0.824345796616781
triangular_flag,45,0.75,2.75,"[0.8144503742331162, -0.35917128261439635, -0.3354763237174044]",6.007728208001936,3628,4,0,0.023323456023535024,0.01096178445359281,0.010176951089098725,0.029959208112699594,1.4407568915296352,0.4015503716804225,-0.4015503716804225,1.168406699136006,1.2508897495305327
triangular_flag,46,0.7666666666666667,2.7666666666666666,"[0.8239287778181674, -0.4294002050972011, -0.4397780076471251]",7.660733878990868,4817,5,0,0.016771286242284335,0.00977140736803844,0.006479463300609832,0.02578773315563199,1.2407492426285691,-0.39313018687504137,0.39313018687504137,0.99792313754388,1.037624505639965
triangular_flag,47,0.7833333333333333,2.783333333333333,"[0.8322526517239529, -0.5015968092637012, -0.5473690271322378]",6.59320634699543,3984,5,0,0.018115011105271688,0.008458319366831885,0.007419419190235256,0.02622800389787123,1.0877688642213483,0.08062349177924116,-0.08062349177924116,1.0437688161629646,1.0904930477821704
triangular_flag,48,0.8,2.8,"[0.8393933646040224, -0.5755231761843855, -0.6578951336616059]",5.817100586005836,3372,5,0,0.01777253194777848,0.005257018531685926,0.005140044998397369,0.025878994747130995,0.9326198005703608,-0.02054874944959255,0.02054874944959255,0.9235375060795031,0.895716455510981
triangular_flag,49,0.8166666666666667,2.816666666666667,"[0.8259586213744922, -0.44946234662527174, -0.5788627253649784]",6.102643840000383,3629,5,0,0.013537396163117147,0.00428316580059481,0.00392048892063448,0.02316491506960672,0.7616113984510832,-0.2541081470796799,0.2541081470796799,0.6266127634202748,0.79199675996582
triangular_flag,50,0.8333333333333334,2.8333333333333335,"[0.8107314184715525, -0.3188096058282499, -0.49645392804897864]",6.530533664001268,3956,5,0,0.019427191188940294,0.010402791960456015,0.007791485782290474,0.026586550219453883,1.1329890538653602,0.3533877015493888,-0.3533877015493888,0.8985935697854043,1.1722935554400873
triangular_flag,51,0.85,2.85,"[0.7937616270203254, -0.18404083828366632, -0.41096676925448905]",6.484031659012544,3881,5,0,0.019203988018499887,0.013007120535619287,0.011158131722807432,0.026607350243524605,0.9784117766181786,-0.013392190226424391,0.013392190226424391,0.9726838174222378,0.8714860783908489
triangular_flag,52,0.8666666666666667,2.8666666666666667,"[0.7751055328970544, -0.045664370561295485, -0.3227207448646112]",6.127978464006446,3638,5,0,0.011845347520400082,0.0046881785241253675,0.004062317668126864,0.02219487880238011,1.0116056476223412,-0.44151842988598833,0.44151842988598833,0.7148257545226406,1.053873188193053
triangular_flag,53,0.8833333333333333,2.8833333333333333,"[0.7548258367291067, 0.0957790286896594, -0.23205681910466677]",7.558217044992489,4630,5,0,0.009149224944289035,0.003821850306292214,0.0031571161818237333,0.020768085265842434,0.6893436888370426,-0.1617673545666628,0.1617673545666628,0.5889168970570479,1.1323305322681874
triangular_flag,54,0.9,2.9,"[0.7329916538949722, 0.23971614874056665, -0.1393374245421967]",6.315537570990273,3770,5,0,0.013777825667917265,0.004733629113343683,0.004277550721851549,0.0223143892796876,0.7946484348179429,0.27771604341769385,-0.27771604341769385,0.6067222096521904,1.1710023009510027
triangular_flag,55,0.9166666666666666,2.9166666666666665,"[0.7096785145242636, 0.38554133678336566, -0.04494646208696175]",5.6762060319888406,3338,5,0,0.013898717567280113,0.005671573572244992,0.004606554952411285,0.022573088899419027,0.6363179223505752,0.0072535139617708674,-0.0072535139617708674,0.6335033488963008,0.7864429666099039
triangular_flag,56,0.9333333333333333,2.933333333333333,"[0.6849683634977162, 0.5326164979305674, 0.05071069900905792]",5.558972781000193,3255,5,0,0.014440484992073795,0.00653251494231237,0.006113304305638449,0.02340543020170031,0.654417481719346,0.032506045487620885,-0.032506045487620885,0.6412316383876292,0.789260553697879
triangular_flag,57,0.95,2.95,"[0.6589495604471886, 0.6802710952152543, 0.14720722115166224]",6.373783721006475,3852,5,0,0.014378509508275683,0.004838144220394366,0.00411746153345678,0.023650108429153723,0.6823390645085925,-0.003718529027886691,0.003718529027886691,0.6808631524700155,0.8112800705287311
triangular_flag,58,0.9666666666666667,2.966666666666667,"[0.6317168797556615, 0.8278021495910801, 0.2440947984044316]",8.759982435003622,5650,5,0,0.02186386515279082,0.013447574904829677,0.011911218636315113,0.029207964184861268,1.294423871754072,0.4491213386709083,-0.4491213386709083,0.9845009877459507,1.2144382459129683
triangular_flag,59,0.9833333333333333,2.9833333333333334,"[0.6033715105572393, 0.9744742399322698, 0.3409036564887269]",7.601616415005992,4725,5,0,0.01921947636147489,0.00946759460155783,0.008171247048577572,0.02644110342677656,1.2315153468517428,-0.15866332747895584,0.15866332747895584,1.1450185642419046,1.0390462743346374
triangular_flag,60,1.0,3.0,"[0.574505130504518, 1.1204635973610262, 0.43751119647701725]",6.132318654999835,3622,5,0,0.01710686645821058,0.0039167366077064725,0.0038230352522766126,0.024757153742467057,0.9203687896979742,-0.12675659419585872,0.12675659419585872,0.8600386472162289,0.8645859004885033
triangular_flag,61,1.0166666666666666,3.0166666666666666,"[0.4222092576127, 1.0485788238152625, 0.4471920258374708]",6.1909270269970875,3667,5,0,0.016008822117860554,0.007141696462205858,0.0070961650242960805,0.024294233311256828,0.8069933627853746,-0.06588266042100152,0.06588266042100152,0.7780585535310519,0.8339915917395978
triangular_flag,62,1.0333333333333334,3.033333333333333,"[0.26991338472088205, 0.9766940502694988, 0.4568728551979243]",6.48628583199752,3840,5,0,0.012417918135098469,0.0028527056391911203,0.002351418939586836,0.022122917349822156,0.6598512559536791,-0.21545423896572508,0.21545423896572508,0.5493006357885981,0.7550502173182141
triangular_flag,63,1.05,3.05,"[0.1176175118290641, 0.9048092767237352, 0.46655368455837787]",5.887213811001857,3387,5,0,0.0098315581090305,0.001690830967517759,0.0015874847426624208,0.021051309518366385,0.5370381837052405,-0.1551816015640781,0.1551816015640781,0.4574661073298246,0.7963855511942727
triangular_flag,64,1.0666666666666667,3.066666666666667,"[-0.034678361062753904, 0.8329245031779715, 0.47623451391883137]",6.284579255996505,3724,5,0,0.008769207583101898,0.0017823215302422148,0.0016669429398616282,0.020782666968387528,0.44211597034338257,-0.06374103155571617,0.06374103155571617,0.4131845415022269,0.8070163158561249
triangular_flag,65,1.0833333333333333,3.0833333333333335,"[-0.1869742339545719, 0.7610397296322079, 0.48591534327928493]",5.930030008996255,3471,5,0,0.008559028852687148,0.0021087957993655188,0.0019667577761686545,0.020803666477844623,0.421764810578312,-0.012610723824884977,0.012610723824884977,0.41649346802738785,0.8350752039528345
triangular_flag,66,1.1,3.1,"[-0.3392701068463898, 0.6891549560864443, 0.49559617263973843]",6.505646186997183,3863,5,0,0.009740938434426402,0.003604755051607306,0.002870671582613111,0.021177469943348643,0.43954198068021233,0.07091457490435524,-0.07091457490435524,0.4066165476913077,0.8140831573301812
triangular_flag,67,1.1166666666666667,3.1166666666666667,"[-0.4915659797382078, 0.6172701825406806, 0.505277002000192]",6.884215911006322,4087,6,0,0.012112562796257042,0.0051897318206429646,0.0031455313914596833,0.022178142317741283,0.6063025582958063,0.14229746170983837,-0.14229746170983837,0.5285288166290169,0.9383582338626348
triangular_flag,68,1.1333333333333333,3.1333333333333333,"[-0.6438618526300258, 0.5453854089949169, 0.5149578313606455]",6.8157386149978265,4012,6,0,0.016622018879142074,0.011093085633911407,0.008815223092361697,0.024578546253905622,0.7392041460726297,0.27056736497310196,-0.27056736497310196,0.5872268133705233,0.8317854590892989
triangular_flag,69,1.15,3.15,"[-0.7961577255218438, 0.47350063544915333, 0.5246386607210991]",7.5595771389926085,4598,6,0,0.015535810432778768,0.008582275380194355,0.006838624071246208,0.02374135433068768,0.5399664504486433,-0.06517250678179834,0.06517250678179834,0.5182093117830384,0.5633498592354185
triangular_flag,70,1.1666666666666667,3.1666666666666665,"[-0.9484535984136618, 0.4016158619033896, 0.5343194900815527]",7.725606879001134,4673,6,0,0.011699142598677915,0.004501067844461794,0.003738882998076094,0.021850933303717235,0.5387880397864017,-0.23020007004605117,0.23020007004605117,0.4227263974868186,0.6117113404942324
triangular_flag,71,1.1833333333333333,3.183333333333333,"[-1.10074947130548, 0.329731088357626, 0.5440003194420061]",7.903414663000149,4805,6,0,0.013291705402722523,0.006707902944151075,0.004663187838408223,0.022888000599784266,0.4684683387111702,0.09555376824267645,-0.09555376824267645,0.43026835212396863,0.6229886682857783
triangular_flag,72,1.2,3.2,"[-1.2530453441972977, 0.2578463148118624, 0.5536811488024597]",7.481660400997498,4559,5,0,0.011682186788285495,0.005774124679674044,0.004016720224921371,0.022457177875303394,0.4470287649730039,-0.09657111686622169,0.09657111686622169,0.40919391550594386,0.5924110009026295
triangular_flag,73,1.2166666666666666,3.216666666666667,"[-1.0624509512526061, 0.26297104521259457, 0.591718496660706]",8.29532470999402,5175,6,0,0.008539901504112235,0.004245375999350957,0.003285480600720573,0.02082137694572834,0.41838401394415425,-0.18853711705039555,0.18853711705039555,0.31933741803132326,0.6337803670526696
triangular_flag,74,1.2333333333333334,3.2333333333333334,"[-0.8718565583079145, 0.26809577561332676, 0.6297558445189523]",8.277564063988393,5068,6,0,0.00705398725710286,0.002649635590964573,0.0021627319474242096,0.020116995460647213,0.3262732258249098,-0.08915485482056251,0.08915485482056251,0.28524722652242096,0.6874171702070401
triangular_flag,75,1.25,3.25,"[-0.6812621653632229, 0.2732205060140589, 0.6677931923771986]",8.182142863995978,5031,6,0,0.00665433301930814,0.00322497324282846,0.0025359399109111517,0.019636350245542836,0.29953396508956404,-0.02397925426768319,0.02397925426768319,0.28999123139401717,0.7433163671876934
triangular_flag,76,1.2666666666666666,3.2666666666666666,"[-0.4906677724185313, 0.2783452364147911, 0.7058305402354449]",7.494384757999796,4555,6,0,0.00671572589709587,0.0027956960000484034,0.0019484730406790214,0.019343323067075188,0.24517789199426102,0.0036835726672638028,-0.0036835726672638028,0.24402710672788885,0.6211354617643025
triangular_flag,77,1.2833333333333334,3.283333333333333,"[-0.3000733794738397, 0.2834699668155233, 0.7438678880936912]",7.393103892012732,4437,6,0,0.006948778933931053,0.0022082778013068293,0.0018244250481809813,0.019055706520275204,0.24691717509461442,0.013983182210110974,-0.013983182210110974,0.2423516639737493,0.6109087908177072
triangular_flag,78,1.3,3.3,"[-0.10947898652914811, 0.2885946972162554, 0.7819052359519374]",7.3380659770045895,4391,6,0,0.007742283448696581,0.0023584712990567915,0.0018444441463874972,0.018976153276911656,0.24955690187135204,0.04761027088593165,-0.04761027088593165,0.23208038518224988,0.5640948200247633
triangular_flag,79,1.3166666666666667,3.316666666666667,"[0.08111540641554349, 0.2937194276169876, 0.8199425838101837]",7.484180430008564,4451,6,0,0.00840603979756824,0.0026634626585277797,0.002141708346989936,0.018871879660329757,0.2671071094298271,0.03982538093229952,-0.03982538093229952,0.25347930399109964,0.5526669059665335
triangular_flag,80,1.3333333333333333,3.3333333333333335,"[0.2717097993602351, 0.2988441580177198, 0.85797993166843]",10.423776016003103,6722,6,0,0.009618662813246697,0.002533867671402961,0.002287662439621381,0.01904869343605502,0.29044198373184654,0.07275738094070748,-0.07275738094070748,0.26286015916971195,0.5272594893326651
triangular_flag,81,1.35,3.35,"[0.4623041923049267, 0.303968888418452, 0.8960172795266763]",7.320854667996173,4330,6,0,0.010772300135198198,0.002841436068818751,0.0025952414000640616,0.019213814133767857,0.3368342917362999,0.06921823931709006,-0.06921823931709006,0.31149445408816623,0.5465157334887841
triangular_flag,82,1.3666666666666667,3.3666666666666667,"[0.6528985852496183, 0.3090936188191842, 0.9340546273849226]",8.614322034001816,5292,6,0,0.011825369505753063,0.0023724048322585514,0.0021085268243826133,0.01947789875305993,0.3329298322991578,0.06318416223329189,-0.06318416223329189,0.3119853467812689,0.4875102661573822
triangular_flag,83,1.3833333333333333,3.3833333333333333,"[0.8434929781943097, 0.3142183492199163, 0.9720919752431689]",8.657984313002089,5305,6,0,0.013490172901640684,0.002784288929375276,0.002471596990642439,0.02015869525386374,0.40262793962716686,0.09988820375325724,-0.09988820375325724,0.3651811272366982,0.5205431704068822
triangular_flag,84,1.4,3.4,"[1.0340873711390013, 0.3193430796206485, 1.0101293231014152]",7.931026708989521,4811,6,0,0.014503728920918892,0.003209404955146139,0.00273590264320628,0.020511312328319552,0.39852008650318915,0.06081336115669248,-0.06081336115669248,0.37984184890222084,0.4736986473775808
triangular_flag,85,1.4166666666666667,3.4166666666666665,"[0.954753807419365, 0.3485092417203982, 1.0141134899434738]",7.9125567709997995,4772,6,0,0.012177815775934773,0.0025084906360028697,0.0022195211704205534,0.019626586223462514,0.38563744335716393,-0.13955478869904714,0.13955478869904714,0.3294158650374069,0.45474973391829077
triangular_flag,86,1.4333333333333333,3.433333333333333,"[0.8754202436997288, 0.37767540382014797, 1.0180976567855324]",8.109855496004457,4874,6,0,0.010953685960248706,0.0025948893192413963,0.0022408071183192065,0.01933500951675051,0.3629291730620213,-0.073447788941164,0.073447788941164,0.33708286024920336,0.5186859065864252
triangular_flag,87,1.45,3.45,"[0.7960866799800925, 0.4068415659198977, 1.022081823627591]",7.474991022987524,4460,6,0,0.009729960743143003,0.0025144606260710713,0.002255763995314593,0.01897245371465827,0.3087395658163314,-0.0734235130263422,0.0734235130263422,0.2826347401191364,0.4889885550834807
triangular_flag,88,1.4666666666666666,3.466666666666667,"[0.7167531162604563, 0.4360077280196474, 1.0260659904696499]",8.707780369004468,5352,6,0,0.00867237526612325,0.002026187988721527,0.0017734451285799978,0.018860841964044976,0.3129341714536509,-0.0634551286211852,0.0634551286211852,0.2893004812272532,0.5634028918864563
triangular_flag,89,1.4833333333333334,3.4833333333333334,"[0.6374195525408201, 0.4651738901193971, 1.0300501573117085]",9.382672266001464,5902,6,0,0.00834214732102474,0.0018990560850500283,0.0017616245560350891,0.01873758126692782,0.26567991292159665,-0.01981367670591063,0.01981367670591063,0.2598468901755431,0.5251586878756018
triangular_flag,90,1.5,3.5,"[0.5580859888211838, 0.4943400522191468, 1.034034324153767]",8.495391432006727,5132,6,0,0.008046089060568116,0.0016044810423257248,0.0015049932480284691,0.018760875808237848,0.24842054300380062,-0.017763495627397402,0.017763495627397402,0.2433480437308028,0.5095662390342743
triangular_flag,91,1.5166666666666666,3.5166666666666666,"[0.4787524251015476, 0.5235062143188965, 1.0380184909958257]",9.00610091300041,5730,6,0,0.00839575297961757,0.0016539884260567503,0.001568928256031791,0.01883124847767473,0.25985398538402643,0.02097983514296728,-0.02097983514296728,0.25355482144739794,0.5314454448868594
triangular_flag,92,1.5333333333333334,3.533333333333333,"[0.3994188613819113, 0.5526723764186463, 1.0420026578378843]",8.962187730008736,5540,6,0,0.00822475456334251,0.0022873641745555103,0.0021981504049244914,0.018896330963689218,0.28829203134435366,-0.010259904976503594,0.010259904976503594,0.2851603138569446,0.5862071949022137
triangular_flag,93,1.55,3.55,"[0.320085297662275, 0.581838538518396, 1.045986824679943]",11.552233112990507,7305,7,0,0.008567780203722607,0.0017982238299519705,0.0017167185577349458,0.019050357860760394,0.301877993508492,0.020581538422805787,-0.020581538422805787,0.2950849461267404,0.6072482103510267
triangular_flag,94,1.5666666666666667,3.566666666666667,"[0.24075173394263882, 0.6110047006181456, 1.0499709915220017]",9.295151664002333,5709,6,0,0.009237065309315584,0.0019211089397021253,0.0018219129663847595,0.019238796718242166,0.30170742162088027,0.040157106335578646,-0.040157106335578646,0.28798627830220247,0.5678088147596072
triangular_flag,95,1.5833333333333333,3.5833333333333335,"[0.16141817022300253, 0.6401708627178955, 1.0539551583640603]",8.775795576992095,5436,6,0,0.009934753120047006,0.0024961322782251346,0.0023519180609608424,0.01949323546943234,0.332748129246639,0.04186126864388531,-0.04186126864388531,0.31830235656240835,0.582522179889115
triangular_flag,96,1.6,3.6,"[0.08208460650336637, 0.6693370248176451, 1.0579393252061189]",9.011399030001485,5546,6,0,0.009977192174280974,0.0020124135812278105,0.0019050648227715904,0.01959809556895167,0.3452322934946537,0.0025463432540380818,-0.0025463432540380818,0.34448789907449695,0.5862777391251324
triangular_flag,97,1.6166666666666667,3.6166666666666667,"[-0.035352291857884105, 0.5536646346388793, 1.0401773429863297]",11.046246448007878,7017,6,0,0.008751311082613525,0.0015913471624152524,0.001506504108853844,0.019362803830210384,0.34709059384046625,-0.07355286550004697,0.07355286550004697,0.31768600289436644,0.6146556955445349
triangular_flag,98,1.6333333333333333,3.6333333333333333,"[-0.15278919021913456, 0.4379922444601133, 1.0224153607665405]",10.390768430006574,6686,6,0,0.0074466421428485835,0.001817302123519912,0.0017026374659118667,0.019136431225580466,0.3258800868052359,-0.07828013638589648,0.07828013638589648,0.291807024342742,0.6653092075693208
triangular_flag,99,1.65,3.65,"[-0.27022608858038505, 0.32231985428134746, 1.0046533785467513]",8.421369739007787,5089,6,0,0.006830615562318714,0.0016363617396343792,0.0015430128947536022,0.019095876970092223,0.2856346443649097,-0.03696159483179216,0.03696159483179216,0.2712649546638088,0.6746044541233992
triangular_flag,100,1.6666666666666667,3.6666666666666665,"[-0.38766298694163553, 0.20664746410258156, 0.9868913963269622]",10.045724966999842,6224,6,0,0.0059711767651325345,0.0017113124316569025,0.0016495455953303166,0.019045455559049688,0.26584740994463246,-0.05156632783117078,0.05156632783117078,0.2438399257099685,0.6944746648507683
triangular_flag,101,1.6833333333333333,3.683333333333333,"[-0.505099885302886, 0.09097507392381565, 0.969129414107173]",10.119753615988884,6325,6,0,0.005428797467013759,0.0015589464951981911,0.0014869565568442584,0.019073857304453018,0.2314305358704198,-0.03254275788712652,0.03254275788712652,0.21847708844677916,0.6839906546319356
triangular_flag,102,1.7,3.7,"[-0.6225367836641365, -0.024697316254950197, 0.9513674318873839]",10.759270479000406,6981,6,0,0.004889435056300494,0.001434120761428763,0.0013602236228816538,0.01917328432359031,0.20606926998305905,-0.03236174464279592,0.03236174464279592,0.19313821409917042,0.6708618104710331
triangular_flag,103,1.7166666666666666,3.716666666666667,"[-0.7399736820253869, -0.14036970643371616, 0.9336054496675947]",9.751444701003493,6044,6,0,0.004478090646817222,0.0014256048992196996,0.0013355731536645345,0.019254055476793958,0.2057756427062643,-0.024680664568996324,0.024680664568996324,0.19550803114121693,0.7447383728623633
triangular_flag,104,1.7333333333333334,3.7333333333333334,"[-0.8574105803866374, -0.256042096612482, 0.9158434674478055]",9.500323215004755,5700,7,0,0.0044762999715323125,0.0015187099240107124,0.00146007088794672,0.01935216815896622,0.18244843575839356,-0.00010744051709456193,0.00010744051709456193,0.18241192222301,0.6929584238979941
triangular_flag,105,1.75,3.75,"[-0.9748474787478879, -0.37171448679124786, 0.8980814852280163]",11.011697428009938,6883,7,0,0.004443326836171085,0.0016468721115668746,0.001579478143083686,0.019526173718478767,0.17989281663770731,-0.0019783881216736687,0.0019783881216736687,0.17921819354690377,0.685585431228617
triangular_flag,106,1.7666666666666666,3.7666666666666666,"[-1.0922843771091382, -0.4873868769700138, 0.8803195030082271]",9.021282782006892,5515,6,0,0.004003100254992186,0.0013847741966951715,0.0013263970252044934,0.019854162167935948,0.1984025025988171,-0.026413594870733914,0.026413594870733914,0.18664141792232003,0.7980826119803929
triangular_flag,107,1.7833333333333334,3.783333333333333,"[-1.2097212754703888, -0.6030592671487798, 0.8625575207884381]",9.007521605002694,5442,6,0,0.004131603725469047,0.001307579403272516,0.0012243728021703619,0.020248138770367918,0.20566899017999613,0.0077102082286116536,-0.0077102082286116536,0.20230300292726855,0.869399689305552
triangular_flag,108,1.8,3.8,"[-1.3271581738316391, -0.7187316573275454, 0.8447955385686489]",9.290864379989216,5727,6,0,0.005125803104375738,0.0011113939875431063,0.0009694621700098788,0.021093873197529693,0.25172449931198154,0.05965196273440146,-0.05965196273440146,0.21956034073837483,0.9175437061286718
triangular_flag,109,1.8166666666666667,3.816666666666667,"[-1.197364498171043, -0.7332283955538076, 0.6918376408516037]",9.179508886008989,5513,7,0,0.005000967088885199,0.0020216213202971485,0.0017184326508557402,0.02114095683579655,0.23986494090899232,-0.007490160929432346,0.007490160929432346,0.23681050848249197,0.8112820709802989
triangular_flag,110,1.8333333333333333,3.8333333333333335,"[-1.0675708225104468, -0.7477251337800698, 0.5388797431345587]",9.727821213993593,5957,7,0,0.005230521058600215,0.0014082287955162064,0.0012452734610425408,0.021221109794257294,0.23615569999878477,0.013773238182900969,-0.013773238182900969,0.23052236136333143,0.7885299039333508
triangular_flag,111,1.85,3.85,"[-0.9377771468498507, -0.762221872006332, 0.3859218454175135]",10.282593008989352,6368,7,0,0.0053905525269597535,0.0015516008466675173,0.0010675843256361377,0.02126585619387535,0.2358344968059437,0.009601888101572302,-0.009601888101572302,0.23211484177308372,0.7576054724020275
triangular_flag,112,1.8666666666666667,3.8666666666666667,"[-0.8079834711892545, -0.7767186102325941, 0.23296394770046835]",10.777467911000713,6715,7,0,0.004702663128591388,0.0010963907237129561,0.0010584962423471405,0.020903296796294997,0.26636365389581684,-0.04127336390210194,0.04127336390210194,0.24578363919774954,0.9012757258425457
triangular_flag,113,1.8833333333333333,3.8833333333333333,"[-0.6781897955286583, -0.7912153484588563, 0.0800060499834232]",10.859538603006513,6825,7,0,0.004120768466429103,0.0007751106386531525,0.0007571153813778013,0.020634252755777915,0.22914384622523945,-0.03491367972973707,0.03491367972973707,0.21199459492301792,0.8861325874069151
triangular_flag,114,1.9,3.9,"[-0.5483961198680622, -0.8057120866851186, -0.07295184773362184]",9.612686823005788,5696,7,0,0.004389764661210653,0.001214152550402275,0.0008763016296111358,0.020730627144658592,0.21757077565815566,0.016139771686892995,-0.016139771686892995,0.21021843698224493,0.8781884967373335
triangular_flag,115,1.9166666666666667,3.9166666666666665,"[-0.41860244420746606, -0.8202088249113808, -0.225909745450667]",11.745551808999153,7394,7,0,0.004835705081814236,0.001073775547008489,0.0007666352388812458,0.020813137868063044,0.22299838846979073,0.026756425236214975,-0.026756425236214975,0.21093254346965182,0.8239610535156964
triangular_flag,116,1.9333333333333333,3.933333333333333,"[-0.2888087685468699, -0.834705563137643, -0.37886764316771215]",12.43027954599529,7835,7,0,0.005276070732770119,0.0009599992537257741,0.000871997864198113,0.020900739147562342,0.25267803804670297,0.026421939057352968,-0.026421939057352968,0.24057730000447508,0.8549734529524973
triangular_flag,117,1.95,3.95,"[-0.1590150928862737, -0.8492023013639052, -0.5318255408847573]",11.694690881005954,7314,7,0,0.006486936168935353,0.0013528574407830573,0.0012959307390972878,0.02117142750940789,0.28471950107936084,0.07265192616991406,-0.07265192616991406,0.24827474281273554,0.8059126352653475
triangular_flag,118,1.9666666666666666,3.966666666666667,"[-0.029221417225677504, -0.8636990395901674, -0.6847834386018025]",11.335651628003689,7018,7,0,0.00784517061910891,0.0018516680618259976,0.0016522654855326423,0.021633457269581928,0.3116574390435339,0.08149406701041342,-0.08149406701041342,0.27353738658899607,0.7181218447757284
triangular_flag,119,1.9833333333333334,3.9833333333333334,"[0.10057225843491868, -0.8781957778164295, -0.8377413363188476]",13.136930220993236,8277,7,0,0.00832331850774913,0.0016951219939993563,0.0013141385462931406,0.021749883422688448,0.3309938406228235,0.028688873318413223,-0.028688873318413223,0.3201366267174636,0.6939550282595103
triangular_flag,120,2.0,4.0,"[0.2303659340955149, -0.8926925160426917, -0.9906992340358924]",13.454473935998976,8574,7,0,0.0079239559082026,0.0013885285895152651,0.001224338134844561,0.02155832697788851,0.28944836464014356,-0.02396175597279185,0.02396175597279185,0.2814495679540622,0.6009839472924433
triangular_flag,121,2.0166666666666666,4.016666666666667,"[0.1277709646198688, -0.7771651163680325, -0.9509963662407109]",13.71916426999087,8609,7,0,0.006158198225772646,0.0014690630680222112,0.0013619443235259882,0.020969839186282726,0.31518696690070797,-0.10594546094579721,0.10594546094579721,0.26169116918712004,0.7239523034263293
triangular_flag,122,2.033333333333333,4.033333333333333,"[0.02517599514422275, -0.6616377166933733, -0.9112934984455294]",14.08067999999912,8875,7,0,0.004044505300294785,0.0009129336813337676,0.0008954970562094039,0.02038837931948738,0.270736728274064,-0.12682157552867168,0.12682157552867168,0.19384720714919929,0.8217342677180208
triangular_flag,123,2.05,4.05,"[-0.07741897433142333, -0.546110317018714, -0.8715906306503479]",10.971935281995684,6700,7,0,0.0034431468208837536,0.0006936405554657486,0.0006780213774910074,0.020248512168150108,0.19845059361386722,-0.03608150876466189,0.03608150876466189,0.18005197368460327,0.9017956054386094
triangular_flag,124,2.066666666666667,4.066666666666666,"[-0.1800139438070694, -0.4305829173440549, -0.8318877628551664]",12.244501347988262,7483,7,0,0.0034652406713236413,0.0007566958927973459,0.000752384490070043,0.0202939015824427,0.2003514317035561,0.0013256310263932633,-0.0013256310263932633,0.1997073335766122,1.008943345030421
triangular_flag,125,2.0833333333333335,4.083333333333333,"[-0.28260891328271553, -0.31505551766939566, -0.7921848950599849]",13.374603693009703,8405,7,0,0.003540410442712643,0.0008563956592455856,0.0008530551690010493,0.020292419020027014,0.1934617612665881,0.004510186283340099,-0.004510186283340099,0.1913449394748944,0.9563352150845379
triangular_flag,126,2.1,4.1,"[-0.3852038827583616, -0.19952811799473646, -0.7524820272648034]",13.781213655995089,8744,6,0,0.004278249219910332,0.0009303773650504229,0.0009039059817274797,0.020546384757028472,0.2182364040423092,0.044270326631861326,-0.044270326631861326,0.19440000589686157,0.9505299679347229
triangular_flag,127,2.1166666666666667,4.116666666666666,"[-0.48779885223400765, -0.08400071832007727, -0.712779159469622]",14.866824429991539,9576,7,0,0.005142698104466844,0.0012948934286810493,0.0012521881079984372,0.020853493077112865,0.25137136873618543,0.051866933073390756,-0.051866933073390756,0.22433954289788607,0.9044699559890074
triangular_flag,128,2.1333333333333333,4.133333333333334,"[-0.5903938217096537, 0.03152668135458192, -0.6730762916744404]",13.093455445006839,8137,7,0,0.006029596376124936,0.0012757312156292512,0.0012360690087602354,0.021222946820728353,0.26995907230293503,0.05321389629948549,-0.05321389629948549,0.2444238770221942,0.8144645281725372
triangular_flag,129,2.15,4.15,"[-0.6929887911852998, 0.1470540810292411, -0.633373423879259]",14.373991037005908,9038,6,0,0.007644648326290179,0.0026620355627429092,0.0022846799044341573,0.021916375774829414,0.3176677938509969,0.09690311700991461,-0.09690311700991461,0.26867643101711586,0.760882139420934
triangular_flag,130,2.1666666666666665,4.166666666666667,"[-0.7955837606609459, 0.2625814807039004, -0.5936705560840774]",12.579587156011257,7821,7,0,0.008095185866213802,0.0016002431658021568,0.0015113860501587229,0.022178458597531814,0.32927232315574595,0.027032252395417337,-0.027032252395417337,0.31889819735468145,0.7100778116633868
triangular_flag,131,2.183333333333333,4.183333333333334,"[-0.898178730136592, 0.3781088803785595, -0.553967688288896]",14.880933079999522,9663,7,0,0.008824063543478956,0.0020256368781115075,0.0017532955193715872,0.022644911121046517,0.3422309706441624,0.04373266063590928,-0.04373266063590928,0.32510468577762475,0.6825073708156716
triangular_flag,132,2.2,4.2,"[-1.000773699612238, 0.49363628005321886, -0.5142648204937145]",13.225241023988929,8146,7,0,0.010502094050939548,0.00236824055049176,0.001883390532736315,0.023552939530459095,0.36644597596114103,0.10068183044763548,-0.10068183044763548,0.322970173306369,0.6198955957829174
triangular_flag,133,2.216666666666667,4.216666666666667,"[-0.8846461580347142, 0.5205302711410023, -0.336891942831007]",13.191767352996976,8174,7,0,0.009320181515642246,0.0015407405130734525,0.0015258949567099834,0.022797115049552313,0.3567792491153369,-0.0709147521178381,0.0709147521178381,0.32939797412450084,0.5979071342485373
triangular_flag,134,2.2333333333333334,4.233333333333333,"[-0.7685186164571903, 0.5474242622287856, -0.1595190651682995]",14.277900266009965,8998,7,0,0.008497172995604658,0.0014946546320081455,0.001230735799726778,0.022249171673389044,0.3338484427515099,-0.04938051120225526,0.04938051120225526,0.3152614430665763,0.6286669582549159
triangular_flag,135,2.25,4.25,"[-0.6523910748796665, 0.5743182533165689, 0.017853812494407983]",15.584207925989176,10046,7,0,0.007528923621911792,0.0013410290472218478,0.001310475686927106,0.021635504908857166,0.32055276812739464,-0.058094962421572,0.058094962421572,0.2967403751953911,0.6693132972058494
triangular_flag,136,2.2666666666666666,4.266666666666667,"[-0.5362635333021426, 0.6012122444043523, 0.19522669015711547]",11.603367459989386,7091,7,0,0.00697517341455055,0.0011502715779971228,0.0011375371137101653,0.02123430803923422,0.2972409812244109,-0.03322501244167454,0.03322501244167454,0.2843083039015961,0.6931255397811534
triangular_flag,137,2.283333333333333,4.283333333333333,"[-0.4201359917246188, 0.6281062354921356, 0.37259956781982295]",15.920926706996397,10294,7,0,0.006613420412551599,0.0010011983755958771,0.0009820293179611027,0.020918861812239512,0.29727241100065627,-0.021705180119937044,0.021705180119937044,0.2886884668658038,0.7446153158527853
triangular_flag,138,2.3,4.3,"[-0.304008450147095, 0.655000226579919, 0.5499724454825304]",13.722016322994023,8474,7,0,0.00648802999924192,0.0012553270787376818,0.001242970584848015,0.02074550838485968,0.2902081744469514,-0.007523424798580713,0.007523424798580713,0.28734722927682027,0.7560239881531141
triangular_flag,139,2.316666666666667,4.316666666666666,"[-0.18788090856957107, 0.6818942176677023, 0.7273453231452379]",14.45810707299097,9236,7,0,0.0066940852644298545,0.0013245028019790981,0.0013119477473448066,0.020647128557992674,0.3109717443886056,0.012363315911276054,-0.012363315911276054,0.30590616906310575,0.8075900015920235
triangular_flag,140,2.3333333333333335,4.333333333333333,"[-0.07175336699204726, 0.7087882087554858, 0.9047182008079454]",15.576172064989805,10001,7,0,0.006989821426778008,0.0012847669617403082,0.0011369483136234732,0.0205509739628271,0.29522501920957106,0.017744169740889215,-0.017744169740889215,0.288389789102228,0.7344154276917337
triangular_flag,141,2.35,4.35,"[0.044374174585476656, 0.735682199843269, 1.0820910784706528]",16.262724576998153,10530,7,0,0.007509733339098339,0.0013990653686832125,0.0012598888207691467,0.020509670135807075,0.30119241475663816,0.031194714739219854,-0.031194714739219854,0.28901668414062376,0.70355822142105
triangular_flag,142,2.3666666666666667,4.366666666666666,"[0.16050171616300046, 0.7625761909310524, 1.2594639561333603]",15.125579647996346,9549,7,0,0.008734433481127186,0.0013654183056930936,0.0013339502338024706,0.020702821792444506,0.310395086046288,0.07348200852173084,-0.07348200852173084,0.27963112109783317,0.6310141298391431
triangular_flag,143,2.3833333333333333,4.383333333333334,"[0.27662925774052427, 0.7894701820188358, 1.4368368337960677]",12.697166484998888,7879,7,0,0.010218221356764808,0.0015339750707717744,0.0013005604886254872,0.021068728165862183,0.32328941125170285,0.0890272725382573,-0.0890272725382573,0.2873400901321947,0.5554009336221929
triangular_flag,144,2.4,4.4,"[0.39275679931804797, 0.8163641731066191, 1.6142097114587755]",15.582434183001169,9911,7,0,0.011288960806139895,0.002084256808014587,0.0016955442924529145,0.0214222820989742,0.33989927148338667,0.06424436696250521,-0.06424436696250521,0.3175494801873297,0.5239180057322849
triangular_flag,145,2.4166666666666665,4.416666666666667,"[0.4102008101925578, 0.8920151604007966, 1.4844830839036853]",12.493966463996912,7643,7,0,0.011638339212235185,0.0022575407581324116,0.0017458643088358883,0.02169655071302915,0.36513881283111177,0.020962704365717413,-0.020962704365717413,0.3590232641451526,0.5364603779285623
triangular_flag,146,2.433333333333333,4.433333333333334,"[0.4276448210670675, 0.9676661476949743, 1.354756456348595]",13.3128498379956,8225,7,0,0.011883359205720107,0.0019220541145383878,0.0017283546053250582,0.021940722193077442,0.3825678882261406,0.014701199609095314,-0.014701199609095314,0.37832366749727564,0.548632733478676
triangular_flag,147,2.45,4.45,"[0.44508883194157733, 1.043317134989152, 1.2250298287935049]",13.38084089900076,8046,7,0,0.012072776141827892,0.0020525132395784245,0.0017000612945377986,0.022180034778793028,0.37536036582607524,0.011365016166467075,-0.011365016166467075,0.37223336189731865,0.5281835617660661
triangular_flag,148,2.466666666666667,4.466666666666667,"[0.46253284281608714, 1.1189681222833294, 1.0953032012384147]",13.580788755003596,8390,7,0,0.012747627297538075,0.002273687502152277,0.0019007215337521035,0.02255055291844252,0.3672469212610594,0.04049106934261099,-0.04049106934261099,0.3552148973920053,0.4954313678663788
triangular_flag,149,2.4833333333333334,4.483333333333333,"[0.47997685369059695, 1.194619109577507, 0.9655765736833246]",12.190106616995763,7371,7,0,0.013334164234526182,0.0025414146981422533,0.002023984981604155,0.0229791134097245,0.38998380738642824,0.035192216219286435,-0.035192216219286435,0.3797544055524169,0.5017500603835041
triangular_flag,150,2.5,4.5,"[0.4974208645651067, 1.2702700968716845, 0.8358499461282344]",15.477485271010664,9975,7,0,0.01390855502493468,0.0025520776602266358,0.0023076693751825036,0.023414728157446087,0.4548590288560407,0.0344634474245099,-0.0344634474245099,0.4440874982377573,0.5624596950842131
triangular_flag,151,2.5166666666666666,4.516666666666667,"[0.5148648754396165, 1.345921084165862, 0.7061233185731441]",14.2170105480036,8905,7,0,0.015152691616534094,0.002671559395940103,0.002664712171032886,0.02414659677895423,0.44590553979547554,0.0746481954959648,-0.0746481954959648,0.421178724079498,0.5102160037363702
triangular_flag,152,2.533333333333333,4.533333333333333,"[0.5323088863141263, 1.4215720714600395, 0.576396691018054]",12.567494702001568,7657,7,0,0.015951968888968444,0.002050211853036022,0.0018486881520504827,0.024670512382445785,0.4540615795569405,0.047956636346061024,-0.047956636346061024,0.4400647896193964,0.48888790005151356
triangular_flag,153,2.55,4.55,"[0.5497528971886361, 1.497223058754217, 0.4466700634629639]",13.139345653005876,8120,7,0,0.017221400894332693,0.0023406163241460713,0.0022136024436003082,0.025437878264866307,0.4735916714914842,0.07616592032185489,-0.07616592032185489,0.44986947730986576,0.4744628852027306
triangular_flag,154,2.566666666666667,4.566666666666666,"[0.5671969080631458, 1.5728740460483948, 0.31694343590787377]",13.383381225998164,8145,7,0,0.01727907825056993,0.00295439864477131,0.002891193988968408,0.025538022577591805,0.5095405941873898,0.0034606413742341996,-0.0034606413742341996,0.5086777308215998,0.49740404482095457
triangular_flag,155,2.5833333333333335,4.583333333333333,"[0.5846409189376557, 1.6485250333425723, 0.18721680835278343]",19.558328718994744,12668,7,0,0.018753717256725234,0.002940787631377437,0.0028485048751120084,0.026418655546926965,0.5092115045009129,0.08847834036931831,-0.08847834036931831,0.48134660763244635,0.46856114170148383
triangular_flag,156,2.6,4.6,"[0.6020849298121654, 1.7241760206367498, 0.057490180797693205]",15.920722476992523,10087,7,0,0.018433116856257262,0.0026745259949944806,0.0026597489673935997,0.026144373687844568,0.5226890990018435,-0.019236024028078322,0.019236024028078322,0.5178510336634675,0.4726114437670821
triangular_flag,157,2.6166666666666667,4.616666666666666,"[0.42924742966365126, 1.4746712269494242, 0.02671042269292088]",12.15628618199844,7412,7,0,0.011970903956271527,0.0018760437410823682,0.0017912513042309015,0.022300629225790288,0.5854931466738372,-0.38773277399914413,0.38773277399914413,0.3535416257149431,0.4973331295366921
triangular_flag,158,2.6333333333333333,4.633333333333334,"[0.25640992951513714, 1.2251664332620984, -0.004069335411851442]",13.2992708600068,8267,7,0,0.007492607280931774,0.0013562133601130503,0.001298699977759647,0.020553492641129625,0.4431766310635241,-0.2686978005203852,0.2686978005203852,0.2788213848693245,0.6306115997308616
triangular_flag,159,2.65,4.65,"[0.08357242936662301, 0.9756616395747728, -0.03484909351662377]",14.862671074995887,9405,7,0,0.005142958929622985,0.001142212139297508,0.001074480519243379,0.020024552211941462,0.2973429277065398,-0.1409789010785273,0.1409789010785273,0.21689773440739227,0.7182340155338982
triangular_flag,160,2.6666666666666665,4.666666666666667,"[-0.08926507078189116, 0.7261568458874471, -0.06562885162139609]",14.255177958999411,8830,7,0,0.0035532832746582115,0.0008423456102114865,0.000805172066129882,0.019839581541193963,0.25899508700745416,-0.09538053929788641,0.09538053929788641,0.20014800598429866,0.9772151969040729
triangular_flag,161,2.683333333333333,4.683333333333334,"[-0.26210257093040534, 0.4766520522001214, -0.09640860972616842]",16.85621048299072,10792,7,0,0.004105007285990136,0.0008242482549924276,0.0007885801305664694,0.020101754549495324,0.2222794500827561,0.03310344067991547,-0.03310344067991547,0.20449697067787742,1.0003891267073812
triangular_flag,162,2.7,4.7,"[-0.4349400710789194, 0.22714725851279582, -0.12718836783094073]",12.839742898009717,7911,7,0,0.006168200206401242,0.001370173401081337,0.0013245841819482507,0.020873439381323335,0.2530732217152786,0.12379157522466636,-0.12379157522466636,0.1800690023867937,0.7484418184428712
triangular_flag,163,2.716666666666667,4.716666666666667,"[-0.6077775712274337, -0.022357535174529986, -0.15796812593571308]",15.20452430799196,9497,7,0,0.008473523024592455,0.0018611858853031069,0.001787844755323492,0.021985099302859457,0.3038590703696351,0.13831936909147277,-0.13831936909147277,0.2308325709914342,0.6342966053948603
triangular_flag,164,2.7333333333333334,4.733333333333333,"[-0.7806150713759478, -0.2718623288618556, -0.18874788404048537]",21.930881462001707,14226,7,0,0.011098261447511065,0.0023517676006623734,0.0023013009688597685,0.023593243998725515,0.38997822351966765,0.15748430537511657,-0.15748430537511657,0.31173640955724274,0.6231935415461269
triangular_flag,165,2.75,4.75,"[-0.9534525715244618, -0.5213671225491814, -0.21952764214525772]",15.96578547100944,10108,7,0,0.014033682203015712,0.002321773584888482,0.0022845926752987195,0.025681748986694584,0.456052583086091,0.17612524533027887,-0.17612524533027887,0.3740967575640915,0.5694580934955986
triangular_flag,166,2.7666666666666666,4.766666666666667,"[-1.126290071672976, -0.770871916236507, -0.25030740025003007]",12.797060995988431,7920,7,0,0.016864303781199724,0.002848988274761155,0.0027709272525291554,0.0278717620841114,0.517602768326224,0.16983729469104067,-0.16983729469104067,0.4460281418997214,0.5361086181685594
triangular_flag,167,2.783333333333333,4.783333333333333,"[-1.29912757182149, -1.0203767099238326, -0.28108715835480236]",12.258016130988835,7387,7,0,0.019704691642627066,0.0029306931517718605,0.002767219115924429,0.030157770789832006,0.5622749511480085,0.17042327168564053,-0.17042327168564053,0.4957044437297655,0.49493124586225035
triangular_flag,168,2.8,4.8,"[-1.4719650719700041, -1.2698815036111584, -0.3118669164595747]",18.97473493400321,12206,7,0,0.023390931804635057,0.003155753416608424,0.0030222400721290083,0.033221019685648195,0.6154906693208253,0.22117440972047944,-0.22117440972047944,0.5271803622909207,0.4496800994828686
triangular_flag,169,2.816666666666667,4.816666666666666,"[-1.377183081496782, -1.2375572572056495, -0.24578696297605518]",12.588472100003855,7700,7,0,0.016653161489203983,0.0026383284394191596,0.0023642646931426262,0.027988726326365,0.683716771181766,-0.40426621892586445,0.40426621892586445,0.46525186663090073,0.46994159477360203
triangular_flag,170,2.8333333333333335,4.833333333333333,"[-1.28240109102356, -1.2052330108001406, -0.17970700949253568]",11.968537698005093,7404,7,0,0.01310102350859879,0.0022953558185890817,0.001876049033722606,0.025416087570851852,0.4871086030166045,-0.21312827883631158,0.21312827883631158,0.3884959042657306,0.4994045769749295
triangular_flag,171,2.85,4.85,"[-1.1876191005503378, -1.1729087643946317, -0.11362705600901618]",16.639444319996983,10634,7,0,0.010804344683565333,0.0021280612578579946,0.0018104715540749737,0.023906162110203074,0.3922113555237746,-0.1378007295020074,0.1378007295020074,0.33347026283493714,0.52025514005079
triangular_flag,172,2.8666666666666667,4.866666666666666,"[-1.0928371100771157, -1.1405845179891227, -0.047547102525496654]",19.481511183999828,12524,7,0,0.008938695752764701,0.001837819654471925,0.0016655017978736346,0.022762680642318546,0.325052047459525,-0.11193893584803792,0.11193893584803792,0.2775742566364379,0.5235093879806132
triangular_flag,173,2.8833333333333333,4.883333333333334,"[-0.9980551196038936, -1.1082602715836138, 0.018532850958022873]",13.588001866010018,8377,7,0,0.007545258943582084,0.002131932579553186,0.001772403016333929,0.02195601691963454,0.288119301889653,-0.08360620855095703,0.08360620855095703,0.2533213178912205,0.5671294683629735
triangular_flag,174,2.9,4.9,"[-0.9032731291306715, -1.075936025178105, 0.08461280444154234]",17.46491336399049,11038,7,0,0.006347569458503775,0.001137290087348593,0.0010312169119638,0.021304642909754486,0.2851602044439288,-0.07186136910469855,0.07186136910469855,0.253109314996947,0.677464493409477
triangular_flag,175,2.9166666666666665,4.916666666666667,"[-0.8084911386574494, -1.043611778772596, 0.15069275792506187]",16.716210266997223,10430,7,0,0.005364275558606879,0.000992536836156337,0.0008401308700311257,0.02081174886125918,0.2510847452448017,-0.058997633993813775,0.058997633993813775,0.22435691784220768,0.7120165556983248
triangular_flag,176,2.933333333333333,4.933333333333334,"[-0.7137091481842273, -1.0112875323670871, 0.2167727114085814]",20.743232118999003,13338,7,0,0.004847935468747108,0.001074438250329057,0.0009781459916145666,0.020514106568275486,0.21974907904605862,-0.03098040539158622,0.03098040539158622,0.20681905126840391,0.7269204406462187
triangular_flag,177,2.95,4.95,"[-0.6189271577110051, -0.9789632859615782, 0.28285266489210087]",15.075451930999407,9434,7,0,0.004491138269182916,0.0009364083884814175,0.000935675984126267,0.020250954574009484,0.20321270719244877,-0.021407831973851536,0.021407831973851536,0.1945034428212681,0.7384703865992033
triangular_flag,178,2.966666666666667,4.966666666666667,"[-0.524145167237783, -0.9466390395560693, 0.34893261837562045]",17.8595314569975,11264,7,0,0.004193475986243098,0.0009100608366467589,0.000908553333751558,0.019975060526871948,0.21018331756868663,-0.017859736976389082,0.017859736976389082,0.20236414198483926,0.827707720891627
triangular_flag,179,2.9833333333333334,4.983333333333333,"[-0.4293631767645609, -0.9143147931505604, 0.4150125718591399]",17.840085440999246,11226,7,0,0.004236813268099899,0.0007573705726498675,0.0007572791867030303,0.019860902602991705,0.2051938295786681,0.002600236911408059,-0.002600236911408059,0.2041253030817254,0.8353591841783392
triangular_flag,180,3.0,5.0,"[-0.3345811862913388, -0.8819905467450516, 0.4810925253426594]",17.594902992001153,10789,7,0,0.004672411302328868,0.0009196179192244463,0.0009147846094800263,0.01986124170343504,0.21525014481769555,0.026135882053738152,-0.026135882053738152,0.20345451596333886,0.8234091764998249
triangular_flag,181,3.0166666666666666,5.016666666666667,"[-0.3964247663584502, -0.9350388598429338, 0.4270188359017022]",17.631755014997907,10573,7,0,0.0053210030939584135,0.001346893930876617,0.0012701250243477757,0.02003130164043114,0.23997313713250124,0.03891550749777272,-0.03891550749777272,0.2218959992706775,0.8137811413734155
triangular_flag,182,3.033333333333333,5.033333333333333,"[-0.45826834642556163, -0.9880871729408159, 0.37294514646074495]",18.58198040201387,11562,8,0,0.005764732052739644,0.0012168134936935003,0.0011693749501305855,0.020194471988351632,0.25930839259466476,0.026623737526873838,-0.026623737526873838,0.2478121207968425,0.7971462412917915
triangular_flag,183,3.05,5.05,"[-0.520111926492673, -1.041135486038698, 0.31887145701978775]",17.536878498998703,10817,7,0,0.007488938843131094,0.0016425836888426476,0.0015461031780131358,0.02081976695393588,0.28655734506563973,0.103452407423487,-0.103452407423487,0.23445914791475927,0.691553385619952
triangular_flag,184,3.066666666666667,5.066666666666666,"[-0.5819555065597845, -1.0941837991365804, 0.26479776757883056]",17.997229960994446,11274,7,0,0.007970749243977365,0.0017099586309079328,0.0016003515648613075,0.020983280054227022,0.30000482013709595,0.02890862405077627,-0.02890862405077627,0.2894430282647001,0.65584805288795
triangular_flag,185,3.0833333333333335,5.083333333333333,"[-0.6437990866268959, -1.1472321122344624, 0.2107240781378733]",18.039194116994622,11145,8,0,0.009541627758839278,0.0018901079816240826,0.0017221737995320235,0.02164686878803414,0.3300523607022109,0.09425271089171477,-0.09425271089171477,0.28910062312976037,0.6141077407837792
triangular_flag,186,3.1,5.1,"[-0.7056426666940072, -1.2002804253323447, 0.1566503886969161]",14.298936055987724,8869,7,0,0.011179399961502336,0.001999364272619821,0.0018053172957654712,0.022408214504530847,0.36563842532991914,0.09826633215978345,-0.09826633215978345,0.3253677012775886,0.5762710137305439
triangular_flag,187,3.1166666666666667,5.116666666666666,"[-0.7674862467611187, -1.2533287384302267, 0.10257669925595886]",19.30730878400209,12417,7,0,0.011543027402028845,0.0022249525342133655,0.0016622465855320278,0.022478271589251208,0.37191412380697075,0.021817646431590565,-0.021817646431590565,0.36537891676480216,0.551690359883704
triangular_flag,188,3.1333333333333333,5.133333333333334,"[-0.8293298268282301, -1.306377051528109, 0.04850300981500166]",17.452666904995567,11039,7,0,0.012989158691617929,0.0021922643254079816,0.001770631427293537,0.023197669819724293,0.4152507182167779,0.086767877375345,-0.086767877375345,0.3828120485022706,0.5600215586434719
triangular_flag,189,3.15,5.15,"[-0.8911734068953414, -1.359425364625991, -0.0055706796259555325]",14.396025762005593,8834,7,0,0.014450933894087845,0.0031364019529572804,0.0026660668444474294,0.023973950486267877,0.41069869521128793,0.08770651214819497,-0.08770651214819497,0.38039066073035005,0.49306688036892304
triangular_flag,190,3.1666666666666665,5.166666666666667,"[-0.9530169869624529, -1.4124736777238733, -0.059644369066912784]",16.215131551012746,10106,7,0,0.015153521695826058,0.0029160834098065315,0.0023840157915306034,0.024379044578731617,0.42973147026079667,0.0421552681042928,-0.0421552681042928,0.41762703722961997,0.48644284474913585
triangular_flag,191,3.183333333333333,5.183333333333334,"[-1.0148605670295643, -1.4655219908217556, -0.11371805850787003]",14.736777236990747,9044,7,0,0.017147898015475532,0.0036172919968987145,0.00303163363108117,0.025611955497142107,0.47102637867755454,0.11966257917896847,-0.11966257917896847,0.42826173798631256,0.4754922836252287
triangular_flag,192,3.2,5.2,"[-1.0767041470966756, -1.5185703039196377, -0.16779174794882717]",16.529170748006436,10341,7,0,0.017597080233758413,0.003666725527810167,0.0027837420041482625,0.025899471163010612,0.487215386775301,0.026950933096972843,-0.026950933096972843,0.4802204707820431,0.47108776261001856
triangular_flag,193,3.216666666666667,5.216666666666667,"[-0.9317178419517629, -1.3333458573398154, -0.11192287456820196]",16.951185195008293,10769,7,0,0.012669644042017264,0.00277393667199388,0.002418691780952424,0.023070739807258687,0.5329417518524139,-0.295646171504469,0.295646171504469,0.3762495801222695,0.5001455024395934
triangular_flag,194,3.2333333333333334,5.233333333333333,"[-0.7867315368068502, -1.1481214107599933, -0.056054001187576766]",15.512694905992248,9706,7,0,0.00908834809162651,0.002117017255784212,0.0015861110282163605,0.021465767076122296,0.4109629864168362,-0.21487775702344525,0.21487775702344525,0.29669800520995726,0.5510450904954827
triangular_flag,195,3.25,5.25,"[-0.6417452316619374, -0.962896964180171, -0.00018512780695156827]",14.717981017005513,9002,7,0,0.0061782161960737235,0.0014280890194116682,0.0011812708450422067,0.020420415326289385,0.33522825652795546,-0.17460791373316717,0.17460791373316717,0.2359416815821131,0.6477533650190772
triangular_flag,196,3.2666666666666666,5.266666666666667,"[-0.4967589265170247, -0.7776725176003488, 0.05568374557367364]",15.970231459999923,10121,7,0,0.004915241532707706,0.0012785879783437787,0.0008981294625495661,0.02018388659565525,0.266405048574357,-0.07577847980196105,0.07577847980196105,0.22780442012456026,0.7930626305991019
triangular_flag,197,3.283333333333333,5.283333333333333,"[-0.35177262137211196, -0.5924480710205267, 0.11155261895429885]",15.768313632011996,9761,8,0,0.0039555564451767234,0.0008408734649010154,0.0007365290871648808,0.019954153326652187,0.23960403136393563,-0.05758110525185895,0.05758110525185895,0.20864498453186398,0.9102196530869144
triangular_flag,198,3.3,5.3,"[-0.20678631622719923, -0.40722362444070437, 0.16742149233492404]",14.36220773300738,8733,8,0,0.0036175764131592823,0.0007889097262050192,0.0007120784464883572,0.019886508324663415,0.23084883975993495,-0.020278801921046467,0.020278801921046467,0.219912851718856,1.0624368056638984
triangular_flag,199,3.316666666666667,5.316666666666666,"[-0.0618000110822865, -0.2219991778608823, 0.22329036571554928]",17.318985671998234,10827,8,0,0.004460828420529838,0.0011086132412766983,0.0010848143358150738,0.020137870460276357,0.25214808822306006,0.05059512044223336,-0.05059512044223336,0.22245025125339024,1.0760226788885912
triangular_flag,200,3.3333333333333335,5.333333333333333,"[0.08318629406262623, -0.036774731281060014, 0.27915923909617446]",13.499473104995559,8337,7,0,0.004664786696237023,0.0009135720705854099,0.0007830078987005448,0.020140268436945802,0.2618427711973212,0.012237496542431055,-0.012237496542431055,0.25577472644089666,0.9963341542989822
triangular_flag,201,3.35,5.35,"[0.22817259920753896, 0.14844971529876227, 0.3350281124767997]",13.897550624998985,8438,7,0,0.0055572110977429685,0.0010159160604221755,0.0009922852144172542,0.020401361787663604,0.25387305750439676,0.05354546409035675,-0.05354546409035675,0.2273646011660276,0.8365217097560568
triangular_flag,202,3.3666666666666667,5.366666666666666,"[0.3731589043524517, 0.33367416187858434, 0.3908969858574249]",19.034822771005565,12297,7,0,0.006581144198986227,0.0013855336625299985,0.0013680015499399386,0.0207168437125278,0.2879529727707016,0.061435986074595536,-0.061435986074595536,0.25851319782005744,0.7961710395851382
triangular_flag,203,3.3833333333333333,5.383333333333334,"[0.5181452094973644, 0.5188986084584066, 0.44676585923805007]",14.279363869994995,8522,8,0,0.00827288984239605,0.0020033191237621224,0.0019224657571128645,0.021382942863222242,0.3514450003069321,0.1015047386045894,-0.1015047386045894,0.3000994500315123,0.7795906067862967
triangular_flag,204,3.4,5.4,"[0.6631315146422772, 0.7041230550382289, 0.5026347326186753]",25.47752298299747,16300,9,1,0.008948263622388741,0.0013645351304356402,0.0013516409702464508,0.02163754023712675,0.3711058121535868,0.04052242679956141,-0.04052242679956141,0.35469276311250425,0.730717147541487
triangular_flag,205,3.4166666666666665,5.416666666666667,"[0.6450141373943367, 0.644233343350116, 0.3518536196918691]",18.371645359002287,11462,8,0,0.007736024096220527,0.001654269646905525,0.0016349989627043795,0.021090948570839874,0.3741246077120982,-0.07273437157009281,0.07273437157009281,0.3412238319179379,0.7527899369362969
triangular_flag,206,3.433333333333333,5.433333333333334,"[0.6268967601463961, 0.584343631662003, 0.20107250676506289]",18.655359559008502,11548,7,0,0.006241422570682254,0.0013114287336314083,0.0012687425540188696,0.020564899692289647,0.3387394374446519,-0.0896760915322964,0.0896760915322964,0.29340695075026546,0.8050589541121798
triangular_flag,207,3.45,5.45,"[0.6087793828984556, 0.5244539199738899, 0.05029139383825665]",18.540503985001124,11658,8,0,0.005555159874019369,0.0012257459447697575,0.00121585095344926,0.020445687126181052,0.2996491287589505,-0.04117576179977312,0.04117576179977312,0.28001418957025676,0.8670034794450397
triangular_flag,208,3.466666666666667,5.466666666666667,"[0.5906620056505151, 0.46456420828577694, -0.10048971908854953]",20.448585723992437,13040,8,0,0.004617112155057402,0.0008008510460840275,0.0007282390931906803,0.02020602255447444,0.26812947035544255,-0.05628286313771798,0.05628286313771798,0.23899915526663326,0.8920100135878736
triangular_flag,209,3.4833333333333334,5.483333333333333,"[0.5725446284025746, 0.40467449659766397, -0.2512708320153557]",16.363325671991333,9976,8,0,0.004408121703469476,0.0011285888804960548,0.0010832563951072712,0.02018254369187595,0.24024297204642298,-0.012539427095275557,0.012539427095275557,0.23442282093753367,0.9182515896788751
triangular_flag,210,3.5,5.5,"[0.554427251154634, 0.34478478490955095, -0.402051944942162]",20.71721170299861,13194,8,0,0.004297142359839017,0.0011889058838882945,0.0011764030084142122,0.020211951109817602,0.24229762043636469,-0.006658760617827535,0.006658760617827535,0.23913776725335656,0.9644542581546913
triangular_flag,211,3.5166666666666666,5.516666666666667,"[0.5363098739066935, 0.2848950732214379, -0.5528330578689682]",21.05949453401263,13294,8,0,0.0036977221838337578,0.000880542722837542,0.0008450850768816656,0.02001446078790253,0.22206697431500175,-0.03596521056031558,0.03596521056031558,0.2032775665031987,0.9517454572125259
triangular_flag,212,3.533333333333333,5.533333333333333,"[0.518192496658753, 0.22500536153332495, -0.7036141707957744]",24.446317608992103,15705,8,0,0.003637720294832146,0.0008231346235551953,0.0008022557042986369,0.020038190863008044,0.21577489119434642,-0.0036001133400966924,0.0036001133400966924,0.21398728154920216,1.0246490306621996
triangular_flag,213,3.55,5.55,"[0.5000751194108124, 0.165115649845212, -0.8543952837225806]",23.06417646499176,14741,8,0,0.0031427201504663424,0.0005819249907917162,0.0005768276889167156,0.019985778111755236,0.20039580484086217,-0.02970000866194823,0.02970000866194823,0.18420608602923277,1.0206171224492806
triangular_flag,214,3.566666666666667,5.566666666666666,"[0.4819577421628719, 0.10522593815709902, -1.0051763966493867]",20.047478098989814,12646,8,0,0.0032857519257559562,0.000953975706868608,0.0009242330521120609,0.019983677978795567,0.21737100069728993,0.00858190651737683,-0.00858190651737683,0.21242143646465259,1.1966595955135415
triangular_flag,215,3.5833333333333335,5.583333333333333,"[0.4638403649149314, 0.04533622646898594, -1.155957509576193]",19.598962042000494,12136,8,0,0.003196020371732015,0.0008124665663239562,0.0006287712148888036,0.020016086426871978,0.1978875343566121,-0.005383893241436479,0.005383893241436479,0.1950945002501893,1.0673278934625283
triangular_flag,216,3.6,5.6,"[0.44572298766699087, -0.01455348521912706, -1.306738622502999]",18.234817625008873,11086,8,0,0.0035238571125979935,0.0009427434276955026,0.0006879941645799466,0.02015682451155393,0.195866840537759,0.019670204451958714,-0.019670204451958714,0.18559035091963424,1.010234411277093
triangular_flag,217,3.6166666666666667,5.616666666666666,"[0.5081056840294665, -0.07756908644592246, -1.1355838439599621]",20.009496002996457,12195,8,0,0.0036147342113491314,0.0009171441806779184,0.0007687272293038917,0.01968990541165509,0.20906410083449106,0.005452625925068278,-0.005452625925068278,0.206349141333581,1.0195508639945587
triangular_flag,218,3.6333333333333333,5.633333333333334,"[0.5704883803919422, -0.14058468767271787, -0.964429065416925]",27.95489613400423,17573,8,0,0.0050289539842995395,0.0011747704130271668,0.0008632697265979775,0.019501746514704533,0.2405948041163319,0.08485318637702449,-0.08485318637702449,0.19087211760910663,0.9112700068572485
triangular_flag,219,3.65,5.65,"[0.6328710767544178, -0.2036002888995133, -0.793274286873888]",23.941775668994524,14668,8,0,0.007169846289578185,0.001669237766656698,0.0014406967863447341,0.01961137256774464,0.2952432473733931,0.1284535383167187,-0.1284535383167187,0.22263637314500698,0.7557027366161607
triangular_flag,220,3.6666666666666665,5.666666666666667,"[0.6952537731168934, -0.2666158901263087, -0.622119508330851]",22.593054550001398,13795,8,0,0.009498186101004858,0.002375923974185816,0.0018120825828559382,0.02008823317977168,0.35462655767568896,0.13970038868560036,-0.13970038868560036,0.28319551856907627,0.6708088385502603
triangular_flag,221,3.683333333333333,5.683333333333334,"[0.7576364694793691, -0.3296314913531041, -0.4509647297878139]",27.376190718001453,16731,7,0,0.011669239281112456,0.0029824171862897265,0.002482073889641349,0.02073190055837192,0.3723622072374801,0.13026319080645588,-0.13026319080645588,0.31471525318689464,0.5595069849595898
triangular_flag,222,3.7,5.7,"[0.8200191658418448, -0.39264709257989955, -0.2798099512447769]",33.820490997008164,20713,8,0,0.013722205754818098,0.0034157868289351368,0.0030835667701832343,0.02176302598246746,0.4534524433261987,0.12317798842233854,-0.12317798842233854,0.40243484816923997,0.5830017163273181
triangular_flag,223,3.716666666666667,5.716666666666667,"[0.8824018622043204, -0.45566269380669494, -0.10865517270173974]",19.480287817001226,11405,8,0,0.014819382611047396,0.004502355314573577,0.004147703659239829,0.0225201066521841,0.44191211441702793,0.06583061137375786,-0.06583061137375786,0.42049394848840427,0.5164421358873583
triangular_flag,224,3.7333333333333334,5.733333333333333,"[0.944784558566796, -0.5186782950334903, 0.06249960584129721]",25.616526376994443,15396,8,0,0.01519574612430674,0.0035800454632467743,0.0032614029118012092,0.022992956032298437,0.5059774171110991,0.022581810795560646,-0.022581810795560646,0.4991743026808535,0.5690446198543548
triangular_flag,225,3.75,5.75,"[1.0071672549292716, -0.5816938962602857, 0.23365438438433417]",28.946381258996553,17746,8,0,0.015203367785330367,0.0024512103738288577,0.001929452970193082,0.022889116520916204,0.5125771503925041,0.0004572996614176511,-0.0004572996614176511,0.5124484492963197,0.5697265997982311
triangular_flag,226,3.7666666666666666,5.766666666666667,"[1.0695499512917472, -0.6447094974870811, 0.40480916292737135]",19.62646083299478,11548,8,0,0.014660517636460871,0.0026663513130129554,0.0020317727824618933,0.022291355235145423,0.5330243980899929,-0.03257100893216975,0.03257100893216975,0.5224437113219259,0.603030670855226
triangular_flag,227,3.783333333333333,5.783333333333333,"[1.1319326476542229, -0.7077250987138765, 0.5759639414704083]",26.030862453990267,16012,8,0,0.015869879798058786,0.00299080978421688,0.0022215371608286186,0.02252287906149547,0.5479606092848543,0.07256172969587485,-0.07256172969587485,0.5220301914977621,0.6025383741644785
triangular_flag,228,3.8,5.8,"[1.1943153440166985, -0.770740699940672, 0.7471187200134451]",17.26286805300333,10127,8,0,0.016703499987250407,0.002740565299185618,0.0024422407623949003,0.0228577502157654,0.5607592599565311,0.050017211351497254,-0.050017211351497254,0.544408671884977,0.5798305420514711
triangular_flag,229,3.816666666666667,5.816666666666666,"[1.2235539854748048, -0.743378187391606, 0.676311208706023]",19.116717124998104,11318,8,0,0.01430263195390615,0.002430327863278364,0.002177503454723754,0.021734932716926246,0.5519488603034187,-0.1440520820006554,0.1440520820006554,0.4930424268628957,0.5827465536029309
triangular_flag,230,3.8333333333333335,5.833333333333333,"[1.2527926269329113, -0.71601567484254, 0.6055036973986008]",20.917871417012066,12373,8,0,0.012914882579760895,0.0019223153240988287,0.0016237715783169976,0.021177944644400554,0.4956534887357915,-0.08326496244871531,0.08326496244871531,0.4643005861776199,0.6085260775812366
triangular_flag,231,3.85,5.85,"[1.2820312683910176, -0.6886531622934741, 0.5346961860911785]",22.021168012011913,12858,8,0,0.01284563040598402,0.0028540923316139294,0.002159262364951042,0.021208567741640472,0.46999421994911467,-0.004155130426612523,0.004155130426612523,0.46871410643772704,0.6179208443077547
triangular_flag,232,3.8666666666666667,5.866666666666666,"[1.3112699098491238, -0.6612906497444081, 0.4638886747837564]",23.493618740001693,13748,8,0,0.011410128139015848,0.0019603667908671117,0.001656612464768358,0.02068503353371731,0.4594589928561639,-0.08613013601809029,0.08613013601809029,0.4253497520802963,0.631758181299885
triangular_flag,233,3.8833333333333333,5.883333333333334,"[1.3405085513072301, -0.6339281371953421, 0.3930811634763342]",26.089834532001987,15438,8,0,0.0106284450197574,0.0018069365806745888,0.0015729144814047098,0.020562566101436044,0.3988550070418399,-0.046900987155506814,0.046900987155506814,0.3822796372601035,0.6088192235166808
triangular_flag,234,3.9,5.9,"[1.3697471927653364, -0.6065656246462762, 0.322273652168912]",29.2427027310041,17920,8,0,0.01091709203355895,0.0028782725006439034,0.002718473313650025,0.02100094222910919,0.4402935534749226,0.01731882082809298,-0.01731882082809298,0.4340976867419804,0.6945960921224799
triangular_flag,235,3.9166666666666665,5.916666666666667,"[1.398985834223443, -0.5792031120972102, 0.25146614086148983]",29.767276212995057,17882,8,0,0.011195588169625424,0.0030369058250029426,0.0028488160953146716,0.021145872375940462,0.4454209115368587,0.01670976816398842,-0.01670976816398842,0.4395363679961604,0.684294967383401
triangular_flag,236,3.933333333333333,5.933333333333334,"[1.4282244756815492, -0.5518405995481442, 0.18065862955406764]",31.398362292995444,19366,8,0,0.010576808060811939,0.0028903270239587432,0.0027456485577278932,0.020820095024940463,0.4275718301332364,-0.03712680652880912,0.03712680652880912,0.4140182634836442,0.6645612566452607
triangular_flag,237,3.95,5.95,"[1.4574631171396555, -0.5244780869990783, 0.1098511182466454]",32.86087628699897,19687,8,0,0.009764221129360671,0.001658033852347522,0.0014725500350044106,0.020378211446892863,0.3998579653688294,-0.04875521588707604,0.04875521588707604,0.38132442296498936,0.6629617129687081
triangular_flag,238,3.966666666666667,5.966666666666667,"[1.486701758597762, -0.49711557445001225, 0.03904360693922326]",22.57321069900354,13307,8,0,0.00913454229351791,0.0022287102161514974,0.0017555172821999549,0.020091696539285796,0.385420091074203,-0.03778073015056567,0.03778073015056567,0.370990095036809,0.6905379958818052
triangular_flag,239,3.9833333333333334,5.983333333333333,"[1.5159404000558683, -0.4697530619009463, -0.03176390436819887]",26.523226214994793,15548,8,0,0.008292877165297636,0.001709632336075606,0.001641780861370235,0.019777161858725502,0.34891216561909844,-0.05049990769321649,0.05049990769321649,0.32894867730240074,0.6737798118406463
handkerchief,0,0.0,2.0,"[0.0, 0.0, 0.0]",1.3356222750007873,192,2,0,0.0,0.0,0.0,0.018532184022047673,0.0,0.0,-0.0,0.0,
handkerchief,1,0.016666666666666666,2.0166666666666666,"[-0.00020461909917519409, 0.00010585701397545651, -0.00020653589065703913]",1.2326249519974226,192,2,0,1.270169165230125e-10,7.723139678059687e-12,7.723139678059687e-12,0.018532184022047673,7.621014991380749e-09,7.621014991380749e-09,-7.621014991380749e-09,0.0,
handkerchief,2,0.03333333333333333,2.033333333333333,"[-0.0009103224696260057, 0.0004709434201294458, -0.0009188500135480777]",1.2318754849984543,192,2,0,2.5139562938567355e-09,1.528591797050358e-10,1.528591797050358e-10,0.018532184022047843,1.4321636264002426e-07,1.4321636264002338e-07,-1.4321636264002338e-07,3.600111565681597e-15,4.7239266288720087e-07
handkerchief,3,0.05,2.05,"[-0.002399623981236367, 0.001241414072984899, -0.0024221027177052773]",1.23180778400274,192,2,0,1.7467856517094104e-08,1.0621447536134945e-09,1.0621447536134945e-09,0.018532184022055902,8.972340133952211e-07,8.972340133942423e-07,-8.972340133942423e-07,5.02831469115128e-13,3.3335999141016097e-06
handkerchief,4,0.06666666666666667,2.066666666666667,"[-0.004941086201673721, 0.002556206303384603, -0.004987372359616002]",1.280739720998099,192,2,0,7.405512455405002e-08,4.5033099782458e-09,4.5033099782457995e-09,0.018532184022195586,3.3952360823005907e-06,3.3952360822173545e-06,-3.3952360822173545e-06,1.1546399698026661e-11,1.101680648565906e-05
handkerchief,5,0.08333333333333333,2.0833333333333335,"[-0.00878932039638902, 0.0045470399184912, -0.00887165530322282]",1.230301949006389,192,2,0,2.3427459877773218e-07,1.4248749610909335e-08,1.4248749610909254e-08,0.018532184023527583,9.613168455724416e-06,9.61316845342093e-06,-9.61316845342093e-06,1.183193731843414e-10,2.6628671074495855e-05
handkerchief,6,0.1,2.1,"[-0.014184986528616722, 0.0073384172017871875, -0.014317865919923492]",1.2304198329948122,192,2,0,6.099502651646792e-07,3.710981528496734e-08,3.710981528496454e-08,0.018532184032075773,2.254054001613948e-05,2.254053998321682e-05,-2.254053998321682e-05,7.550228451089541e-10,5.3713523157501016e-05
handkerchief,7,0.11666666666666667,2.1166666666666667,"[-0.021354793259374803, 0.011047622913074918, -0.021554836588570995]",1.2459154460084392,192,2,0,1.381438798631081e-06,8.409457047257887e-08,8.409457047252343e-08,0.01853218407346316,4.6289312310427245e-05,4.628931200798411e-05,-4.628931200798411e-05,3.516078969571243e-09,9.607556472860522e-05
handkerchief,8,0.13333333333333333,2.1333333333333333,"[-0.030511497947464737, 0.015784724288476593, -0.030797317695473496]",1.2869925699924352,201,2,0,2.817179620199113e-06,1.7164360288555639e-07,1.7164360288482206e-07,0.018532184235752563,8.614445131510987e-05,8.614444929408191e-05,-8.614444929408191e-05,1.306692443006838e-08,0.00015764873136313014
handkerchief,9,0.15,2.15,"[-0.041853906649471515, 0.021652571040434283, -0.04224597763439437]",1.312623513993458,222,2,0,5.293023577776754e-06,3.229049846325522e-07,3.229049846248644e-07,0.01853218477592296,0.00014855064807016392,0.00014855063745465845,-0.00014855063745465845,4.097113170392056e-08,0.0002423885902911326
handkerchief,10,0.16666666666666666,2.1666666666666665,"[-0.05556687411976364, 0.028746795357709902, -0.05608740280655219]",1.3430360210040817,238,2,0,9.310173144164971e-06,5.689926061990793e-07,5.68992606140842e-07,0.018532186352625733,0.00024102902015098066,0.000241028973983293,-0.000241028973983293,1.1248425685535688e-07,0.0003541903028595369
handkerchief,11,0.18333333333333332,2.183333333333333,"[-0.07182130381049315, 0.03715581190538524, -0.07249409762062076]",1.4255919679999352,246,3,0,1.5510470138991084e-05,9.502015358444905e-07,9.502015354826039e-07,0.018532190484574496,0.0003720179921478314,0.0003720178196895668,-0.0003720178196895668,2.7752705327192254e-07,0.000496816854403462
handkerchief,12,0.2,2.2,"[-0.09077414787159548, 0.046960817824861896, -0.09162448449272899]",1.4640829419950023,271,3,0,2.4687699007446122e-05,1.5171294248210488e-06,1.517129422912865e-06,0.018532200377560926,0.000550634300402067,0.0005506337321073023,-0.0005506337321073023,6.270548321065425e-07,0.0006737973750949049
handkerchief,13,0.21666666666666667,2.216666666666667,"[-0.11001798987239077, 0.058219335341738655, -0.09916805701317656]",1.5109294389985735,296,3,0,3.7772146484440236e-05,2.3304414504951212e-06,2.3304414417392726e-06,0.01853222226395061,0.0007850685709178593,0.0007850668486196468,-0.0007850668486196468,1.3294659108281127e-06,0.0008975225239702813
handkerchief,14,0.23333333333333334,2.2333333333333334,"[-0.13155462802857004, 0.07101021106637252, -0.10586913877562815]",1.5271845440001925,316,3,0,5.5878583915078943e-05,3.4645856435104648e-06,3.464585607828296e-06,0.018532267605896543,0.0010863909687524977,0.0010863862458383225,-0.0010863862458383225,2.633757366225229e-06,0.0011621250752048677
handkerchief,15,0.25,2.25,"[-0.15545293255809925, 0.0853926912678443, -0.11158190241588051]",1.4956842190003954,314,3,0,8.025966207083941e-05,5.0061895578635e-06,5.006189426639378e-06,0.0185323562097154,0.0014628766971294524,0.0014628646893456282,-0.0014628646893456282,4.9456505923354905e-06,0.0014751182218730654
handkerchief,16,0.26666666666666666,2.2666666666666666,"[-0.1817719315345341, 0.10141883120722393, -0.11616972780409204]",1.5066873829928227,330,3,0,0.00011230003306275535,7.055166480626058e-06,7.055166039469015e-06,0.018532520596624278,0.0019224508580076391,0.0019224222595149562,-0.0019224222595149562,8.864848129053526e-06,0.0018408685741671772
handkerchief,17,0.2833333333333333,2.283333333333333,"[-0.2105608108870201, 0.11913349513757068, -0.1195052020447829]",1.5230974510050146,346,3,0,0.0001534915671488116,9.724980332913448e-06,9.724978962833646e-06,0.01853281170548202,0.0024715563796231356,0.0024714920451633744,-0.0024714920451633744,1.5253409998815803e-05,0.002263788774868467
handkerchief,18,0.3,2.3,"[-0.24185891440029245, 0.138574356303933, -0.12147011947683485]",1.5278791560122045,355,3,0,0.0002054005818876675,1.314270649113504e-05,1.3142702526167644e-05,0.01853330593140284,0.0031146784920144024,0.0031145408843313545,-0.0031145408843313545,2.5309267708679556e-05,0.002748172222451996
handkerchief,19,0.31666666666666665,2.316666666666667,"[-0.275695743714676, 0.1597718969433486, -0.12195548167349134]",1.4560470420110505,364,2,0,0.00026962833329086317,1.7448905663185732e-05,1.7448894892523877e-05,0.018534113304890507,0.0038539462340231824,0.00385366508419174,-0.00385366508419174,4.063000613309306e-05,0.0032968118655395616
handkerchief,20,0.3333333333333333,2.3333333333333335,"[-0.3120909583260854, 0.1827494082848443, -0.12086149744235751]",1.4613214489945676,367,2,0,0.0003477669956540903,2.2797339412035206e-05,2.279731177685185e-05,0.018535386383276783,0.004688869167229805,0.004688319741793629,-0.004688319741793629,6.320177787742723e-05,0.0039067245702277
handkerchief,21,0.35,2.35,"[-0.3510543755860252, 0.2075229905494363, -0.11809758282540021]",1.4615842299972428,370,2,0,0.0004413546092066619,2.9354541675283465e-05,2.9354474338802148e-05,0.018537329173580797,0.005616280814802596,0.005615256813154296,-0.005615256813154296,9.519634727054067e-05,0.00456227066879549
handkerchief,22,0.36666666666666664,2.3666666666666667,"[-0.39258597070158957, 0.23410155295013, -0.11358236109894791]",1.4643307990045287,372,2,0,0.000551834532713943,3.7299300073494274e-05,3.7299143515517385e-05,0.018540205156157747,0.00663061799061445,0.006628795410436865,-0.006628795410436865,0.00013902563037998463,0.0052499655658657255
handkerchief,23,0.38333333333333336,2.3833333333333333,"[-0.43667587673546227, 0.26248681369191984, -0.10724366277369073]",1.4668824109976413,373,2,0,0.0006805302394408066,4.6871523782446756e-05,4.687087072000024e-05,0.018544343269930607,0.007724972938065647,0.007721742403611818,-0.007721742403611818,0.00020115738599356964,0.006075423079400117
handkerchief,24,0.4,2.4,"[-0.48330438460591674, 0.2926732999717897, -0.09901852559468047]",1.469018497999059,375,2,0,0.0008286579760479337,5.828586683749686e-05,5.8284400654733436e-05,0.018550140612377638,0.008893800737336992,0.008887664196427622,-0.008887664196427622,0.00029935164030110153,0.0073313497172126495
handkerchief,25,0.4166666666666667,2.4166666666666665,"[-0.43788058659694146, 0.2933121945872635, -0.07634191276944086]",1.4693967350031016,376,2,0,0.0007980376158941227,5.827528488941625e-05,5.827267524182489e-05,0.018548596718480644,0.0019614486659905728,-0.0018372216092286562,0.0018372216092286562,0.0006741366226382675,0.014079164881696983
handkerchief,26,0.43333333333333335,2.433333333333333,"[-0.3832855022104213, 0.2918621696092073, -0.050140361197905485]",1.4707459999917774,376,2,0,0.000760647699045935,5.7729651829487774e-05,5.772537432369186e-05,0.018546751913720422,0.002398196531793131,-0.002243395010891264,0.002243395010891264,0.0008275631964029313,0.018133110670025675
handkerchief,27,0.45,2.45,"[-0.3193518690903656, 0.28825706696290376, -0.020362914360762912]",1.4690674059966113,377,2,0,0.0007175005605314514,5.639637408680066e-05,5.63902171566699e-05,0.018544670498670913,0.002762076918741457,-0.0025888283108690176,0.0025888283108690176,0.0009351210877252686,0.02172215429428333
handkerchief,28,0.4666666666666667,2.466666666666667,"[-0.24595503911016678, 0.2824409207868111, 0.013025236596959564]",1.46869677399809,376,2,0,0.0006694038663989104,5.415784784837391e-05,5.4149956239051456e-05,0.018542420199738344,0.0030761939251657956,-0.002885801647952461,0.002885801647952461,0.0010290902763560642,0.02562275878494554
handkerchief,29,0.48333333333333334,2.4833333333333334,"[-0.16301297837259887, 0.27436795743256276, 0.05004275286589599]",1.4681740880041616,376,2,0,0.0006175797191199169,5.1162381626765436e-05,5.115760586174497e-05,0.018540101900077675,0.003442099350693281,-0.003109448836739609,0.003109448836739609,0.0014179746729770573,0.03826931598633349
handkerchief,30,0.5,2.5,"[-0.07048626720981821, 0.26400259546496746, 0.09069214797234174]",1.4709357760002604,378,2,0,0.0005643543569564938,4.875672882085103e-05,4.875541375908541e-05,0.018537820168289514,0.0036727010814984152,-0.003193521729805387,0.003193521729805387,0.0017339534025688046,0.0512131809612157
handkerchief,31,0.5166666666666667,2.5166666666666666,"[0.03162189981663646, 0.25131944566200914, 0.13495978777825343]",1.4700609249994159,377,2,0,0.0005107720980853858,4.9984375935815695e-05,4.998320928263333e-05,0.018535615875776894,0.0036861006231875357,-0.003214935532266478,0.003214935532266478,0.0017154629613103983,0.05598344837695317
handkerchief,32,0.5333333333333333,2.533333333333333,"[0.14326571391584458, 0.23630331101484728, 0.1828158904812491]",1.4706486350041814,377,2,0,0.0004558709518202861,4.666110415533152e-05,4.665808073485635e-05,0.018533554921104086,0.0037327675112751244,-0.0032940687759059816,0.0032940687759059816,0.0016587100891214276,0.06065182670717194
handkerchief,33,0.55,2.55,"[0.26435675206750303, 0.21894918672781635, 0.23421452661460798]",1.467544220999116,376,2,0,0.000398619905241405,4.226354873933922e-05,4.2252674481453146e-05,0.018531781946304126,0.003799048256880671,-0.0034350627947328646,0.0034350627947328646,0.0015173757376989675,0.06345352676211229
handkerchief,34,0.5666666666666667,2.566666666666667,"[0.39476397702192656, 0.19926226021842658, 0.2890936190472708]",1.466441804994247,376,2,0,0.0003394284341106562,3.803894362828127e-05,3.8027068985579206e-05,0.018530446475264962,0.0038404600502205837,-0.0035514882678449296,0.0035514882678449296,0.0013486578939788942,0.06623411157337178
handkerchief,35,0.5833333333333334,2.5833333333333335,"[0.5343137373000477, 0.17725791111736305, 0.34737494298383936]",1.467269031010801,376,2,0,0.00027984191747275306,3.2372655762599144e-05,3.2361117205178475e-05,0.018529628909531297,0.0038035973946600327,-0.003575190998274187,0.003575190998274187,0.001178769615041667,0.07021891940887048
handkerchief,36,0.6,2.6,"[0.6827897671934174, 0.15296171126848637, 0.40896412596457704]",1.4684949020011118,376,2,0,0.00022186536203116838,2.6345483392691556e-05,2.6334910597048864e-05,0.018529324988513285,0.003658541286276654,-0.003478593326495081,0.003478593326495081,0.001009075765314214,0.07582057140174282
handkerchief,37,0.6166666666666667,2.6166666666666667,"[0.7010789644254496, 0.10852327887585296, 0.3461421788196402]",1.4678832350036828,376,2,0,0.0001194403044008788,1.5241236954590457e-05,1.5235699727673467e-05,0.01853013546621673,0.0062987253025660874,-0.006145503457817374,0.006145503457817374,0.001013153000215062,0.1414930872690218
handkerchief,38,0.6333333333333333,2.6333333333333333,"[0.718550831244311, 0.060691802676947494, 0.2779514230322342]",1.4689631910005119,376,2,0,4.730847064189241e-05,7.135933244203531e-06,7.133206045796009e-06,0.01853129261631231,0.004420120373470459,-0.004327910025539184,0.004327910025539184,0.0005652479236261975,0.1994660649496537
handkerchief,39,0.65,2.65,"[0.7351608328739423, 0.009562019952676524, 0.20452435441086492]",1.469641571995453,376,2,0,2.1210489305057225e-05,3.2626165792714796e-06,3.2625813951497832e-06,0.01853217955941376,0.002636695849570705,-0.0015658788802101111,0.0015658788802101111,0.0014204345723517293,1.1841181263349656
handkerchief,40,0.6666666666666666,2.6666666666666665,"[0.7508662015860189, -0.044755422943986274, 0.12601810795321994]",1.4692887669953052,376,2,0,7.302541486773312e-05,1.037193431282557e-05,1.0371629464117008e-05,0.01853330073143027,0.0033417702550591075,0.0031088955337605535,-0.0031088955337605535,0.0006605440304537784,0.5250490506949947
handkerchief,41,0.6833333333333333,2.683333333333333,"[0.76562593669995, -0.10213397058800001, 0.04261445784616759]",1.469267491993378,376,2,0,0.0001801007631405148,2.1983837648073455e-05,2.1982567103912404e-05,0.018536965656643933,0.006673749819432682,0.006424520896366901,-0.006424520896366901,0.0011504968700033538,0.26333935719475143
handkerchief,42,0.7,2.7,"[0.77940080458288, -0.16243115848225664, -0.04548018253424244]",1.471716510000988,378,2,0,0.0003591130173419605,3.833643944680203e-05,3.833214059562325e-05,0.018545561553829852,0.01105866111450901,0.010740735252086742,-0.010740735252086742,0.0018643496500959046,0.17274308542103975
handkerchief,43,0.7166666666666667,2.716666666666667,"[0.7921533386496866, -0.22548861305758106, -0.13803476062277922]",1.4764792490022955,380,2,0,0.0006204106932145353,5.957884620783649e-05,5.9564376489621116e-05,0.018562308886271372,0.015987301803911353,0.01567786055235449,-0.01567786055235449,0.002381529144900988,0.1105846417634681
handkerchief,44,0.7333333333333333,2.7333333333333334,"[0.803847839362983, -0.29113205167273076, -0.23479358466503095]",1.5312061379954685,406,2,0,0.0009688108408750297,8.534387778273484e-05,8.530919789941195e-05,0.018591540511589698,0.021207583797004374,0.020904008859629664,-0.020904008859629664,0.002861237660698734,0.07688300970545162
handkerchief,45,0.75,2.75,"[0.8144503742331162, -0.35917128261439635, -0.3354763237174044]",1.5972821269970154,448,2,0,0.001405246071590038,0.00011498092772095083,0.00011490117697117623,0.018638488007098435,0.02650959015632569,0.02618611384290049,-0.02618611384290049,0.003428089508151125,0.058982729801257135
handkerchief,46,0.7666666666666667,2.7666666666666666,"[0.8239287778181674, -0.4294002050972011, -0.4397780076471251]",1.5273773689987138,404,2,0,0.0019274981530987612,0.00014767843483658863,0.00014752167406206787,0.018708782677895865,0.03172909084544676,0.0313351248905234,-0.0313351248905234,0.0042559846304172965,0.05048269579363489
handkerchief,47,0.7833333333333333,2.783333333333333,"[0.8322526517239529, -0.5015968092637012, -0.5473690271322378]",1.5397363099909853,402,2,0,0.0025294718453676758,0.00018324095583208055,0.0001831589997594421,0.01880697313751035,0.036774053364290196,0.03611842153613487,-0.03611842153613487,0.00603466856256832,0.05218641754905399
handkerchief,48,0.8,2.8,"[0.8393933646040224, -0.5755231761843855, -0.6578951336616059]",1.588664251001319,422,2,0,0.003198119257693917,0.0002507612342902689,0.00025054890895388635,0.018934234359200025,0.04087754271549954,0.040118844739574486,-0.040118844739574486,0.006971638907517545,0.04594010421938632
handkerchief,49,0.8166666666666667,2.816666666666667,"[0.8259586213744922, -0.44946234662527174, -0.5788627253649784]",1.6170397599926218,457,2,0,0.0016380851022248322,0.0001660162583130076,0.00016589432550546916,0.01866545489187804,0.09461250905604897,-0.0936020493281451,0.0936020493281451,0.009869769590559628,0.10046203025036148
handkerchief,50,0.8333333333333334,2.8333333333333335,"[0.8107314184715525, -0.3188096058282499, -0.49645392804897864]",1.6327972389990464,449,2,0,0.0006757484404089365,9.752025272329607e-05,9.747995950727612e-05,0.01856410666943542,0.059191804914988586,-0.05774019970895374,0.05774019970895374,0.008367876305582675,0.20675344642645493
handkerchief,51,0.85,2.85,"[0.7937616270203254, -0.18404083828366632, -0.41096676925448905]",1.6527467900014017,464,2,0,0.00019090523760045955,4.0977730547465726e-05,4.0967238751958934e-05,0.018534814445819364,0.030890539630894113,-0.02909059216850862,0.02909059216850862,0.005522727798278048,0.48694945080611685
handkerchief,52,0.8666666666666667,2.8666666666666667,"[0.7751055328970544, -0.045664370561295485, -0.3227207448646112]",1.6298575129912933,468,2,0,7.521658429339215e-05,8.788854426278781e-06,8.788483279861916e-06,0.018529668341079913,0.011808310122417218,-0.006941319198424044,0.006941319198424044,0.005996177676030799,1.4531768392206021
handkerchief,53,0.8833333333333333,2.8833333333333333,"[0.7548258367291067, 0.0957790286896594, -0.23205681910466677]",1.627102313999785,464,2,0,0.0005051470611537028,4.970414608297816e-05,4.9669942626457645e-05,0.018521245128961906,0.026302006878686376,0.02579582861161864,-0.02579582861161864,0.001981570260674597,0.4426868821275464
handkerchief,54,0.9,2.9,"[0.7329916538949722, 0.23971614874056665, -0.1393374245421967]",1.637415802993928,488,2,0,0.0013463793612724238,0.00012353833346580997,0.00012343599109082865,0.018540769108440436,0.05104320711368039,0.05047393800712326,-0.05047393800712326,0.004656436645706286,0.1537845325923705
handkerchief,55,0.9166666666666666,2.9166666666666665,"[0.7096785145242636, 0.38554133678336566, -0.04494646208696175]",1.635369529001764,473,2,0,0.002543912891988691,0.00022122229667007455,0.0002205282231812416,0.01864583327227958,0.07273252624541097,0.07185201184297603,-0.07185201184297603,0.008208461445650583,0.10165531234570335
handkerchief,56,0.9333333333333333,2.933333333333333,"[0.6849683634977162, 0.5326164979305674, 0.05071069900905792]",1.6444264440069674,488,2,0,0.003997378635572327,0.00034091331019411565,0.0003401407876457836,0.018890179698432288,0.08851131491568884,0.08720794461501814,-0.08720794461501814,0.012072773900381051,0.0791164613685136
handkerchief,57,0.95,2.95,"[0.6589495604471886, 0.6802710952152543, 0.14720722115166224]",1.6445413649926195,482,2,0,0.005587330730588208,0.0004652152893172712,0.00046416206537343416,0.01929507203537223,0.09697862177492562,0.09539712570095285,-0.09539712570095285,0.014753486820813668,0.06152287624088439
handkerchief,58,0.9666666666666667,2.966666666666667,"[0.6317168797556615, 0.8278021495910801, 0.2440947984044316]",1.6458886879991041,479,2,0,0.007205008917703608,0.0005827483864514858,0.0005815543470800397,0.019845718287268065,0.09956533009896246,0.09706069122692403,-0.09706069122692403,0.019542403780070675,0.0583020551178597
handkerchief,59,0.9833333333333333,2.9833333333333334,"[0.6033715105572393, 0.9744742399322698, 0.3409036564887269]",1.618811029009521,471,2,0,0.008795085988664075,0.0006866283620002596,0.0006854648307688234,0.020506687622710244,0.09966375767123378,0.09540462425762802,-0.09540462425762802,0.026088630349164164,0.06035752612835268
handkerchief,60,1.0,3.0,"[0.574505130504518, 1.1204635973610262, 0.43751119647701725]",1.7161034559976542,541,2,0,0.010416833582041467,0.000828643656580284,0.0008284183939573796,0.02127300913094408,0.10798908957988479,0.09730485560264353,-0.09730485560264353,0.043034022977010006,0.08157198332231194
handkerchief,61,1.0166666666666666,3.0166666666666666,"[0.4222092576127, 1.0485788238152625, 0.4471920258374708]",1.7492833830037853,560,2,0,0.0076887520838278415,0.0007410976623573358,0.0007401569460828005,0.02004982710844897,0.17980748678710226,-0.16368488989281757,0.16368488989281757,0.06393462396368324,0.1387002301313088
handkerchief,62,1.0333333333333334,3.033333333333333,"[0.26991338472088205, 0.9766940502694988, 0.4568728551979243]",1.7959672319993842,597,2,0,0.006058007745523187,0.000694134594732526,0.000693778286471353,0.019430350992839997,0.11966662417835401,-0.09784466029827925,0.09784466029827925,0.06115398974554108,0.16844467273354158
handkerchief,63,1.05,3.05,"[0.1176175118290641, 0.9048092767237352, 0.46655368455837787]",1.796117851001327,600,2,0,0.004930229527846012,0.0006418703479349605,0.0006411369120679305,0.01905600876484094,0.08443524054130518,-0.06766669306063051,0.06766669306063051,0.045560003322196674,0.15416846142778592
handkerchief,64,1.0666666666666667,3.066666666666667,"[-0.034678361062753904, 0.8329245031779715, 0.47623451391883137]",1.8076611049909843,618,2,0,0.00404453195516482,0.0005648465624767423,0.0005632186904279298,0.018808398595125942,0.0664726589963094,-0.053141854360871515,0.053141854360871515,0.03616768296034688,0.14917771125045648
handkerchief,65,1.0833333333333333,3.0833333333333335,"[-0.1869742339545719, 0.7610397296322079, 0.48591534327928493]",1.76152409799397,588,2,0,0.00342406677746163,0.0004723485653805732,0.0004683643572170284,0.018657667728578846,0.050083364640157925,-0.0372279106621914,0.0372279106621914,0.03082590617751302,0.15018640314297155
handkerchief,66,1.1,3.1,"[-0.3392701068463898, 0.6891549560864443, 0.49559617263973843]",1.7332244539866224,562,2,0,0.0028975398071644553,0.00037968734717611774,0.00037592158215687764,0.018557468729052486,0.03967351321989112,-0.03159161821783049,0.03159161821783049,0.022076933009231588,0.127072131042086
handkerchief,67,1.1166666666666667,3.1166666666666667,"[-0.4915659797382078, 0.6172701825406806, 0.505277002000192]",1.7815956370031927,596,2,0,0.002463412460796173,0.00032153404455558264,0.0003177979514439051,0.018494409552462388,0.03252024650462725,-0.026047640782096947,0.026047640782096947,0.017952428960023838,0.12153522019729951
handkerchief,68,1.1333333333333333,3.1333333333333333,"[-0.6438618526300258, 0.5453854089949169, 0.5149578313606455]",1.7594690920086578,590,2,0,0.002113145918144445,0.00027444924270427894,0.00027124717154609104,0.018456559030067324,0.025023143058734394,-0.021015992559103677,0.021015992559103677,0.012579911451998514,0.09926020086903826
handkerchief,69,1.15,3.15,"[-0.7961577255218438, 0.47350063544915333, 0.5246386607210991]",1.809847193013411,621,2,0,0.0018170391404067517,0.00023008242277985574,0.0002270340224960764,0.018435241199895057,0.019869470381397386,-0.017766406664261596,0.017766406664261596,0.008249823050983185,0.07568900083912737
handkerchief,70,1.1666666666666667,3.1666666666666665,"[-0.9484535984136618, 0.4016158619033896, 0.5343194900815527]",1.8003667339944514,609,2,0,0.0015297822210194373,0.00019846807477392795,0.0001960630997087623,0.01842453167774382,0.019226923172134237,-0.017235415163238864,0.017235415163238864,0.007818905249969421,0.08521116240555678
handkerchief,71,1.1833333333333333,3.183333333333333,"[-1.10074947130548, 0.329731088357626, 0.5440003194420061]",1.7457500329910545,575,2,0,0.0012659799950516895,0.00016476765678846586,0.00016251942753331208,0.018421260379704877,0.019662235888882117,-0.01582813355806487,0.01582813355806487,0.010611718649859879,0.13981747047321003
handkerchief,72,1.2,3.2,"[-1.2530453441972977, 0.2578463148118624, 0.5536811488024597]",1.753304764002678,585,2,0,0.0010519893726365604,0.00012704781083281466,0.0001251482578465296,0.018425078796125476,0.02030263794564341,-0.012839437344907743,0.012839437344907743,0.014336550276142572,0.22762505029434993
handkerchief,73,1.2166666666666666,3.216666666666667,"[-1.0624509512526061, 0.26297104521259457, 0.591718496660706]",1.937669407998328,714,2,0,0.0012511209940824144,0.00014746548620117464,0.0001447311522415598,0.018397253625357272,0.01795045706747259,0.011947897286751236,-0.011947897286751236,0.012284229168023037,0.1949274935295424
handkerchief,74,1.2333333333333334,3.2333333333333334,"[-0.8718565583079145, 0.26809577561332676, 0.6297558445189523]",1.884253466007067,665,2,0,0.0014451661948891726,0.00015419039472809744,0.00015137569172941578,0.01836824308455887,0.018172914896217588,0.011642712048405496,-0.011642712048405496,0.012983030212756878,0.17316825418973633
handkerchief,75,1.25,3.25,"[-0.6812621653632229, 0.2732205060140589, 0.6677931923771986]",1.7905649870081106,605,2,0,0.0016365154789891225,0.00018058764662095755,0.00017664340762225763,0.01833734422469312,0.019115927158978658,0.011480957045996994,-0.011480957045996994,0.01436286605776429,0.16583256459315654
handkerchief,76,1.2666666666666666,3.2666666666666666,"[-0.4906677724185313, 0.2783452364147911, 0.7058305402354449]",1.9660600880015409,721,2,0,0.0018325656963486165,0.00019569871378123858,0.0001914918061311897,0.01830937409910801,0.02076698928087888,0.011763013041569643,-0.011763013041569643,0.016172959522635085,0.1648960587935383
handkerchief,77,1.2833333333333334,3.283333333333333,"[-0.3000733794738397, 0.2834699668155233, 0.7438678880936912]",2.059183078003116,781,2,0,0.002009134768659324,0.000215271506474102,0.000210575909451159,0.018284376967877013,0.02084388009902835,0.010594144338642433,-0.010594144338642433,0.017143883231174366,0.1560771393786351
handkerchief,78,1.3,3.3,"[-0.10947898652914811, 0.2885946972162554, 0.7819052359519374]",2.008194790003472,747,2,0,0.002149273334121775,0.0001982086226563597,0.0001940178493545676,0.018259799011453234,0.021133676268540885,0.00840831392774708,-0.00840831392774708,0.018746217989350545,0.15566533799088822
handkerchief,79,1.3166666666666667,3.316666666666667,"[0.08111540641554349, 0.2937194276169876, 0.8199425838101837]",2.040746575992671,773,2,0,0.002281570987345733,0.00019720848627271192,0.0001914566899250208,0.018233587479998,0.024500599008149274,0.007937859193437478,-0.007937859193437478,0.02249702154220812,0.17467646504177495
handkerchief,80,1.3333333333333333,3.3333333333333335,"[0.2717097993602351, 0.2988441580177198, 0.85797993166843]",2.047154205996776,787,2,0,0.0024389570850161016,0.0002107176560727596,0.00020419613744761527,0.018205532316866554,0.02437438198613111,0.009443165860222114,-0.009443165860222114,0.021733694644117514,0.15892985697929726
handkerchief,81,1.35,3.35,"[0.4623041923049267, 0.303968888418452, 0.8960172795266763]",2.0744930420041783,800,2,0,0.0026101066298652572,0.0002265857512374563,0.00021939556107272284,0.018172670681644867,0.023752933941293887,0.010268972690949335,-0.010268972690949335,0.020704322630190036,0.14160171518409673
handkerchief,82,1.3666666666666667,3.3666666666666667,"[0.6528985852496183, 0.3090936188191842, 0.9340546273849226]",1.984992865996901,732,2,0,0.0027977911041520247,0.00024836744660411967,0.0002405900084877721,0.018130893488128155,0.02454265600159602,0.011261068457206046,-0.011261068457206046,0.021062532101668942,0.1345950059692937
handkerchief,83,1.3833333333333333,3.3833333333333333,"[0.8434929781943097, 0.3142183492199163, 0.9720919752431689]",1.9769427459978033,687,2,0,0.0029966204578191916,0.00026335666361790386,0.00025550808446956545,0.018069918393946234,0.0274055191186939,0.011929761220030016,-0.011929761220030016,0.02384014325763779,0.14213727090885353
handkerchief,84,1.4,3.4,"[1.0340873711390013, 0.3193430796206485, 1.0101293231014152]",1.9309619090054184,682,2,0,0.0032249925124831786,0.0002744955463062578,0.00026073716802780866,0.01799270117414354,0.03174456237639133,0.01370232327983922,-0.01370232327983922,0.02760252395407177,0.15367145923099473
handkerchief,85,1.4166666666666667,3.4166666666666665,"[0.954753807419365, 0.3485092417203982, 1.0141134899434738]",1.9535548910062062,679,2,0,0.00363956230260617,0.0002963704176971401,0.000287199481306796,0.017907179903016317,0.036973894271789855,0.024874187407379483,-0.024874187407379483,0.02575077579895383,0.1331776517279837
handkerchief,86,1.4333333333333333,3.433333333333333,"[0.8754202436997288, 0.37767540382014797, 1.0180976567855324]",1.8493567749974318,612,2,0,0.004050924992221503,0.00033444445202105534,0.0003033990404112537,0.017837856987122053,0.03811922823575618,0.024681761376919974,-0.024681761376919974,0.027535275425037822,0.126176112937654
handkerchief,87,1.45,3.45,"[0.7960866799800925, 0.4068415659198977, 1.022081823627591]",1.9164753810036927,665,2,0,0.004441556223473281,0.00040859204079132794,0.0003543459708860574,0.017792341995580174,0.036113025203315705,0.023437873875106676,-0.023437873875106676,0.02623797154655619,0.10800302113917841
handkerchief,88,1.4666666666666666,3.466666666666667,"[0.7167531162604563, 0.4360077280196474, 1.0260659904696499]",1.9175900499976706,670,2,0,0.004801133294822863,0.00046088549169657746,0.00040224568067547206,0.017768226933836336,0.0333943902959362,0.02157462428097494,-0.02157462428097494,0.02451653644877857,0.09202926864616459
handkerchief,89,1.4833333333333334,3.4833333333333334,"[0.6374195525408201, 0.4651738901193971, 1.0300501573117085]",1.8723391920066206,641,2,0,0.0051435728646232635,0.0005137636509583023,0.0004532454509846555,0.01776200235436552,0.03432599490099295,0.020546374188024023,-0.020546374188024023,0.026566535405414073,0.09225585373342758
handkerchief,90,1.5,3.5,"[0.5580859888211838, 0.4943400522191468, 1.034034324153767]",1.8659536390041467,619,2,0,0.005452287101067139,0.0005503421061059203,0.00048363634054540873,0.01776877724378641,0.03281262608400782,0.018522854186632538,-0.018522854186632538,0.026306589803865434,0.08526680240841915
handkerchief,91,1.5166666666666666,3.5166666666666666,"[0.4787524251015476, 0.5235062143188965, 1.0380184909958257]",1.8896878700033994,654,2,0,0.005727387140740346,0.0005813841598694594,0.0005185932798091952,0.017786661271265214,0.03372225971798235,0.016506002380392414,-0.016506002380392414,0.028691584759153354,0.08773317831540293
handkerchief,92,1.5333333333333334,3.533333333333333,"[0.3994188613819113, 0.5526723764186463, 1.0420026578378843]",1.8444287849997636,615,2,0,0.005953159822807563,0.0005678866713419795,0.0005124361111090239,0.017813078626750915,0.03068226695300129,0.013546360924033014,-0.013546360924033014,0.02700286020602333,0.07859841220010753
handkerchief,93,1.55,3.55,"[0.320085297662275, 0.581838538518396, 1.045986824679943]",1.9419395699951565,686,2,0,0.0061701758604956105,0.0005923822941990578,0.000538837726593849,0.017837572158603505,0.03109201239320317,0.013020962261282854,-0.013020962261282854,0.027733192580367105,0.0776622954639393
handkerchief,94,1.5666666666666667,3.566666666666667,"[0.24075173394263882, 0.6110047006181456, 1.0499709915220017]",1.9034880330000306,673,2,0,0.006375525460370382,0.0005791422882306146,0.0005333701150585085,0.01786467907119086,0.03382364683492255,0.012320975992486313,-0.012320975992486313,0.030988284368448606,0.0837289427231961
handkerchief,95,1.5833333333333333,3.5833333333333335,"[0.16141817022300253, 0.6401708627178955, 1.0539551583640603]",1.891755730001023,642,2,0,0.0066101243163430995,0.0005833212216724656,0.000541469565862934,0.017891466033644516,0.03466096960642914,0.014075931358363027,-0.014075931358363027,0.031106988797908294,0.08134118070976967
handkerchief,96,1.6,3.6,"[0.08208460650336637, 0.6693370248176451, 1.0579393252061189]",1.8802915830019629,645,2,0,0.006840354383458123,0.0005802291189912381,0.0005379695196495177,0.017914203566081175,0.03196793790055909,0.013813804026901397,-0.013813804026901397,0.02833997324582568,0.07147118731120312
handkerchief,97,1.6166666666666667,3.6166666666666667,"[-0.035352291857884105, 0.5536646346388793, 1.0401773429863297]",1.8533862119948026,623,2,0,0.004749318896576847,0.0004172537255507708,0.0003937357052152147,0.017834537985637382,0.12863049994909362,-0.12546212921287653,0.12546212921287653,0.023642336533018227,0.08299127840155048
handkerchief,98,1.6333333333333333,3.6333333333333333,"[-0.15278919021913456, 0.4379922444601133, 1.0224153607665405]",1.8582543530064868,631,2,0,0.003318818681317155,0.0003215871627552402,0.0003131672158309377,0.017922882281263233,0.08932087571487993,-0.08583001291558154,0.08583001291558154,0.020670389478465764,0.10385061221980217
handkerchief,99,1.65,3.65,"[-0.27022608858038505, 0.32231985428134746, 1.0046533785467513]",1.846797254998819,618,2,0,0.002278478339895137,0.0002454930162528259,0.00023817624214057668,0.018058297299534263,0.06558574792117348,-0.062420420485321086,0.062420420485321086,0.016678441241025715,0.12207563921763652
handkerchief,100,1.6666666666666667,3.6666666666666665,"[-0.38766298694163553, 0.20664746410258156, 0.9868913963269622]",1.8634652420005295,631,2,0,0.0015276554606402453,0.00019274455957018813,0.00018607191577892467,0.01819235724245457,0.04778915062269713,-0.04504937275529349,0.04504937275529349,0.013059063836955608,0.1425946995415423
handkerchief,101,1.6833333333333333,3.683333333333333,"[-0.505099885302886, 0.09097507392381565, 0.969129414107173]",1.787792271003127,584,2,0,0.0009678839136296081,0.0001341306457127348,0.0001290729240467568,0.01830998981730312,0.03594979354910972,-0.033586292820638235,0.033586292820638235,0.01020426949523485,0.17594125984315415
handkerchief,102,1.7,3.7,"[-0.6225367836641365, -0.024697316254950197, 0.9513674318873839]",1.896397655000328,662,2,0,0.0005729482356182718,0.00010088319117428173,9.651791619165138e-05,0.01840351355058638,0.02588938590107568,-0.023696140680680173,0.023696140680680173,0.008023560245023587,0.23393284757988697
handkerchief,103,1.7166666666666666,3.716666666666667,"[-0.7399736820253869, -0.14036970643371616, 0.9336054496675947]",1.8721659510047175,640,2,0,0.0003112807573323494,7.281036342954738e-05,6.949385731649376e-05,0.018470393122315774,0.017718124708440107,-0.01570004869715535,0.01570004869715535,0.00605310988785018,0.3255324945115538
handkerchief,104,1.7333333333333334,3.7333333333333334,"[-0.8574105803866374, -0.256042096612482, 0.9158434674478055]",1.8022848529944895,591,2,0,0.00015665304600340568,5.49250935786807e-05,5.210460435404002e-05,0.018510845532916573,0.011747154627167635,-0.009277662679736622,0.009277662679736622,0.00511167468968823,0.5507778566286347
handkerchief,105,1.75,3.75,"[-0.9748474787478879, -0.37171448679124786, 0.8980814852280163]",1.7933799720049137,581,2,0,7.308582299566159e-05,2.1611778432583557e-05,2.034403634217109e-05,0.01853658069163496,0.008293669159520099,-0.005014033380464645,0.005014033380464645,0.004512440611613928,1.0808813189225284
handkerchief,106,1.7666666666666666,3.7666666666666666,"[-1.0922843771091382, -0.4873868769700138, 0.8803195030082271]",1.9056047899939585,660,2,0,0.00022069364513277483,4.633878437161853e-05,4.522198738861048e-05,0.018577863166389,0.01200822561797289,0.008856469328226793,-0.008856469328226793,0.0046666366853420835,1.1221472378396118
handkerchief,107,1.7833333333333334,3.783333333333333,"[-1.2097212754703888, -0.6030592671487798, 0.8625575207884381]",1.8615744849957991,622,2,0,0.0006485605448559332,0.00013122470373283062,0.00012597492788679135,0.018678167072838762,0.02808650055857366,0.025672013983389502,-0.025672013983389502,0.006645928718180717,0.5073199726648155
handkerchief,108,1.8,3.8,"[-1.3271581738316391, -0.7187316573275454, 0.8447955385686489]",1.8278649179992499,610,2,0,0.001322429088607214,0.00024915722012984503,0.00024080323476578964,0.018844176823876253,0.043113706810046615,0.040432112625076844,-0.040432112625076844,0.0104820917013543,0.27018921101682003
handkerchief,109,1.8166666666666667,3.816666666666667,"[-1.197364498171043, -0.7332283955538076, 0.6918376408516037]",1.8950942490046145,649,2,0,0.0015851710605300467,0.0002483744162461878,0.0002421675969626841,0.018895512013567584,0.025475893285698322,0.015764518315369964,-0.015764518315369964,0.018278897031509922,0.23088269886861004
handkerchief,110,1.8333333333333333,3.8333333333333335,"[-1.0675708225104468, -0.7477251337800698, 0.5388797431345587]",1.9046588459896157,646,2,0,0.0017835135534238378,0.0002695111283591056,0.00026504251059367406,0.018935941176423523,0.023196066118840043,0.011900549573627467,-0.011900549573627467,0.018770918698412804,0.1976812649704474
handkerchief,111,1.85,3.85,"[-0.9377771468498507, -0.762221872006332, 0.3859218454175135]",1.841981533987564,615,2,0,0.001943560484269518,0.00029165605399708735,0.00028751274495155034,0.01897065061473526,0.021824034611881205,0.009602815850740807,-0.009602815850740807,0.01877356995525276,0.17566195944008725
handkerchief,112,1.8666666666666667,3.8666666666666667,"[-0.8079834711892545, -0.7767186102325941, 0.23296394770046835]",1.8628987590054749,622,2,0,0.002148571745963466,0.0003478671434658572,0.00034403059871082094,0.01901151418449611,0.02272158229295145,0.012300675701636888,-0.012300675701636888,0.018169748798434783,0.15596958058836938
handkerchief,113,1.8833333333333333,3.8833333333333333,"[-0.6781897955286583, -0.7912153484588563, 0.0800060499834232]",1.895096084990655,647,2,0,0.0024495473080202077,0.0003854944723925784,0.00038159397090993795,0.01906972691404906,0.025842122562414367,0.018058533723404498,-0.018058533723404498,0.017312407428305355,0.13439504154990733
handkerchief,114,1.9,3.9,"[-0.5483961198680622, -0.8057120866851186, -0.07295184773362184]",2.053620313992724,748,2,0,0.002831262792810509,0.0004102743363729807,0.00040777610194185957,0.01913995726329265,0.032202365045261284,0.02290292908741807,-0.02290292908741807,0.021056093054275075,0.14338800456644687
handkerchief,115,1.9166666666666667,3.9166666666666665,"[-0.41860244420746606, -0.8202088249113808, -0.225909745450667]",1.9905299569945782,703,2,0,0.003294501112060589,0.0004974281649916976,0.0004922321813299987,0.019220406963898005,0.03569372578317242,0.027794299155004816,-0.027794299155004816,0.020760554774226735,0.12228639928903784
handkerchief,116,1.9333333333333333,3.933333333333333,"[-0.2888087685468699, -0.834705563137643, -0.37886764316771215]",2.083728812998743,766,2,0,0.003646653845270746,0.0005599763287896399,0.0005562343287866345,0.019267069029462916,0.03017186945979872,0.021129163992609404,-0.021129163992609404,0.020471978125969927,0.10361274618696205
handkerchief,117,1.95,3.95,"[-0.1590150928862737, -0.8492023013639052, -0.5318255408847573]",2.029442643004586,713,2,0,0.0037912350037462785,0.0005406057718885286,0.0005387448149010569,0.01925989488321095,0.02365671094941954,0.008674869508531954,-0.008674869508531954,0.021585046221603392,0.09869234335109814
handkerchief,118,1.9666666666666666,3.966666666666667,"[-0.029221417225677504, -0.8636990395901674, -0.6847834386018025]",1.9890750830090838,714,2,0,0.003842663745874918,0.0005139293265121986,0.0005129440517103798,0.01922435406760703,0.023649380671516066,0.0030857245277183653,-0.0030857245277183653,0.023289774121401402,0.10242906092927367
handkerchief,119,1.9833333333333334,3.9833333333333334,"[0.10057225843491868, -0.8781957778164295, -0.8377413363188476]",2.0030021489947103,691,2,0,0.0038503306244309136,0.0005138890484237072,0.0005135815353822467,0.01917437058635831,0.023610394561283412,0.0004600127133597403,-0.0004600127133597403,0.02358239874576135,0.10232784791064052
handkerchief,120,2.0,4.0,"[0.2303659340955149, -0.8926925160426917, -0.9906992340358924]",1.9986090589954983,728,2,0,0.003841266461763802,0.0005013137563950005,0.0005010866045066169,0.01911730583059435,0.026136774754722283,-0.0005438497600266951,0.0005438497600266951,0.02610033988290544,0.11330597666650169
handkerchief,121,2.0166666666666666,4.016666666666667,"[0.1277709646198688, -0.7771651163680325, -0.9509963662407109]",1.957034986000508,692,2,0,0.002528344821832666,0.00036607523366342866,0.0003657918164624991,0.018722863657764943,0.08728016542439485,-0.07877529839586817,0.07877529839586817,0.030488866848281525,0.20132021663563554
handkerchief,122,2.033333333333333,4.033333333333333,"[0.02517599514422275, -0.6616377166933733, -0.9112934984455294]",2.145801489998121,840,2,0,0.0016933429904861747,0.0003323832928189468,0.00033227312394394306,0.018569648854211595,0.057654835565594295,-0.050100109880789466,0.050100109880789466,0.02334975191939108,0.2303278742171945
handkerchief,123,2.05,4.05,"[-0.07741897433142333, -0.546110317018714, -0.8715906306503479]",2.115482901004725,812,2,0,0.0011501208779232303,0.0002100388835901431,0.00020952651185356344,0.018480678326218886,0.046209501943588055,-0.03259332675377666,0.03259332675377666,0.026995895930442736,0.3937422842827825
handkerchief,124,2.066666666666667,4.066666666666666,"[-0.1800139438070694, -0.4305829173440549, -0.8318877628551664]",2.049209944991162,770,2,0,0.0012966757627345985,0.0002555997558133071,0.0002488121706288363,0.0184262311282902,0.05638042495290812,0.00879329308868209,-0.00879329308868209,0.052448981702365706,0.7796469505585094
handkerchief,125,2.0833333333333335,4.083333333333333,"[-0.28260891328271553, -0.31505551766939566, -0.7921848950599849]",2.0388790629949654,747,2,0,0.002172336095851804,0.0004263828485117539,0.00041959139305773114,0.018457600688167524,0.06690036048900773,0.05253961998703232,-0.05253961998703232,0.03199745717280577,0.41423066487274207
handkerchief,126,2.1,4.1,"[-0.3852038827583616, -0.19952811799473646, -0.7524820272648034]",2.0371894179988885,745,2,0,0.003266844867245899,0.0005686025387784217,0.0005630916421485205,0.018613586095649566,0.07275740828485805,0.0656705262836457,-0.0656705262836457,0.025541048620848182,0.19627173808906845
handkerchief,127,2.1166666666666667,4.116666666666666,"[-0.48779885223400765, -0.08400071832007727, -0.712779159469622]",2.010965267996653,725,2,0,0.004332413109235485,0.000713456876670834,0.0007088740663682726,0.018891501420943303,0.07127751880613477,0.06393409451937515,-0.06393409451937515,0.027362491099021682,0.13971052911878065
handkerchief,128,2.1333333333333333,4.133333333333334,"[-0.5903938217096537, 0.03152668135458192, -0.6730762916744404]",1.9990687039971817,720,2,0,0.005244012911343625,0.0008238014350848996,0.0008217249953013292,0.019253819394454152,0.06568655796015571,0.05469598812648842,-0.05469598812648842,0.03306168027769425,0.12727320207912446
handkerchief,129,2.15,4.15,"[-0.6929887911852998, 0.1470540810292411, -0.633373423879259]",2.0456667830003425,737,2,0,0.005973362733898538,0.0009039515854678149,0.0009035199812516718,0.019661266018988585,0.059822903597110094,0.04376098935329477,-0.04376098935329477,0.03821793328112152,0.1215400851478645
handkerchief,130,2.1666666666666665,4.166666666666667,"[-0.7955837606609459, 0.2625814807039004, -0.5936705560840774]",2.037569235995761,725,2,0,0.0064915802591767255,0.0009296492931364942,0.0009293854928015951,0.020066164875200215,0.055683442418217155,0.031093051516691266,-0.031093051516691266,0.044311657415478406,0.1237157108698793
handkerchief,131,2.183333333333333,4.183333333333334,"[-0.898178730136592, 0.3781088803785595, -0.553967688288896]",2.059303882007953,741,2,0,0.00685039428035185,0.0009705324704699897,0.0009684403041187582,0.020444325020721237,0.058441968167505846,0.02152884127050749,-0.02152884127050749,0.05289000340720002,0.13589583577162373
handkerchief,132,2.2,4.2,"[-1.000773699612238, 0.49363628005321886, -0.5142648204937145]",1.9840146010101307,697,2,0,0.007137870887772534,0.0009651018558147759,0.0009617039465599327,0.020793834387901954,0.0634022888118233,0.017248596445240995,-0.017248596445240995,0.05976972188963676,0.1455451742282122
handkerchief,133,2.216666666666667,4.216666666666667,"[-0.8846461580347142, 0.5205302711410023, -0.336891942831007]",1.9978935179969994,720,2,0,0.005601290992430364,0.00076705732707626,0.0007608176739438241,0.020222501988794085,0.10554205834563983,-0.09219479372053019,0.09219479372053019,0.04550924882322417,0.13551664890610557
handkerchief,134,2.2333333333333334,4.233333333333333,"[-0.7685186164571903, 0.5474242622287856, -0.1595190651682995]",2.0543041830096627,755,2,0,0.004377415702583168,0.0006052338406801692,0.000596107337623069,0.019795453988101428,0.08573026286077862,-0.07343251739083176,0.07343251739083176,0.03911094743332439,0.14904979332697973
handkerchief,135,2.25,4.25,"[-0.6523910748796665, 0.5743182533165689, 0.017853812494407983]",2.039018486000714,747,2,0,0.0033709505827310845,0.0004682974298421953,0.0004552571362859229,0.01946061704584509,0.07298078195392751,-0.060387907191125,0.060387907191125,0.03596306356756792,0.17804378535678198
handkerchief,136,2.2666666666666666,4.266666666666667,"[-0.5362635333021426, 0.6012122444043523, 0.19522669015711547]",2.049376212991774,747,2,0,0.0026106753978650697,0.0003150339065850316,0.00030445874426149295,0.019212657895539633,0.060050972787649017,-0.04561651109196089,0.04561651109196089,0.03436934255145529,0.2198579361088614
handkerchief,137,2.283333333333333,4.283333333333333,"[-0.4201359917246188, 0.6281062354921356, 0.37259956781982295]",1.9903016699972795,725,2,0,0.002094236717015415,0.000239197024700796,0.00023786408411778306,0.019030299709009876,0.04956207197730732,-0.030986320850979274,0.030986320850979274,0.03464480156289459,0.2765962929707831
handkerchief,138,2.3,4.3,"[-0.304008450147095, 0.655000226579919, 0.5499724454825304]",1.9535337989946129,706,2,0,0.0018687864262993902,0.0002724450787205611,0.00027120822550219276,0.01891103750913515,0.039960941913032684,-0.013527017442961494,0.013527017442961494,0.03552023151041766,0.3181249647666984
handkerchief,139,2.316666666666667,4.316666666666666,"[-0.18788090856957107, 0.6818942176677023, 0.7273453231452379]",1.9387739530066028,694,2,0,0.001823533760757269,0.0002635148117530607,0.00026294379983393543,0.018835391926928038,0.030303643762363584,-0.00271515993252727,0.00271515993252727,0.029814096487055304,0.273343961758536
handkerchief,140,2.3333333333333335,4.333333333333333,"[-0.07175336699204726, 0.7087882087554858, 0.9047182008079454]",2.013181575006456,737,2,0,0.001964991525668152,0.0003248837950215763,0.0003243809762836501,0.018807540627940024,0.026092873220360042,0.008487465894652973,-0.008487465894652973,0.023769181447774686,0.21767417789064883
handkerchief,141,2.35,4.35,"[0.044374174585476656, 0.735682199843269, 1.0820910784706528]",1.9790857470070478,711,2,0,0.0021422388866255628,0.0003352495305773499,0.0003336676855388804,0.018808183233952606,0.025113851821821256,0.01063484165744465,-0.01063484165744465,0.021789432292525803,0.18507766095525005
handkerchief,142,2.3666666666666667,4.366666666666666,"[0.16050171616300046, 0.7625761909310524, 1.2594639561333603]",1.9641936859989073,696,2,0,0.002409040711868546,0.0003454052098045454,0.00034464235195684245,0.018811284862412066,0.02813607767315055,0.016008109514579004,-0.016008109514579004,0.021819393062693128,0.1699598577369962
handkerchief,143,2.3833333333333333,4.383333333333334,"[0.27662925774052427, 0.7894701820188358, 1.4368368337960677]",1.9764790199988056,704,2,0,0.0027067472974417334,0.00040708216439987166,0.00040695640079586415,0.018802710918538766,0.031252693056795317,0.01786239513439123,-0.01786239513439123,0.024193616810814857,0.1675767204738528
handkerchief,144,2.4,4.4,"[0.39275679931804797, 0.8163641731066191, 1.6142097114587755]",1.9601222960045561,687,2,0,0.003007849961667161,0.0004534093859578249,0.0004532679847006724,0.018793733096321402,0.036455106041504565,0.018066159853525672,-0.018066159853525672,0.030037041728290786,0.18521627438288804
handkerchief,145,2.4166666666666665,4.416666666666667,"[0.4102008101925578, 0.8920151604007966, 1.4844830839036853]",2.0411368779896293,734,2,0,0.0039193573344013695,0.0005259031585790551,0.0005258819314646608,0.019051951405448492,0.06907868462967555,0.054690442364052495,-0.054690442364052495,0.03696840291055806,0.2052038563232694
handkerchief,146,2.433333333333333,4.433333333333334,"[0.4276448210670675, 0.9676661476949743, 1.354756456348595]",2.071952225000132,736,2,0,0.004866551553439706,0.00065302570867062,0.0006530006422123469,0.01934113402834205,0.07221119871155514,0.056831653142300174,-0.056831653142300174,0.03997932837043802,0.17021341550624497
handkerchief,147,2.45,4.45,"[0.44508883194157733, 1.043317134989152, 1.2250298287935049]",2.006261103990255,712,2,0,0.005978491150528187,0.0008042156383342259,0.0008039807718499979,0.01970009183829318,0.08027873719387726,0.06671637582530887,-0.06671637582530887,0.04028412853972622,0.1380722565635487
handkerchief,148,2.466666666666667,4.466666666666667,"[0.46253284281608714, 1.1189681222833294, 1.0953032012384147]",2.106128482002532,755,2,0,0.007050390530663403,0.0008786539448803539,0.0008779432387049193,0.020079248151932485,0.08204244819199911,0.06431396280811297,-0.06431396280811297,0.04690627018383014,0.1308573033796305
handkerchief,149,2.4833333333333334,4.483333333333333,"[0.47997685369059695, 1.194619109577507, 0.9655765736833246]",2.015594611002598,738,2,0,0.008282022143152403,0.001047097021621749,0.0010447257557523828,0.02053931880335354,0.09038690194628576,0.07389789674934,-0.07389789674934,0.04802134399250445,0.11358038958222642
handkerchief,150,2.5,4.5,"[0.4974208645651067, 1.2702700968716845, 0.8358499461282344]",2.0526682900090236,743,2,0,0.009592891945737557,0.0012502772146550803,0.001245367001766622,0.021042615400110196,0.09599877386135558,0.07865218815510923,-0.07865218815510923,0.05114296606251223,0.10296512168111831
handkerchief,151,2.5166666666666666,4.516666666666667,"[0.5148648754396165, 1.345921084165862, 0.7061233185731441]",1.9827721460023895,717,2,0,0.010754963849345047,0.001306773938218896,0.0013018873535031242,0.021498425340313664,0.09003532574112792,0.0697243142164494,-0.0697243142164494,0.05379843122091924,0.09350331918384766
handkerchief,152,2.533333333333333,4.533333333333333,"[0.5323088863141263, 1.4215720714600395, 0.576396691018054]",1.9849220670002978,713,2,0,0.01188475911063243,0.0014775972341986802,0.0014631293706673849,0.02192042879422309,0.09019582760098704,0.06778771567724301,-0.06778771567724301,0.05660018402518155,0.08773986299614918
handkerchief,153,2.55,4.55,"[0.5497528971886361, 1.497223058754217, 0.4466700634629639]",1.9464716899965424,676,2,0,0.012983735633224112,0.001562054500222164,0.001540182698563663,0.02230895259904688,0.08885110379246407,0.0659385913555009,-0.0659385913555009,0.056977414624553115,0.07992390647386984
handkerchief,154,2.566666666666667,4.566666666666666,"[0.5671969080631458, 1.5728740460483948, 0.31694343590787377]",1.9809242129995255,702,2,0,0.01403636406929244,0.001705069169175675,0.0016624508776353379,0.022652243434555526,0.08947056295011828,0.06315770616409974,-0.06315770616409974,0.06095004217508609,0.07825893392737064
handkerchief,155,2.5833333333333335,4.583333333333333,"[0.5846409189376557, 1.6485250333425723, 0.18721680835278343]",1.9762427609966835,700,2,0,0.01507214620718906,0.0017975688930191181,0.0017434981540271626,0.022959255137388362,0.09061005554303996,0.06214692827379721,-0.06214692827379721,0.06363288409330972,0.07557516305750593
handkerchief,156,2.6,4.6,"[0.6020849298121654, 1.7241760206367498, 0.057490180797693205]",1.9794466550083598,701,2,0,0.015800710304939437,0.0018999359353108387,0.001850935562397203,0.02306170122748071,0.08279821431421616,0.04371384586502259,-0.04371384586502259,0.06867786049464045,0.07596172674888102
handkerchief,157,2.6166666666666667,4.616666666666666,"[0.42924742966365126, 1.4746712269494242, 0.02671042269292088]",2.0180590789968846,727,2,0,0.009933242534163129,0.001313525184713884,0.0012678082402813862,0.019760845027245417,0.37531764329775547,-0.35204806624657853,0.35204806624657853,0.1031520517580402,0.17329224641072694
handkerchief,158,2.6333333333333333,4.633333333333334,"[0.25640992951513714, 1.2251664332620984, -0.004069335411851442]",1.9782397200033301,698,2,0,0.006572634949922088,0.0009635301994796141,0.0009189754381417394,0.018580854658823052,0.2215882456372529,-0.20163645505446245,0.20163645505446245,0.07474818956124053,0.18982883692196922
handkerchief,159,2.65,4.65,"[0.08357242936662301, 0.9756616395747728, -0.03484909351662377]",1.9847005119954702,705,2,0,0.0042848954755359825,0.0006572781536612319,0.000617118505130504,0.01820750589456041,0.14642310994320545,-0.13726436846316634,0.13726436846316634,0.04115649140626629,0.16025503606446412
handkerchief,160,2.6666666666666665,4.666666666666667,"[-0.08926507078189116, 0.7261568458874471, -0.06562885162139609]",1.9737540960049955,698,2,0,0.002741607901950454,0.0004197880188973557,0.00039085129401647626,0.018214874198996433,0.11649223471539007,-0.09259725441513171,0.09259725441513171,0.0565395040395103,0.34542734964831
handkerchief,161,2.683333333333333,4.683333333333334,"[-0.26210257093040534, 0.4766520522001214, -0.09640860972616842]",2.0275596080027753,715,2,0,0.002726976963781941,0.00030917378066624794,0.0003091050235544449,0.018520144625268565,0.1201987128665352,-0.0008778562901107928,0.0008778562901107928,0.11987435884994407,0.7501073844571052
handkerchief,162,2.7,4.7,"[-0.4349400710789194, 0.22714725851279582, -0.12718836783094073]",2.0454589019936975,716,2,0,0.004357893755707167,0.0005454972127764015,0.0005452537361664772,0.019146281955430826,0.13090628075399585,0.09785500751551356,-0.09785500751551356,0.068784055732619,0.42355147962675743
handkerchief,163,2.716666666666667,4.716666666666667,"[-0.6077775712274337, -0.022357535174529986, -0.15796812593571308]",2.054756563011324,753,2,0,0.006416617884263118,0.00081789930638919,0.0008175367059617805,0.0200227615087123,0.1321268744835677,0.12352344771335706,-0.12352344771335706,0.03864952276842044,0.14794912917720213
handkerchief,164,2.7333333333333334,4.733333333333333,"[-0.7806150713759478, -0.2718623288618556, -0.18874788404048537]",2.0951958730001934,710,3,0,0.00835904442337256,0.0010206300384687328,0.001019829593182193,0.021073286908812022,0.12466165564406667,0.11654559234656656,-0.11654559234656656,0.03876525647494998,0.10073232673970962
handkerchief,165,2.75,4.75,"[-0.9534525715244618, -0.5213671225491814, -0.21952764214525772]",2.0509504829969956,698,3,0,0.010070156456015852,0.0011864893720199589,0.0011845161666311885,0.02233170741237314,0.12452628447720925,0.1026667219585975,-0.1026667219585975,0.06420641476106713,0.12810543156681795
handkerchief,166,2.7666666666666666,4.766666666666667,"[-1.126290071672976, -0.770871916236507, -0.25030740025003007]",2.1725528899987694,778,3,0,0.011693565199655346,0.0013908742021479232,0.0013858258973115426,0.023801979079121863,0.1514901984240465,0.09740452461836961,-0.09740452461836961,0.10766972530924877,0.1784359850585758
handkerchief,167,2.783333333333333,4.783333333333333,"[-1.29912757182149, -1.0203767099238326, -0.28108715835480236]",2.186106713998015,792,3,0,0.013557272482923544,0.0014652869930391306,0.0014570241755992583,0.025538769022157078,0.20235612153670535,0.11182243699609187,-0.11182243699609187,0.15663206641702004,0.2237115939123188
handkerchief,168,2.8,4.8,"[-1.4719650719700041, -1.2698815036111584, -0.3118669164595747]",2.4947894689976238,948,3,0,0.015552842386801383,0.0015859850176521348,0.0015713570401750226,0.02730370110955296,0.20677707714716329,0.11973419423267039,-0.11973419423267039,0.15739719894662688,0.19379977925027933
handkerchief,169,2.816666666666667,4.816666666666666,"[-1.377183081496782, -1.2375572572056495, -0.24578696297605518]",2.3600442750030197,862,3,0,0.010605801268455724,0.001133092348192222,0.0011046896310821501,0.023701228169163462,0.3343187875238722,-0.29682246710073956,0.29682246710073956,0.12703531458315068,0.19996479513919233
handkerchief,170,2.8333333333333335,4.833333333333333,"[-1.28240109102356, -1.2052330108001406, -0.17970700949253568]",2.484597912989557,943,3,0,0.00787534309523865,0.0009745283609282283,0.0009541605266051473,0.02186126033321306,0.2100612272292523,-0.16382749039302447,0.16382749039302447,0.1132957653374498,0.24034703606090926
handkerchief,171,2.85,4.85,"[-1.1876191005503378, -1.1729087643946317, -0.11362705600901618]",2.5904862800089177,1006,3,0,0.006535572541014746,0.0009858670348759087,0.0009568643471745558,0.020895770794374716,0.1449447415521173,-0.08038623325343426,0.08038623325343426,0.10987383147524674,0.2811191176736632
handkerchief,172,2.8666666666666667,4.866666666666666,"[-1.0928371100771157, -1.1405845179891227, -0.047547102525496654]",2.7352682080090744,1093,3,0,0.00625260947244954,0.0010657393714999894,0.0010546804123222682,0.020451024608427095,0.10437425427681361,-0.016977784113912375,0.016977784113912375,0.10073011190704827,0.26931468651196305
handkerchief,173,2.8833333333333333,4.883333333333334,"[-0.9980551196038936, -1.1082602715836138, 0.018532850958022873]",2.9195110160071636,1213,3,0,0.005804928734444381,0.0009043614377168855,0.000897757270682368,0.02003868387121859,0.0744655342668239,-0.02686084428030951,0.02686084428030951,0.06691969073620121,0.19243145654724492
handkerchief,174,2.9,4.9,"[-0.9032731291306715, -1.075936025178105, 0.08461280444154234]",2.9237741569959326,1214,3,0,0.005452671264660409,0.0007837708266379232,0.0007828635654090343,0.019745504630405336,0.06952106288009281,-0.021135448187038323,0.021135448187038323,0.06418947792188417,0.19651800322437502
handkerchief,175,2.9166666666666665,4.916666666666667,"[-0.8084911386574494, -1.043611778772596, 0.15069275792506187]",2.9987341780069983,1221,3,0,0.0051321242401945796,0.0007919630086899501,0.0007901546622352359,0.01946771122534851,0.05812865629683313,-0.019232821467949773,0.019232821467949773,0.053217914345642145,0.1730419576677759
handkerchief,176,2.933333333333333,4.933333333333334,"[-0.7137091481842273, -1.0112875323670871, 0.2167727114085814]",3.023842037000577,1248,3,0,0.004879670747847086,0.0007350138464408006,0.00073381833948239,0.019214491291061196,0.055851986728490614,-0.015147209540849593,0.015147209540849593,0.05241988768283917,0.17928175720149903
handkerchief,177,2.95,4.95,"[-0.6189271577110051, -0.9789632859615782, 0.28285266489210087]",2.893476333003491,1192,3,0,0.004770963172501029,0.0006922049862651882,0.000691564801080179,0.018983748549739488,0.055789961719296836,-0.006522454520763461,0.006522454520763461,0.05478672783564406,0.191682791663551
handkerchief,178,2.966666666666667,4.966666666666667,"[-0.524145167237783, -0.9466390395560693, 0.34893261837562045]",2.824563157002558,1124,3,0,0.004656050534350779,0.0007150469784229436,0.0007148308893114419,0.018711408128054812,0.05867330561751092,-0.0068947582890149794,0.0068947582890149794,0.05756081328306215,0.20640928010295204
handkerchief,179,2.9833333333333334,4.983333333333333,"[-0.4293631767645609, -0.9143147931505604, 0.4150125718591399]",2.868844386001001,1160,3,0,0.004665197189122814,0.0006811743721887456,0.0006804481082813373,0.018440157570283427,0.0664089751874174,0.0005487992863221006,-0.0005487992863221006,0.06634157660111023,0.23803600603536235
handkerchief,180,3.0,5.0,"[-0.3345811862913388, -0.8819905467450516, 0.4810925253426594]",2.866718552002567,1149,3,0,0.004811629966834402,0.0006193608588431072,0.0006180174328615789,0.018195245690586965,0.07368505744876246,0.00878596666269528,-0.00878596666269528,0.07203754306184249,0.2580735576713237
handkerchief,181,3.0166666666666666,5.016666666666667,"[-0.3964247663584502, -0.9350388598429338, 0.4270188359017022]",2.9173629739962053,1184,3,0,0.005120499669997622,0.000630839397802057,0.0006284041607639378,0.01837169496478083,0.07483666469490062,0.01853218218979321,-0.01853218218979321,0.07028496331661863,0.24406042327638425
handkerchief,182,3.033333333333333,5.033333333333333,"[-0.45826834642556163, -0.9880871729408159, 0.37294514646074495]",2.8946281269891188,1170,3,0,0.0055736678311098,0.0007303141050637139,0.0007262654346249332,0.018541121778609258,0.07201611132596251,0.027190089666730664,-0.027190089666730664,0.06391755262002297,0.20842168144409728
handkerchief,183,3.05,5.05,"[-0.520111926492673, -1.041135486038698, 0.31887145701978775]",3.0348737129970687,1267,3,0,0.006024855894912699,0.0007928679049487012,0.0007859186293604302,0.01867299624261563,0.06750278558816872,0.02707128382817392,-0.02707128382817392,0.059476196042687515,0.17808399308920736
handkerchief,184,3.066666666666667,5.066666666666666,"[-0.5819555065597845, -1.0941837991365804, 0.26479776757883056]",3.0830572440027026,1299,3,0,0.006483321247966156,0.0008912019770857005,0.0008813323790499355,0.018778258593151246,0.07491201979726743,0.027507921183207423,-0.027507921183207423,0.06716991028602243,0.1860816809211117
handkerchief,185,3.0833333333333335,5.083333333333333,"[-0.6437990866268959, -1.1472321122344624, 0.2107240781378733]",3.0789685689960606,1278,3,0,0.007037144383253723,0.0009751609992770812,0.0009607220941762023,0.018902784217041283,0.07965194826731946,0.033229388117254066,-0.033229388117254066,0.06948261498944963,0.17885718610322304
handkerchief,186,3.1,5.1,"[-0.7056426666940072, -1.2002804253323447, 0.1566503886969161]",3.2742111880070297,1394,3,0,0.007678063266845907,0.0010928931927194042,0.0010709448514851887,0.01902544734360159,0.08266874672029703,0.03845513301553102,-0.03845513301553102,0.07005921721609365,0.1661181308395416
handkerchief,187,3.1166666666666667,5.116666666666666,"[-0.7674862467611187, -1.2533287384302267, 0.10257669925595886]",3.2427999680076027,1416,3,0,0.008306958296849062,0.0011317897460156568,0.0011017845699494442,0.0191215412810826,0.08355258653742413,0.03773370180018932,-0.03773370180018932,0.0716692629097001,0.15572879915304094
handkerchief,188,3.1333333333333333,5.133333333333334,"[-0.8293298268282301, -1.306377051528109, 0.04850300981500166]",3.235960289996001,1450,3,0,0.00889872687264768,0.0011754436751293942,0.0011360772902625402,0.019178380184170674,0.07964070285904395,0.0355061145479171,-0.0355061145479171,0.0688767403852377,0.1383010502979332
handkerchief,189,3.15,5.15,"[-0.8911734068953414, -1.359425364625991, -0.0055706796259555325]",3.128513962001307,1363,3,0,0.009487426578846605,0.0011894292497041268,0.0011431786431283857,0.019201607389470677,0.08127287881944124,0.03532198237193543,-0.03532198237193543,0.07088860395657245,0.13286689801074625
handkerchief,190,3.1666666666666665,5.166666666666667,"[-0.9530169869624529, -1.4124736777238733, -0.059644369066912784]",3.077514849996078,1300,3,0,0.010132659167648422,0.0012528098260475664,0.0011869931906491997,0.019222587355125803,0.08191964041151939,0.03871395532810903,-0.03871395532810903,0.06985815013412752,0.122797720706747
handkerchief,191,3.183333333333333,5.183333333333334,"[-1.0148605670295643, -1.4655219908217556, -0.11371805850787003]",2.9831132529943716,1232,3,0,0.01062931153955357,0.0012825583013938255,0.00120719992715037,0.019162908347472633,0.0817061229695041,0.02979914231430885,-0.02979914231430885,0.0742796280739829,0.12225469034305371
handkerchief,192,3.2,5.2,"[-1.0767041470966756, -1.5185703039196377, -0.16779174794882717]",2.9204876650037477,1186,3,0,0.011060605563294882,0.0012901885974023956,0.001206173719698273,0.019094787075655036,0.07767750500165325,0.025877641424478792,-0.025877641424478792,0.0717981521550252,0.11263840475971286
handkerchief,193,3.216666666666667,5.216666666666667,"[-0.9317178419517629, -1.3333458573398154, -0.11192287456820196]",2.926172877996578,1186,3,0,0.007946116874704295,0.0009944133367185669,0.0009226124638065783,0.01821240877207421,0.20892348375581982,-0.18686932131543527,0.18686932131543527,0.07918943672359398,0.16628824350210206
handkerchief,194,3.2333333333333334,5.233333333333333,"[-0.7867315368068502, -1.1481214107599933, -0.056054001187576766]",2.9115324650047114,1177,3,0,0.006078842587716554,0.0008499031885249586,0.000774791018122953,0.017967253389074223,0.13559772882125629,-0.11203645721926442,0.11203645721926442,0.06680941004929133,0.18343175716489515
handkerchief,195,3.25,5.25,"[-0.6417452316619374, -0.962896964180171, -0.00018512780695156827]",2.840067719007493,1124,3,0,0.004670200340600806,0.0006708436118844864,0.0006073112065200829,0.017943719492252576,0.1054824983592899,-0.08451853482694492,0.08451853482694492,0.05531870259605242,0.19773930720823368
handkerchief,196,3.2666666666666666,5.266666666666667,"[-0.4967589265170247, -0.7776725176003488, 0.05568374557367364]",2.9308156539918855,1156,3,0,0.0035731843170850298,0.0005063929211521212,0.0004559248424945473,0.018037022265789644,0.08501309453241761,-0.06582096141094655,0.06582096141094655,0.047062097840610884,0.2199583543227755
handkerchief,197,3.283333333333333,5.283333333333333,"[-0.35177262137211196, -0.5924480710205267, 0.11155261895429885]",3.0106306769885123,1190,3,0,0.002747305160547611,0.00037115573368565186,0.0003333132583705175,0.018196790003362096,0.0676408178534014,-0.049552749392245125,0.049552749392245125,0.04037139207430123,0.24553139235297822
handkerchief,198,3.3,5.3,"[-0.20678631622719923, -0.40722362444070437, 0.16742149233492404]",2.8756607609975617,1139,3,0,0.0021382172693278642,0.00026748699214025027,0.0002349047764771429,0.018401097030104372,0.057949778436786746,-0.03654527347318481,0.03654527347318481,0.039676156390126435,0.31050786436064637
handkerchief,199,3.316666666666667,5.316666666666666,"[-0.0618000110822865, -0.2219991778608823, 0.22329036571554928]",2.92451469298976,1171,3,0,0.001730353911410698,0.00019463851537420652,0.0001727553816721273,0.01862443298527127,0.05111830297349386,-0.024471801475029975,0.024471801475029975,0.040373288432101626,0.39136603962937233
handkerchief,200,3.3333333333333335,5.333333333333333,"[0.08318629406262623, -0.036774731281060014, 0.27915923909617446]",2.8083124969998607,1128,3,0,0.0015392070541036433,0.00020619126368180314,0.00017473087378463092,0.0188025191565351,0.042022641915275195,-0.01146881143842328,0.01146881143842328,0.038129058731538226,0.41585476057700227
handkerchief,201,3.35,5.35,"[0.22817259920753896, 0.14844971529876227, 0.3350281124767997]",2.840662522998173,1154,3,0,0.0014423457234342234,0.00020051817470865673,0.00017136092045762916,0.018938951033060366,0.0389180875029292,-0.005811679840165198,0.005811679840165198,0.0372512209634967,0.43384158315220844
handkerchief,202,3.3666666666666667,5.366666666666666,"[0.3731589043524517, 0.33367416187858434, 0.3908969858574249]",2.8734110669902293,1169,3,0,0.001440121367662395,0.00020703797669197822,0.00017701847247878944,0.01902393266710763,0.03575130453455441,-0.00013346134630970018,0.00013346134630970018,0.03572347751875906,0.41643384579551523
handkerchief,203,3.3833333333333333,5.383333333333334,"[0.5181452094973644, 0.5188986084584066, 0.44676585923805007]",3.1279175719973864,1357,3,0,0.0015718733296951866,0.00023266154125949794,0.00020189090000616669,0.019101338125982924,0.0382697820181334,0.007905117721967496,-0.007905117721967496,0.03584082493315808,0.4178220013820664
handkerchief,204,3.4,5.4,"[0.6631315146422772, 0.7041230550382289, 0.5026347326186753]",3.0267995620088186,1267,3,0,0.0018902227558689794,0.0002585329299158406,0.00023820519895255326,0.019252159505044542,0.057584536427110256,0.019100965570427564,-0.019100965570427564,0.04953892669586307,0.5314981001440933
handkerchief,205,3.4166666666666665,5.416666666666667,"[0.6450141373943367, 0.644233343350116, 0.3518536196918691]",3.0636187800118933,1275,3,0,0.0016015601600718077,0.0003173028057776492,0.00030437966167036777,0.019072721903896143,0.054130462130926676,-0.0173197557478303,0.0173197557478303,0.04720673775164266,0.49633685727605803
handkerchief,206,3.433333333333333,5.433333333333334,"[0.6268967601463961, 0.584343631662003, 0.20107250676506289]",3.1128503210056806,1318,3,0,0.001317912095392921,0.0002550742604369906,0.00024223106290225868,0.018950042693528957,0.05074284948794885,-0.0170188838807332,0.0170188838807332,0.04336438242582723,0.5555128467607887
handkerchief,207,3.45,5.45,"[0.6087793828984556, 0.5244539199738899, 0.05029139383825665]",3.3198920450086007,1395,3,0,0.0012542458927226761,0.00021411471663409083,0.00019881068208188216,0.018903360544910076,0.043370825314544725,-0.003819972160214696,0.003819972160214696,0.04214583942578309,0.5676322001412454
handkerchief,208,3.466666666666667,5.466666666666667,"[0.5906620056505151, 0.46456420828577694, -0.10048971908854953]",3.2430708589963615,1391,3,0,0.0012432776212626133,0.00020129130300391504,0.00019122900851656596,0.018875639490431716,0.033522314150008954,-0.000658096287603771,0.000658096287603771,0.03336898538064082,0.45114160167907025
handkerchief,209,3.4833333333333334,5.483333333333333,"[0.5725446284025746, 0.40467449659766397, -0.2512708320153557]",3.1655137419875246,1377,3,0,0.001364789444137946,0.00021778715130403318,0.0002064912446832994,0.01887853988914343,0.03478166469531779,0.007290709372519961,-0.007290709372519961,0.03245971156851786,0.43864445685965064
handkerchief,210,3.5,5.5,"[0.554427251154634, 0.34478478490955095, -0.402051944942162]",3.2021500789996935,1420,3,0,0.001390040156666523,0.0002453424317535792,0.00023018066486888835,0.018846999328520936,0.037578826233563616,0.0015150427517146223,-0.0015150427517146223,0.037205669521500964,0.4583535137716276
handkerchief,211,3.5166666666666666,5.516666666666667,"[0.5363098739066935, 0.2848950732214379, -0.5528330578689682]",3.130205235996982,1364,3,0,0.0013328231417238665,0.00023036196761796964,0.00021704854038617034,0.01877789224472657,0.0349920681832904,-0.003433020896559391,0.003433020896559391,0.03409902588572739,0.42969920608713497
handkerchief,212,3.533333333333333,5.533333333333333,"[0.518192496658753, 0.22500536153332495, -0.7036141707957744]",3.1275150120054604,1356,3,0,0.0012323548982618013,0.0002023698800571135,0.00019006867849373084,0.01870790032854184,0.037004122932118626,-0.006028094607723913,0.006028094607723913,0.03510680970407062,0.4793697184651041
handkerchief,213,3.55,5.55,"[0.5000751194108124, 0.165115649845212, -0.8543952837225806]",3.0990558199991938,1338,3,0,0.0010169178294270726,0.0001469953199944411,0.00014083670868755198,0.018629847571788066,0.03571766614910247,-0.012926224130083722,0.012926224130083722,0.03024649707753797,0.5009432072170069
handkerchief,214,3.566666666666667,5.566666666666666,"[0.4819577421628719, 0.10522593815709902, -1.0051763966493867]",3.046888434997527,1288,3,0,0.0007627130183047532,0.00011946144314302256,0.00011358646256574624,0.018551637261388386,0.03262905152095394,-0.015252288667339166,0.015252288667339166,0.02498073628320343,0.5528898002090452
handkerchief,215,3.5833333333333335,5.583333333333333,"[0.4638403649149314, 0.04533622646898594, -1.155957509576193]",3.202342870004941,1371,3,0,0.0006210260443112218,0.00010415785102947164,0.00010000760477201816,0.01848016629605559,0.027903751473277227,-0.008501218439611881,0.008501218439611881,0.0239819162118048,0.6552706146231578
handkerchief,216,3.6,5.6,"[0.44572298766699087, -0.01455348521912706, -1.306738622502999]",3.1431570739950985,1337,3,0,0.0006189792916625133,9.964135411427205e-05,8.510349789062782e-05,0.01840677766178789,0.02772577988419709,-0.00012280515892250723,0.00012280515892250723,0.027679781900550773,0.7637338738728303
handkerchief,217,3.6166666666666667,5.616666666666666,"[0.5081056840294665, -0.07756908644592246, -1.1355838439599621]",3.342335785011528,1411,3,0,0.0018044153448359057,0.00027379060846942366,0.00020325970267840582,0.017917286878871782,0.08775362972798582,0.07112616319040355,-0.07112616319040355,0.030103512876557846,0.8345796541893051
handkerchief,218,3.6333333333333333,5.633333333333334,"[0.5704883803919422, -0.14058468767271787, -0.964429065416925]",3.422862093997537,1476,3,0,0.0039777672212641425,0.0005912496550145078,0.00043575402464334195,0.0174186155787256,0.14341585369518062,0.1304011125856942,-0.1304011125856942,0.04020652299195315,0.37353956617751544
handkerchief,219,3.65,5.65,"[0.6328710767544178, -0.2036002888995133, -0.793274286873888]",3.1789847309992183,1353,3,0,0.00680630008181639,0.001091248559715694,0.0007959189989439424,0.01739916160922978,0.19138415387932373,0.16971197163313484,-0.16971197163313484,0.06762805112506076,0.28431515118147327
handkerchief,220,3.6666666666666665,5.666666666666667,"[0.6952537731168934, -0.2666158901263087, -0.622119508330851]",3.1906510359985987,1410,3,0,0.009885205457412156,0.0016590483161703826,0.0013255780091846225,0.018191798206866023,0.2157201251052355,0.18473432253574595,-0.18473432253574595,0.09243163424255131,0.22682435992250924
handkerchief,221,3.683333333333333,5.683333333333334,"[0.7576364694793691, -0.3296314913531041, -0.4509647297878139]",3.2612476520007476,1459,3,0,0.012137710685662237,0.0020316442048403877,0.0017789390708403653,0.019409654768254115,0.18684605333199866,0.13515031369500483,-0.13515031369500483,0.11643333093336666,0.19662566424385652
handkerchief,222,3.7,5.7,"[0.8200191658418448, -0.39264709257989955, -0.2798099512447769]",3.1924874099931912,1408,3,0,0.013079596565373521,0.0020715117126528957,0.0018938032149815758,0.02032772254296742,0.15122399627113936,0.05651315278267708,-0.05651315278267708,0.13512264946380984,0.1858082725694733
handkerchief,223,3.716666666666667,5.716666666666667,"[0.8824018622043204, -0.45566269380669494, -0.10865517270173974]",3.084032334998483,1334,3,0,0.013068903639819553,0.002009937384906275,0.0018988069377545167,0.020801398297177646,0.14262334559671713,-0.000641575533238091,0.000641575533238091,0.14256359200052235,0.18206153201361594
handkerchief,224,3.7333333333333334,5.733333333333333,"[0.944784558566796, -0.5186782950334903, 0.06249960584129721]",3.1092207439942285,1336,3,0,0.012367808723524712,0.0018447400869547068,0.0018016454259290311,0.020861704972543294,0.14269556166861344,-0.042065694977690485,0.042065694977690485,0.13264647228444654,0.17899116426679268
handkerchief,225,3.75,5.75,"[1.0071672549292716, -0.5816938962602857, 0.23365438438433417]",3.0431898280075984,1272,3,0,0.011476103090014424,0.001503177702581062,0.0014911167208238817,0.02076726620407402,0.14098283647916715,-0.05350233801061723,0.05350233801061723,0.125646303257489,0.18272939027637256
handkerchief,226,3.7666666666666666,5.766666666666667,"[1.0695499512917472, -0.6447094974870811, 0.40480916292737135]",3.1078036279941443,1311,3,0,0.01070222174776779,0.0013332758030936008,0.0013281361725255394,0.020637409138781402,0.13905408752472143,-0.04643288053479806,0.04643288053479806,0.12657608868496179,0.1974386205726746
handkerchief,227,3.783333333333333,5.783333333333333,"[1.1319326476542229, -0.7077250987138765, 0.5759639414704083]",3.1600209649914177,1297,3,0,0.010055687306043249,0.0011173015382873917,0.0011160755841421845,0.02050271211077374,0.12273691281747129,-0.03879206650347248,0.03879206650347248,0.11287328143217562,0.18735423364961398
handkerchief,228,3.8,5.8,"[1.1943153440166985, -0.770740699940672, 0.7471187200134451]",3.1055786890065065,1288,3,0,0.009589106350660006,0.0009905155524401747,0.0009881598310327669,0.020405373538548332,0.11578973993128745,-0.027994857322994546,0.027994857322994546,0.1097170119756317,0.19098745677331416
handkerchief,229,3.816666666666667,5.816666666666666,"[1.2235539854748048, -0.743378187391606, 0.676311208706023]",3.09487391798757,1313,3,0,0.007364069324442783,0.0007337163493096011,0.000732591529809833,0.01963499359000448,0.1623937989020111,-0.13350222157303338,0.13350222157303338,0.08102612226045375,0.18363960718801556
handkerchief,230,3.8333333333333335,5.833333333333333,"[1.2527926269329113, -0.71601567484254, 0.6055036973986008]",3.0338419460022124,1296,3,0,0.0058286860323106425,0.0005813296127133397,0.0005808312307205125,0.019216228505874896,0.12591714118434,-0.09212299752792846,0.09212299752792846,0.07636869067516923,0.21880645398151619
handkerchief,231,3.85,5.85,"[1.2820312683910176, -0.6886531622934741, 0.5346961860911785]",3.053955576993758,1310,3,0,0.004790031524935268,0.0005062300815306201,0.000504907470249383,0.018977771981948267,0.09946589515942236,-0.06231927044252246,0.06231927044252246,0.07027694639952532,0.24513832890917645
handkerchief,232,3.8666666666666667,5.866666666666666,"[1.3112699098491238, -0.6612906497444081, 0.4638886747837564]",3.067028274992481,1322,3,0,0.004097686104587013,0.000419228653055755,0.00041897088127619125,0.01883715523458344,0.08443956315444419,-0.041540725220895296,0.041540725220895296,0.06799456829265793,0.2774457700269352
handkerchief,233,3.8833333333333333,5.883333333333334,"[1.3405085513072301, -0.6339281371953421, 0.3930811634763342]",3.0296623989997897,1288,3,0,0.003632515038165907,0.00043398211210425293,0.00043248074374914946,0.01874084073403868,0.07372063969951236,-0.02791026398526638,0.02791026398526638,0.06424349911547672,0.29583899116437923
handkerchief,234,3.9,5.9,"[1.3697471927653364, -0.6065656246462762, 0.322273652168912]",2.9772704189963406,1262,3,0,0.003201423634297204,0.0004079644367885256,0.0004057501223695747,0.018661191102585524,0.06771280445047559,-0.02586548423212218,0.02586548423212218,0.05874747950644736,0.30704510441009636
handkerchief,235,3.9166666666666665,5.916666666666667,"[1.398985834223443, -0.5792031120972102, 0.25146614086148983]",3.0002758109912975,1244,3,0,0.002805047674024187,0.0003383001678905265,0.0003362021118807168,0.01860024121502369,0.06253422520210405,-0.02378255761638102,0.02378255761638102,0.05413664908528456,0.32306519858567884
handkerchief,236,3.933333333333333,5.933333333333334,"[1.4282244756815492, -0.5518405995481442, 0.18065862955406764]",3.1739995180105325,1352,3,0,0.0024763588223444015,0.00033175578578504536,0.0003298473846278403,0.018560383317826147,0.056517522551480556,-0.019721331100787127,0.019721331100787127,0.04976525997314514,0.3365213764463893
handkerchief,237,3.95,5.95,"[1.4574631171396555, -0.5244780869990783, 0.1098511182466454]",3.0940712569863535,1282,3,0,0.0022380787518387142,0.00026599421453654177,0.0002637618018915234,0.018531257201439885,0.05261909729064236,-0.014296804230341234,0.014296804230341234,0.04814168708222403,0.36045274287597034
handkerchief,238,3.966666666666667,5.966666666666667,"[1.486701758597762, -0.49711557445001225, 0.03904360693922326]",3.103143825996085,1211,3,0,0.002009779357954583,0.0002716904329929959,0.0002692729005017179,0.018508540873877294,0.04865034167531034,-0.013697963633047885,0.013697963633047885,0.04423715614037237,0.3689380570764976
handkerchief,239,3.9833333333333334,5.983333333333333,"[1.5159404000558683, -0.4697530619009463, -0.03176390436819887]",2.947816158994101,1213,3,0,0.0018304459201523263,0.00021742455947350683,0.00021588320478175635,0.01849435333057922,0.04611070017062371,-0.010760006268135391,0.010760006268135391,0.042790517965785015,0.3921257770139232
